Femur,Province,Sex,WesternMediterranean,GreekEast,SouthEastEurope,NorthWestEurope,Date,Italy
400.92,30,0,1,0,0,0,800,1
401.17,30,0,1,0,0,0,800,1
400.68,30,0,1,0,0,0,800,1
400.38,30,0,1,0,0,0,800,1
400.48,30,0,1,0,0,0,800,1
400.23,30,0,1,0,0,0,800,1
400.23,30,0,1,0,0,0,800,1
400.23,30,0,1,0,0,0,800,1
400.23,30,0,1,0,0,0,800,1
400.23,30,0,1,0,0,0,800,1
415.51,30,0,1,0,0,0,400,1
416.51,30,0,1,0,0,0,400,1
416.75,30,0,1,0,0,0,400,1
417.34,30,0,1,0,0,0,400,1
419.98,30,0,1,0,0,0,400,1
420.98,30,0,1,0,0,0,400,1
421.22,30,0,1,0,0,0,400,1
421.81,30,0,1,0,0,0,400,1
423.09,3,0,1,0,0,0,509,0
423.29,3,1,1,0,0,0,509,0
423.91,3,0,1,0,0,0,509,0
418.87,3,0,1,0,0,0,-200,0
419.06,3,0,1,0,0,0,-200,0
419.98,3,0,1,0,0,0,-200,0
424.49,3,0,1,0,0,0,-200,0
421.18,3,0,1,0,0,0,-200,0
422.80,3,0,1,0,0,0,-200,0
424.81,3,0,1,0,0,0,450,0
425.06,3,0,1,0,0,0,450,0
425.65,3,0,1,0,0,0,450,0
425.84,3,0,1,0,0,0,450,0
426.47,15,0,1,0,0,0,650,0
426.71,15,0,1,0,0,0,650,0
426.23,15,0,1,0,0,0,650,0
425.93,15,0,1,0,0,0,650,0
423.52,30,0,1,0,0,0,-300,1
423.05,30,0,1,0,0,0,-300,1
421.43,30,0,1,0,0,0,-300,1
421.62,30,0,1,0,0,0,-300,1
422.53,30,0,1,0,0,0,-300,1
427.04,30,0,1,0,0,0,-300,1
426.07,30,0,1,0,0,0,-300,1
425.61,30,0,1,0,0,0,-300,1
423.98,30,0,1,0,0,0,-300,1
424.17,30,0,1,0,0,0,-300,1
425.09,30,0,1,0,0,0,-300,1
429.60,30,0,1,0,0,0,-300,1
426.07,30,0,1,0,0,0,-300,1
425.61,30,0,1,0,0,0,-300,1
423.98,30,0,1,0,0,0,-300,1
424.17,30,0,1,0,0,0,-300,1
425.09,30,0,1,0,0,0,-300,1
429.60,30,0,1,0,0,0,-300,1
428.63,30,0,1,0,0,0,-300,1
428.16,30,0,1,0,0,0,-300,1
426.53,30,0,1,0,0,0,-300,1
426.73,30,0,1,0,0,0,-300,1
427.64,30,0,1,0,0,0,-300,1
432.15,30,0,1,0,0,0,-300,1
435.41,15,0,1,0,0,0,650,0
435.65,15,0,1,0,0,0,650,0
435.17,15,0,1,0,0,0,650,0
434.87,15,0,1,0,0,0,650,0
435.36,30,0,1,0,0,0,-300,1
435.36,30,0,1,0,0,0,-300,1
431.82,30,0,1,0,0,0,-300,1
431.35,30,0,1,0,0,0,-300,1
429.73,30,0,1,0,0,0,-300,1
429.92,30,0,1,0,0,0,-300,1
430.84,30,0,1,0,0,0,-300,1
435.34,30,0,1,0,0,0,-300,1
432.04,30,0,1,0,0,0,-300,1
433.65,30,0,1,0,0,0,-300,1
432.46,30,0,1,0,0,0,-300,1
431.99,30,0,1,0,0,0,-300,1
430.37,30,0,1,0,0,0,-300,1
430.56,30,0,1,0,0,0,-300,1
431.47,30,0,1,0,0,0,-300,1
435.98,30,0,1,0,0,0,-300,1
434.03,30,0,1,0,0,0,400,1
435.03,30,0,1,0,0,0,400,1
435.27,30,0,1,0,0,0,400,1
435.86,30,0,1,0,0,0,400,1
434.03,30,0,1,0,0,0,390,1
435.03,30,0,1,0,0,0,390,1
435.27,30,0,1,0,0,0,390,1
435.86,30,0,1,0,0,0,390,1
431.64,3,0,1,0,0,0,-200,0
431.84,3,0,1,0,0,0,-200,0
432.75,3,0,1,0,0,0,-200,0
437.26,3,0,1,0,0,0,-200,0
433.95,3,0,1,0,0,0,-200,0
435.57,3,0,1,0,0,0,-200,0
441.05,30,0,1,0,0,0,400,1
442.06,30,0,1,0,0,0,400,1
442.30,30,0,1,0,0,0,400,1
442.89,30,0,1,0,0,0,400,1
442.91,30,0,1,0,0,0,269,1
443.89,30,0,1,0,0,0,269,1
443.20,30,0,1,0,0,0,269,1
443.17,30,0,1,0,0,0,269,1
442.97,30,0,1,0,0,0,269,1
443.97,30,0,1,0,0,0,269,1
444.21,30,0,1,0,0,0,269,1
443.96,30,0,1,0,0,0,-300,1
443.49,30,0,1,0,0,0,-300,1
441.86,30,0,1,0,0,0,-300,1
442.05,30,0,1,0,0,0,-300,1
442.97,30,0,1,0,0,0,-300,1
447.48,30,0,1,0,0,0,-300,1
445.23,30,0,1,0,0,0,-300,1
444.76,30,0,1,0,0,0,-300,1
443.14,30,0,1,0,0,0,-300,1
443.33,30,0,1,0,0,0,-300,1
444.25,30,0,1,0,0,0,-300,1
448.76,30,0,1,0,0,0,-300,1
450.10,30,0,1,0,0,0,671,1
450.34,30,0,1,0,0,0,671,1
449.86,30,0,1,0,0,0,671,1
449.56,30,0,1,0,0,0,671,1
449.65,30,0,1,0,0,0,671,1
449.41,30,0,1,0,0,0,671,1
444.42,3,0,1,0,0,0,-200,0
444.61,3,0,1,0,0,0,-200,0
445.52,3,0,1,0,0,0,-200,0
450.03,3,0,1,0,0,0,-200,0
446.72,3,0,1,0,0,0,-200,0
448.34,3,0,1,0,0,0,-200,0
450.28,29,0,1,0,0,0,500,0
449.58,29,0,1,0,0,0,500,0
449.56,29,0,1,0,0,0,500,0
449.35,29,0,1,0,0,0,500,0
450.36,29,0,1,0,0,0,500,0
450.60,29,0,1,0,0,0,500,0
451.19,29,0,1,0,0,0,500,0
451.39,29,0,1,0,0,0,500,0
452.01,29,0,1,0,0,0,500,0
452.26,29,0,1,0,0,0,500,0
451.77,29,0,1,0,0,0,500,0
451.47,29,0,1,0,0,0,500,0
451.56,29,0,1,0,0,0,500,0
451.32,29,0,1,0,0,0,500,0
450.34,30,0,1,0,0,0,-300,1
449.87,30,0,1,0,0,0,-300,1
448.25,30,0,1,0,0,0,-300,1
448.44,30,0,1,0,0,0,-300,1
449.36,30,0,1,0,0,0,-300,1
453.86,30,0,1,0,0,0,-300,1
451.91,30,0,1,0,0,0,400,1
452.91,30,0,1,0,0,0,400,1
453.15,30,0,1,0,0,0,400,1
453.74,30,0,1,0,0,0,400,1
454.57,15,0,1,0,0,0,650,0
454.81,15,0,1,0,0,0,650,0
454.33,15,0,1,0,0,0,650,0
454.03,15,0,1,0,0,0,650,0
455.02,30,0,1,0,0,0,600,1
455.22,30,0,1,0,0,0,600,1
455.85,30,0,1,0,0,0,600,1
456.09,30,0,1,0,0,0,600,1
455.60,30,0,1,0,0,0,600,1
456.66,29,0,1,0,0,0,500,0
455.97,29,0,1,0,0,0,500,0
455.94,29,0,1,0,0,0,500,0
455.74,29,0,1,0,0,0,500,0
456.74,29,0,1,0,0,0,500,0
456.99,29,0,1,0,0,0,500,0
457.58,29,0,1,0,0,0,500,0
457.77,29,0,1,0,0,0,500,0
458.40,29,0,1,0,0,0,500,0
458.64,29,0,1,0,0,0,500,0
458.16,29,0,1,0,0,0,500,0
457.86,29,0,1,0,0,0,500,0
457.95,29,0,1,0,0,0,500,0
457.71,29,0,1,0,0,0,500,0
458.00,30,0,1,0,0,0,-300,1
457.54,30,0,1,0,0,0,-300,1
455.91,30,0,1,0,0,0,-300,1
456.10,30,0,1,0,0,0,-300,1
457.02,30,0,1,0,0,0,-300,1
461.53,30,0,1,0,0,0,-300,1
461.84,30,0,1,0,0,0,-300,1
461.37,30,0,1,0,0,0,-300,1
459.74,30,0,1,0,0,0,-300,1
459.93,30,0,1,0,0,0,-300,1
460.85,30,0,1,0,0,0,-300,1
465.36,30,0,1,0,0,0,-300,1
466.65,30,0,1,0,0,0,-400,1
466.65,30,0,1,0,0,0,-400,1
466.65,30,0,1,0,0,0,-400,1
466.65,30,0,1,0,0,0,-400,1
463.11,30,0,1,0,0,0,-400,1
462.65,30,0,1,0,0,0,-400,1
461.02,30,0,1,0,0,0,-400,1
461.21,30,0,1,0,0,0,-400,1
462.13,30,0,1,0,0,0,-400,1
466.64,30,0,1,0,0,0,-400,1
468.16,29,0,1,0,0,0,500,0
467.46,29,0,1,0,0,0,500,0
467.44,29,0,1,0,0,0,500,0
467.24,29,0,1,0,0,0,500,0
468.24,29,0,1,0,0,0,500,0
468.48,29,0,1,0,0,0,500,0
469.07,29,0,1,0,0,0,500,0
469.27,29,0,1,0,0,0,500,0
469.90,29,0,1,0,0,0,500,0
470.14,29,0,1,0,0,0,500,0
469.65,29,0,1,0,0,0,500,0
469.35,29,0,1,0,0,0,500,0
469.45,29,0,1,0,0,0,500,0
469.20,29,0,1,0,0,0,500,0
464.85,3,0,1,0,0,0,-200,0
465.04,3,0,1,0,0,0,-200,0
465.96,3,0,1,0,0,0,-200,0
470.47,3,0,1,0,0,0,-200,0
467.16,3,0,1,0,0,0,-200,0
468.78,3,0,1,0,0,0,-200,0
468.68,3,0,1,0,0,0,-200,0
468.88,3,0,1,0,0,0,-200,0
469.79,3,0,1,0,0,0,-200,0
474.30,3,0,1,0,0,0,-200,0
470.99,3,0,1,0,0,0,-200,0
472.61,3,0,1,0,0,0,-200,0
476.28,15,0,1,0,0,0,650,0
476.52,15,0,1,0,0,0,650,0
476.04,15,0,1,0,0,0,650,0
475.74,15,0,1,0,0,0,650,0
478.14,30,0,1,0,0,0,-400,1
478.14,30,0,1,0,0,0,-400,1
478.14,30,0,1,0,0,0,-400,1
478.14,30,0,1,0,0,0,-400,1
474.61,30,0,1,0,0,0,-400,1
474.14,30,0,1,0,0,0,-400,1
472.52,30,0,1,0,0,0,-400,1
472.71,30,0,1,0,0,0,-400,1
473.62,30,0,1,0,0,0,-400,1
478.13,30,0,1,0,0,0,-400,1
475.89,30,0,1,0,0,0,-300,1
475.42,30,0,1,0,0,0,-300,1
473.79,30,0,1,0,0,0,-300,1
473.98,30,0,1,0,0,0,-300,1
474.90,30,0,1,0,0,0,-300,1
479.41,30,0,1,0,0,0,-300,1
482.27,30,0,1,0,0,0,-300,1
481.80,30,0,1,0,0,0,-300,1
480.18,30,0,1,0,0,0,-300,1
480.37,30,0,1,0,0,0,-300,1
481.29,30,0,1,0,0,0,-300,1
485.80,30,0,1,0,0,0,-300,1
488.66,30,0,1,0,0,0,-300,1
488.19,30,0,1,0,0,0,-300,1
486.56,30,0,1,0,0,0,-300,1
486.76,30,0,1,0,0,0,-300,1
487.67,30,0,1,0,0,0,-300,1
492.18,30,0,1,0,0,0,-300,1
401.06,44,0,1,0,0,0,-292,0
401.20,44,1,1,0,0,0,-292,0
401.12,44,0,1,0,0,0,-292,0
407.92,30,0,1,0,0,0,800,1
408.05,30,0,1,0,0,0,800,1
407.55,30,0,1,0,0,0,800,1
407.36,30,0,1,0,0,0,800,1
407.24,30,0,1,0,0,0,800,1
407.33,30,0,1,0,0,0,800,1
407.33,30,0,1,0,0,0,800,1
407.33,30,0,1,0,0,0,800,1
407.33,30,0,1,0,0,0,800,1
407.33,30,0,1,0,0,0,800,1
412.12,30,0,1,0,0,0,400,1
413.11,30,0,1,0,0,0,400,1
413.17,30,0,1,0,0,0,400,1
413.97,30,0,1,0,0,0,400,1
416.14,30,0,1,0,0,0,400,1
417.14,30,0,1,0,0,0,400,1
417.20,30,0,1,0,0,0,400,1
417.99,30,0,1,0,0,0,400,1
419.61,30,0,1,0,0,0,269,1
420.96,30,0,1,0,0,0,269,1
420.26,30,0,1,0,0,0,269,1
419.74,30,0,1,0,0,0,269,1
419.04,30,0,1,0,0,0,269,1
420.04,30,0,1,0,0,0,269,1
420.10,30,0,1,0,0,0,269,1
425.36,30,0,1,0,0,0,800,1
425.49,30,0,1,0,0,0,800,1
424.99,30,0,1,0,0,0,800,1
424.81,30,0,1,0,0,0,800,1
424.69,30,0,1,0,0,0,800,1
424.78,30,0,1,0,0,0,800,1
424.78,30,0,1,0,0,0,800,1
424.78,30,0,1,0,0,0,800,1
424.78,30,0,1,0,0,0,800,1
424.78,30,0,1,0,0,0,800,1
425.36,15,0,1,0,0,0,650,0
425.49,15,0,1,0,0,0,650,0
424.99,15,0,1,0,0,0,650,0
424.81,15,0,1,0,0,0,650,0
425.20,30,0,1,0,0,0,400,1
426.20,30,0,1,0,0,0,400,1
426.26,30,0,1,0,0,0,400,1
427.05,30,0,1,0,0,0,400,1
425.11,30,0,1,0,0,0,-300,1
424.60,30,0,1,0,0,0,-300,1
423.75,30,0,1,0,0,0,-300,1
423.89,30,0,1,0,0,0,-300,1
423.81,30,0,1,0,0,0,-300,1
425.19,30,0,1,0,0,0,-300,1
427.46,30,0,1,0,0,0,-300,1
427.46,30,0,1,0,0,0,-300,1
425.11,30,0,1,0,0,0,-300,1
424.60,30,0,1,0,0,0,-300,1
423.75,30,0,1,0,0,0,-300,1
423.89,30,0,1,0,0,0,-300,1
423.81,30,0,1,0,0,0,-300,1
425.19,30,0,1,0,0,0,-300,1
421.96,30,0,1,0,0,0,-300,1
423.35,30,0,1,0,0,0,-300,1
431.82,30,0,1,0,0,0,-300,1
431.30,30,0,1,0,0,0,-300,1
430.46,30,0,1,0,0,0,-300,1
430.60,30,0,1,0,0,0,-300,1
430.52,30,0,1,0,0,0,-300,1
431.90,30,0,1,0,0,0,-300,1
434.75,15,0,1,0,0,0,650,0
434.88,15,0,1,0,0,0,650,0
434.39,15,0,1,0,0,0,650,0
434.20,15,0,1,0,0,0,650,0
434.75,15,0,1,0,0,0,650,0
434.88,15,0,1,0,0,0,650,0
434.39,15,0,1,0,0,0,650,0
434.20,15,0,1,0,0,0,650,0
428.12,30,0,1,0,0,0,200,1
434.16,30,0,1,0,0,0,200,1
435.51,30,0,1,0,0,0,200,1
434.81,30,0,1,0,0,0,200,1
434.29,30,0,1,0,0,0,200,1
433.59,30,0,1,0,0,0,200,1
435.44,30,0,1,0,0,0,600,1
435.56,30,0,1,0,0,0,600,1
436.10,30,0,1,0,0,0,600,1
436.23,30,0,1,0,0,0,600,1
435.73,30,0,1,0,0,0,600,1
434.93,30,0,1,0,0,0,400,1
435.93,30,0,1,0,0,0,400,1
435.98,30,0,1,0,0,0,400,1
436.78,30,0,1,0,0,0,400,1
434.93,30,0,1,0,0,0,400,1
435.93,30,0,1,0,0,0,400,1
435.98,30,0,1,0,0,0,400,1
436.78,30,0,1,0,0,0,400,1
437.44,15,0,1,0,0,0,650,0
437.57,15,0,1,0,0,0,650,0
437.07,15,0,1,0,0,0,650,0
436.89,15,0,1,0,0,0,650,0
436.85,30,0,1,0,0,0,200,1
438.19,30,0,1,0,0,0,200,1
437.49,30,0,1,0,0,0,200,1
436.97,30,0,1,0,0,0,200,1
436.27,30,0,1,0,0,0,200,1
438.53,30,0,1,0,0,0,-300,1
438.01,30,0,1,0,0,0,-300,1
437.17,30,0,1,0,0,0,-300,1
437.31,30,0,1,0,0,0,-300,1
437.23,30,0,1,0,0,0,-300,1
438.61,30,0,1,0,0,0,-300,1
438.53,30,0,1,0,0,0,-300,1
438.01,30,0,1,0,0,0,-300,1
437.17,30,0,1,0,0,0,-300,1
437.31,30,0,1,0,0,0,-300,1
437.23,30,0,1,0,0,0,-300,1
438.61,30,0,1,0,0,0,-300,1
438.53,30,0,1,0,0,0,-300,1
438.01,30,0,1,0,0,0,-300,1
437.17,30,0,1,0,0,0,-300,1
437.31,30,0,1,0,0,0,-300,1
437.23,30,0,1,0,0,0,-300,1
438.61,30,0,1,0,0,0,-300,1
441.46,30,0,1,0,0,0,700,1
441.59,30,0,1,0,0,0,700,1
441.10,30,0,1,0,0,0,700,1
440.91,30,0,1,0,0,0,700,1
440.79,30,0,1,0,0,0,700,1
440.88,30,0,1,0,0,0,700,1
437.23,30,0,1,0,0,0,-150,1
438.61,30,0,1,0,0,0,-150,1
435.38,30,0,1,0,0,0,-150,1
436.77,30,0,1,0,0,0,-150,1
439.87,30,0,1,0,0,0,-300,1
439.36,30,0,1,0,0,0,-300,1
438.51,30,0,1,0,0,0,-300,1
438.65,30,0,1,0,0,0,-300,1
438.57,30,0,1,0,0,0,-300,1
439.95,30,0,1,0,0,0,-300,1
444.15,30,0,1,0,0,0,800,1
444.28,30,0,1,0,0,0,800,1
443.78,30,0,1,0,0,0,800,1
443.60,30,0,1,0,0,0,800,1
443.47,30,0,1,0,0,0,800,1
443.56,30,0,1,0,0,0,800,1
443.56,30,0,1,0,0,0,800,1
443.56,30,0,1,0,0,0,800,1
443.56,30,0,1,0,0,0,800,1
443.56,30,0,1,0,0,0,800,1
441.22,30,0,1,0,0,0,-300,1
440.70,30,0,1,0,0,0,-300,1
439.85,30,0,1,0,0,0,-300,1
439.99,30,0,1,0,0,0,-300,1
439.91,30,0,1,0,0,0,-300,1
441.29,30,0,1,0,0,0,-300,1
441.04,30,0,1,0,0,0,400,1
440.56,30,0,1,0,0,0,400,1
441.48,30,0,1,0,0,0,400,1
441.61,30,0,1,0,0,0,400,1
442.22,30,0,1,0,0,0,400,1
442.35,30,0,1,0,0,0,400,1
442.89,30,0,1,0,0,0,400,1
442.56,30,0,1,0,0,0,-300,1
442.04,30,0,1,0,0,0,-300,1
441.19,30,0,1,0,0,0,-300,1
441.33,30,0,1,0,0,0,-300,1
441.25,30,0,1,0,0,0,-300,1
442.63,30,0,1,0,0,0,-300,1
444.04,3,0,1,0,0,0,458,0
444.83,3,1,1,0,0,0,458,0
444.95,3,0,1,0,0,0,458,0
446.07,30,0,1,0,0,0,269,1
447.41,30,0,1,0,0,0,269,1
446.72,30,0,1,0,0,0,269,1
446.19,30,0,1,0,0,0,269,1
445.49,30,0,1,0,0,0,269,1
446.49,30,0,1,0,0,0,269,1
446.55,30,0,1,0,0,0,269,1
445.24,30,0,1,0,0,0,-300,1
444.72,30,0,1,0,0,0,-300,1
443.88,30,0,1,0,0,0,-300,1
444.02,30,0,1,0,0,0,-300,1
443.94,30,0,1,0,0,0,-300,1
445.32,30,0,1,0,0,0,-300,1
445.24,30,0,1,0,0,0,-300,1
444.72,30,0,1,0,0,0,-300,1
443.88,30,0,1,0,0,0,-300,1
444.02,30,0,1,0,0,0,-300,1
443.94,30,0,1,0,0,0,-300,1
445.32,30,0,1,0,0,0,-300,1
445.24,30,0,1,0,0,0,-300,1
444.72,30,0,1,0,0,0,-300,1
443.88,30,0,1,0,0,0,-300,1
444.02,30,0,1,0,0,0,-300,1
443.94,30,0,1,0,0,0,-300,1
445.32,30,0,1,0,0,0,-300,1
443.56,30,0,1,0,0,0,400,1
443.08,30,0,1,0,0,0,400,1
444.00,30,0,1,0,0,0,400,1
444.13,30,0,1,0,0,0,400,1
444.74,30,0,1,0,0,0,400,1
444.87,30,0,1,0,0,0,400,1
447.71,30,0,1,0,0,0,400,1
447.01,30,0,1,0,0,0,400,1
448.00,30,0,1,0,0,0,400,1
448.06,30,0,1,0,0,0,400,1
448.86,30,0,1,0,0,0,400,1
448.98,30,0,1,0,0,0,400,1
448.35,30,0,1,0,0,0,400,1
449.34,30,0,1,0,0,0,400,1
449.40,30,0,1,0,0,0,400,1
450.20,30,0,1,0,0,0,400,1
450.61,30,0,1,0,0,0,-300,1
450.09,30,0,1,0,0,0,-300,1
449.24,30,0,1,0,0,0,-300,1
449.39,30,0,1,0,0,0,-300,1
449.30,30,0,1,0,0,0,-300,1
450.68,30,0,1,0,0,0,-300,1
446.35,30,0,1,0,0,0,269,1
447.59,30,0,1,0,0,0,269,1
446.86,30,0,1,0,0,0,269,1
446.54,30,0,1,0,0,0,269,1
446.06,30,0,1,0,0,0,269,1
446.98,30,0,1,0,0,0,269,1
447.11,30,0,1,0,0,0,269,1
454.30,29,0,1,0,0,0,500,0
453.60,29,0,1,0,0,0,500,0
453.07,29,0,1,0,0,0,500,0
452.37,29,0,1,0,0,0,500,0
453.37,29,0,1,0,0,0,500,0
453.43,29,0,1,0,0,0,500,0
454.23,29,0,1,0,0,0,500,0
454.35,29,0,1,0,0,0,500,0
454.88,29,0,1,0,0,0,500,0
455.01,29,0,1,0,0,0,500,0
454.52,29,0,1,0,0,0,500,0
454.33,29,0,1,0,0,0,500,0
454.21,29,0,1,0,0,0,500,0
454.30,29,0,1,0,0,0,500,0
453.27,44,0,1,0,0,0,-292,0
453.41,44,1,1,0,0,0,-292,0
455.98,30,0,1,0,0,0,-250,1
455.46,30,0,1,0,0,0,-250,1
454.61,30,0,1,0,0,0,-250,1
454.75,30,0,1,0,0,0,-250,1
454.67,30,0,1,0,0,0,-250,1
456.05,30,0,1,0,0,0,-250,1
452.82,30,0,1,0,0,0,-250,1
454.22,30,0,1,0,0,0,-250,1
460.25,15,0,1,0,0,0,650,0
460.38,15,0,1,0,0,0,650,0
459.88,15,0,1,0,0,0,650,0
459.70,15,0,1,0,0,0,650,0
453.62,30,0,1,0,0,0,200,1
459.66,30,0,1,0,0,0,200,1
461.00,30,0,1,0,0,0,200,1
460.31,30,0,1,0,0,0,200,1
459.78,30,0,1,0,0,0,200,1
459.08,30,0,1,0,0,0,200,1
458.66,30,0,1,0,0,0,-300,1
458.14,30,0,1,0,0,0,-300,1
457.30,30,0,1,0,0,0,-300,1
457.44,30,0,1,0,0,0,-300,1
457.36,30,0,1,0,0,0,-300,1
458.74,30,0,1,0,0,0,-300,1
461.00,29,0,1,0,0,0,500,0
460.31,29,0,1,0,0,0,500,0
459.78,29,0,1,0,0,0,500,0
459.08,29,0,1,0,0,0,500,0
460.08,29,0,1,0,0,0,500,0
460.14,29,0,1,0,0,0,500,0
460.94,29,0,1,0,0,0,500,0
461.06,29,0,1,0,0,0,500,0
461.59,29,0,1,0,0,0,500,0
461.72,29,0,1,0,0,0,500,0
461.23,29,0,1,0,0,0,500,0
461.04,29,0,1,0,0,0,500,0
460.92,29,0,1,0,0,0,500,0
461.01,29,0,1,0,0,0,500,0
460.14,3,0,1,0,0,0,450,0
460.94,3,1,1,0,0,0,450,0
461.59,30,0,1,0,0,0,700,1
461.72,30,0,1,0,0,0,700,1
461.23,30,0,1,0,0,0,700,1
461.04,30,0,1,0,0,0,700,1
460.92,30,0,1,0,0,0,700,1
461.01,30,0,1,0,0,0,700,1
461.59,15,0,1,0,0,0,650,0
461.72,15,0,1,0,0,0,650,0
461.23,15,0,1,0,0,0,650,0
461.04,15,0,1,0,0,0,650,0
462.35,30,0,1,0,0,0,-400,1
462.35,30,0,1,0,0,0,-400,1
462.35,30,0,1,0,0,0,-400,1
462.35,30,0,1,0,0,0,-400,1
460.00,30,0,1,0,0,0,-400,1
459.48,30,0,1,0,0,0,-400,1
458.64,30,0,1,0,0,0,-400,1
458.78,30,0,1,0,0,0,-400,1
458.70,30,0,1,0,0,0,-400,1
460.08,30,0,1,0,0,0,-400,1
462.35,30,0,1,0,0,0,-400,1
462.35,30,0,1,0,0,0,-400,1
462.35,30,0,1,0,0,0,-400,1
462.35,30,0,1,0,0,0,-400,1
460.00,30,0,1,0,0,0,-400,1
459.48,30,0,1,0,0,0,-400,1
458.64,30,0,1,0,0,0,-400,1
458.78,30,0,1,0,0,0,-400,1
458.70,30,0,1,0,0,0,-400,1
460.08,30,0,1,0,0,0,-400,1
462.93,15,0,1,0,0,0,650,0
463.06,15,0,1,0,0,0,650,0
462.57,15,0,1,0,0,0,650,0
462.38,15,0,1,0,0,0,650,0
464.28,15,0,1,0,0,0,650,0
464.40,15,0,1,0,0,0,650,0
463.91,15,0,1,0,0,0,650,0
463.72,15,0,1,0,0,0,650,0
458.78,30,0,1,0,0,0,113,1
458.93,30,0,1,0,0,0,113,1
465.02,30,0,1,0,0,0,113,1
462.69,30,0,1,0,0,0,-300,1
462.17,30,0,1,0,0,0,-300,1
461.32,30,0,1,0,0,0,-300,1
461.46,30,0,1,0,0,0,-300,1
461.38,30,0,1,0,0,0,-300,1
462.76,30,0,1,0,0,0,-300,1
464.03,30,0,1,0,0,0,-300,1
463.51,30,0,1,0,0,0,-300,1
462.66,30,0,1,0,0,0,-300,1
462.80,30,0,1,0,0,0,-300,1
462.72,30,0,1,0,0,0,-300,1
464.10,30,0,1,0,0,0,-300,1
466.37,29,0,1,0,0,0,500,0
465.67,29,0,1,0,0,0,500,0
465.15,29,0,1,0,0,0,500,0
464.45,29,0,1,0,0,0,500,0
465.45,29,0,1,0,0,0,500,0
465.51,29,0,1,0,0,0,500,0
466.30,29,0,1,0,0,0,500,0
466.42,29,0,1,0,0,0,500,0
466.96,29,0,1,0,0,0,500,0
467.09,29,0,1,0,0,0,500,0
466.59,29,0,1,0,0,0,500,0
466.41,29,0,1,0,0,0,500,0
466.28,29,0,1,0,0,0,500,0
466.38,29,0,1,0,0,0,500,0
465.45,30,0,1,0,0,0,475,1
465.51,30,0,1,0,0,0,475,1
466.30,30,0,1,0,0,0,475,1
466.42,30,0,1,0,0,0,475,1
466.96,30,0,1,0,0,0,475,1
468.03,3,0,1,0,0,0,-200,0
468.17,3,0,1,0,0,0,-200,0
468.09,3,0,1,0,0,0,-200,0
469.47,3,0,1,0,0,0,-200,0
466.24,3,0,1,0,0,0,-200,0
467.63,3,0,1,0,0,0,-200,0
476.35,15,0,1,0,0,0,650,0
476.48,15,0,1,0,0,0,650,0
475.99,15,0,1,0,0,0,650,0
475.80,15,0,1,0,0,0,650,0
477.69,30,0,1,0,0,0,800,1
477.82,30,0,1,0,0,0,800,1
477.33,30,0,1,0,0,0,800,1
477.14,30,0,1,0,0,0,800,1
477.02,30,0,1,0,0,0,800,1
477.11,30,0,1,0,0,0,800,1
477.11,30,0,1,0,0,0,800,1
477.11,30,0,1,0,0,0,800,1
477.11,30,0,1,0,0,0,800,1
477.11,30,0,1,0,0,0,800,1
470.63,30,0,1,0,0,0,150,1
476.67,30,0,1,0,0,0,150,1
478.01,30,0,1,0,0,0,150,1
477.31,30,0,1,0,0,0,150,1
482.48,30,0,1,0,0,0,-400,1
482.48,30,0,1,0,0,0,-400,1
482.48,30,0,1,0,0,0,-400,1
482.48,30,0,1,0,0,0,-400,1
480.13,30,0,1,0,0,0,-400,1
479.61,30,0,1,0,0,0,-400,1
478.77,30,0,1,0,0,0,-400,1
478.91,30,0,1,0,0,0,-400,1
478.83,30,0,1,0,0,0,-400,1
480.21,30,0,1,0,0,0,-400,1
490.87,30,0,1,0,0,0,-300,1
490.35,30,0,1,0,0,0,-300,1
489.50,30,0,1,0,0,0,-300,1
489.64,30,0,1,0,0,0,-300,1
489.56,30,0,1,0,0,0,-300,1
490.94,30,0,1,0,0,0,-300,1
403.20,30,0,1,0,0,0,650,1
403.07,30,0,1,0,0,0,650,1
403.01,30,0,1,0,0,0,650,1
403.12,30,0,1,0,0,0,650,1
402.48,30,0,1,0,0,0,650,1
402.35,30,0,1,0,0,0,650,1
402.33,30,0,1,0,0,0,650,1
402.50,30,0,1,0,0,0,650,1
404.15,30,0,1,0,0,0,800,1
404.26,30,0,1,0,0,0,800,1
403.62,30,0,1,0,0,0,800,1
403.48,30,0,1,0,0,0,800,1
403.47,30,0,1,0,0,0,800,1
403.63,30,0,1,0,0,0,800,1
403.63,30,0,1,0,0,0,800,1
403.63,30,0,1,0,0,0,800,1
403.63,30,0,1,0,0,0,800,1
403.63,30,0,1,0,0,0,800,1
405.92,30,0,1,0,0,0,-390,1
405.32,30,1,1,0,0,0,-390,1
403.61,30,0,1,0,0,0,-390,1
410.98,30,0,1,0,0,0,800,1
411.09,30,0,1,0,0,0,800,1
410.45,30,0,1,0,0,0,800,1
410.31,30,0,1,0,0,0,800,1
410.30,30,0,1,0,0,0,800,1
410.46,30,0,1,0,0,0,800,1
410.46,30,0,1,0,0,0,800,1
410.46,30,0,1,0,0,0,800,1
410.46,30,0,1,0,0,0,800,1
410.46,30,0,1,0,0,0,800,1
408.75,30,0,1,0,0,0,200,1
409.34,30,0,1,0,0,0,200,1
409.93,30,0,1,0,0,0,200,1
410.41,30,0,1,0,0,0,200,1
410.43,30,0,1,0,0,0,200,1
413.25,30,0,1,0,0,0,800,1
413.37,30,0,1,0,0,0,800,1
412.72,30,0,1,0,0,0,800,1
412.59,30,0,1,0,0,0,800,1
412.58,30,0,1,0,0,0,800,1
412.74,30,0,1,0,0,0,800,1
412.74,30,0,1,0,0,0,800,1
412.74,30,0,1,0,0,0,800,1
412.74,30,0,1,0,0,0,800,1
412.74,30,0,1,0,0,0,800,1
415.03,30,1,1,0,0,0,-380,1
411.60,30,0,1,0,0,0,113,1
411.13,30,0,1,0,0,0,113,1
414.75,30,0,1,0,0,0,113,1
427.83,35,0,1,0,0,0,175,0
422.54,35,0,1,0,0,0,175,0
421.69,35,0,1,0,0,0,175,0
424.99,35,0,1,0,0,0,175,0
425.40,35,0,1,0,0,0,175,0
426.05,35,0,1,0,0,0,175,0
426.79,35,0,1,0,0,0,175,0
427.05,35,0,1,0,0,0,175,0
427.65,35,0,1,0,0,0,175,0
424.06,30,0,1,0,0,0,-300,1
423.35,30,0,1,0,0,0,-300,1
421.53,30,0,1,0,0,0,-300,1
421.21,30,0,1,0,0,0,-300,1
421.34,30,0,1,0,0,0,-300,1
420.49,30,0,1,0,0,0,-300,1
421.22,15,0,1,0,0,0,650,0
421.33,15,0,1,0,0,0,650,0
420.69,15,0,1,0,0,0,650,0
420.56,15,0,1,0,0,0,650,0
426.91,15,0,1,0,0,0,650,0
427.02,15,0,1,0,0,0,650,0
426.38,15,0,1,0,0,0,650,0
426.25,15,0,1,0,0,0,650,0
430.89,30,0,1,0,0,0,-300,1
430.18,30,0,1,0,0,0,-300,1
428.35,30,0,1,0,0,0,-300,1
428.04,30,0,1,0,0,0,-300,1
428.16,30,0,1,0,0,0,-300,1
427.32,30,0,1,0,0,0,-300,1
430.89,30,0,1,0,0,0,-300,1
430.18,30,0,1,0,0,0,-300,1
428.35,30,0,1,0,0,0,-300,1
428.04,30,0,1,0,0,0,-300,1
428.16,30,0,1,0,0,0,-300,1
427.32,30,0,1,0,0,0,-300,1
426.47,30,1,1,0,0,0,-360,1
433.17,30,0,1,0,0,0,-300,1
432.46,30,0,1,0,0,0,-300,1
430.63,30,0,1,0,0,0,-300,1
430.31,30,0,1,0,0,0,-300,1
430.44,30,0,1,0,0,0,-300,1
429.60,30,0,1,0,0,0,-300,1
433.17,30,0,1,0,0,0,-300,1
432.46,30,0,1,0,0,0,-300,1
430.63,30,0,1,0,0,0,-300,1
430.31,30,0,1,0,0,0,-300,1
430.44,30,0,1,0,0,0,-300,1
429.60,30,0,1,0,0,0,-300,1
428.86,30,0,1,0,0,0,400,1
429.60,30,0,1,0,0,0,400,1
429.69,30,0,1,0,0,0,400,1
430.52,30,0,1,0,0,0,400,1
428.39,30,0,1,0,0,0,269,1
428.41,30,0,1,0,0,0,269,1
429.81,30,0,1,0,0,0,269,1
430.80,30,0,1,0,0,0,269,1
431.13,30,0,1,0,0,0,269,1
431.88,30,0,1,0,0,0,269,1
431.96,30,0,1,0,0,0,269,1
433.00,30,0,1,0,0,0,400,1
433.33,30,0,1,0,0,0,400,1
434.07,30,0,1,0,0,0,400,1
434.16,30,0,1,0,0,0,400,1
434.99,30,0,1,0,0,0,400,1
434.85,30,0,1,0,0,0,400,1
434.80,30,0,1,0,0,0,400,1
436.13,15,0,1,0,0,0,-100,0
435.29,15,0,1,0,0,0,-100,0
431.05,15,0,1,0,0,0,-100,0
432.16,15,0,1,0,0,0,-100,0
434.46,15,0,1,0,0,0,-100,0
431.10,15,0,1,0,0,0,-100,0
438.86,30,0,1,0,0,0,-300,1
438.15,30,0,1,0,0,0,-300,1
436.32,30,0,1,0,0,0,-300,1
436.00,30,0,1,0,0,0,-300,1
436.13,30,0,1,0,0,0,-300,1
435.29,30,0,1,0,0,0,-300,1
434.55,30,0,1,0,0,0,400,1
435.29,30,0,1,0,0,0,400,1
435.38,30,0,1,0,0,0,400,1
436.21,30,0,1,0,0,0,400,1
440.00,30,0,1,0,0,0,-300,1
439.29,30,0,1,0,0,0,-300,1
437.46,30,0,1,0,0,0,-300,1
437.14,30,0,1,0,0,0,-300,1
437.27,30,0,1,0,0,0,-300,1
436.43,30,0,1,0,0,0,-300,1
436.43,30,0,1,0,0,0,475,1
436.51,30,0,1,0,0,0,475,1
437.35,30,0,1,0,0,0,475,1
437.21,30,0,1,0,0,0,475,1
437.16,30,0,1,0,0,0,475,1
430.38,30,0,1,0,0,0,-250,1
429.02,30,0,1,0,0,0,-250,1
428.90,30,0,1,0,0,0,-250,1
428.84,30,0,1,0,0,0,-250,1
428.70,30,0,1,0,0,0,-250,1
424.89,30,0,1,0,0,0,-250,1
426.25,30,0,1,0,0,0,-250,1
438.41,15,0,1,0,0,0,-100,0
437.57,15,0,1,0,0,0,-100,0
433.33,15,0,1,0,0,0,-100,0
434.44,15,0,1,0,0,0,-100,0
436.74,15,0,1,0,0,0,-100,0
433.38,15,0,1,0,0,0,-100,0
438.29,30,0,1,0,0,0,650,1
438.41,30,0,1,0,0,0,650,1
437.76,30,0,1,0,0,0,650,1
437.63,30,0,1,0,0,0,650,1
436.86,3,0,1,0,0,0,-200,0
436.75,3,0,1,0,0,0,-200,0
436.69,3,0,1,0,0,0,-200,0
436.55,3,0,1,0,0,0,-200,0
432.74,3,0,1,0,0,0,-200,0
434.10,3,0,1,0,0,0,-200,0
442.27,30,0,1,0,0,0,-300,1
441.56,30,0,1,0,0,0,-300,1
439.74,30,0,1,0,0,0,-300,1
439.42,30,0,1,0,0,0,-300,1
439.55,30,0,1,0,0,0,-300,1
438.70,30,0,1,0,0,0,-300,1
439.85,30,0,1,0,0,0,475,1
439.93,30,0,1,0,0,0,475,1
440.76,30,0,1,0,0,0,475,1
440.63,30,0,1,0,0,0,475,1
440.57,30,0,1,0,0,0,475,1
441.82,15,0,1,0,0,0,-100,0
440.98,15,0,1,0,0,0,-100,0
436.74,15,0,1,0,0,0,-100,0
437.85,15,0,1,0,0,0,-100,0
440.15,15,0,1,0,0,0,-100,0
436.79,15,0,1,0,0,0,-100,0
444.55,30,0,1,0,0,0,-300,1
443.84,30,0,1,0,0,0,-300,1
442.01,30,0,1,0,0,0,-300,1
441.69,30,0,1,0,0,0,-300,1
441.82,30,0,1,0,0,0,-300,1
440.98,30,0,1,0,0,0,-300,1
441.71,15,0,1,0,0,0,650,0
441.82,15,0,1,0,0,0,650,0
441.18,15,0,1,0,0,0,650,0
441.04,15,0,1,0,0,0,650,0
446.83,30,0,1,0,0,0,-300,1
446.12,30,0,1,0,0,0,-300,1
444.29,30,0,1,0,0,0,-300,1
443.97,30,0,1,0,0,0,-300,1
444.10,30,0,1,0,0,0,-300,1
443.26,30,0,1,0,0,0,-300,1
446.83,30,0,1,0,0,0,-300,1
446.12,30,0,1,0,0,0,-300,1
444.29,30,0,1,0,0,0,-300,1
443.97,30,0,1,0,0,0,-300,1
444.10,30,0,1,0,0,0,-300,1
443.26,30,0,1,0,0,0,-300,1
443.98,15,0,1,0,0,0,650,0
444.10,15,0,1,0,0,0,650,0
443.45,15,0,1,0,0,0,650,0
443.32,15,0,1,0,0,0,650,0
447.96,30,0,1,0,0,0,-300,1
447.25,30,0,1,0,0,0,-300,1
445.43,30,0,1,0,0,0,-300,1
445.11,30,0,1,0,0,0,-300,1
445.24,30,0,1,0,0,0,-300,1
444.39,30,0,1,0,0,0,-300,1
447.96,30,0,1,0,0,0,-300,1
447.25,30,0,1,0,0,0,-300,1
445.43,30,0,1,0,0,0,-300,1
445.11,30,0,1,0,0,0,-300,1
445.24,30,0,1,0,0,0,-300,1
444.39,30,0,1,0,0,0,-300,1
446.57,3,0,1,0,0,0,-200,0
446.25,3,0,1,0,0,0,-200,0
446.38,3,0,1,0,0,0,-200,0
445.53,3,0,1,0,0,0,-200,0
441.30,3,0,1,0,0,0,-200,0
442.41,3,0,1,0,0,0,-200,0
442.07,3,0,1,0,0,0,250,0
443.47,3,0,1,0,0,0,250,0
444.46,3,0,1,0,0,0,250,0
444.79,3,0,1,0,0,0,250,0
445.54,3,0,1,0,0,0,250,0
445.36,30,0,1,0,0,0,400,1
446.11,30,0,1,0,0,0,400,1
446.19,30,0,1,0,0,0,400,1
447.02,30,0,1,0,0,0,400,1
447.70,3,0,1,0,0,0,-200,0
447.38,3,0,1,0,0,0,-200,0
447.51,3,0,1,0,0,0,-200,0
446.67,3,0,1,0,0,0,-200,0
442.44,3,0,1,0,0,0,-200,0
443.55,3,0,1,0,0,0,-200,0
450.24,30,0,1,0,0,0,-300,1
449.53,30,0,1,0,0,0,-300,1
447.70,30,0,1,0,0,0,-300,1
447.38,30,0,1,0,0,0,-300,1
447.51,30,0,1,0,0,0,-300,1
446.67,30,0,1,0,0,0,-300,1
446.20,30,0,1,0,0,0,300,1
446.69,30,0,1,0,0,0,300,1
446.70,30,0,1,0,0,0,300,1
447.33,30,0,1,0,0,0,300,1
447.38,30,0,1,0,0,0,300,1
445.46,30,0,1,0,0,0,269,1
445.49,30,0,1,0,0,0,269,1
446.88,30,0,1,0,0,0,269,1
447.88,30,0,1,0,0,0,269,1
448.21,30,0,1,0,0,0,269,1
448.95,30,0,1,0,0,0,269,1
449.03,30,0,1,0,0,0,269,1
452.52,30,0,1,0,0,0,-300,1
451.81,30,0,1,0,0,0,-300,1
449.98,30,0,1,0,0,0,-300,1
449.66,30,0,1,0,0,0,-300,1
449.79,30,0,1,0,0,0,-300,1
448.95,30,0,1,0,0,0,-300,1
452.52,30,0,1,0,0,0,-300,1
451.81,30,0,1,0,0,0,-300,1
449.98,30,0,1,0,0,0,-300,1
449.66,30,0,1,0,0,0,-300,1
449.79,30,0,1,0,0,0,-300,1
448.95,30,0,1,0,0,0,-300,1
445.03,30,0,1,0,0,0,79,1
446.60,30,1,1,0,0,0,79,1
454.79,30,0,1,0,0,0,-300,1
454.08,30,0,1,0,0,0,-300,1
452.26,30,0,1,0,0,0,-300,1
451.94,30,0,1,0,0,0,-300,1
452.07,30,0,1,0,0,0,-300,1
451.22,30,0,1,0,0,0,-300,1
451.95,15,0,1,0,0,0,650,0
452.06,15,0,1,0,0,0,650,0
451.42,15,0,1,0,0,0,650,0
451.29,15,0,1,0,0,0,650,0
459.00,6,0,1,0,0,0,500,0
458.90,6,1,1,0,0,0,500,0
458.99,6,0,1,0,0,0,500,0
457.07,30,0,1,0,0,0,-300,1
456.36,30,0,1,0,0,0,-300,1
454.53,30,0,1,0,0,0,-300,1
454.21,30,0,1,0,0,0,-300,1
454.34,30,0,1,0,0,0,-300,1
453.50,30,0,1,0,0,0,-300,1
454.23,15,0,1,0,0,0,650,0
454.34,15,0,1,0,0,0,650,0
453.70,15,0,1,0,0,0,650,0
453.56,15,0,1,0,0,0,650,0
454.23,15,0,1,0,0,0,650,0
454.34,15,0,1,0,0,0,650,0
453.70,15,0,1,0,0,0,650,0
453.56,15,0,1,0,0,0,650,0
454.42,25,0,1,0,0,0,650,0
454.29,25,0,1,0,0,0,650,0
454.23,25,0,1,0,0,0,650,0
454.34,25,0,1,0,0,0,650,0
453.70,25,0,1,0,0,0,650,0
453.56,25,0,1,0,0,0,650,0
453.55,25,0,1,0,0,0,650,0
453.71,25,0,1,0,0,0,650,0
442.84,32,0,1,0,0,0,550,0
442.74,32,0,1,0,0,0,550,0
442.82,32,0,1,0,0,0,550,0
442.96,32,0,1,0,0,0,550,0
457.50,30,0,1,0,0,0,300,1
458.05,30,0,1,0,0,0,300,1
458.16,30,0,1,0,0,0,300,1
458.76,30,0,1,0,0,0,300,1
458.84,30,0,1,0,0,0,300,1
458.21,30,0,1,0,0,0,-300,1
457.50,30,0,1,0,0,0,-300,1
455.67,30,0,1,0,0,0,-300,1
455.35,30,0,1,0,0,0,-300,1
455.48,30,0,1,0,0,0,-300,1
454.64,30,0,1,0,0,0,-300,1
455.37,15,0,1,0,0,0,650,0
455.48,15,0,1,0,0,0,650,0
454.84,15,0,1,0,0,0,650,0
454.70,15,0,1,0,0,0,650,0
456.81,3,0,1,0,0,0,-200,0
456.49,3,0,1,0,0,0,-200,0
456.62,3,0,1,0,0,0,-200,0
455.78,3,0,1,0,0,0,-200,0
451.54,3,0,1,0,0,0,-200,0
452.65,3,0,1,0,0,0,-200,0
456.50,30,0,1,0,0,0,800,1
456.62,30,0,1,0,0,0,800,1
455.97,30,0,1,0,0,0,800,1
455.84,30,0,1,0,0,0,800,1
455.83,30,0,1,0,0,0,800,1
455.99,30,0,1,0,0,0,800,1
455.99,30,0,1,0,0,0,800,1
455.99,30,0,1,0,0,0,800,1
455.99,30,0,1,0,0,0,800,1
455.99,30,0,1,0,0,0,800,1
455.78,30,0,1,0,0,0,475,1
455.86,30,0,1,0,0,0,475,1
456.69,30,0,1,0,0,0,475,1
456.56,30,0,1,0,0,0,475,1
456.50,30,0,1,0,0,0,475,1
456.50,15,0,1,0,0,0,650,0
456.62,15,0,1,0,0,0,650,0
455.97,15,0,1,0,0,0,650,0
455.84,15,0,1,0,0,0,650,0
458.27,30,0,1,0,0,0,-400,1
461.62,30,0,1,0,0,0,-400,1
460.91,30,0,1,0,0,0,-400,1
459.09,30,0,1,0,0,0,-400,1
458.77,30,0,1,0,0,0,-400,1
447.83,30,0,1,0,0,0,113,1
451.34,30,0,1,0,0,0,113,1
451.93,30,0,1,0,0,0,113,1
452.52,30,0,1,0,0,0,113,1
464.99,3,0,1,0,0,0,484,0
464.89,3,1,1,0,0,0,484,0
463.90,30,0,1,0,0,0,-300,1
463.19,30,0,1,0,0,0,-300,1
461.36,30,0,1,0,0,0,-300,1
461.04,30,0,1,0,0,0,-300,1
461.17,30,0,1,0,0,0,-300,1
460.33,30,0,1,0,0,0,-300,1
461.06,15,0,1,0,0,0,650,0
461.17,15,0,1,0,0,0,650,0
460.53,15,0,1,0,0,0,650,0
460.39,15,0,1,0,0,0,650,0
461.68,30,0,1,0,0,0,-400,1
461.68,30,0,1,0,0,0,-400,1
461.68,30,0,1,0,0,0,-400,1
461.68,30,0,1,0,0,0,-400,1
465.04,30,0,1,0,0,0,-400,1
464.33,30,0,1,0,0,0,-400,1
462.50,30,0,1,0,0,0,-400,1
462.18,30,0,1,0,0,0,-400,1
462.31,30,0,1,0,0,0,-400,1
461.47,30,0,1,0,0,0,-400,1
462.82,30,0,1,0,0,0,-400,1
462.82,30,0,1,0,0,0,-400,1
466.17,30,0,1,0,0,0,-400,1
465.46,30,0,1,0,0,0,-400,1
463.64,30,0,1,0,0,0,-400,1
470.14,30,0,1,0,0,0,738,1
470.02,30,0,1,0,0,0,738,1
470.09,30,0,1,0,0,0,738,1
470.17,30,0,1,0,0,0,738,1
469.56,30,0,1,0,0,0,738,1
469.42,30,0,1,0,0,0,738,1
469.38,30,0,1,0,0,0,738,1
469.44,30,0,1,0,0,0,738,1
469.44,30,0,1,0,0,0,738,1
469.44,30,0,1,0,0,0,738,1
469.44,30,0,1,0,0,0,738,1
469.44,30,0,1,0,0,0,738,1
469.59,30,0,1,0,0,0,-300,1
468.88,30,0,1,0,0,0,-300,1
467.05,30,0,1,0,0,0,-300,1
466.73,30,0,1,0,0,0,-300,1
466.86,30,0,1,0,0,0,-300,1
466.02,30,0,1,0,0,0,-300,1
469.59,30,0,1,0,0,0,-300,1
468.88,30,0,1,0,0,0,-300,1
467.05,30,0,1,0,0,0,-300,1
466.73,30,0,1,0,0,0,-300,1
466.86,30,0,1,0,0,0,-300,1
466.02,30,0,1,0,0,0,-300,1
467.37,30,0,1,0,0,0,-400,1
467.37,30,0,1,0,0,0,-400,1
467.37,30,0,1,0,0,0,-400,1
467.37,30,0,1,0,0,0,-400,1
470.73,30,0,1,0,0,0,-400,1
470.02,30,0,1,0,0,0,-400,1
468.19,30,0,1,0,0,0,-400,1
467.87,30,0,1,0,0,0,-400,1
468.00,30,0,1,0,0,0,-400,1
467.16,30,0,1,0,0,0,-400,1
467.89,15,0,1,0,0,0,650,0
468.00,15,0,1,0,0,0,650,0
467.36,15,0,1,0,0,0,650,0
467.22,15,0,1,0,0,0,650,0
473.06,30,0,1,0,0,0,-400,1
473.06,30,0,1,0,0,0,-400,1
476.42,30,0,1,0,0,0,-400,1
475.71,30,0,1,0,0,0,-400,1
473.88,30,0,1,0,0,0,-400,1
477.61,30,0,1,0,0,0,-400,1
477.61,30,0,1,0,0,0,-400,1
477.61,30,0,1,0,0,0,-400,1
477.61,30,0,1,0,0,0,-400,1
480.97,30,0,1,0,0,0,-400,1
480.26,30,0,1,0,0,0,-400,1
478.43,30,0,1,0,0,0,-400,1
478.12,30,0,1,0,0,0,-400,1
478.24,30,0,1,0,0,0,-400,1
477.40,30,0,1,0,0,0,-400,1
480.97,30,0,1,0,0,0,-250,1
480.26,30,0,1,0,0,0,-250,1
478.43,30,0,1,0,0,0,-250,1
478.12,30,0,1,0,0,0,-250,1
478.24,30,0,1,0,0,0,-250,1
477.40,30,0,1,0,0,0,-250,1
473.17,30,0,1,0,0,0,-250,1
474.28,30,0,1,0,0,0,-250,1
476.33,30,0,1,0,0,0,400,1
476.66,30,0,1,0,0,0,400,1
477.41,30,0,1,0,0,0,400,1
477.49,30,0,1,0,0,0,400,1
478.32,30,0,1,0,0,0,400,1
478.19,30,0,1,0,0,0,400,1
478.13,30,0,1,0,0,0,400,1
478.13,15,0,1,0,0,0,650,0
478.24,15,0,1,0,0,0,650,0
477.60,15,0,1,0,0,0,650,0
477.46,15,0,1,0,0,0,650,0
486.66,30,0,1,0,0,0,-300,1
485.95,30,0,1,0,0,0,-300,1
484.12,30,0,1,0,0,0,-300,1
483.81,30,0,1,0,0,0,-300,1
483.93,30,0,1,0,0,0,-300,1
483.09,30,0,1,0,0,0,-300,1
488.94,30,0,1,0,0,0,-300,1
488.23,30,0,1,0,0,0,-300,1
486.40,30,0,1,0,0,0,-300,1
486.08,30,0,1,0,0,0,-300,1
486.21,30,0,1,0,0,0,-300,1
485.37,30,0,1,0,0,0,-300,1
490.08,30,0,1,0,0,0,-250,1
489.37,30,0,1,0,0,0,-250,1
487.54,30,0,1,0,0,0,-250,1
487.22,30,0,1,0,0,0,-250,1
487.35,30,0,1,0,0,0,-250,1
486.51,30,0,1,0,0,0,-250,1
482.27,30,0,1,0,0,0,-250,1
483.38,30,0,1,0,0,0,-250,1
495.20,15,0,1,0,0,0,650,0
495.31,15,0,1,0,0,0,650,0
494.67,15,0,1,0,0,0,650,0
494.54,15,0,1,0,0,0,650,0
495.81,30,0,1,0,0,0,600,1
495.70,30,0,1,0,0,0,600,1
495.79,30,0,1,0,0,0,600,1
495.90,30,0,1,0,0,0,600,1
495.29,30,0,1,0,0,0,600,1
418.19,44,0,1,0,0,0,-292,0
418.10,44,1,1,0,0,0,-292,0
418.47,44,0,1,0,0,0,-292,0
425.70,30,0,1,0,0,0,-300,1
426.89,30,0,1,0,0,0,-300,1
423.63,30,0,1,0,0,0,-300,1
423.62,30,0,1,0,0,0,-300,1
424.48,30,0,1,0,0,0,-300,1
426.24,30,0,1,0,0,0,-300,1
426.93,30,0,1,0,0,0,400,1
427.52,30,0,1,0,0,0,400,1
427.54,30,0,1,0,0,0,400,1
428.64,30,0,1,0,0,0,400,1
433.75,30,0,1,0,0,0,-300,1
434.94,30,0,1,0,0,0,-300,1
431.68,30,0,1,0,0,0,-300,1
431.67,30,0,1,0,0,0,-300,1
432.53,30,0,1,0,0,0,-300,1
434.30,30,0,1,0,0,0,-300,1
434.65,30,0,1,0,0,0,-300,1
435.84,30,0,1,0,0,0,-300,1
432.58,30,0,1,0,0,0,-300,1
432.57,30,0,1,0,0,0,-300,1
433.42,30,0,1,0,0,0,-300,1
435.19,30,0,1,0,0,0,-300,1
434.65,30,0,1,0,0,0,-300,1
435.84,30,0,1,0,0,0,-300,1
432.58,30,0,1,0,0,0,-300,1
432.57,30,0,1,0,0,0,-300,1
433.42,30,0,1,0,0,0,-300,1
435.19,30,0,1,0,0,0,-300,1
431.41,30,0,1,0,0,0,400,1
431.99,30,0,1,0,0,0,400,1
432.01,30,0,1,0,0,0,400,1
433.12,30,0,1,0,0,0,400,1
424.75,30,0,1,0,0,0,269,1
425.82,30,0,1,0,0,0,269,1
425.06,30,0,1,0,0,0,269,1
424.89,30,0,1,0,0,0,269,1
424.77,30,0,1,0,0,0,269,1
425.27,30,0,1,0,0,0,269,1
425.36,30,0,1,0,0,0,269,1
434.99,30,0,1,0,0,0,400,1
435.57,30,0,1,0,0,0,400,1
435.59,30,0,1,0,0,0,400,1
436.70,30,0,1,0,0,0,400,1
438.31,15,0,1,0,0,0,650,0
438.32,15,0,1,0,0,0,650,0
438.07,15,0,1,0,0,0,650,0
438.47,15,0,1,0,0,0,650,0
440.10,15,0,1,0,0,0,650,0
440.11,15,0,1,0,0,0,650,0
439.86,15,0,1,0,0,0,650,0
440.26,15,0,1,0,0,0,650,0
438.80,30,0,1,0,0,0,100,1
442.79,30,0,1,0,0,0,100,1
441.22,30,0,1,0,0,0,100,1
437.39,30,0,1,0,0,0,100,1
436.26,30,0,1,0,0,0,100,1
437.92,30,0,1,0,0,0,100,1
438.90,30,0,1,0,0,0,100,1
438.26,30,0,1,0,0,0,100,1
437.90,30,0,1,0,0,0,100,1
437.67,30,0,1,0,0,0,100,1
443.59,30,0,1,0,0,0,-300,1
444.78,30,0,1,0,0,0,-300,1
441.52,30,0,1,0,0,0,-300,1
441.52,30,0,1,0,0,0,-300,1
442.37,30,0,1,0,0,0,-300,1
444.14,30,0,1,0,0,0,-300,1
443.59,30,0,1,0,0,0,-300,1
444.78,30,0,1,0,0,0,-300,1
441.52,30,0,1,0,0,0,-300,1
441.52,30,0,1,0,0,0,-300,1
442.37,30,0,1,0,0,0,-300,1
444.14,30,0,1,0,0,0,-300,1
441.89,15,0,1,0,0,0,650,0
441.90,15,0,1,0,0,0,650,0
441.65,15,0,1,0,0,0,650,0
442.04,15,0,1,0,0,0,650,0
449.59,30,0,1,0,0,0,200,1
450.11,30,0,1,0,0,0,200,1
450.60,30,0,1,0,0,0,200,1
451.11,30,0,1,0,0,0,200,1
451.36,30,0,1,0,0,0,200,1
441.49,30,0,1,0,0,0,100,1
445.48,30,0,1,0,0,0,100,1
443.90,30,0,1,0,0,0,100,1
440.07,30,0,1,0,0,0,100,1
438.94,30,0,1,0,0,0,100,1
440.60,30,0,1,0,0,0,100,1
441.58,30,0,1,0,0,0,100,1
440.95,30,0,1,0,0,0,100,1
440.58,30,0,1,0,0,0,100,1
440.35,30,0,1,0,0,0,100,1
440.35,30,0,1,0,0,0,400,1
440.94,30,0,1,0,0,0,400,1
440.96,30,0,1,0,0,0,400,1
442.07,30,0,1,0,0,0,400,1
442.14,30,0,1,0,0,0,400,1
442.73,30,0,1,0,0,0,400,1
442.75,30,0,1,0,0,0,400,1
443.86,30,0,1,0,0,0,400,1
453.52,15,0,1,0,0,0,650,0
453.53,15,0,1,0,0,0,650,0
453.28,15,0,1,0,0,0,650,0
453.68,15,0,1,0,0,0,650,0
452.80,3,1,1,0,0,0,450,0
461.04,30,0,1,0,0,0,-300,1
462.23,30,0,1,0,0,0,-300,1
458.97,30,0,1,0,0,0,-300,1
458.96,30,0,1,0,0,0,-300,1
459.82,30,0,1,0,0,0,-300,1
461.59,30,0,1,0,0,0,-300,1
463.28,30,0,1,0,0,0,-300,1
464.47,30,0,1,0,0,0,-300,1
461.21,30,0,1,0,0,0,-300,1
461.20,30,0,1,0,0,0,-300,1
462.06,30,0,1,0,0,0,-300,1
463.83,30,0,1,0,0,0,-300,1
463.36,15,0,1,0,0,0,650,0
463.37,15,0,1,0,0,0,650,0
463.12,15,0,1,0,0,0,650,0
463.52,15,0,1,0,0,0,650,0
464.79,3,0,1,0,0,0,-200,0
464.78,3,0,1,0,0,0,-200,0
465.64,3,0,1,0,0,0,-200,0
467.40,3,0,1,0,0,0,-200,0
462.07,3,0,1,0,0,0,-200,0
466.06,3,0,1,0,0,0,-200,0
467.75,30,0,1,0,0,0,-300,1
468.94,30,0,1,0,0,0,-300,1
465.68,30,0,1,0,0,0,-300,1
465.68,30,0,1,0,0,0,-300,1
466.53,30,0,1,0,0,0,-300,1
468.30,30,0,1,0,0,0,-300,1
400.41,30,0,1,0,0,0,-300,1
400.93,30,0,1,0,0,0,-300,1
399.97,30,0,1,0,0,0,-300,1
399.75,30,0,1,0,0,0,-300,1
400.56,30,0,1,0,0,0,-300,1
406.43,30,0,1,0,0,0,-300,1
406.94,30,0,1,0,0,0,-300,1
405.99,30,0,1,0,0,0,-300,1
405.77,30,0,1,0,0,0,-300,1
406.57,30,0,1,0,0,0,-300,1
407.84,30,0,1,0,0,0,-300,1
414.87,30,0,1,0,0,0,380,1
415.33,30,0,1,0,0,0,380,1
414.81,30,0,1,0,0,0,380,1
414.81,30,0,1,0,0,0,380,1
413.84,30,0,1,0,0,0,380,1
422.32,30,0,1,0,0,0,400,1
421.50,30,0,1,0,0,0,400,1
421.50,30,0,1,0,0,0,400,1
419.96,30,0,1,0,0,0,400,1
421.83,30,0,1,0,0,0,-300,1
421.61,30,0,1,0,0,0,-300,1
422.41,30,0,1,0,0,0,-300,1
425.37,30,0,1,0,0,0,475,1
425.38,30,0,1,0,0,0,475,1
423.83,30,0,1,0,0,0,475,1
423.49,30,0,1,0,0,0,475,1
423.55,30,0,1,0,0,0,475,1
423.17,30,0,1,0,0,0,-467,1
423.17,30,0,1,0,0,0,-467,1
424.97,30,0,1,0,0,0,-467,1
420.91,30,0,1,0,0,0,269,1
424.04,30,0,1,0,0,0,269,1
425.32,30,0,1,0,0,0,269,1
426.67,30,0,1,0,0,0,269,1
426.94,30,0,1,0,0,0,269,1
426.12,30,0,1,0,0,0,269,1
426.12,30,0,1,0,0,0,269,1
425.15,15,0,1,0,0,0,-100,0
426.42,15,0,1,0,0,0,-100,0
424.02,15,0,1,0,0,0,-100,0
425.45,15,0,1,0,0,0,-100,0
426.55,15,0,1,0,0,0,-100,0
424.39,15,0,1,0,0,0,-100,0
427.20,30,0,1,0,0,0,450,1
425.65,30,0,1,0,0,0,450,1
425.31,30,0,1,0,0,0,450,1
425.11,3,0,1,0,0,0,250,0
426.39,3,0,1,0,0,0,250,0
427.74,3,0,1,0,0,0,250,0
428.01,3,0,1,0,0,0,250,0
427.19,3,0,1,0,0,0,250,0
429.01,30,0,1,0,0,0,450,1
429.02,30,0,1,0,0,0,450,1
427.47,30,0,1,0,0,0,450,1
433.95,29,0,1,0,0,0,642,0
434.40,29,0,1,0,0,0,642,0
433.88,29,0,1,0,0,0,642,0
433.89,29,0,1,0,0,0,642,0
432.91,29,0,1,0,0,0,642,0
432.54,29,0,1,0,0,0,642,0
432.39,29,0,1,0,0,0,642,0
432.44,29,0,1,0,0,0,642,0
431.96,29,0,1,0,0,0,642,0
432.03,29,0,1,0,0,0,642,0
432.01,29,0,1,0,0,0,642,0
431.12,29,0,1,0,0,0,642,0
431.12,29,0,1,0,0,0,642,0
431.12,29,0,1,0,0,0,642,0
431.12,29,0,1,0,0,0,642,0
431.12,29,0,1,0,0,0,642,0
429.92,3,0,1,0,0,0,417,0
429.93,3,0,1,0,0,0,417,0
428.38,3,0,1,0,0,0,417,0
426.20,30,0,1,0,0,0,269,1
429.33,30,0,1,0,0,0,269,1
430.62,30,0,1,0,0,0,269,1
431.96,30,0,1,0,0,0,269,1
432.23,30,0,1,0,0,0,269,1
431.41,30,0,1,0,0,0,269,1
431.42,30,0,1,0,0,0,269,1
431.10,35,0,1,0,0,0,175,0
428.95,35,0,1,0,0,0,175,0
424.85,35,0,1,0,0,0,175,0
426.53,35,0,1,0,0,0,175,0
429.67,35,0,1,0,0,0,175,0
430.95,35,0,1,0,0,0,175,0
432.29,35,0,1,0,0,0,175,0
432.56,35,0,1,0,0,0,175,0
431.74,35,0,1,0,0,0,175,0
432.63,30,0,1,0,0,0,450,1
431.47,30,0,1,0,0,0,450,1
431.07,30,0,1,0,0,0,450,1
436.74,30,0,1,0,0,0,-100,1
433.31,30,0,1,0,0,0,-100,1
435.18,30,0,1,0,0,0,-100,1
436.76,30,0,1,0,0,0,-100,1
433.97,30,0,1,0,0,0,-100,1
431.86,30,0,1,0,0,0,-300,1
432.38,30,0,1,0,0,0,-300,1
431.42,30,0,1,0,0,0,-300,1
431.20,30,0,1,0,0,0,-300,1
432.00,30,0,1,0,0,0,-300,1
433.27,30,0,1,0,0,0,-300,1
432.40,29,0,1,0,0,0,500,0
433.68,29,0,1,0,0,0,500,0
435.02,29,0,1,0,0,0,500,0
435.29,29,0,1,0,0,0,500,0
434.48,29,0,1,0,0,0,500,0
434.48,29,0,1,0,0,0,500,0
432.93,29,0,1,0,0,0,500,0
432.60,29,0,1,0,0,0,500,0
432.66,29,0,1,0,0,0,500,0
432.73,29,0,1,0,0,0,500,0
432.41,29,0,1,0,0,0,500,0
432.57,29,0,1,0,0,0,500,0
432.50,29,0,1,0,0,0,500,0
431.15,29,0,1,0,0,0,500,0
434.48,30,0,1,0,0,0,650,1
434.55,30,0,1,0,0,0,650,1
434.23,30,0,1,0,0,0,650,1
434.39,30,0,1,0,0,0,650,1
437.34,30,0,1,0,0,0,400,1
436.53,30,0,1,0,0,0,400,1
436.53,30,0,1,0,0,0,400,1
434.98,30,0,1,0,0,0,400,1
434.95,15,0,1,0,0,0,650,0
435.03,15,0,1,0,0,0,650,0
434.70,15,0,1,0,0,0,650,0
434.87,15,0,1,0,0,0,650,0
436.95,29,0,1,0,0,0,500,0
438.23,29,0,1,0,0,0,500,0
439.58,29,0,1,0,0,0,500,0
439.85,29,0,1,0,0,0,500,0
439.03,29,0,1,0,0,0,500,0
439.04,29,0,1,0,0,0,500,0
437.49,29,0,1,0,0,0,500,0
437.15,29,0,1,0,0,0,500,0
437.21,29,0,1,0,0,0,500,0
437.29,29,0,1,0,0,0,500,0
436.96,29,0,1,0,0,0,500,0
437.13,29,0,1,0,0,0,500,0
437.06,29,0,1,0,0,0,500,0
435.70,29,0,1,0,0,0,500,0
433.82,30,0,1,0,0,0,200,1
436.95,30,0,1,0,0,0,200,1
438.23,30,0,1,0,0,0,200,1
439.58,30,0,1,0,0,0,200,1
439.85,30,0,1,0,0,0,200,1
438.22,30,0,1,0,0,0,-300,1
438.73,30,0,1,0,0,0,-300,1
437.77,30,0,1,0,0,0,-300,1
437.56,30,0,1,0,0,0,-300,1
438.36,30,0,1,0,0,0,-300,1
439.63,30,0,1,0,0,0,-300,1
438.59,15,0,1,0,0,0,650,0
438.66,15,0,1,0,0,0,650,0
438.33,15,0,1,0,0,0,650,0
438.50,15,0,1,0,0,0,650,0
439.03,30,0,1,0,0,0,700,1
439.11,30,0,1,0,0,0,700,1
438.78,30,0,1,0,0,0,700,1
438.95,30,0,1,0,0,0,700,1
438.88,30,0,1,0,0,0,700,1
437.52,30,0,1,0,0,0,700,1
434.21,30,0,1,0,0,0,200,1
436.79,30,0,1,0,0,0,200,1
437.34,30,0,1,0,0,0,200,1
438.19,30,0,1,0,0,0,200,1
438.32,30,0,1,0,0,0,200,1
438.67,30,0,1,0,0,0,-300,1
439.19,30,0,1,0,0,0,-300,1
438.23,30,0,1,0,0,0,-300,1
438.01,30,0,1,0,0,0,-300,1
438.81,30,0,1,0,0,0,-300,1
440.08,30,0,1,0,0,0,-300,1
439.94,30,0,1,0,0,0,700,1
440.02,30,0,1,0,0,0,700,1
439.69,30,0,1,0,0,0,700,1
439.86,30,0,1,0,0,0,700,1
439.79,30,0,1,0,0,0,700,1
438.43,30,0,1,0,0,0,700,1
441.39,44,0,1,0,0,0,-292,0
441.20,44,0,1,0,0,0,-292,0
441.67,44,0,1,0,0,0,-292,0
441.79,32,0,1,0,0,0,550,0
441.51,32,0,1,0,0,0,550,0
441.62,32,0,1,0,0,0,550,0
441.68,32,0,1,0,0,0,550,0
443.18,30,0,1,0,0,0,-300,1
442.99,30,1,1,0,0,0,-300,1
441.07,30,0,1,0,0,0,800,1
441.14,30,0,1,0,0,0,800,1
440.82,30,0,1,0,0,0,800,1
440.98,30,0,1,0,0,0,800,1
440.91,30,0,1,0,0,0,800,1
439.56,30,0,1,0,0,0,800,1
439.56,30,0,1,0,0,0,800,1
439.56,30,0,1,0,0,0,800,1
439.56,30,0,1,0,0,0,800,1
439.56,30,0,1,0,0,0,800,1
440.94,30,0,1,0,0,0,-300,1
441.46,30,0,1,0,0,0,-300,1
440.50,30,0,1,0,0,0,-300,1
440.28,30,0,1,0,0,0,-300,1
441.08,30,0,1,0,0,0,-300,1
442.35,30,0,1,0,0,0,-300,1
440.94,30,0,1,0,0,0,-300,1
441.46,30,0,1,0,0,0,-300,1
440.50,30,0,1,0,0,0,-300,1
440.28,30,0,1,0,0,0,-300,1
441.08,30,0,1,0,0,0,-300,1
442.35,30,0,1,0,0,0,-300,1
440.94,30,0,1,0,0,0,-300,1
441.46,30,0,1,0,0,0,-300,1
440.50,30,0,1,0,0,0,-300,1
440.28,30,0,1,0,0,0,-300,1
441.08,30,0,1,0,0,0,-300,1
442.35,30,0,1,0,0,0,-300,1
441.17,30,0,1,0,0,0,-400,1
441.17,30,0,1,0,0,0,-400,1
442.31,30,0,1,0,0,0,-400,1
442.82,30,0,1,0,0,0,-400,1
441.87,30,0,1,0,0,0,-400,1
441.65,30,0,1,0,0,0,-400,1
442.83,30,0,1,0,0,0,800,1
442.91,30,0,1,0,0,0,800,1
442.58,30,0,1,0,0,0,800,1
442.75,30,0,1,0,0,0,800,1
442.68,30,0,1,0,0,0,800,1
441.32,30,0,1,0,0,0,800,1
441.32,30,0,1,0,0,0,800,1
441.32,30,0,1,0,0,0,800,1
441.32,30,0,1,0,0,0,800,1
441.32,30,0,1,0,0,0,800,1
444.76,30,0,1,0,0,0,100,1
442.61,30,0,1,0,0,0,100,1
438.51,30,0,1,0,0,0,100,1
440.20,30,0,1,0,0,0,100,1
443.33,30,0,1,0,0,0,100,1
444.61,30,0,1,0,0,0,100,1
442.08,30,0,1,0,0,0,-400,1
442.08,30,0,1,0,0,0,-400,1
443.22,30,0,1,0,0,0,-400,1
443.73,30,0,1,0,0,0,-400,1
442.78,30,0,1,0,0,0,-400,1
442.08,30,0,1,0,0,0,-400,1
442.08,30,0,1,0,0,0,-400,1
443.22,30,0,1,0,0,0,-400,1
443.73,30,0,1,0,0,0,-400,1
442.78,30,0,1,0,0,0,-400,1
442.56,30,0,1,0,0,0,-400,1
438.70,30,0,1,0,0,0,200,1
441.47,30,0,1,0,0,0,200,1
442.17,30,0,1,0,0,0,200,1
443.05,30,0,1,0,0,0,200,1
443.10,30,0,1,0,0,0,200,1
437.33,30,0,1,0,0,0,200,1
439.31,30,0,1,0,0,0,200,1
440.58,30,0,1,0,0,0,200,1
441.84,30,0,1,0,0,0,200,1
442.21,30,0,1,0,0,0,200,1
444.04,15,0,1,0,0,0,650,0
444.11,15,0,1,0,0,0,650,0
443.78,15,0,1,0,0,0,650,0
443.95,15,0,1,0,0,0,650,0
444.94,15,0,1,0,0,0,650,0
445.02,15,0,1,0,0,0,650,0
444.69,15,0,1,0,0,0,650,0
444.86,15,0,1,0,0,0,650,0
436.96,30,0,1,0,0,0,650,1
437.02,30,0,1,0,0,0,650,1
436.53,30,0,1,0,0,0,650,1
436.57,30,0,1,0,0,0,650,1
445.85,15,0,1,0,0,0,650,0
445.93,15,0,1,0,0,0,650,0
445.60,15,0,1,0,0,0,650,0
445.77,15,0,1,0,0,0,650,0
454.86,30,0,1,0,0,0,200,1
456.46,30,0,1,0,0,0,200,1
458.17,30,0,1,0,0,0,200,1
459.36,30,0,1,0,0,0,200,1
460.54,30,0,1,0,0,0,200,1
460.95,30,0,1,0,0,0,200,1
445.72,30,0,1,0,0,0,-400,1
445.72,30,0,1,0,0,0,-400,1
446.86,30,0,1,0,0,0,-400,1
447.38,30,0,1,0,0,0,-400,1
446.42,30,0,1,0,0,0,-400,1
446.20,30,0,1,0,0,0,-400,1
436.56,30,0,1,0,0,0,200,1
439.81,30,0,1,0,0,0,200,1
442.50,30,0,1,0,0,0,200,1
443.14,30,0,1,0,0,0,200,1
444.08,30,0,1,0,0,0,200,1
447.30,30,0,1,0,0,0,-300,1
447.82,30,0,1,0,0,0,-300,1
446.86,30,0,1,0,0,0,-300,1
446.64,30,0,1,0,0,0,-300,1
447.44,30,0,1,0,0,0,-300,1
448.71,30,0,1,0,0,0,-300,1
447.30,30,0,1,0,0,0,-300,1
447.82,30,0,1,0,0,0,-300,1
446.86,30,0,1,0,0,0,-300,1
446.64,30,0,1,0,0,0,-300,1
447.44,30,0,1,0,0,0,-300,1
448.71,30,0,1,0,0,0,-300,1
447.30,30,0,1,0,0,0,-300,1
447.82,30,0,1,0,0,0,-300,1
446.86,30,0,1,0,0,0,-300,1
446.64,30,0,1,0,0,0,-300,1
447.44,30,0,1,0,0,0,-300,1
448.71,30,0,1,0,0,0,-300,1
451.71,30,0,1,0,0,0,450,1
451.71,30,0,1,0,0,0,450,1
450.55,30,0,1,0,0,0,450,1
450.16,30,0,1,0,0,0,450,1
447.53,3,0,1,0,0,0,450,0
446.62,3,1,1,0,0,0,450,0
446.89,30,0,1,0,0,0,200,1
448.49,30,0,1,0,0,0,200,1
450.21,30,0,1,0,0,0,200,1
451.39,30,0,1,0,0,0,200,1
452.57,30,0,1,0,0,0,200,1
452.98,30,0,1,0,0,0,200,1
449.12,30,0,1,0,0,0,-300,1
449.63,30,0,1,0,0,0,-300,1
448.67,30,0,1,0,0,0,-300,1
448.45,30,0,1,0,0,0,-300,1
449.26,30,0,1,0,0,0,-300,1
450.53,30,0,1,0,0,0,-300,1
452.60,30,0,1,0,0,0,400,1
451.78,30,0,1,0,0,0,400,1
451.79,30,0,1,0,0,0,400,1
450.24,30,0,1,0,0,0,400,1
449.52,30,1,1,0,0,0,-288,1
449.27,30,0,1,0,0,0,-288,1
441.27,30,0,1,0,0,0,200,1
444.46,30,0,1,0,0,0,200,1
447.04,30,0,1,0,0,0,200,1
447.59,30,0,1,0,0,0,200,1
448.44,30,0,1,0,0,0,200,1
448.57,30,0,1,0,0,0,200,1
452.54,30,0,1,0,0,0,800,1
452.61,30,0,1,0,0,0,800,1
452.29,30,0,1,0,0,0,800,1
452.45,30,0,1,0,0,0,800,1
452.39,30,0,1,0,0,0,800,1
451.03,30,0,1,0,0,0,800,1
451.03,30,0,1,0,0,0,800,1
451.03,30,0,1,0,0,0,800,1
451.03,30,0,1,0,0,0,800,1
451.03,30,0,1,0,0,0,800,1
452.30,30,0,1,0,0,0,-300,1
452.81,30,0,1,0,0,0,-300,1
451.85,30,0,1,0,0,0,-300,1
451.63,30,0,1,0,0,0,-300,1
452.44,30,0,1,0,0,0,-300,1
453.71,30,0,1,0,0,0,-300,1
455.06,28,0,1,0,0,0,350,0
455.33,28,0,1,0,0,0,350,0
454.51,28,0,1,0,0,0,350,0
454.52,28,0,1,0,0,0,350,0
452.97,28,0,1,0,0,0,350,0
453.12,15,0,1,0,0,0,650,0
453.19,15,0,1,0,0,0,650,0
452.87,15,0,1,0,0,0,650,0
453.03,15,0,1,0,0,0,650,0
453.01,30,0,1,0,0,0,-400,1
453.01,30,0,1,0,0,0,-400,1
454.15,30,0,1,0,0,0,-400,1
454.66,30,0,1,0,0,0,-400,1
453.71,30,0,1,0,0,0,-400,1
453.49,30,0,1,0,0,0,-400,1
452.57,30,0,1,0,0,0,200,1
454.17,30,0,1,0,0,0,200,1
456.15,30,0,1,0,0,0,200,1
457.62,30,0,1,0,0,0,200,1
459.02,30,0,1,0,0,0,200,1
454.57,30,0,1,0,0,0,-300,1
455.08,30,0,1,0,0,0,-300,1
454.12,30,0,1,0,0,0,-300,1
453.90,30,0,1,0,0,0,-300,1
454.71,30,0,1,0,0,0,-300,1
455.98,30,0,1,0,0,0,-300,1
454.57,30,0,1,0,0,0,-300,1
455.08,30,0,1,0,0,0,-300,1
454.12,30,0,1,0,0,0,-300,1
453.90,30,0,1,0,0,0,-300,1
454.71,30,0,1,0,0,0,-300,1
455.98,30,0,1,0,0,0,-300,1
454.57,30,0,1,0,0,0,-300,1
455.08,30,0,1,0,0,0,-300,1
454.12,30,0,1,0,0,0,-300,1
453.90,30,0,1,0,0,0,-300,1
454.71,30,0,1,0,0,0,-300,1
455.98,30,0,1,0,0,0,-300,1
454.93,15,0,1,0,0,0,650,0
455.01,15,0,1,0,0,0,650,0
454.68,15,0,1,0,0,0,650,0
454.85,15,0,1,0,0,0,650,0
454.62,3,0,1,0,0,0,-200,0
454.40,3,0,1,0,0,0,-200,0
455.20,3,0,1,0,0,0,-200,0
456.47,3,0,1,0,0,0,-200,0
454.08,3,0,1,0,0,0,-200,0
455.51,3,0,1,0,0,0,-200,0
456.12,25,0,1,0,0,0,650,0
455.78,25,0,1,0,0,0,650,0
455.84,25,0,1,0,0,0,650,0
455.92,25,0,1,0,0,0,650,0
455.59,25,0,1,0,0,0,650,0
455.76,25,0,1,0,0,0,650,0
455.69,25,0,1,0,0,0,650,0
454.33,25,0,1,0,0,0,650,0
457.92,30,0,1,0,0,0,450,1
457.25,30,0,1,0,0,0,450,1
456.84,30,0,1,0,0,0,450,1
456.75,15,0,1,0,0,0,650,0
456.82,15,0,1,0,0,0,650,0
456.50,15,0,1,0,0,0,650,0
456.67,15,0,1,0,0,0,650,0
456.44,3,0,1,0,0,0,-200,0
456.22,3,0,1,0,0,0,-200,0
457.02,3,0,1,0,0,0,-200,0
458.29,3,0,1,0,0,0,-200,0
455.90,3,0,1,0,0,0,-200,0
457.33,3,0,1,0,0,0,-200,0
458.29,30,0,1,0,0,0,-150,1
455.90,30,0,1,0,0,0,-150,1
457.33,30,0,1,0,0,0,-150,1
453.71,30,0,1,0,0,0,-500,1
453.71,30,1,1,0,0,0,-500,1
453.73,30,0,1,0,0,0,-500,1
453.46,32,0,1,0,0,0,550,0
453.07,32,0,1,0,0,0,550,0
453.20,32,0,1,0,0,0,550,0
453.24,32,0,1,0,0,0,550,0
457.93,25,0,1,0,0,0,650,0
457.60,25,0,1,0,0,0,650,0
457.66,25,0,1,0,0,0,650,0
457.73,25,0,1,0,0,0,650,0
457.41,25,0,1,0,0,0,650,0
457.57,25,0,1,0,0,0,650,0
457.50,25,0,1,0,0,0,650,0
456.15,25,0,1,0,0,0,650,0
458.20,30,0,1,0,0,0,-300,1
458.71,30,0,1,0,0,0,-300,1
457.76,30,0,1,0,0,0,-300,1
457.54,30,0,1,0,0,0,-300,1
458.34,30,0,1,0,0,0,-300,1
459.61,30,0,1,0,0,0,-300,1
457.56,30,0,1,0,0,0,-400,1
457.56,30,0,1,0,0,0,-400,1
458.70,30,0,1,0,0,0,-400,1
459.22,30,0,1,0,0,0,-400,1
458.26,30,0,1,0,0,0,-400,1
458.04,30,0,1,0,0,0,-400,1
459.01,30,1,1,0,0,0,523,1
459.07,30,0,1,0,0,0,523,1
459.11,30,0,1,0,0,0,-300,1
459.62,30,0,1,0,0,0,-300,1
458.66,30,0,1,0,0,0,-300,1
458.44,30,0,1,0,0,0,-300,1
459.25,30,0,1,0,0,0,-300,1
460.52,30,0,1,0,0,0,-300,1
454.90,30,0,1,0,0,0,200,1
456.59,30,0,1,0,0,0,200,1
459.72,30,0,1,0,0,0,200,1
461.00,30,0,1,0,0,0,200,1
462.35,30,0,1,0,0,0,200,1
460.02,30,0,1,0,0,0,-300,1
460.53,30,0,1,0,0,0,-300,1
459.57,30,0,1,0,0,0,-300,1
459.35,30,0,1,0,0,0,-300,1
460.16,30,0,1,0,0,0,-300,1
461.43,30,0,1,0,0,0,-300,1
460.02,30,0,1,0,0,0,-300,1
460.53,30,0,1,0,0,0,-300,1
459.57,30,0,1,0,0,0,-300,1
459.35,30,0,1,0,0,0,-300,1
460.16,30,0,1,0,0,0,-300,1
461.43,30,0,1,0,0,0,-300,1
460.66,25,0,1,0,0,0,650,0
460.32,25,0,1,0,0,0,650,0
460.38,25,0,1,0,0,0,650,0
460.46,25,0,1,0,0,0,650,0
460.13,25,0,1,0,0,0,650,0
460.30,25,0,1,0,0,0,650,0
460.23,25,0,1,0,0,0,650,0
458.87,25,0,1,0,0,0,650,0
461.83,30,0,1,0,0,0,-300,1
462.35,30,0,1,0,0,0,-300,1
461.39,30,0,1,0,0,0,-300,1
461.17,30,0,1,0,0,0,-300,1
461.97,30,0,1,0,0,0,-300,1
463.24,30,0,1,0,0,0,-300,1
462.45,29,0,1,0,0,0,500,0
463.74,29,0,1,0,0,0,500,0
465.08,29,0,1,0,0,0,500,0
465.35,29,0,1,0,0,0,500,0
464.53,29,0,1,0,0,0,500,0
464.54,29,0,1,0,0,0,500,0
462.99,29,0,1,0,0,0,500,0
462.65,29,0,1,0,0,0,500,0
462.71,29,0,1,0,0,0,500,0
462.79,29,0,1,0,0,0,500,0
462.46,29,0,1,0,0,0,500,0
462.63,29,0,1,0,0,0,500,0
462.56,29,0,1,0,0,0,500,0
461.20,29,0,1,0,0,0,500,0
462.11,30,0,1,0,0,0,-350,1
462.11,30,0,1,0,0,0,-350,1
463.26,30,0,1,0,0,0,-350,1
463.77,30,0,1,0,0,0,-350,1
462.81,30,0,1,0,0,0,-350,1
462.59,30,0,1,0,0,0,-350,1
463.40,30,0,1,0,0,0,-350,1
464.67,30,0,1,0,0,0,-350,1
464.89,44,1,1,0,0,0,-463,0
464.91,44,0,1,0,0,0,-463,0
454.64,30,0,1,0,0,0,200,1
457.60,30,0,1,0,0,0,200,1
460.17,30,0,1,0,0,0,200,1
460.77,30,0,1,0,0,0,200,1
461.73,30,0,1,0,0,0,200,1
461.95,30,0,1,0,0,0,200,1
463.65,30,0,1,0,0,0,-300,1
464.16,30,0,1,0,0,0,-300,1
463.20,30,0,1,0,0,0,-300,1
462.99,30,0,1,0,0,0,-300,1
463.79,30,0,1,0,0,0,-300,1
465.06,30,0,1,0,0,0,-300,1
460.05,30,0,1,0,0,0,200,1
462.73,30,0,1,0,0,0,200,1
463.38,30,0,1,0,0,0,200,1
464.31,30,0,1,0,0,0,200,1
464.45,30,0,1,0,0,0,200,1
464.56,30,0,1,0,0,0,-300,1
465.07,30,0,1,0,0,0,-300,1
464.11,30,0,1,0,0,0,-300,1
463.89,30,0,1,0,0,0,-300,1
464.70,30,0,1,0,0,0,-300,1
465.97,30,0,1,0,0,0,-300,1
465.35,30,0,1,0,0,0,-250,1
465.62,30,0,1,0,0,0,-250,1
464.80,30,0,1,0,0,0,-250,1
464.71,30,0,1,0,0,0,-250,1
465.19,30,0,1,0,0,0,-250,1
466.44,30,0,1,0,0,0,-250,1
463.91,30,0,1,0,0,0,-250,1
465.45,30,0,1,0,0,0,-250,1
465.47,30,0,1,0,0,0,-300,1
465.98,30,0,1,0,0,0,-300,1
465.02,30,0,1,0,0,0,-300,1
464.80,30,0,1,0,0,0,-300,1
465.61,30,0,1,0,0,0,-300,1
466.88,30,0,1,0,0,0,-300,1
465.83,15,0,1,0,0,0,650,0
465.91,15,0,1,0,0,0,650,0
465.58,15,0,1,0,0,0,650,0
465.75,15,0,1,0,0,0,650,0
465.83,15,0,1,0,0,0,650,0
465.91,15,0,1,0,0,0,650,0
465.58,15,0,1,0,0,0,650,0
465.75,15,0,1,0,0,0,650,0
465.99,30,0,1,0,0,0,-300,1
466.50,30,0,1,0,0,0,-300,1
465.55,30,0,1,0,0,0,-300,1
465.33,30,0,1,0,0,0,-300,1
466.13,30,0,1,0,0,0,-300,1
466.36,30,0,1,0,0,0,671,1
466.43,30,0,1,0,0,0,671,1
466.11,30,0,1,0,0,0,671,1
466.27,30,0,1,0,0,0,671,1
466.20,30,0,1,0,0,0,671,1
471.00,30,0,1,0,0,0,-250,1
471.07,30,0,1,0,0,0,-250,1
469.84,30,0,1,0,0,0,-250,1
469.58,30,0,1,0,0,0,-250,1
470.03,30,0,1,0,0,0,-250,1
470.19,30,0,1,0,0,0,-250,1
467.11,30,0,1,0,0,0,-250,1
468.56,30,0,1,0,0,0,-250,1
461.32,30,0,1,0,0,0,200,1
463.00,30,0,1,0,0,0,200,1
465.78,30,0,1,0,0,0,200,1
466.71,30,0,1,0,0,0,200,1
467.77,30,0,1,0,0,0,200,1
467.54,30,0,1,0,0,0,738,1
467.21,30,0,1,0,0,0,738,1
467.27,30,0,1,0,0,0,738,1
467.34,30,0,1,0,0,0,738,1
467.02,30,0,1,0,0,0,738,1
467.18,30,0,1,0,0,0,738,1
467.11,30,0,1,0,0,0,738,1
465.76,30,0,1,0,0,0,738,1
465.76,30,0,1,0,0,0,738,1
465.76,30,0,1,0,0,0,738,1
465.76,30,0,1,0,0,0,738,1
465.76,30,0,1,0,0,0,738,1
468.19,30,0,1,0,0,0,-300,1
468.70,30,0,1,0,0,0,-300,1
467.75,30,0,1,0,0,0,-300,1
467.53,30,0,1,0,0,0,-300,1
468.33,30,0,1,0,0,0,-300,1
469.60,30,0,1,0,0,0,-300,1
469.10,30,0,1,0,0,0,-300,1
469.61,30,0,1,0,0,0,-300,1
468.65,30,0,1,0,0,0,-300,1
468.44,30,0,1,0,0,0,-300,1
469.24,30,0,1,0,0,0,-300,1
470.51,30,0,1,0,0,0,-300,1
470.37,15,0,1,0,0,0,650,0
470.45,15,0,1,0,0,0,650,0
470.12,15,0,1,0,0,0,650,0
470.29,15,0,1,0,0,0,650,0
472.19,30,1,1,0,0,0,-390,1
472.26,30,0,1,0,0,0,-390,1
473.64,30,0,1,0,0,0,-300,1
474.15,30,0,1,0,0,0,-300,1
473.20,30,0,1,0,0,0,-300,1
472.98,30,0,1,0,0,0,-300,1
473.78,30,0,1,0,0,0,-300,1
475.05,30,0,1,0,0,0,-300,1
476.21,30,0,1,0,0,0,113,1
473.45,30,0,1,0,0,0,113,1
475.60,30,0,1,0,0,0,113,1
477.54,30,0,1,0,0,0,113,1
478.77,30,0,1,0,0,0,113,1
481.31,30,1,1,0,0,0,-500,1
481.31,30,0,1,0,0,0,-500,1
477.27,30,1,1,0,0,0,-390,1
477.79,30,0,1,0,0,0,-390,1
478.63,30,0,1,0,0,0,-300,1
479.15,30,0,1,0,0,0,-300,1
478.19,30,0,1,0,0,0,-300,1
477.97,30,0,1,0,0,0,-300,1
478.78,30,0,1,0,0,0,-300,1
480.05,30,0,1,0,0,0,-300,1
481.81,30,0,1,0,0,0,-300,1
482.33,30,0,1,0,0,0,-300,1
481.37,30,0,1,0,0,0,-300,1
481.15,30,0,1,0,0,0,-300,1
481.96,30,0,1,0,0,0,-300,1
483.22,30,0,1,0,0,0,-300,1
481.81,30,0,1,0,0,0,-300,1
482.33,30,0,1,0,0,0,-300,1
481.37,30,0,1,0,0,0,-300,1
481.15,30,0,1,0,0,0,-300,1
481.96,30,0,1,0,0,0,-300,1
483.22,30,0,1,0,0,0,-300,1
482.38,30,0,1,0,0,0,-300,1
482.90,30,0,1,0,0,0,-300,1
481.94,30,0,1,0,0,0,-300,1
481.72,30,0,1,0,0,0,-300,1
482.53,30,0,1,0,0,0,-300,1
488.21,30,0,1,0,0,0,475,1
488.22,30,0,1,0,0,0,475,1
486.67,30,0,1,0,0,0,475,1
486.34,30,0,1,0,0,0,475,1
486.39,30,0,1,0,0,0,475,1
486.72,15,0,1,0,0,0,650,0
486.80,15,0,1,0,0,0,650,0
486.47,15,0,1,0,0,0,650,0
486.64,15,0,1,0,0,0,650,0
486.72,15,0,1,0,0,0,650,0
486.80,15,0,1,0,0,0,650,0
486.47,15,0,1,0,0,0,650,0
486.64,15,0,1,0,0,0,650,0
487.31,30,0,1,0,0,0,671,1
487.38,30,0,1,0,0,0,671,1
487.05,30,0,1,0,0,0,671,1
487.22,30,0,1,0,0,0,671,1
487.15,30,0,1,0,0,0,671,1
485.79,30,0,1,0,0,0,671,1
502.11,30,0,1,0,0,0,-250,1
502.15,30,0,1,0,0,0,-250,1
500.99,30,0,1,0,0,0,-250,1
500.78,30,0,1,0,0,0,-250,1
501.16,30,0,1,0,0,0,-250,1
501.42,30,0,1,0,0,0,-250,1
498.35,30,0,1,0,0,0,-250,1
499.84,30,0,1,0,0,0,-250,1
521.55,30,0,1,0,0,0,-300,1
522.06,30,0,1,0,0,0,-300,1
521.10,30,0,1,0,0,0,-300,1
520.88,30,0,1,0,0,0,-300,1
521.69,30,0,1,0,0,0,-300,1
522.96,30,0,1,0,0,0,-300,1
388.50,30,0,1,0,0,0,300,1
388.50,30,0,1,0,0,0,300,1
388.50,30,0,1,0,0,0,300,1
388.50,30,0,1,0,0,0,300,1
388.50,30,0,1,0,0,0,300,1
393.00,32,0,1,0,0,0,550,0
393.00,32,0,1,0,0,0,550,0
393.00,32,0,1,0,0,0,550,0
393.00,32,0,1,0,0,0,550,0
395.00,30,1,1,0,0,0,-310,1
397.00,30,0,1,0,0,0,200,1
397.00,30,0,1,0,0,0,200,1
397.00,30,0,1,0,0,0,200,1
397.00,30,0,1,0,0,0,200,1
397.00,30,0,1,0,0,0,200,1
402.50,30,0,1,0,0,0,-375,1
402.50,30,0,1,0,0,0,-375,1
402.50,30,0,1,0,0,0,-375,1
402.50,30,0,1,0,0,0,-375,1
402.50,30,0,1,0,0,0,-375,1
403.37,35,0,1,0,0,0,175,0
403.37,35,0,1,0,0,0,175,0
403.37,35,0,1,0,0,0,175,0
403.37,35,0,1,0,0,0,175,0
403.37,35,0,1,0,0,0,175,0
403.37,35,0,1,0,0,0,175,0
403.37,35,0,1,0,0,0,175,0
403.37,35,0,1,0,0,0,175,0
403.37,35,0,1,0,0,0,175,0
404.00,30,0,1,0,0,0,-100,1
404.00,30,0,1,0,0,0,-100,1
404.00,30,0,1,0,0,0,-100,1
404.00,30,0,1,0,0,0,-100,1
404.00,30,0,1,0,0,0,-100,1
404.37,30,0,1,0,0,0,-300,1
404.37,30,0,1,0,0,0,-300,1
404.37,30,0,1,0,0,0,-300,1
404.37,30,0,1,0,0,0,-300,1
404.37,30,0,1,0,0,0,-300,1
404.37,30,0,1,0,0,0,-300,1
406.00,30,0,1,0,0,0,800,1
406.00,30,0,1,0,0,0,800,1
406.00,30,0,1,0,0,0,800,1
406.00,30,0,1,0,0,0,800,1
406.00,30,0,1,0,0,0,800,1
406.00,30,0,1,0,0,0,800,1
406.00,30,0,1,0,0,0,800,1
406.00,30,0,1,0,0,0,800,1
406.00,30,0,1,0,0,0,800,1
406.00,30,0,1,0,0,0,800,1
407.00,30,0,1,0,0,0,200,1
407.00,30,0,1,0,0,0,200,1
407.00,30,0,1,0,0,0,200,1
407.00,30,0,1,0,0,0,200,1
407.00,30,0,1,0,0,0,200,1
407.00,30,0,1,0,0,0,200,1
408.00,30,0,1,0,0,0,-288,1
408.00,30,1,1,0,0,0,-288,1
409.00,30,0,1,0,0,0,113,1
409.00,30,0,1,0,0,0,113,1
409.00,30,0,1,0,0,0,113,1
409.00,30,0,1,0,0,0,113,1
410.00,3,0,1,0,0,0,250,0
410.00,3,0,1,0,0,0,250,0
410.00,3,0,1,0,0,0,250,0
410.00,3,0,1,0,0,0,250,0
411.00,30,1,1,0,0,0,-288,1
411.00,32,0,1,0,0,0,216,0
411.00,32,0,1,0,0,0,216,0
411.00,32,0,1,0,0,0,216,0
411.00,32,0,1,0,0,0,216,0
411.00,32,0,1,0,0,0,216,0
411.00,32,0,1,0,0,0,216,0
411.00,32,0,1,0,0,0,216,0
411.00,32,0,1,0,0,0,216,0
411.00,32,0,1,0,0,0,216,0
411.00,32,0,1,0,0,0,216,0
411.00,30,0,1,0,0,0,113,1
411.00,30,0,1,0,0,0,113,1
411.00,30,0,1,0,0,0,113,1
412.00,30,0,1,0,0,0,-400,1
412.00,30,0,1,0,0,0,-400,1
412.00,30,0,1,0,0,0,-400,1
412.00,30,0,1,0,0,0,-400,1
412.00,30,0,1,0,0,0,-400,1
412.00,30,0,1,0,0,0,-400,1
413.00,30,0,1,0,0,0,-400,1
413.00,30,0,1,0,0,0,-400,1
413.00,30,0,1,0,0,0,-400,1
413.00,30,0,1,0,0,0,-400,1
413.00,30,0,1,0,0,0,-400,1
413.00,30,0,1,0,0,0,-400,1
415.00,30,0,1,0,0,0,650,1
415.00,30,0,1,0,0,0,650,1
415.00,30,0,1,0,0,0,650,1
415.00,30,0,1,0,0,0,650,1
415.00,30,0,1,0,0,0,650,1
415.00,30,0,1,0,0,0,650,1
415.00,30,0,1,0,0,0,650,1
415.00,30,0,1,0,0,0,650,1
417.00,30,0,1,0,0,0,350,1
417.00,30,0,1,0,0,0,350,1
417.00,30,0,1,0,0,0,350,1
417.00,30,0,1,0,0,0,400,1
417.00,30,0,1,0,0,0,400,1
417.00,30,0,1,0,0,0,400,1
417.00,30,0,1,0,0,0,400,1
417.00,30,0,1,0,0,0,400,1
417.00,30,0,1,0,0,0,400,1
417.00,30,0,1,0,0,0,400,1
417.00,30,0,1,0,0,0,459,1
417.00,30,0,1,0,0,0,459,1
417.00,30,0,1,0,0,0,459,1
417.00,30,0,1,0,0,0,459,1
417.00,30,0,1,0,0,0,459,1
417.94,30,0,1,0,0,0,-300,1
417.94,30,0,1,0,0,0,-300,1
417.94,30,0,1,0,0,0,-300,1
417.94,30,0,1,0,0,0,-300,1
417.94,30,0,1,0,0,0,-300,1
417.94,30,0,1,0,0,0,-300,1
418.44,30,0,1,0,0,0,-300,1
418.44,30,0,1,0,0,0,-300,1
418.44,30,0,1,0,0,0,-300,1
418.44,30,0,1,0,0,0,-300,1
418.44,30,0,1,0,0,0,-300,1
418.44,30,0,1,0,0,0,-300,1
418.44,30,0,1,0,0,0,350,1
418.44,30,0,1,0,0,0,350,1
418.44,30,0,1,0,0,0,350,1
418.44,30,0,1,0,0,0,350,1
418.44,25,0,1,0,0,0,650,0
418.44,25,0,1,0,0,0,650,0
418.44,25,0,1,0,0,0,650,0
418.94,28,0,1,0,0,0,267,0
418.94,28,0,1,0,0,0,267,0
418.94,28,0,1,0,0,0,267,0
418.94,28,0,1,0,0,0,267,0
420.00,15,0,1,0,0,0,650,0
420.00,15,0,1,0,0,0,650,0
420.00,15,0,1,0,0,0,650,0
420.00,15,0,1,0,0,0,650,0
420.00,30,0,1,0,0,0,200,1
420.00,30,0,1,0,0,0,200,1
420.00,30,0,1,0,0,0,200,1
420.00,30,0,1,0,0,0,200,1
420.00,30,0,1,0,0,0,200,1
420.00,30,0,1,0,0,0,625,1
420.00,30,1,1,0,0,0,625,1
420.00,30,0,1,0,0,0,625,1
420.00,44,0,1,0,0,0,-292,0
420.00,44,1,1,0,0,0,-292,0
420.00,44,0,1,0,0,0,-292,0
420.00,32,0,1,0,0,0,550,0
420.00,32,0,1,0,0,0,550,0
420.00,32,0,1,0,0,0,550,0
420.00,32,0,1,0,0,0,550,0
421.50,32,0,1,0,0,0,550,0
421.50,32,0,1,0,0,0,550,0
421.50,32,0,1,0,0,0,550,0
421.50,32,0,1,0,0,0,550,0
421.50,15,0,1,0,0,0,-100,0
421.50,15,0,1,0,0,0,-100,0
421.50,15,0,1,0,0,0,-100,0
421.50,15,0,1,0,0,0,-100,0
421.50,15,0,1,0,0,0,-100,0
421.50,15,0,1,0,0,0,-100,0
422.50,30,0,1,0,0,0,450,1
422.50,30,0,1,0,0,0,450,1
422.50,30,0,1,0,0,0,450,1
423.00,30,0,1,0,0,0,-284,1
423.00,30,1,1,0,0,0,-284,1
423.00,30,0,1,0,0,0,-300,1
423.00,30,0,1,0,0,0,-300,1
423.00,30,0,1,0,0,0,-300,1
423.00,30,0,1,0,0,0,-300,1
423.00,30,0,1,0,0,0,-300,1
423.50,29,0,1,0,0,0,600,0
423.50,29,0,1,0,0,0,600,0
423.50,29,0,1,0,0,0,600,0
423.50,29,0,1,0,0,0,600,0
423.50,29,0,1,0,0,0,600,0
423.50,29,0,1,0,0,0,600,0
423.50,29,0,1,0,0,0,600,0
423.50,29,0,1,0,0,0,600,0
423.50,29,0,1,0,0,0,600,0
424.00,30,0,1,0,0,0,200,1
424.00,30,0,1,0,0,0,200,1
424.00,30,0,1,0,0,0,200,1
424.00,30,0,1,0,0,0,200,1
424.00,30,0,1,0,0,0,200,1
424.00,30,1,1,0,0,0,79,1
424.50,30,0,1,0,0,0,97,1
424.50,30,0,1,0,0,0,97,1
424.50,30,0,1,0,0,0,97,1
424.50,30,0,1,0,0,0,97,1
424.50,30,0,1,0,0,0,97,1
424.50,30,0,1,0,0,0,97,1
424.50,30,0,1,0,0,0,97,1
424.50,30,0,1,0,0,0,97,1
424.50,30,0,1,0,0,0,97,1
424.50,30,0,1,0,0,0,97,1
424.50,30,0,1,0,0,0,97,1
424.50,30,0,1,0,0,0,97,1
424.50,30,0,1,0,0,0,97,1
424.50,30,0,1,0,0,0,97,1
424.50,30,0,1,0,0,0,97,1
424.50,30,0,1,0,0,0,97,1
424.50,30,0,1,0,0,0,97,1
424.50,30,0,1,0,0,0,550,1
424.50,30,0,1,0,0,0,550,1
424.50,30,0,1,0,0,0,550,1
424.97,35,0,1,0,0,0,175,0
424.97,35,0,1,0,0,0,175,0
424.97,35,0,1,0,0,0,175,0
424.97,35,0,1,0,0,0,175,0
424.97,35,0,1,0,0,0,175,0
424.97,35,0,1,0,0,0,175,0
424.97,35,0,1,0,0,0,175,0
424.97,35,0,1,0,0,0,175,0
424.97,35,0,1,0,0,0,175,0
425.00,15,0,1,0,0,0,-100,0
425.00,15,0,1,0,0,0,-100,0
425.00,15,0,1,0,0,0,-100,0
425.00,15,0,1,0,0,0,-100,0
425.00,15,0,1,0,0,0,-100,0
425.00,15,0,1,0,0,0,-100,0
425.00,30,0,1,0,0,0,-417,1
425.00,30,0,1,0,0,0,-417,1
425.00,30,0,1,0,0,0,-417,1
425.00,30,0,1,0,0,0,-417,1
425.00,30,0,1,0,0,0,-417,1
425.00,30,0,1,0,0,0,-417,1
425.00,30,0,1,0,0,0,-417,1
425.00,30,0,1,0,0,0,-417,1
425.00,30,0,1,0,0,0,113,1
425.00,30,0,1,0,0,0,113,1
425.00,30,0,1,0,0,0,113,1
425.00,30,0,1,0,0,0,625,1
425.00,30,0,1,0,0,0,625,1
425.00,30,0,1,0,0,0,625,1
425.00,30,0,1,0,0,0,625,1
425.00,30,0,1,0,0,0,625,1
425.00,30,0,1,0,0,0,625,1
425.00,30,0,1,0,0,0,625,1
425.00,30,0,1,0,0,0,625,1
425.47,30,0,1,0,0,0,400,1
425.47,30,0,1,0,0,0,400,1
425.47,30,0,1,0,0,0,400,1
425.47,30,0,1,0,0,0,400,1
426.00,30,0,1,0,0,0,-300,1
426.00,30,0,1,0,0,0,-300,1
426.00,30,0,1,0,0,0,-300,1
426.00,30,0,1,0,0,0,-300,1
426.00,30,0,1,0,0,0,-300,1
426.00,30,0,1,0,0,0,-300,1
426.00,30,0,1,0,0,0,-300,1
426.00,30,0,1,0,0,0,-300,1
426.00,30,0,1,0,0,0,-300,1
426.00,30,0,1,0,0,0,-300,1
426.00,30,0,1,0,0,0,450,1
426.00,30,0,1,0,0,0,450,1
426.00,30,0,1,0,0,0,450,1
426.48,30,0,1,0,0,0,-300,1
426.48,30,0,1,0,0,0,-300,1
426.48,30,0,1,0,0,0,-300,1
426.48,30,0,1,0,0,0,-300,1
426.48,30,0,1,0,0,0,-300,1
426.48,30,0,1,0,0,0,-300,1
426.50,30,0,1,0,0,0,269,1
426.50,30,0,1,0,0,0,269,1
426.50,30,0,1,0,0,0,269,1
426.50,30,0,1,0,0,0,269,1
426.50,30,0,1,0,0,0,269,1
426.50,30,0,1,0,0,0,269,1
426.50,30,0,1,0,0,0,269,1
426.50,32,0,1,0,0,0,550,0
426.50,32,0,1,0,0,0,550,0
426.50,32,0,1,0,0,0,550,0
426.50,32,0,1,0,0,0,550,0
427.00,15,0,1,0,0,0,650,0
427.00,15,0,1,0,0,0,650,0
427.00,15,0,1,0,0,0,650,0
427.00,15,0,1,0,0,0,650,0
427.00,30,0,1,0,0,0,113,1
427.00,30,0,1,0,0,0,113,1
427.00,30,0,1,0,0,0,113,1
428.00,15,0,1,0,0,0,650,0
428.00,15,0,1,0,0,0,650,0
428.00,15,0,1,0,0,0,650,0
428.00,15,0,1,0,0,0,650,0
428.00,30,0,1,0,0,0,400,1
428.00,30,0,1,0,0,0,400,1
428.00,30,0,1,0,0,0,400,1
428.00,30,0,1,0,0,0,400,1
428.00,30,0,1,0,0,0,400,1
428.00,30,0,1,0,0,0,400,1
429.00,30,1,1,0,0,0,-293,1
429.00,30,0,1,0,0,0,-293,1
429.00,30,0,1,0,0,0,200,1
429.00,30,0,1,0,0,0,200,1
429.00,30,0,1,0,0,0,200,1
429.00,30,0,1,0,0,0,200,1
429.00,30,0,1,0,0,0,200,1
430.49,30,0,1,0,0,0,-300,1
430.49,30,0,1,0,0,0,-300,1
430.49,30,0,1,0,0,0,-300,1
430.49,30,0,1,0,0,0,-300,1
430.49,30,0,1,0,0,0,-300,1
430.49,30,0,1,0,0,0,-300,1
430.50,30,0,1,0,0,0,269,1
430.50,30,0,1,0,0,0,269,1
430.50,30,0,1,0,0,0,269,1
430.50,30,0,1,0,0,0,269,1
430.50,30,0,1,0,0,0,269,1
430.50,30,0,1,0,0,0,269,1
430.50,30,0,1,0,0,0,269,1
431.00,30,0,1,0,0,0,800,1
431.00,30,0,1,0,0,0,800,1
431.00,30,0,1,0,0,0,800,1
431.00,30,0,1,0,0,0,800,1
431.00,30,0,1,0,0,0,800,1
431.00,30,0,1,0,0,0,800,1
431.00,30,0,1,0,0,0,800,1
431.00,30,0,1,0,0,0,800,1
431.00,30,0,1,0,0,0,800,1
431.00,30,0,1,0,0,0,800,1
431.00,30,0,1,0,0,0,113,1
431.00,30,0,1,0,0,0,113,1
431.00,30,0,1,0,0,0,113,1
431.00,30,0,1,0,0,0,200,1
431.00,30,0,1,0,0,0,200,1
431.00,30,0,1,0,0,0,200,1
431.00,30,0,1,0,0,0,200,1
431.00,30,0,1,0,0,0,200,1
432.00,30,0,1,0,0,0,200,1
432.00,30,0,1,0,0,0,200,1
432.00,30,0,1,0,0,0,200,1
432.00,30,0,1,0,0,0,200,1
432.00,30,0,1,0,0,0,200,1
432.00,29,0,1,0,0,0,450,0
432.00,29,0,1,0,0,0,450,0
432.00,29,0,1,0,0,0,450,0
432.00,29,0,1,0,0,0,450,0
432.00,29,0,1,0,0,0,450,0
432.00,29,0,1,0,0,0,450,0
432.00,29,0,1,0,0,0,450,0
432.00,29,0,1,0,0,0,600,0
432.00,29,0,1,0,0,0,600,0
432.00,29,0,1,0,0,0,600,0
432.00,29,0,1,0,0,0,600,0
432.00,29,0,1,0,0,0,600,0
432.00,29,0,1,0,0,0,600,0
432.00,29,0,1,0,0,0,600,0
432.00,29,0,1,0,0,0,600,0
432.00,29,0,1,0,0,0,600,0
432.50,30,0,1,0,0,0,-300,1
432.50,30,0,1,0,0,0,-300,1
432.50,30,0,1,0,0,0,-300,1
432.50,30,0,1,0,0,0,-300,1
432.50,30,0,1,0,0,0,-300,1
432.50,30,0,1,0,0,0,-300,1
432.50,30,0,1,0,0,0,400,1
432.50,30,0,1,0,0,0,400,1
432.50,30,0,1,0,0,0,400,1
432.50,30,0,1,0,0,0,400,1
433.00,30,0,1,0,0,0,650,1
433.00,30,0,1,0,0,0,650,1
433.00,30,0,1,0,0,0,650,1
433.00,30,0,1,0,0,0,650,1
433.00,30,0,1,0,0,0,650,1
433.00,30,0,1,0,0,0,650,1
433.00,30,0,1,0,0,0,650,1
433.00,30,0,1,0,0,0,650,1
433.00,30,0,1,0,0,0,-300,1
433.00,30,0,1,0,0,0,-300,1
433.00,30,0,1,0,0,0,-300,1
433.00,30,0,1,0,0,0,-300,1
433.00,30,0,1,0,0,0,-300,1
433.00,32,0,1,0,0,0,550,0
433.00,32,0,1,0,0,0,550,0
433.00,32,0,1,0,0,0,550,0
433.00,32,0,1,0,0,0,550,0
433.00,30,0,1,0,0,0,-250,1
433.00,30,0,1,0,0,0,-250,1
433.00,30,0,1,0,0,0,-250,1
433.00,30,0,1,0,0,0,-250,1
433.00,30,0,1,0,0,0,-250,1
433.00,30,0,1,0,0,0,-250,1
433.00,30,0,1,0,0,0,-250,1
433.51,30,0,1,0,0,0,-300,1
433.51,30,0,1,0,0,0,-300,1
433.51,30,0,1,0,0,0,-300,1
433.51,30,0,1,0,0,0,-300,1
433.51,30,0,1,0,0,0,-300,1
433.51,30,0,1,0,0,0,-300,1
433.51,30,0,1,0,0,0,-300,1
433.51,30,0,1,0,0,0,-300,1
433.51,30,0,1,0,0,0,-300,1
433.51,30,0,1,0,0,0,-300,1
433.51,30,0,1,0,0,0,-300,1
433.51,30,0,1,0,0,0,-300,1
433.51,30,0,1,0,0,0,-417,1
433.51,30,0,1,0,0,0,-417,1
433.51,30,0,1,0,0,0,-417,1
433.51,30,0,1,0,0,0,-417,1
434.00,30,0,1,0,0,0,800,1
434.00,30,0,1,0,0,0,800,1
434.00,30,0,1,0,0,0,800,1
434.00,30,0,1,0,0,0,800,1
434.00,30,0,1,0,0,0,800,1
434.00,30,0,1,0,0,0,800,1
434.00,30,0,1,0,0,0,800,1
434.00,30,0,1,0,0,0,800,1
434.00,30,0,1,0,0,0,800,1
434.00,30,0,1,0,0,0,800,1
434.00,28,0,1,0,0,0,350,0
434.00,28,0,1,0,0,0,350,0
434.00,28,0,1,0,0,0,350,0
434.00,28,0,1,0,0,0,350,0
434.00,28,0,1,0,0,0,350,0
434.00,30,0,1,0,0,0,200,1
434.00,30,0,1,0,0,0,200,1
434.00,30,0,1,0,0,0,200,1
434.00,30,0,1,0,0,0,200,1
434.00,30,0,1,0,0,0,200,1
434.00,30,0,1,0,0,0,200,1
434.00,30,0,1,0,0,0,200,1
434.00,30,0,1,0,0,0,200,1
434.00,30,0,1,0,0,0,200,1
434.00,30,0,1,0,0,0,200,1
435.00,3,1,1,0,0,0,484,0
435.00,3,0,1,0,0,0,484,0
435.00,30,0,1,0,0,0,700,1
435.00,30,0,1,0,0,0,700,1
435.00,30,0,1,0,0,0,700,1
435.00,30,0,1,0,0,0,700,1
435.00,30,0,1,0,0,0,700,1
435.00,30,0,1,0,0,0,700,1
435.00,44,1,1,0,0,0,-463,0
435.00,44,0,1,0,0,0,-463,0
435.50,30,0,1,0,0,0,269,1
435.50,30,0,1,0,0,0,269,1
435.50,30,0,1,0,0,0,269,1
435.50,30,0,1,0,0,0,269,1
435.50,30,0,1,0,0,0,269,1
435.50,30,0,1,0,0,0,269,1
435.50,30,0,1,0,0,0,269,1
435.52,30,0,1,0,0,0,-300,1
435.52,30,0,1,0,0,0,-300,1
435.52,30,0,1,0,0,0,-300,1
435.52,30,0,1,0,0,0,-300,1
435.52,30,0,1,0,0,0,-300,1
435.52,30,0,1,0,0,0,-300,1
436.50,30,1,1,0,0,0,79,1
436.50,30,0,1,0,0,0,-350,1
436.50,30,0,1,0,0,0,-350,1
436.50,30,0,1,0,0,0,-350,1
436.50,30,0,1,0,0,0,-350,1
436.50,30,0,1,0,0,0,-350,1
436.50,30,0,1,0,0,0,-350,1
436.50,30,0,1,0,0,0,-350,1
436.50,30,0,1,0,0,0,-350,1
437.00,30,0,1,0,0,0,269,1
437.00,30,0,1,0,0,0,269,1
437.00,30,0,1,0,0,0,269,1
437.00,30,0,1,0,0,0,269,1
437.00,30,0,1,0,0,0,269,1
437.00,30,0,1,0,0,0,269,1
437.00,30,0,1,0,0,0,269,1
438.00,3,0,1,0,0,0,550,0
438.00,3,0,1,0,0,0,550,0
438.00,3,0,1,0,0,0,550,0
438.00,3,0,1,0,0,0,550,0
438.00,30,0,1,0,0,0,113,1
438.00,30,0,1,0,0,0,113,1
438.00,30,0,1,0,0,0,113,1
438.00,30,0,1,0,0,0,113,1
438.00,30,0,1,0,0,0,113,1
438.00,30,0,1,0,0,0,113,1
438.50,30,0,1,0,0,0,-300,1
438.50,30,0,1,0,0,0,-300,1
438.50,30,0,1,0,0,0,-300,1
438.50,30,0,1,0,0,0,-300,1
438.50,30,0,1,0,0,0,-300,1
438.53,30,0,1,0,0,0,-300,1
438.53,30,0,1,0,0,0,-300,1
438.53,30,0,1,0,0,0,-300,1
438.53,30,0,1,0,0,0,-300,1
438.53,30,0,1,0,0,0,-300,1
438.53,30,0,1,0,0,0,-300,1
438.53,30,0,1,0,0,0,-350,1
438.53,30,0,1,0,0,0,-350,1
438.53,30,0,1,0,0,0,-350,1
438.53,30,0,1,0,0,0,-350,1
439.00,32,0,1,0,0,0,550,0
439.00,32,0,1,0,0,0,550,0
439.00,32,0,1,0,0,0,550,0
439.00,32,0,1,0,0,0,550,0
439.00,30,0,1,0,0,0,200,1
439.00,30,0,1,0,0,0,200,1
439.00,30,0,1,0,0,0,200,1
439.00,30,0,1,0,0,0,200,1
439.00,30,0,1,0,0,0,200,1
439.00,30,0,1,0,0,0,200,1
440.00,44,0,1,0,0,0,-292,0
440.00,44,0,1,0,0,0,-292,0
440.00,44,0,1,0,0,0,-292,0
440.00,30,0,1,0,0,0,-300,1
440.00,30,0,1,0,0,0,-300,1
440.00,30,0,1,0,0,0,-300,1
440.00,30,0,1,0,0,0,-300,1
440.00,30,0,1,0,0,0,-300,1
440.00,30,0,1,0,0,0,113,1
440.00,30,0,1,0,0,0,113,1
440.00,30,0,1,0,0,0,113,1
440.50,30,0,1,0,0,0,300,1
440.50,30,0,1,0,0,0,300,1
440.50,30,0,1,0,0,0,300,1
440.50,30,0,1,0,0,0,300,1
440.50,30,0,1,0,0,0,300,1
440.54,30,0,1,0,0,0,400,1
440.54,30,0,1,0,0,0,400,1
440.54,30,0,1,0,0,0,400,1
440.54,30,0,1,0,0,0,400,1
440.54,30,1,1,0,0,0,322,1
441.00,30,0,1,0,0,0,-350,1
441.00,30,0,1,0,0,0,-350,1
441.00,30,0,1,0,0,0,-350,1
441.00,30,0,1,0,0,0,-350,1
441.00,30,0,1,0,0,0,-350,1
441.00,30,0,1,0,0,0,-350,1
441.00,30,0,1,0,0,0,-350,1
441.00,30,0,1,0,0,0,-350,1
441.00,28,0,1,0,0,0,350,0
441.00,28,0,1,0,0,0,350,0
441.00,28,0,1,0,0,0,350,0
441.00,28,0,1,0,0,0,350,0
441.00,28,0,1,0,0,0,350,0
441.00,30,0,1,0,0,0,434,1
441.00,30,0,1,0,0,0,434,1
441.00,30,0,1,0,0,0,434,1
441.00,30,0,1,0,0,0,434,1
441.00,30,0,1,0,0,0,200,1
441.00,30,0,1,0,0,0,200,1
441.00,30,0,1,0,0,0,200,1
441.00,30,0,1,0,0,0,200,1
441.00,30,0,1,0,0,0,200,1
441.55,30,0,1,0,0,0,400,1
441.55,30,0,1,0,0,0,400,1
441.55,30,0,1,0,0,0,400,1
441.55,30,0,1,0,0,0,400,1
441.55,30,0,1,0,0,0,-450,1
441.55,30,0,1,0,0,0,-450,1
441.55,30,0,1,0,0,0,-450,1
442.00,30,0,1,0,0,0,400,1
442.00,30,0,1,0,0,0,400,1
442.00,30,0,1,0,0,0,400,1
442.00,30,0,1,0,0,0,400,1
442.00,30,0,1,0,0,0,400,1
442.00,30,0,1,0,0,0,400,1
442.00,30,0,1,0,0,0,400,1
442.00,30,0,1,0,0,0,113,1
442.00,30,0,1,0,0,0,113,1
442.00,30,0,1,0,0,0,113,1
442.00,30,0,1,0,0,0,-500,1
442.00,30,0,1,0,0,0,-500,1
442.00,30,0,1,0,0,0,-500,1
442.50,32,0,1,0,0,0,550,0
442.50,32,0,1,0,0,0,550,0
442.50,32,0,1,0,0,0,550,0
442.50,32,0,1,0,0,0,550,0
442.50,32,0,1,0,0,0,550,0
442.50,32,0,1,0,0,0,550,0
442.50,32,0,1,0,0,0,550,0
442.50,32,0,1,0,0,0,550,0
442.50,30,0,1,0,0,0,600,1
442.50,30,0,1,0,0,0,600,1
442.50,30,0,1,0,0,0,600,1
442.50,30,0,1,0,0,0,600,1
442.50,30,0,1,0,0,0,600,1
443.00,30,0,1,0,0,0,-300,1
443.00,30,0,1,0,0,0,-300,1
443.00,30,0,1,0,0,0,-300,1
443.00,30,0,1,0,0,0,-300,1
443.00,30,0,1,0,0,0,-300,1
443.00,30,0,1,0,0,0,-300,1
443.00,30,0,1,0,0,0,200,1
443.00,30,0,1,0,0,0,200,1
443.00,30,0,1,0,0,0,200,1
443.00,30,0,1,0,0,0,200,1
443.00,30,0,1,0,0,0,200,1
443.00,30,0,1,0,0,0,200,1
443.00,30,0,1,0,0,0,200,1
443.00,30,0,1,0,0,0,200,1
443.00,30,0,1,0,0,0,200,1
443.00,30,0,1,0,0,0,200,1
443.00,30,0,1,0,0,0,200,1
443.00,30,0,1,0,0,0,113,1
443.00,30,0,1,0,0,0,113,1
443.00,30,0,1,0,0,0,113,1
443.81,15,0,1,0,0,0,261,0
443.81,15,0,1,0,0,0,261,0
443.81,15,0,1,0,0,0,261,0
444.00,30,0,1,0,0,0,113,1
444.00,30,0,1,0,0,0,113,1
444.00,30,0,1,0,0,0,113,1
444.00,30,0,1,0,0,0,113,1
444.00,30,0,1,0,0,0,113,1
444.00,30,0,1,0,0,0,400,1
444.00,30,0,1,0,0,0,400,1
444.00,30,0,1,0,0,0,400,1
444.00,30,0,1,0,0,0,400,1
444.00,30,0,1,0,0,0,400,1
444.00,30,0,1,0,0,0,400,1
444.00,30,0,1,0,0,0,400,1
444.00,30,0,1,0,0,0,200,1
444.00,30,0,1,0,0,0,200,1
444.00,30,0,1,0,0,0,200,1
444.00,30,0,1,0,0,0,200,1
444.00,30,0,1,0,0,0,200,1
445.00,3,0,1,0,0,0,-200,0
445.00,3,0,1,0,0,0,-200,0
445.00,3,0,1,0,0,0,-200,0
445.00,3,0,1,0,0,0,-200,0
445.00,3,0,1,0,0,0,-200,0
445.00,3,0,1,0,0,0,-200,0
445.00,3,1,1,0,0,0,517,0
445.00,3,0,1,0,0,0,517,0
445.50,30,1,1,0,0,0,-288,1
445.50,30,0,1,0,0,0,-288,1
445.50,32,0,1,0,0,0,550,0
445.50,32,0,1,0,0,0,550,0
445.50,32,0,1,0,0,0,550,0
445.50,32,0,1,0,0,0,550,0
445.57,30,0,1,0,0,0,350,1
445.57,30,0,1,0,0,0,350,1
445.57,30,0,1,0,0,0,350,1
445.57,30,0,1,0,0,0,350,1
446.00,30,0,1,0,0,0,-300,1
446.00,30,0,1,0,0,0,-300,1
446.00,30,0,1,0,0,0,-300,1
446.00,30,0,1,0,0,0,-300,1
446.00,30,0,1,0,0,0,-300,1
446.00,30,0,1,0,0,0,450,1
446.00,30,0,1,0,0,0,450,1
446.00,30,0,1,0,0,0,450,1
446.00,30,0,1,0,0,0,-500,1
446.00,30,1,1,0,0,0,-500,1
446.00,30,0,1,0,0,0,-500,1
447.50,3,0,1,0,0,0,450,0
447.50,3,1,1,0,0,0,450,0
448.00,3,0,1,0,0,0,-200,0
448.00,3,0,1,0,0,0,-200,0
448.00,3,0,1,0,0,0,-200,0
448.00,3,0,1,0,0,0,-200,0
448.00,3,0,1,0,0,0,-200,0
448.00,3,0,1,0,0,0,-200,0
448.00,30,0,1,0,0,0,-395,1
448.00,30,1,1,0,0,0,-395,1
448.00,6,0,1,0,0,0,600,0
448.00,6,0,1,0,0,0,600,0
448.00,6,0,1,0,0,0,600,0
448.58,30,0,1,0,0,0,-300,1
448.58,30,0,1,0,0,0,-300,1
448.58,30,0,1,0,0,0,-300,1
448.58,30,0,1,0,0,0,-300,1
448.58,30,0,1,0,0,0,-300,1
448.58,30,0,1,0,0,0,-300,1
449.00,3,0,1,0,0,0,250,0
449.00,3,0,1,0,0,0,250,0
449.00,3,0,1,0,0,0,250,0
449.08,30,0,1,0,0,0,-300,1
449.08,30,0,1,0,0,0,-300,1
449.08,30,0,1,0,0,0,-300,1
449.08,30,0,1,0,0,0,-300,1
449.08,30,0,1,0,0,0,-300,1
449.08,30,0,1,0,0,0,-300,1
450.00,29,0,1,0,0,0,450,0
450.00,29,0,1,0,0,0,450,0
450.00,29,0,1,0,0,0,450,0
450.00,29,0,1,0,0,0,450,0
450.00,29,0,1,0,0,0,450,0
450.00,29,0,1,0,0,0,450,0
450.00,29,0,1,0,0,0,450,0
450.00,15,0,1,0,0,0,650,0
450.00,15,0,1,0,0,0,650,0
450.00,15,0,1,0,0,0,650,0
450.00,15,0,1,0,0,0,650,0
450.00,15,0,1,0,0,0,650,0
450.00,15,0,1,0,0,0,650,0
450.00,15,0,1,0,0,0,650,0
450.00,15,0,1,0,0,0,650,0
450.00,3,0,1,0,0,0,484,0
450.00,3,1,1,0,0,0,484,0
450.00,3,1,1,0,0,0,458,0
450.00,3,0,1,0,0,0,458,0
450.00,30,0,1,0,0,0,450,1
450.00,30,1,1,0,0,0,450,1
450.00,30,0,1,0,0,0,450,1
450.59,30,0,1,0,0,0,-300,1
450.59,30,0,1,0,0,0,-300,1
450.59,30,0,1,0,0,0,-300,1
450.59,30,0,1,0,0,0,-300,1
450.59,30,0,1,0,0,0,-300,1
450.59,30,0,1,0,0,0,-300,1
451.60,30,0,1,0,0,0,-300,1
451.60,30,0,1,0,0,0,-300,1
451.60,30,0,1,0,0,0,-300,1
451.60,30,0,1,0,0,0,-300,1
451.60,30,0,1,0,0,0,-300,1
451.60,30,0,1,0,0,0,-300,1
451.60,30,0,1,0,0,0,-300,1
451.60,30,0,1,0,0,0,-300,1
451.60,30,0,1,0,0,0,-300,1
451.60,30,0,1,0,0,0,-300,1
451.60,30,0,1,0,0,0,-300,1
451.60,30,0,1,0,0,0,-300,1
451.60,28,0,1,0,0,0,267,0
451.60,28,0,1,0,0,0,267,0
451.60,28,0,1,0,0,0,267,0
451.60,28,0,1,0,0,0,267,0
451.60,28,0,1,0,0,0,267,0
452.00,30,0,1,0,0,0,-350,1
452.00,30,0,1,0,0,0,-350,1
452.00,30,0,1,0,0,0,-350,1
452.00,30,0,1,0,0,0,-350,1
452.00,30,0,1,0,0,0,-350,1
452.00,30,0,1,0,0,0,-350,1
452.00,30,0,1,0,0,0,-350,1
452.00,30,0,1,0,0,0,-350,1
452.00,30,0,1,0,0,0,650,1
452.00,30,0,1,0,0,0,650,1
452.00,30,0,1,0,0,0,650,1
452.00,30,0,1,0,0,0,650,1
452.00,30,0,1,0,0,0,650,1
452.00,30,0,1,0,0,0,650,1
452.00,30,0,1,0,0,0,650,1
452.00,30,0,1,0,0,0,650,1
452.00,30,0,1,0,0,0,200,1
452.00,30,0,1,0,0,0,200,1
452.00,30,0,1,0,0,0,200,1
452.00,30,0,1,0,0,0,200,1
452.00,30,0,1,0,0,0,200,1
452.00,30,0,1,0,0,0,450,1
452.00,30,0,1,0,0,0,450,1
452.00,30,0,1,0,0,0,450,1
452.00,30,0,1,0,0,0,200,1
452.00,30,0,1,0,0,0,200,1
452.00,30,0,1,0,0,0,200,1
452.00,30,0,1,0,0,0,200,1
452.00,30,0,1,0,0,0,200,1
452.60,30,0,1,0,0,0,-300,1
452.60,30,0,1,0,0,0,-300,1
452.60,30,0,1,0,0,0,-300,1
452.60,30,0,1,0,0,0,-300,1
452.60,30,0,1,0,0,0,-300,1
452.60,30,0,1,0,0,0,-300,1
452.60,29,0,1,0,0,0,400,0
452.60,29,0,1,0,0,0,400,0
452.60,29,0,1,0,0,0,400,0
452.60,29,0,1,0,0,0,400,0
452.60,29,0,1,0,0,0,400,0
452.60,29,0,1,0,0,0,400,0
453.00,30,0,1,0,0,0,-400,1
453.00,30,0,1,0,0,0,-400,1
453.00,30,0,1,0,0,0,-400,1
453.00,30,0,1,0,0,0,-400,1
453.00,30,0,1,0,0,0,-400,1
453.00,30,0,1,0,0,0,-400,1
453.00,30,0,1,0,0,0,-400,1
453.00,30,0,1,0,0,0,-400,1
453.00,30,0,1,0,0,0,-400,1
453.00,30,0,1,0,0,0,-400,1
453.00,15,0,1,0,0,0,650,0
453.00,15,0,1,0,0,0,650,0
453.00,15,0,1,0,0,0,650,0
453.00,15,0,1,0,0,0,650,0
453.00,30,0,1,0,0,0,113,1
453.00,30,0,1,0,0,0,113,1
453.00,30,0,1,0,0,0,113,1
453.00,29,0,1,0,0,0,450,0
453.00,29,0,1,0,0,0,450,0
453.00,29,0,1,0,0,0,450,0
453.00,29,0,1,0,0,0,450,0
453.00,29,0,1,0,0,0,450,0
453.00,29,0,1,0,0,0,450,0
453.00,29,0,1,0,0,0,450,0
453.00,15,0,1,0,0,0,-100,0
453.00,15,0,1,0,0,0,-100,0
453.00,15,0,1,0,0,0,-100,0
453.00,15,0,1,0,0,0,-100,0
453.00,15,0,1,0,0,0,-100,0
453.00,15,0,1,0,0,0,-100,0
453.00,30,1,1,0,0,0,-288,1
453.00,30,0,1,0,0,0,-288,1
453.00,29,0,1,0,0,0,450,0
453.00,29,0,1,0,0,0,450,0
453.00,29,0,1,0,0,0,450,0
453.00,29,0,1,0,0,0,450,0
453.00,29,0,1,0,0,0,450,0
453.00,29,0,1,0,0,0,450,0
453.00,29,0,1,0,0,0,450,0
453.00,29,0,1,0,0,0,450,0
453.00,30,0,1,0,0,0,-250,1
453.00,30,0,1,0,0,0,-250,1
453.00,30,0,1,0,0,0,-250,1
453.00,30,0,1,0,0,0,-250,1
453.00,30,0,1,0,0,0,-250,1
453.00,30,0,1,0,0,0,-250,1
453.00,30,0,1,0,0,0,-250,1
453.00,30,0,1,0,0,0,-250,1
453.60,30,0,1,0,0,0,-300,1
453.60,30,0,1,0,0,0,-300,1
453.60,30,0,1,0,0,0,-300,1
453.60,30,0,1,0,0,0,-300,1
453.60,30,0,1,0,0,0,-300,1
453.60,30,0,1,0,0,0,-300,1
453.60,30,0,1,0,0,0,-300,1
453.60,30,0,1,0,0,0,-300,1
453.60,30,0,1,0,0,0,-300,1
453.60,30,0,1,0,0,0,-300,1
453.60,30,0,1,0,0,0,-300,1
453.60,30,0,1,0,0,0,-300,1
453.60,30,0,1,0,0,0,-300,1
453.60,30,0,1,0,0,0,-300,1
453.60,30,0,1,0,0,0,-300,1
453.60,30,0,1,0,0,0,-300,1
453.60,30,0,1,0,0,0,-300,1
453.60,30,0,1,0,0,0,-300,1
454.00,30,0,1,0,0,0,650,1
454.00,30,0,1,0,0,0,650,1
454.00,30,0,1,0,0,0,650,1
454.00,30,0,1,0,0,0,650,1
454.00,30,0,1,0,0,0,650,1
454.00,30,0,1,0,0,0,650,1
454.00,30,0,1,0,0,0,650,1
454.00,30,0,1,0,0,0,650,1
454.00,32,0,1,0,0,0,550,0
454.00,32,0,1,0,0,0,550,0
454.00,32,0,1,0,0,0,550,0
454.00,32,0,1,0,0,0,550,0
454.00,15,0,1,0,0,0,650,0
454.00,15,0,1,0,0,0,650,0
454.00,15,0,1,0,0,0,650,0
454.00,15,0,1,0,0,0,650,0
454.00,30,0,1,0,0,0,-400,1
454.00,30,0,1,0,0,0,-400,1
454.00,30,0,1,0,0,0,-400,1
454.00,30,0,1,0,0,0,-400,1
454.00,30,0,1,0,0,0,-400,1
454.00,30,0,1,0,0,0,-400,1
454.00,30,0,1,0,0,0,-250,1
454.00,30,0,1,0,0,0,-250,1
454.00,30,0,1,0,0,0,-250,1
454.00,30,0,1,0,0,0,-250,1
454.00,30,0,1,0,0,0,-250,1
454.00,30,0,1,0,0,0,-250,1
454.00,30,0,1,0,0,0,-250,1
454.00,30,0,1,0,0,0,-250,1
454.11,30,0,1,0,0,0,-300,1
454.11,30,0,1,0,0,0,-300,1
454.11,30,0,1,0,0,0,-300,1
454.11,30,0,1,0,0,0,-300,1
454.11,30,0,1,0,0,0,-300,1
454.11,30,0,1,0,0,0,-300,1
454.61,30,0,1,0,0,0,600,1
454.61,30,0,1,0,0,0,600,1
454.61,30,0,1,0,0,0,600,1
454.61,30,0,1,0,0,0,600,1
454.61,30,0,1,0,0,0,600,1
455.00,30,0,1,0,0,0,650,1
455.00,30,0,1,0,0,0,650,1
455.00,30,0,1,0,0,0,650,1
455.00,30,0,1,0,0,0,650,1
455.00,30,0,1,0,0,0,650,1
455.00,30,0,1,0,0,0,650,1
455.00,30,0,1,0,0,0,650,1
455.00,30,0,1,0,0,0,650,1
455.00,30,0,1,0,0,0,-400,1
455.00,30,0,1,0,0,0,-400,1
455.00,30,0,1,0,0,0,-400,1
455.00,30,0,1,0,0,0,-400,1
455.00,30,0,1,0,0,0,-400,1
455.00,30,0,1,0,0,0,-400,1
455.00,30,0,1,0,0,0,-400,1
455.00,30,0,1,0,0,0,-400,1
455.00,30,0,1,0,0,0,-400,1
455.00,30,0,1,0,0,0,-400,1
455.00,30,0,1,0,0,0,-400,1
455.00,30,0,1,0,0,0,450,1
455.00,30,0,1,0,0,0,450,1
455.00,30,0,1,0,0,0,450,1
455.00,30,0,1,0,0,0,450,1
455.00,6,0,1,0,0,0,600,0
455.00,6,1,1,0,0,0,600,0
455.00,6,0,1,0,0,0,600,0
455.00,30,0,1,0,0,0,400,1
455.00,30,0,1,0,0,0,400,1
455.00,30,0,1,0,0,0,400,1
455.00,30,0,1,0,0,0,400,1
455.00,30,0,1,0,0,0,400,1
455.00,30,0,1,0,0,0,400,1
455.00,30,0,1,0,0,0,-400,1
455.00,30,0,1,0,0,0,-400,1
455.00,30,0,1,0,0,0,-400,1
455.00,30,0,1,0,0,0,-400,1
455.00,30,0,1,0,0,0,-400,1
455.00,30,0,1,0,0,0,-400,1
455.00,30,0,1,0,0,0,113,1
455.00,30,0,1,0,0,0,113,1
455.00,30,0,1,0,0,0,113,1
455.00,30,0,1,0,0,0,113,1
455.50,30,0,1,0,0,0,-600,1
455.50,30,0,1,0,0,0,-600,1
455.50,30,0,1,0,0,0,-600,1
455.50,30,0,1,0,0,0,-600,1
455.50,30,0,1,0,0,0,-600,1
455.50,30,0,1,0,0,0,-600,1
455.50,30,0,1,0,0,0,-600,1
455.50,30,0,1,0,0,0,-600,1
455.50,30,0,1,0,0,0,-600,1
455.50,30,0,1,0,0,0,-600,1
455.61,30,0,1,0,0,0,-300,1
455.61,30,0,1,0,0,0,-300,1
455.61,30,0,1,0,0,0,-300,1
455.61,30,0,1,0,0,0,-300,1
455.61,30,0,1,0,0,0,-300,1
455.61,30,0,1,0,0,0,-300,1
457.00,30,0,1,0,0,0,-375,1
457.00,30,0,1,0,0,0,-375,1
457.00,30,0,1,0,0,0,-375,1
457.00,30,0,1,0,0,0,-375,1
457.00,30,0,1,0,0,0,-375,1
457.00,30,0,1,0,0,0,-375,1
457.00,30,0,1,0,0,0,400,1
457.00,30,0,1,0,0,0,400,1
457.00,30,0,1,0,0,0,400,1
457.00,30,0,1,0,0,0,400,1
457.00,30,0,1,0,0,0,400,1
457.00,30,0,1,0,0,0,400,1
457.12,30,0,1,0,0,0,-300,1
457.12,30,0,1,0,0,0,-300,1
457.12,30,0,1,0,0,0,-300,1
457.12,30,0,1,0,0,0,-300,1
457.12,30,0,1,0,0,0,-300,1
457.12,30,0,1,0,0,0,-300,1
457.50,30,0,1,0,0,0,200,1
457.50,30,0,1,0,0,0,200,1
457.50,30,0,1,0,0,0,200,1
457.50,30,0,1,0,0,0,200,1
457.50,30,0,1,0,0,0,200,1
457.50,30,0,1,0,0,0,200,1
458.00,30,0,1,0,0,0,-400,1
458.00,30,0,1,0,0,0,-400,1
458.00,30,0,1,0,0,0,-400,1
458.00,30,0,1,0,0,0,-400,1
458.00,30,0,1,0,0,0,-400,1
458.00,30,0,1,0,0,0,-400,1
458.00,30,0,1,0,0,0,-400,1
458.00,30,0,1,0,0,0,-400,1
458.00,30,0,1,0,0,0,-400,1
458.00,30,0,1,0,0,0,-400,1
458.00,15,0,1,0,0,0,650,0
458.00,15,0,1,0,0,0,650,0
458.00,15,0,1,0,0,0,650,0
458.00,15,0,1,0,0,0,650,0
458.13,30,0,1,0,0,0,-300,1
458.13,30,0,1,0,0,0,-300,1
458.13,30,0,1,0,0,0,-300,1
458.13,30,0,1,0,0,0,-300,1
458.13,30,0,1,0,0,0,-300,1
458.13,30,0,1,0,0,0,-300,1
458.63,30,0,1,0,0,0,-350,1
458.63,30,0,1,0,0,0,-350,1
458.63,30,0,1,0,0,0,-350,1
458.63,30,0,1,0,0,0,-350,1
458.63,30,0,1,0,0,0,-350,1
458.63,30,0,1,0,0,0,-350,1
458.63,30,0,1,0,0,0,-350,1
458.63,30,0,1,0,0,0,-350,1
458.63,30,0,1,0,0,0,-300,1
458.63,30,0,1,0,0,0,-300,1
458.63,30,0,1,0,0,0,-300,1
458.63,30,0,1,0,0,0,-300,1
458.63,30,0,1,0,0,0,-300,1
458.63,30,0,1,0,0,0,-300,1
458.63,30,0,1,0,0,0,390,1
458.63,30,0,1,0,0,0,390,1
458.63,30,0,1,0,0,0,390,1
458.63,30,0,1,0,0,0,390,1
458.63,30,0,1,0,0,0,600,1
458.63,30,0,1,0,0,0,600,1
458.63,30,0,1,0,0,0,600,1
458.63,30,0,1,0,0,0,600,1
458.63,30,0,1,0,0,0,600,1
458.63,30,0,1,0,0,0,600,1
458.63,30,0,1,0,0,0,317,1
458.63,30,1,1,0,0,0,317,1
458.63,30,0,1,0,0,0,317,1
459.00,32,0,1,0,0,0,586,0
459.00,32,0,1,0,0,0,586,0
459.00,32,0,1,0,0,0,586,0
459.00,32,0,1,0,0,0,586,0
459.00,32,0,1,0,0,0,586,0
459.00,32,0,1,0,0,0,586,0
459.00,32,0,1,0,0,0,586,0
459.00,44,0,1,0,0,0,-292,0
459.00,44,1,1,0,0,0,-292,0
459.00,44,0,1,0,0,0,-292,0
459.00,30,0,1,0,0,0,200,1
459.00,30,0,1,0,0,0,200,1
459.00,30,0,1,0,0,0,200,1
459.00,30,0,1,0,0,0,200,1
459.00,30,0,1,0,0,0,200,1
459.00,30,0,1,0,0,0,200,1
460.00,30,0,1,0,0,0,800,1
460.00,30,0,1,0,0,0,800,1
460.00,30,0,1,0,0,0,800,1
460.00,30,0,1,0,0,0,800,1
460.00,30,0,1,0,0,0,800,1
460.00,30,0,1,0,0,0,800,1
460.00,30,0,1,0,0,0,800,1
460.00,30,0,1,0,0,0,800,1
460.00,30,0,1,0,0,0,800,1
460.00,30,0,1,0,0,0,800,1
460.00,15,0,1,0,0,0,650,0
460.00,15,0,1,0,0,0,650,0
460.00,15,0,1,0,0,0,650,0
460.00,15,0,1,0,0,0,650,0
460.00,15,0,1,0,0,0,650,0
460.00,15,0,1,0,0,0,650,0
460.00,15,0,1,0,0,0,650,0
460.00,15,0,1,0,0,0,650,0
460.00,29,0,1,0,0,0,500,0
460.00,29,0,1,0,0,0,500,0
460.00,29,0,1,0,0,0,500,0
460.00,29,0,1,0,0,0,500,0
460.00,29,0,1,0,0,0,500,0
460.00,32,0,1,0,0,0,550,0
460.00,32,0,1,0,0,0,550,0
460.00,32,0,1,0,0,0,550,0
460.00,32,0,1,0,0,0,550,0
460.00,30,0,1,0,0,0,200,1
460.00,30,0,1,0,0,0,200,1
460.00,30,0,1,0,0,0,200,1
460.00,30,0,1,0,0,0,200,1
460.00,30,0,1,0,0,0,200,1
460.00,30,0,1,0,0,0,113,1
460.00,30,0,1,0,0,0,113,1
460.00,30,0,1,0,0,0,113,1
460.00,30,0,1,0,0,0,113,1
460.14,25,0,1,0,0,0,217,0
460.14,25,0,1,0,0,0,217,0
460.14,25,0,1,0,0,0,217,0
460.14,25,0,1,0,0,0,217,0
460.14,25,0,1,0,0,0,217,0
460.14,25,0,1,0,0,0,217,0
460.14,25,0,1,0,0,0,217,0
460.14,25,0,1,0,0,0,217,0
460.14,25,0,1,0,0,0,217,0
460.14,25,0,1,0,0,0,217,0
460.14,25,0,1,0,0,0,217,0
460.14,25,0,1,0,0,0,217,0
460.14,25,0,1,0,0,0,217,0
460.64,30,0,1,0,0,0,-300,1
460.64,30,0,1,0,0,0,-300,1
460.64,30,0,1,0,0,0,-300,1
460.64,30,0,1,0,0,0,-300,1
460.64,30,0,1,0,0,0,-300,1
460.64,30,0,1,0,0,0,-300,1
461.00,30,0,1,0,0,0,800,1
461.00,30,0,1,0,0,0,800,1
461.00,30,0,1,0,0,0,800,1
461.00,30,0,1,0,0,0,800,1
461.00,30,0,1,0,0,0,800,1
461.00,30,0,1,0,0,0,800,1
461.00,30,0,1,0,0,0,800,1
461.00,30,0,1,0,0,0,800,1
461.00,30,0,1,0,0,0,800,1
461.00,30,0,1,0,0,0,800,1
461.50,30,1,1,0,0,0,-288,1
461.50,30,0,1,0,0,0,-288,1
461.50,30,0,1,0,0,0,400,1
461.50,30,0,1,0,0,0,400,1
461.50,30,0,1,0,0,0,400,1
461.50,30,0,1,0,0,0,400,1
461.50,30,0,1,0,0,0,400,1
461.64,30,0,1,0,0,0,-300,1
461.64,30,0,1,0,0,0,-300,1
461.64,30,0,1,0,0,0,-300,1
461.64,30,0,1,0,0,0,-300,1
461.64,30,0,1,0,0,0,-300,1
461.64,30,0,1,0,0,0,-300,1
462.00,30,0,1,0,0,0,800,1
462.00,30,0,1,0,0,0,800,1
462.00,30,0,1,0,0,0,800,1
462.00,30,0,1,0,0,0,800,1
462.00,30,0,1,0,0,0,800,1
462.00,30,0,1,0,0,0,800,1
462.00,30,0,1,0,0,0,800,1
462.00,30,0,1,0,0,0,800,1
462.00,30,0,1,0,0,0,800,1
462.00,30,0,1,0,0,0,800,1
462.00,30,0,1,0,0,0,200,1
462.00,30,0,1,0,0,0,200,1
462.00,30,0,1,0,0,0,200,1
462.00,30,0,1,0,0,0,200,1
462.00,30,0,1,0,0,0,200,1
462.50,30,0,1,0,0,0,-500,1
462.50,30,0,1,0,0,0,-500,1
462.50,30,0,1,0,0,0,-500,1
462.50,30,0,1,0,0,0,-500,1
462.50,30,0,1,0,0,0,-500,1
463.65,30,0,1,0,0,0,-300,1
463.65,30,0,1,0,0,0,-300,1
463.65,30,0,1,0,0,0,-300,1
463.65,30,0,1,0,0,0,-300,1
463.65,30,0,1,0,0,0,-300,1
463.65,30,0,1,0,0,0,-300,1
463.65,30,0,1,0,0,0,600,1
463.65,30,0,1,0,0,0,600,1
463.65,30,0,1,0,0,0,600,1
463.65,30,0,1,0,0,0,600,1
463.65,30,0,1,0,0,0,600,1
463.65,30,0,1,0,0,0,600,1
463.65,30,0,1,0,0,0,600,1
463.65,30,0,1,0,0,0,600,1
463.65,30,0,1,0,0,0,600,1
463.65,30,0,1,0,0,0,600,1
463.65,30,0,1,0,0,0,600,1
463.65,30,0,1,0,0,0,600,1
463.65,30,0,1,0,0,0,600,1
463.65,30,0,1,0,0,0,600,1
463.65,30,0,1,0,0,0,600,1
463.65,30,0,1,0,0,0,600,1
463.65,30,0,1,0,0,0,600,1
463.65,30,0,1,0,0,0,600,1
464.00,30,0,1,0,0,0,800,1
464.00,30,0,1,0,0,0,800,1
464.00,30,0,1,0,0,0,800,1
464.00,30,0,1,0,0,0,800,1
464.00,30,0,1,0,0,0,800,1
464.00,30,0,1,0,0,0,800,1
464.00,30,0,1,0,0,0,800,1
464.00,30,0,1,0,0,0,800,1
464.00,30,0,1,0,0,0,800,1
464.00,30,0,1,0,0,0,800,1
465.00,30,0,1,0,0,0,-400,1
465.00,30,0,1,0,0,0,-400,1
465.00,30,0,1,0,0,0,-400,1
465.00,30,0,1,0,0,0,-400,1
465.00,30,0,1,0,0,0,-400,1
465.00,30,0,1,0,0,0,-400,1
465.00,30,0,1,0,0,0,-400,1
465.00,30,0,1,0,0,0,-400,1
465.00,30,0,1,0,0,0,-400,1
465.00,30,0,1,0,0,0,-400,1
465.00,30,0,1,0,0,0,-500,1
465.00,30,1,1,0,0,0,-500,1
465.00,30,0,1,0,0,0,-500,1
466.00,30,0,1,0,0,0,350,1
466.00,30,0,1,0,0,0,350,1
466.00,30,0,1,0,0,0,350,1
466.00,30,0,1,0,0,0,350,1
466.00,30,0,1,0,0,0,350,1
466.00,30,0,1,0,0,0,350,1
466.00,30,0,1,0,0,0,350,1
467.00,30,0,1,0,0,0,-300,1
467.00,30,0,1,0,0,0,-300,1
467.00,30,0,1,0,0,0,-300,1
467.00,30,0,1,0,0,0,-300,1
467.00,30,0,1,0,0,0,-300,1
467.00,32,0,1,0,0,0,550,0
467.00,32,0,1,0,0,0,550,0
467.00,32,0,1,0,0,0,550,0
467.00,32,0,1,0,0,0,550,0
467.00,32,0,1,0,0,0,550,0
467.00,32,0,1,0,0,0,550,0
467.00,32,0,1,0,0,0,550,0
467.00,32,0,1,0,0,0,550,0
467.50,30,0,1,0,0,0,550,1
467.50,30,0,1,0,0,0,550,1
467.50,30,0,1,0,0,0,550,1
468.00,32,0,1,0,0,0,550,0
468.00,32,0,1,0,0,0,550,0
468.00,32,0,1,0,0,0,550,0
468.00,32,0,1,0,0,0,550,0
470.00,3,0,1,0,0,0,550,0
470.00,3,0,1,0,0,0,550,0
470.00,3,0,1,0,0,0,550,0
470.00,3,0,1,0,0,0,550,0
470.00,30,0,1,0,0,0,700,1
470.00,30,0,1,0,0,0,700,1
470.00,30,0,1,0,0,0,700,1
470.00,30,0,1,0,0,0,700,1
470.00,30,0,1,0,0,0,700,1
470.00,30,0,1,0,0,0,700,1
470.00,30,0,1,0,0,0,113,1
470.00,30,0,1,0,0,0,113,1
470.00,30,0,1,0,0,0,113,1
470.00,30,0,1,0,0,0,113,1
470.69,30,0,1,0,0,0,-300,1
470.69,30,0,1,0,0,0,-300,1
470.69,30,0,1,0,0,0,-300,1
470.69,30,0,1,0,0,0,-300,1
470.69,30,0,1,0,0,0,-300,1
470.69,30,0,1,0,0,0,-300,1
470.69,30,0,1,0,0,0,350,1
470.69,30,0,1,0,0,0,350,1
470.69,30,0,1,0,0,0,350,1
470.69,30,0,1,0,0,0,350,1
471.00,30,0,1,0,0,0,810,1
471.00,30,0,1,0,0,0,810,1
471.00,30,0,1,0,0,0,810,1
471.00,30,0,1,0,0,0,810,1
471.00,30,0,1,0,0,0,810,1
471.00,30,0,1,0,0,0,810,1
471.00,30,0,1,0,0,0,810,1
471.00,30,0,1,0,0,0,810,1
471.00,30,0,1,0,0,0,810,1
471.00,30,0,1,0,0,0,810,1
471.00,30,0,1,0,0,0,810,1
471.00,30,0,1,0,0,0,810,1
471.00,30,0,1,0,0,0,810,1
471.00,30,0,1,0,0,0,810,1
471.00,30,0,1,0,0,0,810,1
471.00,32,0,1,0,0,0,550,0
471.00,32,0,1,0,0,0,550,0
471.00,32,0,1,0,0,0,550,0
471.00,32,0,1,0,0,0,550,0
471.69,30,0,1,0,0,0,-300,1
471.69,30,0,1,0,0,0,-300,1
471.69,30,0,1,0,0,0,-300,1
471.69,30,0,1,0,0,0,-300,1
471.69,30,0,1,0,0,0,-300,1
471.69,30,0,1,0,0,0,-300,1
472.00,30,0,1,0,0,0,-400,1
472.00,30,0,1,0,0,0,-400,1
472.00,30,0,1,0,0,0,-400,1
472.00,30,0,1,0,0,0,-400,1
472.00,30,0,1,0,0,0,-400,1
472.50,30,1,1,0,0,0,-500,1
472.50,30,1,1,0,0,0,-500,1
472.70,30,0,1,0,0,0,450,1
472.70,30,0,1,0,0,0,450,1
472.70,30,0,1,0,0,0,450,1
472.70,30,0,1,0,0,0,450,1
473.00,30,0,1,0,0,0,738,1
473.00,30,0,1,0,0,0,738,1
473.00,30,0,1,0,0,0,738,1
473.00,30,0,1,0,0,0,738,1
473.00,30,0,1,0,0,0,738,1
473.00,30,0,1,0,0,0,738,1
473.00,30,0,1,0,0,0,738,1
473.00,30,0,1,0,0,0,738,1
473.00,30,0,1,0,0,0,738,1
473.00,30,0,1,0,0,0,738,1
473.00,30,0,1,0,0,0,738,1
473.00,30,0,1,0,0,0,738,1
473.50,30,0,1,0,0,0,450,1
473.50,30,0,1,0,0,0,450,1
473.50,30,0,1,0,0,0,450,1
473.50,30,0,1,0,0,0,450,1
473.70,30,0,1,0,0,0,-467,1
473.70,30,0,1,0,0,0,-467,1
473.70,30,0,1,0,0,0,-467,1
474.00,30,0,1,0,0,0,-450,1
474.00,30,1,1,0,0,0,-450,1
474.00,30,0,1,0,0,0,350,1
474.00,30,0,1,0,0,0,350,1
474.00,30,0,1,0,0,0,350,1
475.71,30,0,1,0,0,0,-300,1
475.71,30,0,1,0,0,0,-300,1
475.71,30,0,1,0,0,0,-300,1
475.71,30,0,1,0,0,0,-300,1
475.71,30,0,1,0,0,0,-300,1
475.71,30,0,1,0,0,0,-300,1
476.72,25,0,1,0,0,0,700,0
476.72,25,0,1,0,0,0,700,0
476.72,25,0,1,0,0,0,700,0
476.72,25,0,1,0,0,0,700,0
476.72,25,0,1,0,0,0,700,0
478.00,30,0,1,0,0,0,-350,1
478.00,30,0,1,0,0,0,-350,1
478.00,30,0,1,0,0,0,-350,1
478.00,30,0,1,0,0,0,-350,1
478.00,30,0,1,0,0,0,-350,1
478.00,30,0,1,0,0,0,-350,1
478.00,30,0,1,0,0,0,-350,1
478.00,30,0,1,0,0,0,-350,1
478.72,30,0,1,0,0,0,-300,1
478.72,30,0,1,0,0,0,-300,1
478.72,30,0,1,0,0,0,-300,1
478.72,30,0,1,0,0,0,-300,1
478.72,30,0,1,0,0,0,-300,1
478.72,30,0,1,0,0,0,-300,1
479.00,30,0,1,0,0,0,650,1
479.00,30,0,1,0,0,0,650,1
479.00,30,0,1,0,0,0,650,1
479.00,30,0,1,0,0,0,650,1
479.00,30,0,1,0,0,0,650,1
479.00,30,0,1,0,0,0,650,1
479.00,30,0,1,0,0,0,650,1
479.00,30,0,1,0,0,0,650,1
479.00,30,0,1,0,0,0,-500,1
479.00,30,1,1,0,0,0,-500,1
480.00,3,1,1,0,0,0,484,0
480.00,3,0,1,0,0,0,484,0
480.00,30,0,1,0,0,0,380,1
480.00,30,0,1,0,0,0,380,1
480.00,30,0,1,0,0,0,380,1
480.00,30,0,1,0,0,0,380,1
480.00,30,0,1,0,0,0,380,1
480.00,30,1,1,0,0,0,-500,1
480.00,30,0,1,0,0,0,-500,1
482.00,30,0,1,0,0,0,450,1
482.00,30,0,1,0,0,0,450,1
482.00,30,0,1,0,0,0,450,1
482.00,30,0,1,0,0,0,450,1
483.00,32,0,1,0,0,0,550,0
483.00,32,0,1,0,0,0,550,0
483.00,32,0,1,0,0,0,550,0
483.00,32,0,1,0,0,0,550,0
483.00,30,0,1,0,0,0,-300,1
483.00,30,0,1,0,0,0,-300,1
483.00,30,0,1,0,0,0,-300,1
483.00,30,0,1,0,0,0,-300,1
483.00,30,0,1,0,0,0,-300,1
483.00,30,0,1,0,0,0,-500,1
483.00,30,1,1,0,0,0,-500,1
483.00,30,0,1,0,0,0,-500,1
483.25,29,0,1,0,0,0,400,0
483.25,29,0,1,0,0,0,400,0
483.25,29,0,1,0,0,0,400,0
483.25,29,0,1,0,0,0,400,0
483.25,29,0,1,0,0,0,400,0
483.25,29,0,1,0,0,0,400,0
483.75,30,0,1,0,0,0,-300,1
483.75,30,0,1,0,0,0,-300,1
483.75,30,0,1,0,0,0,-300,1
483.75,30,0,1,0,0,0,-300,1
483.75,30,0,1,0,0,0,-300,1
483.75,30,0,1,0,0,0,-300,1
483.75,30,0,1,0,0,0,-300,1
483.75,30,0,1,0,0,0,-300,1
483.75,30,0,1,0,0,0,-300,1
483.75,30,0,1,0,0,0,-300,1
483.75,30,0,1,0,0,0,-300,1
483.75,30,0,1,0,0,0,-300,1
483.75,30,0,1,0,0,0,317,1
483.75,30,0,1,0,0,0,317,1
483.75,30,0,1,0,0,0,317,1
483.75,30,0,1,0,0,0,317,1
483.75,30,0,1,0,0,0,317,1
483.75,30,0,1,0,0,0,317,1
484.00,29,0,1,0,0,0,450,0
484.00,29,0,1,0,0,0,450,0
484.00,29,0,1,0,0,0,450,0
484.00,29,0,1,0,0,0,450,0
484.00,29,0,1,0,0,0,450,0
484.00,29,0,1,0,0,0,450,0
484.00,29,0,1,0,0,0,450,0
484.75,30,0,1,0,0,0,600,1
484.75,30,0,1,0,0,0,600,1
484.75,30,0,1,0,0,0,600,1
484.75,30,0,1,0,0,0,600,1
484.75,30,0,1,0,0,0,600,1
484.75,30,0,1,0,0,0,600,1
484.75,30,0,1,0,0,0,600,1
484.75,30,0,1,0,0,0,600,1
484.75,30,0,1,0,0,0,600,1
485.76,30,0,1,0,0,0,300,1
485.76,30,0,1,0,0,0,300,1
485.76,30,0,1,0,0,0,300,1
485.76,30,0,1,0,0,0,300,1
485.76,30,0,1,0,0,0,300,1
485.76,30,0,1,0,0,0,300,1
486.00,30,0,1,0,0,0,650,1
486.00,30,0,1,0,0,0,650,1
486.00,30,0,1,0,0,0,650,1
486.00,30,0,1,0,0,0,650,1
486.00,30,0,1,0,0,0,650,1
486.00,30,0,1,0,0,0,650,1
486.00,30,0,1,0,0,0,650,1
486.00,30,0,1,0,0,0,650,1
487.00,25,0,1,0,0,0,700,0
487.00,25,0,1,0,0,0,700,0
487.00,25,0,1,0,0,0,700,0
488.77,30,0,1,0,0,0,-300,1
488.77,30,0,1,0,0,0,-300,1
488.77,30,0,1,0,0,0,-300,1
488.77,30,0,1,0,0,0,-300,1
488.77,30,0,1,0,0,0,-300,1
488.77,30,0,1,0,0,0,-300,1
488.77,30,0,1,0,0,0,600,1
488.77,30,0,1,0,0,0,600,1
488.77,30,0,1,0,0,0,600,1
488.77,30,0,1,0,0,0,600,1
488.77,30,0,1,0,0,0,600,1
488.77,30,0,1,0,0,0,600,1
488.77,30,0,1,0,0,0,600,1
488.77,30,0,1,0,0,0,600,1
488.77,30,0,1,0,0,0,600,1
488.77,30,0,1,0,0,0,600,1
490.00,30,0,1,0,0,0,-250,1
490.00,30,0,1,0,0,0,-250,1
490.00,30,0,1,0,0,0,-250,1
490.00,30,0,1,0,0,0,-250,1
490.00,30,0,1,0,0,0,-250,1
490.00,15,0,1,0,0,0,650,0
490.00,15,0,1,0,0,0,650,0
490.00,15,0,1,0,0,0,650,0
490.00,15,0,1,0,0,0,650,0
490.00,15,0,1,0,0,0,650,0
490.00,15,0,1,0,0,0,650,0
490.00,15,0,1,0,0,0,650,0
490.00,15,0,1,0,0,0,650,0
490.00,30,0,1,0,0,0,-250,1
490.00,30,0,1,0,0,0,-250,1
490.00,30,0,1,0,0,0,-250,1
490.00,30,0,1,0,0,0,-250,1
490.00,30,0,1,0,0,0,-250,1
490.00,30,0,1,0,0,0,-250,1
490.00,30,0,1,0,0,0,-250,1
491.00,30,0,1,0,0,0,-250,1
491.00,30,0,1,0,0,0,-250,1
491.00,30,0,1,0,0,0,-250,1
491.00,30,0,1,0,0,0,-250,1
491.00,30,0,1,0,0,0,-250,1
491.00,30,0,1,0,0,0,-250,1
491.00,30,0,1,0,0,0,-250,1
491.00,30,0,1,0,0,0,-250,1
491.00,30,0,1,0,0,0,-250,1
491.00,30,0,1,0,0,0,-250,1
491.00,30,0,1,0,0,0,-250,1
491.00,30,0,1,0,0,0,-250,1
491.00,30,0,1,0,0,0,-250,1
491.00,30,0,1,0,0,0,-250,1
494.00,28,0,1,0,0,0,350,0
494.00,28,0,1,0,0,0,350,0
494.00,28,0,1,0,0,0,350,0
494.00,28,0,1,0,0,0,350,0
494.00,28,0,1,0,0,0,350,0
494.50,32,0,1,0,0,0,550,0
494.50,32,0,1,0,0,0,550,0
494.50,32,0,1,0,0,0,550,0
494.50,32,0,1,0,0,0,550,0
496.81,30,0,1,0,0,0,-300,1
496.81,30,0,1,0,0,0,-300,1
496.81,30,0,1,0,0,0,-300,1
496.81,30,0,1,0,0,0,-300,1
496.81,30,0,1,0,0,0,-300,1
496.81,30,0,1,0,0,0,-300,1
497.00,30,0,1,0,0,0,-600,1
497.00,30,0,1,0,0,0,-600,1
497.00,30,0,1,0,0,0,-600,1
497.00,30,0,1,0,0,0,-600,1
497.00,30,0,1,0,0,0,-600,1
497.00,30,0,1,0,0,0,-600,1
497.00,30,0,1,0,0,0,-600,1
497.00,30,0,1,0,0,0,-600,1
497.00,30,0,1,0,0,0,-600,1
497.82,30,0,1,0,0,0,-300,1
497.82,30,0,1,0,0,0,-300,1
497.82,30,0,1,0,0,0,-300,1
497.82,30,0,1,0,0,0,-300,1
497.82,30,0,1,0,0,0,-300,1
497.82,30,0,1,0,0,0,-300,1
497.82,30,0,1,0,0,0,-300,1
497.82,30,0,1,0,0,0,-300,1
497.82,30,0,1,0,0,0,-300,1
497.82,30,0,1,0,0,0,-300,1
497.82,30,0,1,0,0,0,-300,1
497.82,30,0,1,0,0,0,-300,1
498.82,30,0,1,0,0,0,-300,1
498.82,30,0,1,0,0,0,-300,1
498.82,30,0,1,0,0,0,-300,1
498.82,30,0,1,0,0,0,-300,1
498.82,30,0,1,0,0,0,-300,1
498.82,30,0,1,0,0,0,-300,1
500.50,30,0,1,0,0,0,738,1
500.50,30,0,1,0,0,0,738,1
500.50,30,0,1,0,0,0,738,1
500.50,30,0,1,0,0,0,738,1
500.50,30,0,1,0,0,0,738,1
500.50,30,0,1,0,0,0,738,1
500.50,30,0,1,0,0,0,738,1
500.50,30,0,1,0,0,0,738,1
500.50,30,0,1,0,0,0,738,1
500.50,30,0,1,0,0,0,738,1
500.50,30,0,1,0,0,0,738,1
500.50,30,0,1,0,0,0,738,1
501.00,30,0,1,0,0,0,-400,1
501.00,30,0,1,0,0,0,-400,1
501.00,30,0,1,0,0,0,-400,1
501.00,30,0,1,0,0,0,-400,1
501.00,30,0,1,0,0,0,-400,1
502.00,30,0,1,0,0,0,-400,1
502.00,30,0,1,0,0,0,-400,1
502.00,30,0,1,0,0,0,-400,1
502.00,30,0,1,0,0,0,-400,1
502.00,30,0,1,0,0,0,-400,1
502.00,30,0,1,0,0,0,-400,1
505.00,6,0,1,0,0,0,650,0
505.00,6,0,1,0,0,0,650,0
505.00,6,0,1,0,0,0,650,0
511.00,6,0,1,0,0,0,529,0
511.00,6,1,1,0,0,0,529,0
513.89,30,0,1,0,0,0,-300,1
513.89,30,0,1,0,0,0,-300,1
513.89,30,0,1,0,0,0,-300,1
513.89,30,0,1,0,0,0,-300,1
513.89,30,0,1,0,0,0,-300,1
513.89,30,0,1,0,0,0,-300,1
435.29,3,0,1,0,0,0,-200,0
435.52,3,1,1,0,0,0,-200,0
435.71,3,1,1,0,0,0,-200,0
436.83,3,1,1,0,0,0,-200,0
433.92,3,1,1,0,0,0,-200,0
435.01,3,1,1,0,0,0,-200,0
447.07,30,1,1,0,0,0,671,1
447.20,30,1,1,0,0,0,671,1
446.52,30,1,1,0,0,0,671,1
446.37,30,1,1,0,0,0,671,1
446.37,30,1,1,0,0,0,671,1
446.88,30,0,1,0,0,0,671,1
446.37,30,0,1,0,0,0,400,1
446.42,30,0,1,0,0,0,400,1
447.02,30,0,1,0,0,0,400,1
447.08,30,0,1,0,0,0,400,1
447.76,30,0,1,0,0,0,400,1
447.69,30,0,1,0,0,0,400,1
447.76,30,0,1,0,0,0,400,1
450.30,30,0,1,0,0,0,-400,1
450.30,30,0,1,0,0,0,-400,1
450.30,30,0,1,0,0,0,-400,1
450.30,30,0,1,0,0,0,-400,1
450.30,30,0,1,0,0,0,-400,1
452.30,30,0,1,0,0,0,-400,1
451.42,30,0,1,0,0,0,-400,1
451.33,30,0,1,0,0,0,-400,1
451.95,30,0,1,0,0,0,-400,1
452.02,30,0,1,0,0,0,-400,1
464.56,30,0,1,0,0,0,400,1
464.86,30,0,1,0,0,0,400,1
464.05,30,0,1,0,0,0,400,1
464.04,30,0,1,0,0,0,400,1
462.54,30,0,1,0,0,0,400,1
462.26,30,0,1,0,0,0,400,1
467.25,30,0,1,0,0,0,400,1
467.54,30,0,1,0,0,0,400,1
466.74,30,0,1,0,0,0,400,1
466.73,30,0,1,0,0,0,400,1
465.22,30,0,1,0,0,0,400,1
464.94,30,0,1,0,0,0,400,1
366.69,6,0,1,0,0,0,600,0
366.69,6,0,1,0,0,0,600,0
366.69,6,0,1,0,0,0,600,0
366.69,6,0,1,0,0,0,600,0
366.69,6,0,1,0,0,0,600,0
366.69,6,0,1,0,0,0,600,0
407.69,6,0,1,0,0,0,700,0
407.69,6,1,1,0,0,0,700,0
407.69,6,1,1,0,0,0,700,0
407.69,6,1,1,0,0,0,700,0
407.69,6,1,1,0,0,0,700,0
407.69,6,1,1,0,0,0,700,0
416.83,6,1,1,0,0,0,400,0
416.83,6,3,1,0,0,0,400,0
416.83,6,3,1,0,0,0,400,0
416.83,6,3,1,0,0,0,400,0
416.83,6,3,1,0,0,0,400,0
416.83,6,2,1,0,0,0,400,0
418.34,6,0,1,0,0,0,250,0
418.34,6,1,1,0,0,0,250,0
418.34,6,1,1,0,0,0,250,0
418.34,6,1,1,0,0,0,250,0
418.34,6,1,1,0,0,0,250,0
418.34,6,1,1,0,0,0,250,0
418.34,6,1,1,0,0,0,250,0
418.34,6,0,1,0,0,0,250,0
431.40,30,0,1,0,0,0,-300,1
431.40,30,0,1,0,0,0,-300,1
431.40,30,0,1,0,0,0,-300,1
431.40,30,0,1,0,0,0,-300,1
431.40,30,0,1,0,0,0,-300,1
431.40,30,0,1,0,0,0,-300,1
431.40,30,0,1,0,0,0,-300,1
431.40,30,0,1,0,0,0,-300,1
431.40,30,0,1,0,0,0,-300,1
431.40,30,0,1,0,0,0,-300,1
433.40,30,0,1,0,0,0,100,1
433.40,30,1,1,0,0,0,100,1
433.40,30,1,1,0,0,0,100,1
433.40,30,1,1,0,0,0,100,1
433.40,30,1,1,0,0,0,100,1
433.40,30,0,1,0,0,0,100,1
436.80,30,0,1,0,0,0,-550,1
436.80,30,0,1,0,0,0,-550,1
436.80,30,0,1,0,0,0,-550,1
436.80,30,0,1,0,0,0,-550,1
436.80,30,0,1,0,0,0,-550,1
436.80,30,0,1,0,0,0,-550,1
436.80,30,0,1,0,0,0,-550,1
436.80,30,0,1,0,0,0,-550,1
436.80,30,0,1,0,0,0,-550,1
436.80,30,0,1,0,0,0,-550,1
436.80,30,0,1,0,0,0,-550,1
436.80,30,0,1,0,0,0,-550,1
436.80,30,0,1,0,0,0,-550,1
436.80,30,0,1,0,0,0,-550,1
436.80,30,0,1,0,0,0,-550,1
436.80,30,0,1,0,0,0,-550,1
437.69,30,0,1,0,0,0,-450,1
437.69,30,1,1,0,0,0,-450,1
437.69,30,1,1,0,0,0,-450,1
437.69,30,1,1,0,0,0,-450,1
437.69,30,1,1,0,0,0,-450,1
437.69,30,1,1,0,0,0,-450,1
437.69,30,1,1,0,0,0,-450,1
437.69,30,1,1,0,0,0,-450,1
437.90,30,1,1,0,0,0,350,1
437.90,30,5,1,0,0,0,350,1
437.90,30,5,1,0,0,0,350,1
437.90,30,3,1,0,0,0,350,1
439.10,30,1,1,0,0,0,350,1
439.10,30,5,1,0,0,0,350,1
439.10,30,5,1,0,0,0,350,1
439.10,30,3,1,0,0,0,350,1
440.60,30,1,1,0,0,0,-317,1
440.60,30,2,1,0,0,0,-317,1
440.60,30,2,1,0,0,0,-317,1
440.60,30,2,1,0,0,0,-317,1
440.60,30,2,1,0,0,0,-317,1
440.60,30,1,1,0,0,0,-317,1
441.40,30,1,1,0,0,0,100,1
441.40,30,1,1,0,0,0,100,1
441.40,30,1,1,0,0,0,100,1
441.40,30,1,1,0,0,0,100,1
441.40,30,1,1,0,0,0,100,1
441.40,30,1,1,0,0,0,100,1
441.40,30,1,1,0,0,0,100,1
441.40,30,1,1,0,0,0,100,1
441.40,30,1,1,0,0,0,100,1
441.40,30,1,1,0,0,0,100,1
441.40,30,0,1,0,0,0,100,1
441.55,30,0,1,0,0,0,-450,1
441.55,30,2,1,0,0,0,-450,1
441.55,30,2,1,0,0,0,-450,1
441.55,30,2,1,0,0,0,-450,1
441.55,30,2,1,0,0,0,-450,1
441.55,30,2,1,0,0,0,-450,1
441.55,30,2,1,0,0,0,-450,1
441.55,30,1,1,0,0,0,-450,1
442.04,29,1,1,0,0,0,350,0
442.04,29,4,1,0,0,0,350,0
442.04,29,4,1,0,0,0,350,0
442.04,29,4,1,0,0,0,350,0
442.04,29,4,1,0,0,0,350,0
442.04,29,4,1,0,0,0,350,0
442.04,29,4,1,0,0,0,350,0
442.04,29,3,1,0,0,0,350,0
442.57,29,1,1,0,0,0,738,0
442.57,29,1,1,0,0,0,738,0
442.57,29,1,1,0,0,0,738,0
442.57,29,1,1,0,0,0,738,0
442.57,29,1,1,0,0,0,738,0
442.57,29,1,1,0,0,0,738,0
442.57,29,1,1,0,0,0,738,0
442.57,29,1,1,0,0,0,738,0
442.57,29,1,1,0,0,0,738,0
442.57,29,1,1,0,0,0,738,0
442.57,29,1,1,0,0,0,738,0
442.57,29,1,1,0,0,0,738,0
442.90,25,3,1,0,0,0,467,0
442.90,25,4,1,0,0,0,467,0
442.90,25,4,1,0,0,0,467,0
442.90,25,4,1,0,0,0,467,0
442.90,25,4,1,0,0,0,467,0
443.20,30,0,1,0,0,0,100,1
443.20,30,1,1,0,0,0,100,1
443.20,30,1,1,0,0,0,100,1
443.20,30,1,1,0,0,0,100,1
443.20,30,1,1,0,0,0,100,1
443.20,30,1,1,0,0,0,100,1
443.20,30,1,1,0,0,0,100,1
443.20,30,1,1,0,0,0,100,1
443.20,30,1,1,0,0,0,100,1
443.20,30,0,1,0,0,0,100,1
443.60,44,0,1,0,0,0,-150,0
443.60,44,2,1,0,0,0,-150,0
443.60,44,2,1,0,0,0,-150,0
443.60,44,2,1,0,0,0,-150,0
443.60,44,2,1,0,0,0,-150,0
443.60,44,2,1,0,0,0,-150,0
443.60,44,2,1,0,0,0,-150,0
443.60,44,1,1,0,0,0,-150,0
444.50,30,7,1,0,0,0,-325,1
444.50,30,10,1,0,0,0,-325,1
444.50,30,10,1,0,0,0,-325,1
444.50,30,1,1,0,0,0,-325,1
445.67,25,0,1,0,0,0,700,0
445.67,25,1,1,0,0,0,700,0
445.67,25,1,1,0,0,0,700,0
445.67,25,1,1,0,0,0,700,0
445.67,25,1,1,0,0,0,700,0
445.67,25,1,1,0,0,0,700,0
445.67,25,1,1,0,0,0,700,0
445.67,25,1,1,0,0,0,700,0
445.67,25,1,1,0,0,0,700,0
445.67,25,1,1,0,0,0,700,0
448.00,30,0,1,0,0,0,700,1
448.00,30,1,1,0,0,0,700,1
448.00,30,1,1,0,0,0,700,1
448.00,30,1,1,0,0,0,700,1
448.00,30,1,1,0,0,0,700,1
448.00,30,1,1,0,0,0,700,1
448.34,30,7,1,0,0,0,-325,1
448.34,30,10,1,0,0,0,-325,1
448.34,30,10,1,0,0,0,-325,1
448.34,30,1,1,0,0,0,-325,1
448.49,29,0,1,0,0,0,-350,0
448.49,29,2,1,0,0,0,-350,0
448.49,29,2,1,0,0,0,-350,0
448.49,29,2,1,0,0,0,-350,0
448.49,29,2,1,0,0,0,-350,0
448.49,29,2,1,0,0,0,-350,0
448.49,29,2,1,0,0,0,-350,0
448.49,29,2,1,0,0,0,-350,0
448.49,29,2,1,0,0,0,-350,0
448.49,29,2,1,0,0,0,-350,0
448.49,29,2,1,0,0,0,-350,0
448.49,29,1,1,0,0,0,-350,0
448.67,30,0,1,0,0,0,150,1
448.67,30,1,1,0,0,0,150,1
448.67,30,1,1,0,0,0,150,1
448.67,30,1,1,0,0,0,150,1
448.67,30,1,1,0,0,0,150,1
448.67,30,1,1,0,0,0,150,1
448.67,30,1,1,0,0,0,150,1
448.67,30,1,1,0,0,0,150,1
449.60,25,1,1,0,0,0,500,0
449.60,25,4,1,0,0,0,500,0
449.60,25,4,1,0,0,0,500,0
449.60,25,4,1,0,0,0,500,0
449.60,25,4,1,0,0,0,500,0
449.60,25,3,1,0,0,0,500,0
450.00,30,0,1,0,0,0,-400,1
450.00,30,1,1,0,0,0,-400,1
450.00,30,1,1,0,0,0,-400,1
450.00,30,1,1,0,0,0,-400,1
450.00,30,1,1,0,0,0,-400,1
450.00,30,1,1,0,0,0,-400,1
450.10,30,0,1,0,0,0,-550,1
450.10,30,1,1,0,0,0,-550,1
450.10,30,1,1,0,0,0,-550,1
450.10,30,1,1,0,0,0,-550,1
450.10,30,1,1,0,0,0,-550,1
450.10,30,1,1,0,0,0,-550,1
450.10,30,1,1,0,0,0,-550,1
450.10,30,1,1,0,0,0,-550,1
450.10,30,1,1,0,0,0,-550,1
450.10,30,1,1,0,0,0,-550,1
450.10,30,1,1,0,0,0,-550,1
450.10,30,0,1,0,0,0,-550,1
450.27,29,0,1,0,0,0,-350,0
450.27,29,2,1,0,0,0,-350,0
450.27,29,2,1,0,0,0,-350,0
450.27,29,2,1,0,0,0,-350,0
450.27,29,2,1,0,0,0,-350,0
450.27,29,2,1,0,0,0,-350,0
450.27,29,2,1,0,0,0,-350,0
450.27,29,2,1,0,0,0,-350,0
450.27,29,2,1,0,0,0,-350,0
450.27,29,2,1,0,0,0,-350,0
450.27,29,2,1,0,0,0,-350,0
450.27,29,1,1,0,0,0,-350,0
450.30,30,1,1,0,0,0,-334,1
450.30,30,7,1,0,0,0,-334,1
450.30,30,7,1,0,0,0,-334,1
450.30,30,7,1,0,0,0,-334,1
450.30,30,2,1,0,0,0,-334,1
450.67,30,0,1,0,0,0,-350,1
450.67,30,1,1,0,0,0,-350,1
450.67,30,1,1,0,0,0,-350,1
450.67,30,1,1,0,0,0,-350,1
450.67,30,1,1,0,0,0,-350,1
450.67,30,1,1,0,0,0,-350,1
450.67,30,1,1,0,0,0,-350,1
450.67,30,1,1,0,0,0,-350,1
450.67,30,1,1,0,0,0,-350,1
450.67,30,1,1,0,0,0,-350,1
450.67,30,1,1,0,0,0,-350,1
450.67,30,1,1,0,0,0,-350,1
451.20,30,1,1,0,0,0,350,1
451.20,30,6,1,0,0,0,350,1
451.20,30,6,1,0,0,0,350,1
451.20,30,4,1,0,0,0,350,1
451.60,30,0,1,0,0,0,-350,1
451.60,30,1,1,0,0,0,-350,1
451.60,30,1,1,0,0,0,-350,1
451.60,30,1,1,0,0,0,-350,1
451.60,30,1,1,0,0,0,-350,1
451.60,30,1,1,0,0,0,-350,1
451.60,30,1,1,0,0,0,-350,1
451.60,30,1,1,0,0,0,-350,1
451.70,30,0,1,0,0,0,200,1
451.70,30,1,1,0,0,0,200,1
451.70,30,1,1,0,0,0,200,1
451.70,30,1,1,0,0,0,200,1
451.70,30,1,1,0,0,0,200,1
451.70,30,1,1,0,0,0,200,1
452.23,30,2,1,0,0,0,-500,1
452.23,30,11,1,0,0,0,-500,1
452.23,30,11,1,0,0,0,-500,1
452.23,30,11,1,0,0,0,-500,1
452.23,30,11,1,0,0,0,-500,1
452.23,30,6,1,0,0,0,-500,1
452.35,29,0,1,0,0,0,500,0
452.35,29,0,1,0,0,0,500,0
452.35,29,0,1,0,0,0,500,0
452.35,29,0,1,0,0,0,500,0
452.35,29,0,1,0,0,0,500,0
452.35,29,0,1,0,0,0,500,0
452.35,29,0,1,0,0,0,500,0
452.35,29,0,1,0,0,0,500,0
452.35,29,0,1,0,0,0,500,0
452.35,29,0,1,0,0,0,500,0
452.35,29,0,1,0,0,0,500,0
452.35,29,0,1,0,0,0,500,0
452.35,29,0,1,0,0,0,500,0
452.35,29,0,1,0,0,0,500,0
452.48,29,0,1,0,0,0,-350,0
452.48,29,1,1,0,0,0,-350,0
452.48,29,1,1,0,0,0,-350,0
452.48,29,1,1,0,0,0,-350,0
452.48,29,1,1,0,0,0,-350,0
452.48,29,1,1,0,0,0,-350,0
452.48,29,1,1,0,0,0,-350,0
452.48,29,1,1,0,0,0,-350,0
452.48,29,1,1,0,0,0,-350,0
452.48,29,1,1,0,0,0,-350,0
452.48,29,1,1,0,0,0,-350,0
452.48,29,1,1,0,0,0,-350,0
452.60,30,2,1,0,0,0,650,1
452.60,30,9,1,0,0,0,650,1
452.60,30,9,1,0,0,0,650,1
452.60,30,5,1,0,0,0,650,1
452.83,30,0,1,0,0,0,-650,1
452.83,30,0,1,0,0,0,-650,1
452.83,30,0,1,0,0,0,-650,1
452.83,30,0,1,0,0,0,-650,1
452.83,30,0,1,0,0,0,-650,1
452.83,30,0,1,0,0,0,-650,1
452.83,30,0,1,0,0,0,-650,1
452.83,30,0,1,0,0,0,-650,1
452.83,30,0,1,0,0,0,-650,1
452.83,30,0,1,0,0,0,-650,1
452.83,30,0,1,0,0,0,-650,1
452.83,30,0,1,0,0,0,-650,1
452.83,30,0,1,0,0,0,-650,1
452.83,30,0,1,0,0,0,-650,1
452.83,30,0,1,0,0,0,-650,1
452.83,30,0,1,0,0,0,-650,1
453.81,30,1,1,0,0,0,150,1
453.81,30,3,1,0,0,0,150,1
453.81,30,3,1,0,0,0,150,1
453.81,30,3,1,0,0,0,150,1
453.81,30,3,1,0,0,0,150,1
453.81,30,3,1,0,0,0,150,1
453.81,30,3,1,0,0,0,150,1
453.81,30,2,1,0,0,0,150,1
454.08,30,0,1,0,0,0,600,1
454.08,30,1,1,0,0,0,600,1
454.08,30,1,1,0,0,0,600,1
454.08,30,1,1,0,0,0,600,1
454.08,30,1,1,0,0,0,600,1
454.08,30,1,1,0,0,0,600,1
454.08,30,1,1,0,0,0,600,1
454.08,30,1,1,0,0,0,600,1
454.08,30,1,1,0,0,0,600,1
454.08,30,1,1,0,0,0,600,1
454.20,30,0,1,0,0,0,600,1
454.20,30,1,1,0,0,0,600,1
454.20,30,1,1,0,0,0,600,1
454.20,30,1,1,0,0,0,600,1
454.20,30,1,1,0,0,0,600,1
454.20,30,1,1,0,0,0,600,1
454.20,30,1,1,0,0,0,600,1
454.20,30,1,1,0,0,0,600,1
454.20,30,1,1,0,0,0,600,1
454.20,30,1,1,0,0,0,600,1
454.30,30,1,1,0,0,0,-500,1
454.30,30,4,1,0,0,0,-500,1
454.30,30,4,1,0,0,0,-500,1
454.30,30,4,1,0,0,0,-500,1
454.30,30,4,1,0,0,0,-500,1
454.30,30,3,1,0,0,0,-500,1
455.50,29,0,1,0,0,0,317,0
455.50,29,2,1,0,0,0,317,0
455.50,29,2,1,0,0,0,317,0
455.50,29,2,1,0,0,0,317,0
455.50,29,2,1,0,0,0,317,0
455.50,29,2,1,0,0,0,317,0
455.50,29,0,1,0,0,0,317,0
456.50,30,1,1,0,0,0,638,1
456.50,30,6,1,0,0,0,638,1
456.50,30,6,1,0,0,0,638,1
456.50,30,1,1,0,0,0,638,1
456.59,29,0,1,0,0,0,-350,0
456.59,29,2,1,0,0,0,-350,0
456.59,29,2,1,0,0,0,-350,0
456.59,29,2,1,0,0,0,-350,0
456.59,29,2,1,0,0,0,-350,0
456.59,29,2,1,0,0,0,-350,0
456.59,29,2,1,0,0,0,-350,0
456.59,29,2,1,0,0,0,-350,0
456.59,29,2,1,0,0,0,-350,0
456.59,29,2,1,0,0,0,-350,0
456.59,29,2,1,0,0,0,-350,0
456.59,29,1,1,0,0,0,-350,0
457.32,32,1,1,0,0,0,600,0
457.32,32,5,1,0,0,0,600,0
457.32,32,5,1,0,0,0,600,0
457.32,32,5,1,0,0,0,600,0
457.32,32,5,1,0,0,0,600,0
457.32,32,3,1,0,0,0,600,0
458.75,29,0,1,0,0,0,-125,0
458.75,29,2,1,0,0,0,-125,0
458.75,29,2,1,0,0,0,-125,0
458.75,29,2,1,0,0,0,-125,0
458.75,29,2,1,0,0,0,-125,0
458.75,29,2,1,0,0,0,-125,0
458.75,29,1,1,0,0,0,-125,0
460.60,30,1,1,0,0,0,700,1
460.60,30,4,1,0,0,0,700,1
460.60,30,4,1,0,0,0,700,1
460.60,30,4,1,0,0,0,700,1
460.60,30,4,1,0,0,0,700,1
460.60,30,3,1,0,0,0,700,1
460.80,29,0,1,0,0,0,550,0
460.80,29,1,1,0,0,0,550,0
460.80,29,1,1,0,0,0,550,0
460.80,29,1,1,0,0,0,550,0
460.80,29,1,1,0,0,0,550,0
460.80,29,1,1,0,0,0,550,0
460.80,29,1,1,0,0,0,550,0
460.80,29,1,1,0,0,0,550,0
460.80,29,1,1,0,0,0,550,0
460.80,29,1,1,0,0,0,550,0
460.80,29,1,1,0,0,0,550,0
460.80,29,1,1,0,0,0,550,0
461.00,30,1,1,0,0,0,700,1
461.00,30,5,1,0,0,0,700,1
461.00,30,5,1,0,0,0,700,1
461.00,30,5,1,0,0,0,700,1
461.00,30,5,1,0,0,0,700,1
461.00,30,3,1,0,0,0,700,1
461.20,29,5,1,0,0,0,567,0
461.20,29,8,1,0,0,0,567,0
461.20,29,8,1,0,0,0,567,0
461.20,29,8,1,0,0,0,567,0
461.20,29,8,1,0,0,0,567,0
461.20,29,8,1,0,0,0,567,0
461.20,29,5,1,0,0,0,567,0
461.60,30,0,1,0,0,0,-650,1
461.60,30,0,1,0,0,0,-650,1
461.60,30,0,1,0,0,0,-650,1
461.60,30,0,1,0,0,0,-650,1
461.60,30,0,1,0,0,0,-650,1
461.60,30,0,1,0,0,0,-650,1
461.60,30,0,1,0,0,0,-650,1
461.60,30,0,1,0,0,0,-650,1
461.60,30,0,1,0,0,0,-650,1
461.60,30,0,1,0,0,0,-650,1
461.60,30,0,1,0,0,0,-650,1
461.60,30,0,1,0,0,0,-650,1
461.60,30,0,1,0,0,0,-650,1
461.60,30,0,1,0,0,0,-650,1
461.60,30,0,1,0,0,0,-650,1
461.60,30,0,1,0,0,0,-650,1
461.90,29,0,1,0,0,0,550,0
461.90,29,1,1,0,0,0,550,0
461.90,29,1,1,0,0,0,550,0
461.90,29,1,1,0,0,0,550,0
461.90,29,1,1,0,0,0,550,0
461.90,29,1,1,0,0,0,550,0
461.90,29,1,1,0,0,0,550,0
461.90,29,1,1,0,0,0,550,0
461.90,29,1,1,0,0,0,550,0
461.90,29,1,1,0,0,0,550,0
461.90,29,1,1,0,0,0,550,0
461.90,29,1,1,0,0,0,550,0
462.45,30,1,1,0,0,0,600,1
462.45,30,4,1,0,0,0,600,1
462.45,30,4,1,0,0,0,600,1
462.45,30,2,1,0,0,0,600,1
462.55,29,3,1,0,0,0,575,0
462.55,29,17,1,0,0,0,575,0
462.55,29,17,1,0,0,0,575,0
462.55,29,17,1,0,0,0,575,0
462.55,29,10,1,0,0,0,575,0
462.60,30,1,1,0,0,0,650,1
462.60,30,4,1,0,0,0,650,1
462.60,30,4,1,0,0,0,650,1
462.60,30,2,1,0,0,0,650,1
464.86,29,2,1,0,0,0,550,0
464.86,29,8,1,0,0,0,550,0
464.86,29,8,1,0,0,0,550,0
464.86,29,8,1,0,0,0,550,0
464.86,29,8,1,0,0,0,550,0
464.86,29,8,1,0,0,0,550,0
464.86,29,8,1,0,0,0,550,0
464.86,29,5,1,0,0,0,550,0
467.10,35,0,1,0,0,0,-175,0
467.10,35,1,1,0,0,0,-175,0
467.10,35,1,1,0,0,0,-175,0
467.10,35,1,1,0,0,0,-175,0
467.10,35,1,1,0,0,0,-175,0
467.10,35,1,1,0,0,0,-175,0
467.10,35,1,1,0,0,0,-175,0
467.10,35,1,1,0,0,0,-175,0
467.10,35,1,1,0,0,0,-175,0
467.10,35,1,1,0,0,0,-175,0
467.10,35,1,1,0,0,0,-175,0
467.10,35,1,1,0,0,0,-175,0
467.10,35,1,1,0,0,0,-175,0
467.10,35,1,1,0,0,0,-175,0
467.10,35,1,1,0,0,0,-175,0
467.10,35,1,1,0,0,0,-175,0
467.10,35,1,1,0,0,0,-175,0
467.10,35,1,1,0,0,0,-175,0
467.10,35,0,1,0,0,0,-175,0
469.38,30,0,1,0,0,0,600,1
469.38,30,1,1,0,0,0,600,1
469.38,30,1,1,0,0,0,600,1
469.38,30,1,1,0,0,0,600,1
469.38,30,1,1,0,0,0,600,1
469.38,30,0,1,0,0,0,600,1
471.89,30,1,1,0,0,0,500,1
471.89,30,5,1,0,0,0,500,1
471.89,30,5,1,0,0,0,500,1
471.89,30,5,1,0,0,0,500,1
471.89,30,5,1,0,0,0,500,1
471.89,30,3,1,0,0,0,500,1
417.31,17,0,0,1,0,0,100,0
420.14,17,0,0,1,0,0,100,0
411.91,17,0,0,1,0,0,100,0
411.22,17,0,0,1,0,0,100,0
416.99,17,0,0,1,0,0,100,0
417.97,17,0,0,1,0,0,100,0
417.28,17,0,0,1,0,0,100,0
417.25,17,0,0,1,0,0,100,0
437.75,17,0,0,1,0,0,100,0
440.58,17,0,0,1,0,0,100,0
432.35,17,0,0,1,0,0,100,0
431.66,17,0,0,1,0,0,100,0
437.42,17,0,0,1,0,0,100,0
438.41,17,0,0,1,0,0,100,0
437.71,17,0,0,1,0,0,100,0
437.69,17,0,0,1,0,0,100,0
441.58,17,0,0,1,0,0,100,0
444.41,17,0,0,1,0,0,100,0
436.18,17,0,0,1,0,0,100,0
435.49,17,0,0,1,0,0,100,0
441.25,17,0,0,1,0,0,100,0
442.24,17,0,0,1,0,0,100,0
441.54,17,0,0,1,0,0,100,0
441.52,17,0,0,1,0,0,100,0
451.80,17,0,0,1,0,0,100,0
454.63,17,0,0,1,0,0,100,0
446.40,17,0,0,1,0,0,100,0
445.71,17,0,0,1,0,0,100,0
451.47,17,0,0,1,0,0,100,0
452.46,17,0,0,1,0,0,100,0
451.76,17,0,0,1,0,0,100,0
451.74,17,0,0,1,0,0,100,0
456.99,17,0,0,1,0,0,650,0
456.51,17,1,0,1,0,0,650,0
457.21,31,1,0,1,0,0,70,0
413.83,45,0,0,1,0,0,-405,0
410.90,45,1,0,1,0,0,-405,0
410.41,45,0,0,1,0,0,-405,0
416.36,45,0,0,1,0,0,-405,0
413.42,45,1,0,1,0,0,-405,0
412.93,45,0,0,1,0,0,-405,0
424.68,31,0,0,1,0,0,675,0
425.30,31,0,0,1,0,0,675,0
425.42,31,0,0,1,0,0,675,0
425.97,31,0,0,1,0,0,675,0
426.13,31,0,0,1,0,0,675,0
425.63,31,0,0,1,0,0,675,0
425.40,31,0,0,1,0,0,675,0
425.37,31,0,0,1,0,0,675,0
425.29,31,0,0,1,0,0,675,0
425.29,31,0,0,1,0,0,675,0
419.29,17,0,0,1,0,0,100,0
420.46,17,0,0,1,0,0,100,0
415.33,17,0,0,1,0,0,100,0
416.01,17,0,0,1,0,0,100,0
422.05,17,0,0,1,0,0,100,0
423.40,17,0,0,1,0,0,100,0
422.70,17,0,0,1,0,0,100,0
422.17,17,0,0,1,0,0,100,0
427.34,17,0,0,1,0,0,100,0
428.51,17,0,0,1,0,0,100,0
423.38,17,0,0,1,0,0,100,0
424.06,17,0,0,1,0,0,100,0
430.10,17,0,0,1,0,0,100,0
431.45,17,0,0,1,0,0,100,0
430.75,17,0,0,1,0,0,100,0
430.23,17,0,0,1,0,0,100,0
430.42,17,0,0,1,0,0,35,0
430.56,17,0,0,1,0,0,35,0
430.48,17,0,0,1,0,0,35,0
431.86,17,0,0,1,0,0,35,0
428.63,17,0,0,1,0,0,35,0
430.03,17,0,0,1,0,0,35,0
431.19,17,0,0,1,0,0,35,0
426.06,17,0,0,1,0,0,35,0
426.74,17,0,0,1,0,0,35,0
432.78,17,0,0,1,0,0,35,0
434.13,17,0,0,1,0,0,35,0
433.43,17,0,0,1,0,0,35,0
432.91,17,0,0,1,0,0,35,0
432.21,17,0,0,1,0,0,35,0
433.21,17,0,0,1,0,0,35,0
433.27,17,0,0,1,0,0,35,0
431.76,17,0,0,1,0,0,35,0
431.91,17,0,0,1,0,0,35,0
431.82,17,0,0,1,0,0,35,0
433.20,17,0,0,1,0,0,35,0
429.98,17,0,0,1,0,0,35,0
431.37,17,0,0,1,0,0,35,0
432.53,17,0,0,1,0,0,35,0
427.41,17,0,0,1,0,0,35,0
428.09,17,0,0,1,0,0,35,0
434.13,17,0,0,1,0,0,35,0
435.47,17,0,0,1,0,0,35,0
434.78,17,0,0,1,0,0,35,0
434.25,17,0,0,1,0,0,35,0
433.55,17,0,0,1,0,0,35,0
434.55,17,0,0,1,0,0,35,0
434.61,17,0,0,1,0,0,35,0
437.53,17,0,0,1,0,0,650,0
437.04,17,0,0,1,0,0,650,0
436.85,17,0,0,1,0,0,650,0
434.05,17,0,0,1,0,0,100,0
435.22,17,0,0,1,0,0,100,0
430.09,17,0,0,1,0,0,100,0
430.77,17,0,0,1,0,0,100,0
436.81,17,0,0,1,0,0,100,0
438.16,17,0,0,1,0,0,100,0
437.46,17,0,0,1,0,0,100,0
436.93,17,0,0,1,0,0,100,0
439.42,17,0,0,1,0,0,100,0
440.59,17,0,0,1,0,0,100,0
435.46,17,0,0,1,0,0,100,0
436.14,17,0,0,1,0,0,100,0
442.18,17,0,0,1,0,0,100,0
443.52,17,0,0,1,0,0,100,0
442.83,17,0,0,1,0,0,100,0
442.30,17,0,0,1,0,0,100,0
444.79,17,0,0,1,0,0,100,0
445.95,17,0,0,1,0,0,100,0
440.82,17,0,0,1,0,0,100,0
441.51,17,0,0,1,0,0,100,0
447.54,17,0,0,1,0,0,100,0
448.89,17,0,0,1,0,0,100,0
448.19,17,0,0,1,0,0,100,0
447.67,17,0,0,1,0,0,100,0
445.53,17,0,0,1,0,0,200,0
451.57,17,0,0,1,0,0,200,0
452.92,17,0,0,1,0,0,200,0
452.22,17,0,0,1,0,0,200,0
451.70,17,0,0,1,0,0,200,0
474.51,45,0,0,1,0,0,340,0
473.81,45,0,0,1,0,0,340,0
474.80,45,0,0,1,0,0,340,0
474.86,45,0,0,1,0,0,340,0
408.61,17,0,0,1,0,0,100,0
410.91,17,0,0,1,0,0,100,0
407.55,17,0,0,1,0,0,100,0
406.68,17,0,0,1,0,0,100,0
408.26,17,0,0,1,0,0,100,0
408.28,17,0,0,1,0,0,100,0
409.68,17,0,0,1,0,0,100,0
410.67,17,0,0,1,0,0,100,0
418.72,45,0,0,1,0,0,-405,0
418.01,45,1,0,1,0,0,-405,0
416.19,45,0,0,1,0,0,-405,0
416.82,31,0,0,1,0,0,-200,0
416.73,31,0,0,1,0,0,-200,0
416.87,31,0,0,1,0,0,-200,0
417.45,31,0,0,1,0,0,-200,0
413.66,31,0,0,1,0,0,-200,0
415.10,31,0,0,1,0,0,-200,0
423.41,17,0,0,1,0,0,100,0
425.71,17,0,0,1,0,0,100,0
422.35,17,0,0,1,0,0,100,0
421.48,17,0,0,1,0,0,100,0
423.05,17,0,0,1,0,0,100,0
423.08,17,0,0,1,0,0,100,0
424.47,17,0,0,1,0,0,100,0
425.46,17,0,0,1,0,0,100,0
425.69,17,0,0,1,0,0,100,0
427.99,17,0,0,1,0,0,100,0
424.62,17,0,0,1,0,0,100,0
423.76,17,0,0,1,0,0,100,0
425.33,17,0,0,1,0,0,100,0
425.35,17,0,0,1,0,0,100,0
426.75,17,0,0,1,0,0,100,0
427.74,17,0,0,1,0,0,100,0
425.00,31,0,0,1,0,0,-200,0
424.90,31,0,0,1,0,0,-200,0
425.25,31,0,0,1,0,0,-200,0
426.36,31,0,0,1,0,0,-200,0
422.49,31,0,0,1,0,0,-200,0
423.95,31,0,0,1,0,0,-200,0
432.12,17,0,0,1,0,0,-188,0
431.80,17,0,0,1,0,0,-188,0
431.93,17,0,0,1,0,0,-188,0
431.09,17,0,0,1,0,0,-188,0
426.85,17,0,0,1,0,0,-188,0
427.96,17,0,0,1,0,0,-188,0
430.26,17,0,0,1,0,0,-188,0
427.96,17,0,0,1,0,0,100,0
430.26,17,0,0,1,0,0,100,0
426.90,17,0,0,1,0,0,100,0
426.03,17,0,0,1,0,0,100,0
427.61,17,0,0,1,0,0,100,0
427.63,17,0,0,1,0,0,100,0
429.02,17,0,0,1,0,0,100,0
430.02,17,0,0,1,0,0,100,0
436.57,31,0,0,1,0,0,675,0
436.48,31,0,0,1,0,0,675,0
436.56,31,0,0,1,0,0,675,0
436.69,31,0,0,1,0,0,675,0
436.08,31,0,0,1,0,0,675,0
435.89,31,0,0,1,0,0,675,0
435.94,31,0,0,1,0,0,675,0
435.86,31,0,0,1,0,0,675,0
435.86,31,0,0,1,0,0,675,0
435.86,31,0,0,1,0,0,675,0
436.99,45,0,0,1,0,0,-405,0
440.35,45,1,0,1,0,0,-405,0
439.64,45,0,0,1,0,0,-405,0
438.13,45,0,0,1,0,0,-405,0
441.49,45,1,0,1,0,0,-405,0
440.78,45,0,0,1,0,0,-405,0
434.79,17,0,0,1,0,0,100,0
437.09,17,0,0,1,0,0,100,0
433.73,17,0,0,1,0,0,100,0
432.86,17,0,0,1,0,0,100,0
434.43,17,0,0,1,0,0,100,0
434.46,17,0,0,1,0,0,100,0
435.85,17,0,0,1,0,0,100,0
436.85,17,0,0,1,0,0,100,0
435.96,31,0,0,1,0,0,0,0
437.07,31,0,0,1,0,0,0,0
439.37,31,0,0,1,0,0,0,0
436.01,31,0,0,1,0,0,0,0
435.14,31,0,0,1,0,0,0,0
436.71,31,0,0,1,0,0,0,0
439.34,17,0,0,1,0,0,100,0
441.64,17,0,0,1,0,0,100,0
438.28,17,0,0,1,0,0,100,0
437.41,17,0,0,1,0,0,100,0
438.99,17,0,0,1,0,0,100,0
439.01,17,0,0,1,0,0,100,0
440.41,17,0,0,1,0,0,100,0
441.40,17,0,0,1,0,0,100,0
440.48,17,0,0,1,0,0,100,0
442.78,17,0,0,1,0,0,100,0
439.42,17,0,0,1,0,0,100,0
438.55,17,0,0,1,0,0,100,0
440.13,17,0,0,1,0,0,100,0
440.15,17,0,0,1,0,0,100,0
441.54,17,0,0,1,0,0,100,0
442.54,17,0,0,1,0,0,100,0
446.17,17,0,0,1,0,0,100,0
448.47,17,0,0,1,0,0,100,0
445.11,17,0,0,1,0,0,100,0
444.24,17,0,0,1,0,0,100,0
445.82,17,0,0,1,0,0,100,0
445.84,17,0,0,1,0,0,100,0
447.23,17,0,0,1,0,0,100,0
448.23,17,0,0,1,0,0,100,0
446.17,17,0,0,1,0,0,100,0
448.47,17,0,0,1,0,0,100,0
445.11,17,0,0,1,0,0,100,0
444.24,17,0,0,1,0,0,100,0
445.82,17,0,0,1,0,0,100,0
445.84,17,0,0,1,0,0,100,0
447.23,17,0,0,1,0,0,100,0
448.23,17,0,0,1,0,0,100,0
448.68,45,0,0,1,0,0,-405,0
449.46,45,1,0,1,0,0,-405,0
448.86,45,0,0,1,0,0,-405,0
449.59,17,0,0,1,0,0,100,0
451.89,17,0,0,1,0,0,100,0
448.53,17,0,0,1,0,0,100,0
447.66,17,0,0,1,0,0,100,0
449.23,17,0,0,1,0,0,100,0
449.25,17,0,0,1,0,0,100,0
450.65,17,0,0,1,0,0,100,0
451.64,17,0,0,1,0,0,100,0
451.86,17,0,0,1,0,0,100,0
454.16,17,0,0,1,0,0,100,0
450.80,17,0,0,1,0,0,100,0
449.93,17,0,0,1,0,0,100,0
451.51,17,0,0,1,0,0,100,0
451.53,17,0,0,1,0,0,100,0
452.93,17,0,0,1,0,0,100,0
453.92,17,0,0,1,0,0,100,0
456.42,17,0,0,1,0,0,100,0
458.72,17,0,0,1,0,0,100,0
455.36,17,0,0,1,0,0,100,0
454.49,17,0,0,1,0,0,100,0
456.06,17,0,0,1,0,0,100,0
456.08,17,0,0,1,0,0,100,0
457.48,17,0,0,1,0,0,100,0
458.47,17,0,0,1,0,0,100,0
464.25,45,0,0,1,0,0,-405,0
463.54,45,1,0,1,0,0,-405,0
461.71,45,0,0,1,0,0,-405,0
463.42,45,0,0,1,0,0,-405,0
462.82,45,1,0,1,0,0,-405,0
461.33,45,0,0,1,0,0,-405,0
462.25,31,0,0,1,0,0,550,0
462.26,31,0,0,1,0,0,550,0
462.89,31,0,0,1,0,0,550,0
462.94,31,0,0,1,0,0,550,0
463.51,31,0,0,1,0,0,550,0
463.40,31,0,0,1,0,0,550,0
463.46,31,0,0,1,0,0,550,0
463.55,31,0,0,1,0,0,550,0
462.94,31,0,0,1,0,0,550,0
462.79,31,0,0,1,0,0,550,0
462.75,31,0,0,1,0,0,550,0
460.46,31,0,0,1,0,0,134,0
461.02,31,1,0,1,0,0,134,0
476.90,17,0,0,1,0,0,173,0
479.20,17,0,0,1,0,0,173,0
475.84,17,0,0,1,0,0,173,0
474.97,17,0,0,1,0,0,173,0
476.55,17,0,0,1,0,0,173,0
476.57,17,0,0,1,0,0,173,0
477.97,17,0,0,1,0,0,173,0
478.96,17,0,0,1,0,0,173,0
479.29,17,0,0,1,0,0,173,0
480.03,17,0,0,1,0,0,173,0
480.12,17,0,0,1,0,0,173,0
388.27,17,0,0,1,0,0,650,0
388.02,17,0,0,1,0,0,650,0
388.42,17,0,0,1,0,0,650,0
423.17,17,0,0,1,0,0,100,0
421.59,17,0,0,1,0,0,100,0
417.76,17,0,0,1,0,0,100,0
416.63,17,0,0,1,0,0,100,0
418.29,17,0,0,1,0,0,100,0
419.27,17,0,0,1,0,0,100,0
418.64,17,0,0,1,0,0,100,0
418.27,17,0,0,1,0,0,100,0
427.64,17,0,0,1,0,0,100,0
426.07,17,0,0,1,0,0,100,0
422.24,17,0,0,1,0,0,100,0
421.10,17,0,0,1,0,0,100,0
422.76,17,0,0,1,0,0,100,0
423.74,17,0,0,1,0,0,100,0
423.11,17,0,0,1,0,0,100,0
422.74,17,0,0,1,0,0,100,0
443.92,13,0,0,1,0,0,-425,0
443.92,13,0,0,1,0,0,-425,0
443.92,13,0,0,1,0,0,-425,0
443.92,13,0,0,1,0,0,-425,0
443.92,13,0,0,1,0,0,-425,0
443.92,13,0,0,1,0,0,-425,0
443.92,13,0,0,1,0,0,-425,0
443.92,13,0,0,1,0,0,-425,0
443.92,13,0,0,1,0,0,-425,0
448.13,13,0,0,1,0,0,-425,0
449.32,13,0,0,1,0,0,-425,0
446.06,13,0,0,1,0,0,-425,0
446.05,13,0,0,1,0,0,-425,0
446.90,13,0,0,1,0,0,-425,0
448.67,13,0,0,1,0,0,-425,0
443.34,13,0,0,1,0,0,-425,0
447.33,13,0,0,1,0,0,-425,0
445.75,13,0,0,1,0,0,-425,0
441.92,13,0,0,1,0,0,-425,0
451.80,17,0,0,1,0,0,100,0
450.22,17,0,0,1,0,0,100,0
446.40,17,0,0,1,0,0,100,0
445.26,17,0,0,1,0,0,100,0
446.92,17,0,0,1,0,0,100,0
447.90,17,0,0,1,0,0,100,0
447.27,17,0,0,1,0,0,100,0
446.90,17,0,0,1,0,0,100,0
454.06,17,0,0,1,0,0,340,0
453.83,17,0,0,1,0,0,340,0
454.42,17,0,0,1,0,0,340,0
459.85,17,0,0,1,0,0,100,0
458.28,17,0,0,1,0,0,100,0
454.45,17,0,0,1,0,0,100,0
453.32,17,0,0,1,0,0,100,0
454.98,17,0,0,1,0,0,100,0
455.95,17,0,0,1,0,0,100,0
455.32,17,0,0,1,0,0,100,0
454.96,17,0,0,1,0,0,100,0
456.25,2,0,0,1,0,0,100,0
455.16,2,0,0,1,0,0,100,0
456.73,2,0,0,1,0,0,100,0
457.24,2,0,0,1,0,0,100,0
457.74,2,0,0,1,0,0,100,0
477.07,2,0,0,1,0,0,100,0
473.24,2,0,0,1,0,0,100,0
472.11,2,0,0,1,0,0,100,0
473.77,2,0,0,1,0,0,100,0
474.75,2,0,0,1,0,0,100,0
474.11,2,0,0,1,0,0,100,0
480.96,2,0,0,1,0,0,100,0
476.54,2,0,0,1,0,0,100,0
476.25,2,0,0,1,0,0,100,0
480.11,2,0,0,1,0,0,100,0
481.36,2,0,0,1,0,0,100,0
480.60,2,0,0,1,0,0,100,0
498.85,17,0,0,1,0,0,35,0
498.84,17,0,0,1,0,0,35,0
499.70,17,0,0,1,0,0,35,0
501.47,17,0,0,1,0,0,35,0
496.13,17,0,0,1,0,0,35,0
500.12,17,0,0,1,0,0,35,0
498.54,17,0,0,1,0,0,35,0
494.72,17,0,0,1,0,0,35,0
493.58,17,0,0,1,0,0,35,0
495.24,17,0,0,1,0,0,35,0
496.22,17,0,0,1,0,0,35,0
495.59,17,0,0,1,0,0,35,0
495.22,17,0,0,1,0,0,35,0
495.00,17,0,0,1,0,0,35,0
495.58,17,0,0,1,0,0,35,0
495.60,17,0,0,1,0,0,35,0
403.11,17,0,0,1,0,0,667,0
402.79,17,0,0,1,0,0,667,0
402.96,17,0,0,1,0,0,667,0
419.97,21,0,0,1,0,0,-185,0
420.44,21,0,0,1,0,0,-185,0
421.06,21,0,0,1,0,0,-185,0
418.00,21,0,0,1,0,0,-185,0
419.53,21,0,0,1,0,0,-185,0
425.21,17,0,0,1,0,0,-350,0
425.72,17,0,0,1,0,0,-350,0
424.76,17,0,0,1,0,0,-350,0
424.55,17,0,0,1,0,0,-350,0
429.30,17,0,0,1,0,0,100,0
430.40,17,0,0,1,0,0,100,0
428.24,17,0,0,1,0,0,100,0
424.14,17,0,0,1,0,0,100,0
425.83,17,0,0,1,0,0,100,0
428.96,17,0,0,1,0,0,100,0
430.24,17,0,0,1,0,0,100,0
431.58,17,0,0,1,0,0,100,0
431.12,17,0,0,1,0,0,100,0
432.22,17,0,0,1,0,0,100,0
430.06,17,0,0,1,0,0,100,0
425.96,17,0,0,1,0,0,100,0
427.65,17,0,0,1,0,0,100,0
430.78,17,0,0,1,0,0,100,0
432.06,17,0,0,1,0,0,100,0
433.41,17,0,0,1,0,0,100,0
432.94,17,0,0,1,0,0,100,0
434.04,17,0,0,1,0,0,100,0
431.88,17,0,0,1,0,0,100,0
427.78,17,0,0,1,0,0,100,0
429.47,17,0,0,1,0,0,100,0
432.60,17,0,0,1,0,0,100,0
433.88,17,0,0,1,0,0,100,0
435.23,17,0,0,1,0,0,100,0
433.85,17,0,0,1,0,0,100,0
434.95,17,0,0,1,0,0,100,0
432.79,17,0,0,1,0,0,100,0
428.69,17,0,0,1,0,0,100,0
430.38,17,0,0,1,0,0,100,0
433.51,17,0,0,1,0,0,100,0
434.79,17,0,0,1,0,0,100,0
436.14,17,0,0,1,0,0,100,0
434.76,17,0,0,1,0,0,100,0
435.86,17,0,0,1,0,0,100,0
433.70,17,0,0,1,0,0,100,0
429.60,17,0,0,1,0,0,100,0
431.29,17,0,0,1,0,0,100,0
434.42,17,0,0,1,0,0,100,0
435.71,17,0,0,1,0,0,100,0
437.05,17,0,0,1,0,0,100,0
434.33,17,0,0,1,0,0,35,0
434.11,17,0,0,1,0,0,35,0
434.91,17,0,0,1,0,0,35,0
436.18,17,0,0,1,0,0,35,0
433.79,17,0,0,1,0,0,35,0
435.22,17,0,0,1,0,0,35,0
436.32,17,0,0,1,0,0,35,0
434.16,17,0,0,1,0,0,35,0
430.06,17,0,0,1,0,0,35,0
431.75,17,0,0,1,0,0,35,0
434.88,17,0,0,1,0,0,35,0
436.16,17,0,0,1,0,0,35,0
437.50,17,0,0,1,0,0,35,0
437.77,17,0,0,1,0,0,35,0
436.96,17,0,0,1,0,0,35,0
436.96,17,0,0,1,0,0,35,0
434.08,13,0,0,1,0,0,-425,0
434.08,13,0,0,1,0,0,-425,0
434.08,13,0,0,1,0,0,-425,0
434.08,13,0,0,1,0,0,-425,0
434.08,13,0,0,1,0,0,-425,0
434.08,13,0,0,1,0,0,-425,0
434.08,13,0,0,1,0,0,-425,0
434.08,13,0,0,1,0,0,-425,0
434.08,13,0,0,1,0,0,-425,0
435.23,13,0,0,1,0,0,-425,0
435.74,13,0,0,1,0,0,-425,0
434.78,13,0,0,1,0,0,-425,0
434.56,13,0,0,1,0,0,-425,0
435.37,13,0,0,1,0,0,-425,0
436.64,13,0,0,1,0,0,-425,0
434.25,13,0,0,1,0,0,-425,0
435.67,13,0,0,1,0,0,-425,0
436.77,13,0,0,1,0,0,-425,0
434.61,13,0,0,1,0,0,-425,0
445.00,45,0,0,1,0,0,-405,0
445.03,45,1,0,1,0,0,-405,0
443.87,45,0,0,1,0,0,-405,0
436.58,17,0,0,1,0,0,100,0
437.68,17,0,0,1,0,0,100,0
435.53,17,0,0,1,0,0,100,0
431.42,17,0,0,1,0,0,100,0
433.11,17,0,0,1,0,0,100,0
436.24,17,0,0,1,0,0,100,0
437.53,17,0,0,1,0,0,100,0
438.87,17,0,0,1,0,0,100,0
437.49,17,0,0,1,0,0,100,0
438.59,17,0,0,1,0,0,100,0
436.44,17,0,0,1,0,0,100,0
432.34,17,0,0,1,0,0,100,0
434.02,17,0,0,1,0,0,100,0
437.15,17,0,0,1,0,0,100,0
438.44,17,0,0,1,0,0,100,0
439.78,17,0,0,1,0,0,100,0
443.05,2,0,0,1,0,0,100,0
440.27,2,0,0,1,0,0,100,0
443.42,2,0,0,1,0,0,100,0
446.20,2,0,0,1,0,0,100,0
446.90,2,0,0,1,0,0,100,0
439.34,17,0,0,1,0,0,35,0
439.12,17,0,0,1,0,0,35,0
439.92,17,0,0,1,0,0,35,0
441.19,17,0,0,1,0,0,35,0
438.80,17,0,0,1,0,0,35,0
440.23,17,0,0,1,0,0,35,0
441.32,17,0,0,1,0,0,35,0
439.17,17,0,0,1,0,0,35,0
435.07,17,0,0,1,0,0,35,0
436.76,17,0,0,1,0,0,35,0
439.89,17,0,0,1,0,0,35,0
441.17,17,0,0,1,0,0,35,0
442.51,17,0,0,1,0,0,35,0
442.78,17,0,0,1,0,0,35,0
441.97,17,0,0,1,0,0,35,0
441.97,17,0,0,1,0,0,35,0
440.23,17,0,0,1,0,0,100,0
441.32,17,0,0,1,0,0,100,0
439.17,17,0,0,1,0,0,100,0
435.07,17,0,0,1,0,0,100,0
436.76,17,0,0,1,0,0,100,0
439.89,17,0,0,1,0,0,100,0
441.17,17,0,0,1,0,0,100,0
442.51,17,0,0,1,0,0,100,0
441.16,17,0,0,1,0,0,35,0
440.94,17,0,0,1,0,0,35,0
441.74,17,0,0,1,0,0,35,0
443.01,17,0,0,1,0,0,35,0
440.62,17,0,0,1,0,0,35,0
442.05,17,0,0,1,0,0,35,0
443.15,17,0,0,1,0,0,35,0
440.99,17,0,0,1,0,0,35,0
436.89,17,0,0,1,0,0,35,0
438.58,17,0,0,1,0,0,35,0
441.71,17,0,0,1,0,0,35,0
442.99,17,0,0,1,0,0,35,0
444.34,17,0,0,1,0,0,35,0
444.61,17,0,0,1,0,0,35,0
443.79,17,0,0,1,0,0,35,0
443.79,17,0,0,1,0,0,35,0
442.05,17,0,0,1,0,0,100,0
443.15,17,0,0,1,0,0,100,0
440.99,17,0,0,1,0,0,100,0
436.89,17,0,0,1,0,0,100,0
438.58,17,0,0,1,0,0,100,0
441.71,17,0,0,1,0,0,100,0
442.99,17,0,0,1,0,0,100,0
444.34,17,0,0,1,0,0,100,0
442.05,17,0,0,1,0,0,100,0
443.15,17,0,0,1,0,0,100,0
440.99,17,0,0,1,0,0,100,0
436.89,17,0,0,1,0,0,100,0
438.58,17,0,0,1,0,0,100,0
441.71,17,0,0,1,0,0,100,0
442.99,17,0,0,1,0,0,100,0
444.34,17,0,0,1,0,0,100,0
446.60,17,0,0,1,0,0,100,0
447.70,17,0,0,1,0,0,100,0
445.54,17,0,0,1,0,0,100,0
441.44,17,0,0,1,0,0,100,0
443.13,17,0,0,1,0,0,100,0
446.26,17,0,0,1,0,0,100,0
447.55,17,0,0,1,0,0,100,0
448.89,17,0,0,1,0,0,100,0
449.36,31,0,0,1,0,0,700,0
449.61,31,0,0,1,0,0,700,0
449.68,31,0,0,1,0,0,700,0
449.30,31,0,0,1,0,0,700,0
449.38,31,0,0,1,0,0,700,0
449.33,31,0,0,1,0,0,700,0
448.19,31,0,0,1,0,0,700,0
448.19,31,0,0,1,0,0,700,0
448.19,31,0,0,1,0,0,700,0
457.54,45,0,0,1,0,0,340,0
457.81,45,0,0,1,0,0,340,0
456.99,45,0,0,1,0,0,340,0
457.00,45,0,0,1,0,0,340,0
458.55,45,0,0,1,0,0,-405,0
460.41,45,1,0,1,0,0,-405,0
460.45,45,0,0,1,0,0,-405,0
458.44,17,0,0,1,0,0,100,0
459.54,17,0,0,1,0,0,100,0
457.38,17,0,0,1,0,0,100,0
453.28,17,0,0,1,0,0,100,0
454.97,17,0,0,1,0,0,100,0
458.10,17,0,0,1,0,0,100,0
459.39,17,0,0,1,0,0,100,0
460.73,17,0,0,1,0,0,100,0
462.08,17,0,0,1,0,0,100,0
463.18,17,0,0,1,0,0,100,0
461.03,17,0,0,1,0,0,100,0
456.93,17,0,0,1,0,0,100,0
458.61,17,0,0,1,0,0,100,0
461.75,17,0,0,1,0,0,100,0
463.03,17,0,0,1,0,0,100,0
464.37,17,0,0,1,0,0,100,0
456.53,21,0,0,1,0,0,-185,0
457.01,21,0,0,1,0,0,-185,0
457.62,21,0,0,1,0,0,-185,0
454.21,21,0,0,1,0,0,-185,0
456.08,21,0,0,1,0,0,-185,0
466.64,17,0,0,1,0,0,100,0
467.74,17,0,0,1,0,0,100,0
465.58,17,0,0,1,0,0,100,0
461.48,17,0,0,1,0,0,100,0
463.17,17,0,0,1,0,0,100,0
466.30,17,0,0,1,0,0,100,0
467.58,17,0,0,1,0,0,100,0
468.93,17,0,0,1,0,0,100,0
471.19,17,0,0,1,0,0,100,0
472.29,17,0,0,1,0,0,100,0
470.13,17,0,0,1,0,0,100,0
466.03,17,0,0,1,0,0,100,0
467.72,17,0,0,1,0,0,100,0
470.85,17,0,0,1,0,0,100,0
472.14,17,0,0,1,0,0,100,0
473.48,17,0,0,1,0,0,100,0
396.00,31,0,0,1,0,0,167,0
396.00,31,0,0,1,0,0,167,0
396.00,31,0,0,1,0,0,167,0
396.00,31,0,0,1,0,0,167,0
396.00,31,0,0,1,0,0,167,0
396.00,31,0,0,1,0,0,550,0
396.00,31,0,0,1,0,0,550,0
396.00,31,0,0,1,0,0,550,0
396.00,31,0,0,1,0,0,550,0
396.00,31,0,0,1,0,0,550,0
396.00,31,0,0,1,0,0,550,0
396.00,31,0,0,1,0,0,550,0
403.00,31,0,0,1,0,0,-200,0
403.00,31,0,0,1,0,0,-200,0
403.00,31,0,0,1,0,0,-200,0
403.00,31,0,0,1,0,0,-200,0
403.00,31,0,0,1,0,0,-200,0
403.00,31,0,0,1,0,0,-200,0
403.00,31,0,0,1,0,0,600,0
403.00,31,0,0,1,0,0,600,0
403.00,31,0,0,1,0,0,600,0
403.00,31,0,0,1,0,0,600,0
403.00,31,0,0,1,0,0,600,0
403.00,31,0,0,1,0,0,600,0
403.00,31,0,0,1,0,0,600,0
403.00,31,0,0,1,0,0,600,0
403.00,31,0,0,1,0,0,600,0
403.00,31,0,0,1,0,0,600,0
404.00,31,0,0,1,0,0,200,0
404.00,31,0,0,1,0,0,200,0
404.00,31,0,0,1,0,0,200,0
404.00,31,0,0,1,0,0,200,0
404.00,31,0,0,1,0,0,200,0
404.00,31,0,0,1,0,0,200,0
404.00,31,0,0,1,0,0,200,0
404.00,31,0,0,1,0,0,200,0
404.00,31,0,0,1,0,0,200,0
404.00,31,0,0,1,0,0,200,0
404.00,31,0,0,1,0,0,200,0
404.00,31,0,0,1,0,0,200,0
404.00,9,0,0,1,0,0,340,0
404.00,9,0,0,1,0,0,340,0
404.00,9,0,0,1,0,0,340,0
404.00,9,0,0,1,0,0,340,0
405.00,31,1,0,1,0,0,134,0
405.00,31,0,0,1,0,0,134,0
408.00,31,0,0,1,0,0,200,0
408.00,31,0,0,1,0,0,200,0
408.00,31,0,0,1,0,0,200,0
408.00,31,0,0,1,0,0,200,0
408.00,31,0,0,1,0,0,200,0
408.00,31,0,0,1,0,0,200,0
408.00,31,0,0,1,0,0,200,0
408.00,31,0,0,1,0,0,200,0
408.00,31,0,0,1,0,0,200,0
408.00,31,0,0,1,0,0,200,0
408.00,31,0,0,1,0,0,200,0
408.00,31,0,0,1,0,0,200,0
410.00,17,0,0,1,0,0,100,0
410.00,17,0,0,1,0,0,100,0
410.00,17,0,0,1,0,0,100,0
410.00,17,0,0,1,0,0,100,0
410.00,17,0,0,1,0,0,100,0
410.00,17,0,0,1,0,0,100,0
410.00,17,0,0,1,0,0,100,0
410.00,17,0,0,1,0,0,100,0
414.00,17,0,0,1,0,0,100,0
414.00,17,0,0,1,0,0,100,0
414.00,17,0,0,1,0,0,100,0
414.00,17,0,0,1,0,0,100,0
414.00,17,0,0,1,0,0,100,0
414.00,17,0,0,1,0,0,100,0
414.00,17,0,0,1,0,0,100,0
414.00,17,0,0,1,0,0,100,0
414.00,31,0,0,1,0,0,550,0
414.00,31,0,0,1,0,0,550,0
414.00,31,0,0,1,0,0,550,0
414.00,31,0,0,1,0,0,550,0
414.00,31,0,0,1,0,0,550,0
414.00,31,0,0,1,0,0,550,0
414.00,31,0,0,1,0,0,550,0
414.00,31,0,0,1,0,0,550,0
414.00,31,0,0,1,0,0,550,0
414.00,31,0,0,1,0,0,550,0
414.00,31,0,0,1,0,0,550,0
415.00,31,1,0,1,0,0,134,0
415.00,31,0,0,1,0,0,134,0
415.00,31,0,0,1,0,0,100,0
415.00,31,0,0,1,0,0,100,0
415.00,31,0,0,1,0,0,100,0
415.00,31,0,0,1,0,0,100,0
415.00,31,0,0,1,0,0,100,0
415.00,31,0,0,1,0,0,100,0
419.00,31,0,0,1,0,0,100,0
419.00,31,0,0,1,0,0,100,0
419.00,31,0,0,1,0,0,100,0
419.00,31,0,0,1,0,0,100,0
419.00,31,0,0,1,0,0,100,0
419.00,31,0,0,1,0,0,100,0
420.00,31,0,0,1,0,0,167,0
420.00,31,0,0,1,0,0,167,0
420.00,31,0,0,1,0,0,167,0
420.00,31,0,0,1,0,0,167,0
420.00,31,0,0,1,0,0,167,0
420.00,31,0,0,1,0,0,-200,0
420.00,31,0,0,1,0,0,-200,0
420.00,31,0,0,1,0,0,-200,0
420.00,31,0,0,1,0,0,-200,0
420.00,31,0,0,1,0,0,-200,0
420.00,31,0,0,1,0,0,-200,0
420.00,31,0,0,1,0,0,600,0
420.00,31,0,0,1,0,0,600,0
420.00,31,0,0,1,0,0,600,0
420.00,31,0,0,1,0,0,600,0
420.00,31,0,0,1,0,0,600,0
420.00,31,0,0,1,0,0,600,0
420.00,31,0,0,1,0,0,600,0
420.00,31,0,0,1,0,0,600,0
420.00,31,0,0,1,0,0,600,0
420.00,45,0,0,1,0,0,-405,0
420.00,45,0,0,1,0,0,-405,0
420.00,45,0,0,1,0,0,-405,0
420.00,45,0,0,1,0,0,-405,0
420.00,31,0,0,1,0,0,-200,0
420.00,31,0,0,1,0,0,-200,0
420.00,31,0,0,1,0,0,-200,0
420.00,31,0,0,1,0,0,-200,0
420.00,31,0,0,1,0,0,-200,0
420.00,31,0,0,1,0,0,-200,0
421.00,31,0,0,1,0,0,550,0
421.00,31,0,0,1,0,0,550,0
421.00,31,0,0,1,0,0,550,0
421.00,31,0,0,1,0,0,550,0
421.00,31,0,0,1,0,0,550,0
421.00,31,0,0,1,0,0,550,0
421.00,31,0,0,1,0,0,550,0
421.00,31,0,0,1,0,0,550,0
421.00,31,0,0,1,0,0,550,0
421.00,31,0,0,1,0,0,550,0
421.00,31,0,0,1,0,0,550,0
422.00,31,0,0,1,0,0,-200,0
422.00,31,0,0,1,0,0,-200,0
422.00,31,0,0,1,0,0,-200,0
422.00,31,0,0,1,0,0,-200,0
422.00,31,0,0,1,0,0,-200,0
422.00,31,0,0,1,0,0,-200,0
422.00,17,0,0,1,0,0,100,0
422.00,17,0,0,1,0,0,100,0
422.00,17,0,0,1,0,0,100,0
422.00,17,0,0,1,0,0,100,0
422.00,17,0,0,1,0,0,100,0
422.00,17,0,0,1,0,0,100,0
422.00,17,0,0,1,0,0,100,0
422.00,17,0,0,1,0,0,100,0
422.00,17,0,0,1,0,0,100,0
422.00,17,0,0,1,0,0,100,0
422.00,17,0,0,1,0,0,100,0
422.00,17,0,0,1,0,0,100,0
422.00,17,0,0,1,0,0,100,0
422.00,17,0,0,1,0,0,100,0
422.00,17,0,0,1,0,0,100,0
422.00,17,0,0,1,0,0,100,0
423.00,31,1,0,1,0,0,134,0
423.00,31,0,0,1,0,0,134,0
423.00,31,0,0,1,0,0,0,0
423.00,31,0,0,1,0,0,0,0
423.00,31,0,0,1,0,0,0,0
423.00,31,0,0,1,0,0,0,0
423.00,31,0,0,1,0,0,0,0
423.00,31,0,0,1,0,0,0,0
423.00,45,0,0,1,0,0,-405,0
423.00,45,1,0,1,0,0,-405,0
423.00,45,0,0,1,0,0,-405,0
424.00,31,0,0,1,0,0,-100,0
424.00,31,0,0,1,0,0,-100,0
424.00,31,0,0,1,0,0,-100,0
424.00,31,0,0,1,0,0,-100,0
424.00,31,0,0,1,0,0,-100,0
424.00,31,0,0,1,0,0,-100,0
424.00,31,0,0,1,0,0,-100,0
424.00,31,0,0,1,0,0,-100,0
424.00,31,0,0,1,0,0,-100,0
424.00,31,0,0,1,0,0,-100,0
425.00,13,0,0,1,0,0,-425,0
425.00,13,0,0,1,0,0,-425,0
425.00,13,0,0,1,0,0,-425,0
425.00,13,0,0,1,0,0,-425,0
425.00,13,0,0,1,0,0,-425,0
425.00,13,0,0,1,0,0,-425,0
425.00,13,0,0,1,0,0,-425,0
425.00,13,0,0,1,0,0,-425,0
425.00,13,0,0,1,0,0,-425,0
425.00,13,0,0,1,0,0,-425,0
425.00,13,0,0,1,0,0,-425,0
425.00,13,0,0,1,0,0,-425,0
425.00,13,0,0,1,0,0,-425,0
425.00,13,0,0,1,0,0,-425,0
425.00,13,0,0,1,0,0,-425,0
425.00,13,0,0,1,0,0,-425,0
425.00,13,0,0,1,0,0,-425,0
425.00,13,0,0,1,0,0,-425,0
425.00,13,0,0,1,0,0,-425,0
426.00,17,0,0,1,0,0,100,0
426.00,17,0,0,1,0,0,100,0
426.00,17,0,0,1,0,0,100,0
426.00,17,0,0,1,0,0,100,0
426.00,17,0,0,1,0,0,100,0
426.00,17,0,0,1,0,0,100,0
426.00,17,0,0,1,0,0,100,0
426.00,17,0,0,1,0,0,100,0
426.00,31,0,0,1,0,0,550,0
426.00,31,0,0,1,0,0,550,0
426.00,31,0,0,1,0,0,550,0
426.00,31,0,0,1,0,0,550,0
426.00,31,0,0,1,0,0,550,0
426.00,31,0,0,1,0,0,550,0
426.00,31,0,0,1,0,0,550,0
426.00,31,0,0,1,0,0,550,0
426.00,31,0,0,1,0,0,550,0
426.00,31,0,0,1,0,0,550,0
426.00,31,0,0,1,0,0,550,0
426.00,31,0,0,1,0,0,550,0
426.00,31,0,0,1,0,0,550,0
426.00,31,0,0,1,0,0,550,0
426.00,31,0,0,1,0,0,550,0
426.00,31,0,0,1,0,0,550,0
426.00,31,0,0,1,0,0,550,0
426.00,31,0,0,1,0,0,550,0
426.00,31,0,0,1,0,0,550,0
426.00,31,0,0,1,0,0,550,0
426.00,31,0,0,1,0,0,550,0
426.00,31,0,0,1,0,0,550,0
426.00,31,0,0,1,0,0,550,0
427.00,31,0,0,1,0,0,100,0
427.00,31,0,0,1,0,0,100,0
427.00,31,0,0,1,0,0,100,0
427.00,31,0,0,1,0,0,100,0
427.00,31,0,0,1,0,0,100,0
427.00,31,0,0,1,0,0,100,0
427.00,31,0,0,1,0,0,0,0
427.00,31,0,0,1,0,0,0,0
427.00,31,0,0,1,0,0,0,0
427.00,31,0,0,1,0,0,0,0
427.00,31,0,0,1,0,0,0,0
427.00,31,0,0,1,0,0,0,0
428.00,31,0,0,1,0,0,200,0
428.00,31,0,0,1,0,0,200,0
428.00,31,0,0,1,0,0,200,0
428.00,31,0,0,1,0,0,200,0
428.00,31,0,0,1,0,0,200,0
428.00,31,0,0,1,0,0,200,0
428.00,31,0,0,1,0,0,200,0
428.00,31,0,0,1,0,0,200,0
428.00,31,0,0,1,0,0,200,0
428.00,31,0,0,1,0,0,200,0
428.00,31,0,0,1,0,0,200,0
428.00,31,0,0,1,0,0,200,0
428.00,31,0,0,1,0,0,550,0
428.00,31,0,0,1,0,0,550,0
428.00,31,0,0,1,0,0,550,0
428.00,31,0,0,1,0,0,550,0
428.00,31,0,0,1,0,0,550,0
428.00,31,0,0,1,0,0,550,0
428.00,31,0,0,1,0,0,550,0
428.00,31,0,0,1,0,0,550,0
428.00,31,0,0,1,0,0,550,0
428.00,31,0,0,1,0,0,550,0
428.00,31,0,0,1,0,0,550,0
428.00,31,0,0,1,0,0,550,0
428.00,31,0,0,1,0,0,-200,0
428.00,31,0,0,1,0,0,-200,0
428.00,31,0,0,1,0,0,-200,0
428.00,31,0,0,1,0,0,-200,0
428.00,31,0,0,1,0,0,-200,0
428.00,31,0,0,1,0,0,-200,0
430.00,13,0,0,1,0,0,-425,0
430.00,13,0,0,1,0,0,-425,0
430.00,13,0,0,1,0,0,-425,0
430.00,13,0,0,1,0,0,-425,0
430.00,13,0,0,1,0,0,-425,0
430.00,13,0,0,1,0,0,-425,0
430.00,13,0,0,1,0,0,-425,0
430.00,13,0,0,1,0,0,-425,0
430.00,13,0,0,1,0,0,-425,0
430.00,13,0,0,1,0,0,-425,0
430.00,13,0,0,1,0,0,-425,0
430.00,13,0,0,1,0,0,-425,0
430.00,13,0,0,1,0,0,-425,0
430.00,13,0,0,1,0,0,-425,0
430.00,13,0,0,1,0,0,-425,0
430.00,13,0,0,1,0,0,-425,0
430.00,13,0,0,1,0,0,-425,0
430.00,13,0,0,1,0,0,-425,0
430.00,13,0,0,1,0,0,-425,0
430.00,31,0,0,1,0,0,-200,0
430.00,31,0,0,1,0,0,-200,0
430.00,31,0,0,1,0,0,-200,0
430.00,31,0,0,1,0,0,-200,0
430.00,31,0,0,1,0,0,-200,0
430.00,31,0,0,1,0,0,-200,0
431.00,31,0,0,1,0,0,100,0
431.00,31,0,0,1,0,0,100,0
431.00,31,0,0,1,0,0,100,0
431.00,31,0,0,1,0,0,100,0
431.00,31,0,0,1,0,0,100,0
431.00,31,0,0,1,0,0,100,0
431.00,31,0,0,1,0,0,0,0
431.00,31,0,0,1,0,0,0,0
431.00,31,0,0,1,0,0,0,0
431.00,31,0,0,1,0,0,0,0
431.00,31,0,0,1,0,0,0,0
431.00,31,0,0,1,0,0,0,0
432.00,31,0,0,1,0,0,200,0
432.00,31,0,0,1,0,0,200,0
432.00,31,0,0,1,0,0,200,0
432.00,31,0,0,1,0,0,200,0
432.00,31,0,0,1,0,0,200,0
432.00,31,0,0,1,0,0,200,0
432.00,31,0,0,1,0,0,200,0
432.00,31,0,0,1,0,0,200,0
432.00,31,0,0,1,0,0,200,0
432.00,31,0,0,1,0,0,200,0
432.00,31,0,0,1,0,0,200,0
432.00,31,0,0,1,0,0,200,0
432.00,31,0,0,1,0,0,0,0
432.00,31,0,0,1,0,0,0,0
432.00,31,0,0,1,0,0,0,0
432.00,31,0,0,1,0,0,0,0
432.00,31,0,0,1,0,0,0,0
432.00,31,0,0,1,0,0,0,0
432.00,31,0,0,1,0,0,0,0
432.00,31,0,0,1,0,0,0,0
432.00,31,0,0,1,0,0,0,0
432.00,31,0,0,1,0,0,0,0
432.00,31,0,0,1,0,0,0,0
432.00,31,0,0,1,0,0,0,0
433.00,31,0,0,1,0,0,550,0
433.00,31,0,0,1,0,0,550,0
433.00,31,0,0,1,0,0,550,0
433.00,31,0,0,1,0,0,550,0
433.00,31,0,0,1,0,0,550,0
433.00,31,0,0,1,0,0,550,0
433.00,31,0,0,1,0,0,550,0
433.00,31,0,0,1,0,0,550,0
433.00,31,0,0,1,0,0,550,0
433.00,31,0,0,1,0,0,550,0
433.00,31,0,0,1,0,0,550,0
434.00,31,0,0,1,0,0,550,0
434.00,31,0,0,1,0,0,550,0
434.00,31,0,0,1,0,0,550,0
434.00,31,0,0,1,0,0,550,0
434.00,31,0,0,1,0,0,550,0
434.00,31,0,0,1,0,0,550,0
434.00,31,0,0,1,0,0,550,0
434.00,31,0,0,1,0,0,550,0
434.00,31,0,0,1,0,0,550,0
434.00,31,0,0,1,0,0,550,0
434.00,31,0,0,1,0,0,550,0
434.00,31,0,0,1,0,0,550,0
435.00,31,0,0,1,0,0,100,0
435.00,31,0,0,1,0,0,100,0
435.00,31,0,0,1,0,0,100,0
435.00,31,0,0,1,0,0,100,0
435.00,31,0,0,1,0,0,100,0
435.00,31,0,0,1,0,0,100,0
435.00,17,0,0,1,0,0,100,0
435.00,17,0,0,1,0,0,100,0
435.00,17,0,0,1,0,0,100,0
435.00,17,0,0,1,0,0,100,0
435.00,17,0,0,1,0,0,100,0
435.00,17,0,0,1,0,0,100,0
435.00,17,0,0,1,0,0,100,0
435.00,17,0,0,1,0,0,100,0
437.00,31,1,0,1,0,0,134,0
437.00,31,0,0,1,0,0,134,0
437.00,31,0,0,1,0,0,100,0
437.00,31,0,0,1,0,0,100,0
437.00,31,0,0,1,0,0,100,0
437.00,31,0,0,1,0,0,100,0
437.00,31,0,0,1,0,0,100,0
437.00,31,0,0,1,0,0,100,0
438.50,21,0,0,1,0,0,50,0
438.50,21,0,0,1,0,0,50,0
438.50,21,0,0,1,0,0,50,0
438.50,21,0,0,1,0,0,50,0
438.50,21,0,0,1,0,0,50,0
438.50,21,0,0,1,0,0,50,0
438.50,21,0,0,1,0,0,50,0
439.00,31,0,0,1,0,0,100,0
439.00,31,0,0,1,0,0,100,0
439.00,31,0,0,1,0,0,100,0
439.00,31,0,0,1,0,0,100,0
439.00,31,0,0,1,0,0,100,0
439.00,31,0,0,1,0,0,100,0
439.00,31,0,0,1,0,0,550,0
439.00,31,0,0,1,0,0,550,0
439.00,31,0,0,1,0,0,550,0
439.00,31,0,0,1,0,0,550,0
439.00,31,0,0,1,0,0,550,0
439.00,31,0,0,1,0,0,550,0
439.00,31,0,0,1,0,0,550,0
439.00,31,0,0,1,0,0,550,0
439.00,31,0,0,1,0,0,550,0
439.00,31,0,0,1,0,0,550,0
439.00,31,0,0,1,0,0,550,0
440.00,31,0,0,1,0,0,-50,0
440.00,31,0,0,1,0,0,-50,0
440.00,31,0,0,1,0,0,-50,0
440.00,31,0,0,1,0,0,-50,0
440.00,31,0,0,1,0,0,-50,0
440.00,31,0,0,1,0,0,-50,0
440.00,31,0,0,1,0,0,-50,0
440.00,31,0,0,1,0,0,-50,0
440.00,31,0,0,1,0,0,-200,0
440.00,31,0,0,1,0,0,-200,0
440.00,31,0,0,1,0,0,-200,0
440.00,31,0,0,1,0,0,-200,0
440.00,31,0,0,1,0,0,-200,0
440.00,31,0,0,1,0,0,-200,0
441.00,31,0,0,1,0,0,100,0
441.00,31,0,0,1,0,0,100,0
441.00,31,0,0,1,0,0,100,0
441.00,31,0,0,1,0,0,100,0
441.00,31,0,0,1,0,0,100,0
441.00,31,0,0,1,0,0,100,0
441.00,31,0,0,1,0,0,167,0
441.00,31,0,0,1,0,0,167,0
441.00,31,0,0,1,0,0,167,0
441.00,31,0,0,1,0,0,167,0
441.00,31,0,0,1,0,0,167,0
441.00,17,0,0,1,0,0,100,0
441.00,17,0,0,1,0,0,100,0
441.00,17,0,0,1,0,0,100,0
441.00,17,0,0,1,0,0,100,0
441.00,17,0,0,1,0,0,100,0
441.00,17,0,0,1,0,0,100,0
441.00,17,0,0,1,0,0,100,0
441.00,17,0,0,1,0,0,100,0
441.20,31,0,0,1,0,0,550,0
441.20,31,0,0,1,0,0,550,0
441.20,31,0,0,1,0,0,550,0
441.20,31,0,0,1,0,0,550,0
441.20,31,0,0,1,0,0,550,0
441.20,31,0,0,1,0,0,550,0
441.20,31,0,0,1,0,0,550,0
442.00,31,0,0,1,0,0,173,0
442.00,31,0,0,1,0,0,173,0
442.00,31,0,0,1,0,0,173,0
442.00,31,0,0,1,0,0,173,0
442.00,31,0,0,1,0,0,173,0
442.00,31,0,0,1,0,0,173,0
442.00,31,0,0,1,0,0,173,0
442.00,31,0,0,1,0,0,173,0
442.00,31,0,0,1,0,0,173,0
442.00,31,0,0,1,0,0,173,0
442.00,45,0,0,1,0,0,-405,0
442.00,45,1,0,1,0,0,-405,0
442.00,45,0,0,1,0,0,-405,0
443.00,31,0,0,1,0,0,200,0
443.00,31,0,0,1,0,0,200,0
443.00,31,0,0,1,0,0,200,0
443.00,31,0,0,1,0,0,200,0
443.00,31,0,0,1,0,0,200,0
443.00,31,0,0,1,0,0,200,0
443.00,31,0,0,1,0,0,200,0
443.00,31,0,0,1,0,0,200,0
443.00,31,0,0,1,0,0,200,0
443.00,31,0,0,1,0,0,200,0
443.00,31,0,0,1,0,0,200,0
443.00,31,0,0,1,0,0,200,0
443.00,17,0,0,1,0,0,100,0
443.00,17,0,0,1,0,0,100,0
443.00,17,0,0,1,0,0,100,0
443.00,17,0,0,1,0,0,100,0
443.00,17,0,0,1,0,0,100,0
443.00,17,0,0,1,0,0,100,0
443.00,17,0,0,1,0,0,100,0
443.00,17,0,0,1,0,0,100,0
443.00,17,0,0,1,0,0,100,0
443.00,17,0,0,1,0,0,100,0
443.00,17,0,0,1,0,0,100,0
443.00,17,0,0,1,0,0,100,0
443.00,17,0,0,1,0,0,100,0
443.00,17,0,0,1,0,0,100,0
443.00,17,0,0,1,0,0,100,0
443.00,17,0,0,1,0,0,100,0
444.00,45,0,0,1,0,0,-405,0
444.00,45,1,0,1,0,0,-405,0
444.00,45,0,0,1,0,0,-405,0
444.50,31,1,0,1,0,0,134,0
444.50,31,0,0,1,0,0,134,0
445.00,31,0,0,1,0,0,100,0
445.00,31,0,0,1,0,0,100,0
445.00,31,0,0,1,0,0,100,0
445.00,31,0,0,1,0,0,100,0
445.00,31,0,0,1,0,0,100,0
445.00,31,0,0,1,0,0,100,0
445.00,31,0,0,1,0,0,600,0
445.00,31,0,0,1,0,0,600,0
445.00,31,0,0,1,0,0,600,0
445.00,31,0,0,1,0,0,600,0
445.00,31,0,0,1,0,0,600,0
445.00,31,0,0,1,0,0,600,0
445.00,31,0,0,1,0,0,600,0
445.00,31,0,0,1,0,0,600,0
445.00,31,0,0,1,0,0,600,0
445.00,17,0,0,1,0,0,100,0
445.00,17,0,0,1,0,0,100,0
445.00,17,0,0,1,0,0,100,0
445.00,17,0,0,1,0,0,100,0
445.00,17,0,0,1,0,0,100,0
445.00,17,0,0,1,0,0,100,0
445.00,17,0,0,1,0,0,100,0
445.00,17,0,0,1,0,0,100,0
445.00,17,0,0,1,0,0,100,0
445.00,17,0,0,1,0,0,100,0
445.00,17,0,0,1,0,0,100,0
445.00,17,0,0,1,0,0,100,0
445.00,17,0,0,1,0,0,100,0
445.00,17,0,0,1,0,0,100,0
445.00,17,0,0,1,0,0,100,0
445.00,17,0,0,1,0,0,100,0
445.00,31,0,0,1,0,0,550,0
445.00,31,0,0,1,0,0,550,0
445.00,31,0,0,1,0,0,550,0
445.00,31,0,0,1,0,0,550,0
445.00,31,0,0,1,0,0,550,0
445.00,31,0,0,1,0,0,550,0
445.00,31,0,0,1,0,0,550,0
445.00,31,0,0,1,0,0,550,0
445.00,31,0,0,1,0,0,550,0
445.00,31,0,0,1,0,0,550,0
445.00,31,0,0,1,0,0,550,0
446.00,17,0,0,1,0,0,667,0
446.00,17,0,0,1,0,0,667,0
446.00,17,0,0,1,0,0,667,0
446.00,31,0,0,1,0,0,784,0
446.00,31,0,0,1,0,0,784,0
446.00,31,0,0,1,0,0,784,0
446.00,31,0,0,1,0,0,784,0
446.00,31,0,0,1,0,0,784,0
446.00,31,0,0,1,0,0,784,0
446.00,21,0,0,1,0,0,50,0
446.00,21,0,0,1,0,0,50,0
446.00,21,0,0,1,0,0,50,0
446.00,21,0,0,1,0,0,50,0
446.00,21,0,0,1,0,0,50,0
446.00,21,0,0,1,0,0,50,0
446.00,21,0,0,1,0,0,50,0
447.00,31,0,0,1,0,0,550,0
447.00,31,0,0,1,0,0,550,0
447.00,31,0,0,1,0,0,550,0
447.00,31,0,0,1,0,0,550,0
447.00,31,0,0,1,0,0,550,0
447.00,31,0,0,1,0,0,550,0
447.00,31,0,0,1,0,0,550,0
447.00,31,0,0,1,0,0,550,0
447.00,31,0,0,1,0,0,550,0
447.00,31,0,0,1,0,0,550,0
447.00,31,0,0,1,0,0,550,0
447.00,31,0,0,1,0,0,-200,0
447.00,31,0,0,1,0,0,-200,0
447.00,31,0,0,1,0,0,-200,0
447.00,31,0,0,1,0,0,-200,0
447.00,31,0,0,1,0,0,-200,0
447.00,31,0,0,1,0,0,-200,0
448.00,17,0,0,1,0,0,650,0
448.00,17,0,0,1,0,0,650,0
448.00,17,0,0,1,0,0,650,0
448.00,17,0,0,1,0,0,650,0
448.00,31,0,0,1,0,0,550,0
448.00,31,0,0,1,0,0,550,0
448.00,31,0,0,1,0,0,550,0
448.00,31,0,0,1,0,0,550,0
448.00,31,0,0,1,0,0,550,0
448.00,31,0,0,1,0,0,550,0
448.00,31,0,0,1,0,0,550,0
448.00,31,0,0,1,0,0,550,0
448.00,31,0,0,1,0,0,550,0
448.00,31,0,0,1,0,0,550,0
448.00,31,0,0,1,0,0,550,0
449.00,17,0,0,1,0,0,100,0
449.00,17,0,0,1,0,0,100,0
449.00,17,0,0,1,0,0,100,0
449.00,17,0,0,1,0,0,100,0
449.00,17,0,0,1,0,0,100,0
449.00,17,0,0,1,0,0,100,0
449.00,17,0,0,1,0,0,100,0
449.00,17,0,0,1,0,0,100,0
449.00,31,0,0,1,0,0,550,0
449.00,31,0,0,1,0,0,550,0
449.00,31,0,0,1,0,0,550,0
449.00,31,0,0,1,0,0,550,0
449.00,31,0,0,1,0,0,550,0
449.00,31,0,0,1,0,0,550,0
449.00,31,0,0,1,0,0,550,0
449.00,31,0,0,1,0,0,550,0
449.00,31,0,0,1,0,0,550,0
449.00,31,0,0,1,0,0,550,0
449.00,31,0,0,1,0,0,550,0
449.00,31,0,0,1,0,0,550,0
450.00,17,0,0,1,0,0,100,0
450.00,17,0,0,1,0,0,100,0
450.00,17,0,0,1,0,0,100,0
450.00,17,0,0,1,0,0,100,0
450.00,17,0,0,1,0,0,100,0
450.00,17,0,0,1,0,0,100,0
450.00,17,0,0,1,0,0,100,0
450.00,17,0,0,1,0,0,100,0
450.00,45,0,0,1,0,0,-405,0
450.00,45,1,0,1,0,0,-405,0
450.00,45,0,0,1,0,0,-405,0
450.00,45,1,0,1,0,0,-405,0
450.00,45,0,0,1,0,0,-405,0
450.00,45,1,0,1,0,0,-365,0
450.00,45,0,0,1,0,0,-405,0
450.00,45,1,0,1,0,0,-405,0
450.00,45,0,0,1,0,0,-405,0
451.00,31,0,0,1,0,0,167,0
451.00,31,0,0,1,0,0,167,0
451.00,31,0,0,1,0,0,167,0
451.00,31,0,0,1,0,0,167,0
451.00,31,0,0,1,0,0,167,0
451.00,45,0,0,1,0,0,-405,0
451.00,45,1,0,1,0,0,-405,0
451.00,45,0,0,1,0,0,-405,0
452.00,31,0,0,1,0,0,550,0
452.00,31,0,0,1,0,0,550,0
452.00,31,0,0,1,0,0,550,0
452.00,31,0,0,1,0,0,550,0
452.00,31,0,0,1,0,0,550,0
452.00,31,0,0,1,0,0,550,0
452.00,31,0,0,1,0,0,550,0
452.00,31,0,0,1,0,0,550,0
452.00,31,0,0,1,0,0,550,0
452.00,31,0,0,1,0,0,550,0
452.00,31,0,0,1,0,0,550,0
452.00,31,0,0,1,0,0,550,0
452.00,21,0,0,1,0,0,50,0
452.00,21,0,0,1,0,0,50,0
452.00,21,0,0,1,0,0,50,0
452.00,21,0,0,1,0,0,50,0
452.00,21,0,0,1,0,0,50,0
452.00,21,0,0,1,0,0,50,0
452.00,21,0,0,1,0,0,50,0
452.00,9,0,0,1,0,0,340,0
452.00,9,0,0,1,0,0,340,0
452.00,9,0,0,1,0,0,340,0
452.00,9,0,0,1,0,0,340,0
453.00,31,0,0,1,0,0,100,0
453.00,31,0,0,1,0,0,100,0
453.00,31,0,0,1,0,0,100,0
453.00,31,0,0,1,0,0,100,0
453.00,31,0,0,1,0,0,100,0
453.00,31,0,0,1,0,0,100,0
455.00,31,0,0,1,0,0,167,0
455.00,31,0,0,1,0,0,167,0
455.00,31,0,0,1,0,0,167,0
455.00,31,0,0,1,0,0,167,0
455.00,31,0,0,1,0,0,167,0
456.00,31,0,0,1,0,0,550,0
456.00,31,0,0,1,0,0,550,0
456.00,31,0,0,1,0,0,550,0
456.00,31,0,0,1,0,0,550,0
456.00,31,0,0,1,0,0,550,0
456.00,31,0,0,1,0,0,550,0
456.00,31,0,0,1,0,0,550,0
456.00,31,0,0,1,0,0,550,0
456.00,31,0,0,1,0,0,550,0
456.00,31,0,0,1,0,0,550,0
456.00,31,0,0,1,0,0,550,0
456.00,31,0,0,1,0,0,550,0
457.00,17,0,0,1,0,0,100,0
457.00,17,0,0,1,0,0,100,0
457.00,17,0,0,1,0,0,100,0
457.00,17,0,0,1,0,0,100,0
457.00,17,0,0,1,0,0,100,0
457.00,17,0,0,1,0,0,100,0
457.00,17,0,0,1,0,0,100,0
457.00,17,0,0,1,0,0,100,0
457.00,31,0,0,1,0,0,550,0
457.00,31,0,0,1,0,0,550,0
457.00,31,0,0,1,0,0,550,0
457.00,31,0,0,1,0,0,550,0
457.00,31,0,0,1,0,0,550,0
457.00,31,0,0,1,0,0,550,0
457.00,31,0,0,1,0,0,550,0
457.00,31,0,0,1,0,0,550,0
457.00,31,0,0,1,0,0,550,0
457.00,31,0,0,1,0,0,550,0
457.00,31,0,0,1,0,0,550,0
457.00,31,0,0,1,0,0,550,0
458.00,17,0,0,1,0,0,173,0
458.00,17,0,0,1,0,0,173,0
458.00,17,0,0,1,0,0,173,0
458.00,17,0,0,1,0,0,173,0
458.00,17,0,0,1,0,0,173,0
458.00,17,0,0,1,0,0,173,0
458.00,17,0,0,1,0,0,173,0
458.00,17,0,0,1,0,0,173,0
458.00,17,0,0,1,0,0,173,0
458.00,17,0,0,1,0,0,173,0
458.00,17,0,0,1,0,0,173,0
458.00,17,0,0,1,0,0,100,0
458.00,17,0,0,1,0,0,100,0
458.00,17,0,0,1,0,0,100,0
458.00,17,0,0,1,0,0,100,0
458.00,17,0,0,1,0,0,100,0
458.00,17,0,0,1,0,0,100,0
458.00,17,0,0,1,0,0,100,0
458.00,17,0,0,1,0,0,100,0
458.00,45,0,0,1,0,0,-405,0
458.00,45,1,0,1,0,0,-405,0
458.00,45,0,0,1,0,0,-405,0
460.00,31,0,0,1,0,0,550,0
460.00,31,0,0,1,0,0,550,0
460.00,31,0,0,1,0,0,550,0
460.00,31,0,0,1,0,0,550,0
460.00,31,0,0,1,0,0,550,0
460.00,31,0,0,1,0,0,550,0
460.00,31,0,0,1,0,0,550,0
460.00,31,0,0,1,0,0,550,0
460.00,31,0,0,1,0,0,550,0
460.00,31,0,0,1,0,0,550,0
460.00,31,0,0,1,0,0,550,0
460.00,31,0,0,1,0,0,550,0
467.00,45,0,0,1,0,0,-405,0
467.00,45,1,0,1,0,0,-405,0
467.00,45,0,0,1,0,0,-405,0
468.00,31,0,0,1,0,0,100,0
468.00,31,0,0,1,0,0,100,0
468.00,31,0,0,1,0,0,100,0
468.00,31,0,0,1,0,0,100,0
468.00,31,0,0,1,0,0,100,0
468.00,31,0,0,1,0,0,100,0
470.00,17,0,0,1,0,0,650,0
470.00,17,0,0,1,0,0,650,0
470.00,17,0,0,1,0,0,650,0
470.00,17,0,0,1,0,0,650,0
470.00,45,0,0,1,0,0,-405,0
470.00,45,1,0,1,0,0,-405,0
470.00,45,0,0,1,0,0,-405,0
470.00,31,0,0,1,0,0,550,0
470.00,31,0,0,1,0,0,550,0
470.00,31,0,0,1,0,0,550,0
470.00,31,0,0,1,0,0,550,0
470.00,31,0,0,1,0,0,550,0
470.00,31,0,0,1,0,0,550,0
470.00,31,0,0,1,0,0,550,0
470.00,31,0,0,1,0,0,550,0
470.00,31,0,0,1,0,0,550,0
470.00,31,0,0,1,0,0,550,0
470.00,31,0,0,1,0,0,550,0
473.00,31,0,0,1,0,0,550,0
473.00,31,0,0,1,0,0,550,0
473.00,31,0,0,1,0,0,550,0
473.00,31,0,0,1,0,0,550,0
473.00,31,0,0,1,0,0,550,0
473.00,31,0,0,1,0,0,550,0
473.00,31,0,0,1,0,0,550,0
473.00,31,0,0,1,0,0,550,0
473.00,31,0,0,1,0,0,550,0
473.00,31,0,0,1,0,0,550,0
473.00,31,0,0,1,0,0,550,0
473.00,31,0,0,1,0,0,550,0
474.00,45,0,0,1,0,0,-405,0
474.00,45,1,0,1,0,0,-405,0
474.00,45,0,0,1,0,0,-405,0
478.00,45,0,0,1,0,0,-405,0
478.00,45,1,0,1,0,0,-405,0
478.00,45,0,0,1,0,0,-405,0
480.00,45,0,0,1,0,0,-405,0
480.00,45,1,0,1,0,0,-405,0
480.00,45,0,0,1,0,0,-405,0
483.00,17,0,0,1,0,0,100,0
483.00,17,0,0,1,0,0,100,0
483.00,17,0,0,1,0,0,100,0
483.00,17,0,0,1,0,0,100,0
483.00,17,0,0,1,0,0,100,0
483.00,17,0,0,1,0,0,100,0
483.00,17,0,0,1,0,0,100,0
483.00,17,0,0,1,0,0,100,0
487.00,31,0,0,1,0,0,100,0
487.00,31,0,0,1,0,0,100,0
487.00,31,0,0,1,0,0,100,0
487.00,31,0,0,1,0,0,100,0
487.00,31,0,0,1,0,0,100,0
487.00,31,0,0,1,0,0,100,0
497.00,31,0,0,1,0,0,550,0
497.00,31,0,0,1,0,0,550,0
497.00,31,0,0,1,0,0,550,0
497.00,31,0,0,1,0,0,550,0
497.00,31,0,0,1,0,0,550,0
497.00,31,0,0,1,0,0,550,0
497.00,31,0,0,1,0,0,550,0
497.00,31,0,0,1,0,0,550,0
497.00,31,0,0,1,0,0,550,0
497.00,31,0,0,1,0,0,550,0
497.00,31,0,0,1,0,0,550,0
497.00,31,0,0,1,0,0,550,0
438.67,13,0,0,1,0,0,-425,0
438.67,13,0,0,1,0,0,-425,0
438.67,13,0,0,1,0,0,-425,0
438.67,13,0,0,1,0,0,-425,0
438.67,13,0,0,1,0,0,-425,0
438.67,13,0,0,1,0,0,-425,0
438.67,13,0,0,1,0,0,-425,0
438.67,13,0,0,1,0,0,-425,0
438.67,13,0,0,1,0,0,-425,0
438.67,13,0,0,1,0,0,-425,0
438.75,13,0,0,1,0,0,-425,0
437.64,13,0,0,1,0,0,-425,0
437.72,13,0,0,1,0,0,-425,0
438.17,13,0,0,1,0,0,-425,0
438.55,13,0,0,1,0,0,-425,0
435.01,13,0,0,1,0,0,-425,0
436.11,13,0,0,1,0,0,-425,0
437.76,13,0,0,1,0,0,-425,0
433.87,13,0,0,1,0,0,-425,0
380.50,9,0,0,1,0,0,-550,0
380.50,9,0,0,1,0,0,-550,0
380.50,9,0,0,1,0,0,-550,0
380.50,9,0,0,1,0,0,-550,0
380.50,9,0,0,1,0,0,-550,0
380.50,9,0,0,1,0,0,-550,0
380.50,9,0,0,1,0,0,-550,0
380.50,9,0,0,1,0,0,-550,0
434.01,31,0,0,1,0,0,339,0
434.01,31,1,0,1,0,0,339,0
434.01,31,1,0,1,0,0,339,0
434.01,31,1,0,1,0,0,339,0
434.01,31,1,0,1,0,0,339,0
434.01,31,1,0,1,0,0,339,0
434.01,31,1,0,1,0,0,339,0
434.01,31,1,0,1,0,0,339,0
434.01,31,1,0,1,0,0,339,0
434.01,31,1,0,1,0,0,339,0
434.01,31,1,0,1,0,0,339,0
434.01,31,1,0,1,0,0,339,0
434.01,31,1,0,1,0,0,339,0
434.01,31,0,0,1,0,0,339,0
435.07,31,1,0,1,0,0,350,0
435.07,31,3,0,1,0,0,350,0
435.07,31,3,0,1,0,0,350,0
435.07,31,3,0,1,0,0,350,0
435.07,31,3,0,1,0,0,350,0
435.07,31,3,0,1,0,0,350,0
435.07,31,3,0,1,0,0,350,0
435.07,31,2,0,1,0,0,350,0
439.30,2,2,0,1,0,0,139,0
439.30,2,2,0,1,0,0,139,0
439.30,2,2,0,1,0,0,139,0
439.30,2,2,0,1,0,0,139,0
439.30,2,2,0,1,0,0,139,0
439.30,2,2,0,1,0,0,139,0
439.30,2,2,0,1,0,0,139,0
439.30,2,2,0,1,0,0,139,0
439.30,2,2,0,1,0,0,139,0
439.30,2,2,0,1,0,0,139,0
439.30,2,2,0,1,0,0,139,0
439.30,2,1,0,1,0,0,139,0
442.00,21,0,0,1,0,0,300,0
442.00,21,2,0,1,0,0,300,0
442.00,21,2,0,1,0,0,300,0
442.00,21,2,0,1,0,0,300,0
442.00,21,2,0,1,0,0,300,0
442.00,21,1,0,1,0,0,300,0
443.08,21,0,0,1,0,0,300,0
443.08,21,2,0,1,0,0,300,0
443.08,21,2,0,1,0,0,300,0
443.08,21,2,0,1,0,0,300,0
443.08,21,2,0,1,0,0,300,0
443.08,21,1,0,1,0,0,300,0
451.56,31,0,0,1,0,0,350,0
451.56,31,1,0,1,0,0,350,0
451.56,31,1,0,1,0,0,350,0
451.56,31,1,0,1,0,0,350,0
451.56,31,1,0,1,0,0,350,0
451.56,31,1,0,1,0,0,350,0
451.56,31,1,0,1,0,0,350,0
451.56,31,1,0,1,0,0,350,0
400.49,1,0,0,0,1,0,350,0
400.29,1,0,0,0,1,0,350,0
401.29,1,0,0,0,1,0,350,0
401.53,1,0,0,0,1,0,350,0
439.84,1,0,0,0,1,0,484,0
440.08,1,0,0,0,1,0,484,0
440.67,1,0,0,0,1,0,484,0
440.87,1,0,0,0,1,0,484,0
441.49,1,0,0,0,1,0,484,0
441.73,1,0,0,0,1,0,484,0
439.88,41,1,0,0,1,0,405,0
440.88,41,0,0,0,1,0,405,0
442.41,41,0,0,0,1,0,192,0
441.72,41,0,0,0,1,0,192,0
447.48,41,0,0,0,1,0,192,0
448.47,41,0,0,0,1,0,192,0
447.77,41,0,0,0,1,0,192,0
447.74,41,0,0,0,1,0,192,0
447.54,41,0,0,0,1,0,192,0
448.55,41,0,0,0,1,0,192,0
448.79,41,0,0,0,1,0,192,0
404.61,1,0,0,0,1,0,350,0
403.91,1,0,0,0,1,0,350,0
404.91,1,0,0,0,1,0,350,0
404.97,1,0,0,0,1,0,350,0
408.52,1,0,0,0,1,0,284,0
407.82,1,0,0,0,1,0,284,0
407.29,1,0,0,0,1,0,284,0
406.60,1,0,0,0,1,0,284,0
407.59,1,0,0,0,1,0,284,0
407.65,1,0,0,0,1,0,284,0
415.01,1,0,0,0,1,0,484,0
415.07,1,0,0,0,1,0,484,0
415.87,1,0,0,0,1,0,484,0
415.99,1,0,0,0,1,0,484,0
416.52,1,0,0,0,1,0,484,0
416.65,1,0,0,0,1,0,484,0
427.78,40,0,0,0,1,0,450,0
428.58,40,1,0,0,1,0,450,0
431.74,41,0,0,0,1,0,405,0
431.80,41,1,0,0,1,0,405,0
432.60,41,0,0,0,1,0,405,0
439.31,1,0,0,0,1,0,600,0
439.43,1,0,0,0,1,0,600,0
439.97,1,0,0,0,1,0,600,0
440.10,1,0,0,0,1,0,600,0
439.60,1,0,0,0,1,0,600,0
439.41,1,0,0,0,1,0,600,0
436.44,1,0,0,0,1,0,50,0
431.31,1,0,0,0,1,0,50,0
431.99,1,0,0,0,1,0,50,0
438.03,1,0,0,0,1,0,50,0
439.86,40,0,0,0,1,0,450,0
440.65,40,1,0,0,1,0,450,0
441.14,42,0,0,0,1,0,500,0
441.20,42,0,0,0,1,0,500,0
441.99,42,0,0,0,1,0,500,0
442.12,42,0,0,0,1,0,500,0
442.65,42,0,0,0,1,0,500,0
442.78,42,0,0,0,1,0,500,0
442.67,42,0,0,0,1,0,650,0
442.79,42,0,0,0,1,0,650,0
443.32,42,0,0,0,1,0,650,0
443.45,42,0,0,0,1,0,650,0
442.96,42,0,0,0,1,0,650,0
442.77,42,0,0,0,1,0,650,0
442.65,42,0,0,0,1,0,650,0
442.74,42,0,0,0,1,0,650,0
446.09,1,0,0,0,1,0,-300,0
446.09,1,0,0,0,1,0,-300,0
443.75,1,0,0,0,1,0,-300,0
443.23,1,0,0,0,1,0,-300,0
442.38,1,0,0,0,1,0,-300,0
442.52,1,0,0,0,1,0,-300,0
442.44,1,0,0,0,1,0,-300,0
443.82,1,0,0,0,1,0,-300,0
440.59,1,0,0,0,1,0,-300,0
441.98,1,0,0,0,1,0,-300,0
445.14,41,0,0,0,1,0,700,0
445.30,41,0,0,0,1,0,700,0
444.80,41,0,0,0,1,0,700,0
444.57,41,0,0,0,1,0,700,0
444.54,41,0,0,0,1,0,700,0
444.47,41,0,0,0,1,0,700,0
446.77,41,0,0,0,1,0,700,0
446.93,41,0,0,0,1,0,700,0
446.43,41,0,0,0,1,0,700,0
446.20,41,0,0,0,1,0,700,0
446.17,41,0,0,0,1,0,700,0
446.10,41,0,0,0,1,0,700,0
450.34,41,0,0,0,1,0,750,0
450.15,41,0,0,0,1,0,750,0
450.03,41,0,0,0,1,0,750,0
451.39,41,0,0,0,1,0,650,0
451.51,41,0,0,0,1,0,650,0
452.04,41,0,0,0,1,0,650,0
452.17,41,0,0,0,1,0,650,0
451.68,41,0,0,0,1,0,650,0
451.49,41,0,0,0,1,0,650,0
451.37,41,0,0,0,1,0,650,0
451.46,41,0,0,0,1,0,650,0
452.80,40,0,0,0,1,0,-638,0
452.80,40,0,0,0,1,0,-638,0
452.80,40,0,0,0,1,0,-638,0
452.80,40,0,0,0,1,0,-638,0
452.80,40,0,0,0,1,0,-638,0
452.80,40,0,0,0,1,0,-638,0
452.80,40,0,0,0,1,0,-638,0
452.80,40,0,0,0,1,0,-638,0
454.07,41,0,0,0,1,0,750,0
453.88,41,0,0,0,1,0,750,0
453.76,41,0,0,0,1,0,750,0
453.85,41,0,0,0,1,0,750,0
461.95,42,0,0,0,1,0,750,0
461.77,42,0,0,0,1,0,750,0
461.64,42,0,0,0,1,0,750,0
461.73,42,0,0,0,1,0,750,0
476.20,41,0,0,0,1,0,609,0
476.33,41,1,0,0,1,0,609,0
475.83,41,0,0,0,1,0,609,0
401.65,1,0,0,0,1,0,250,0
402.64,1,1,0,0,1,0,250,0
415.96,34,0,0,0,1,0,-350,0
415.25,34,0,0,0,1,0,-350,0
413.43,34,0,0,0,1,0,-350,0
418.89,41,0,0,0,1,0,300,0
419.49,41,0,0,0,1,0,300,0
419.97,41,0,0,0,1,0,300,0
419.99,41,0,0,0,1,0,300,0
420.62,41,0,0,0,1,0,300,0
420.66,41,0,0,0,1,0,300,0
422.53,1,0,0,0,1,0,-90,0
422.21,1,0,0,0,1,0,-90,0
422.34,1,0,0,0,1,0,-90,0
421.50,1,0,0,0,1,0,-90,0
417.26,1,0,0,0,1,0,-90,0
418.37,1,0,0,0,1,0,-90,0
420.67,1,0,0,0,1,0,-90,0
417.31,1,0,0,0,1,0,-90,0
416.44,1,0,0,0,1,0,-90,0
418.02,1,0,0,0,1,0,-90,0
423.48,1,0,0,0,1,0,200,0
422.64,1,0,0,0,1,0,200,0
418.40,1,0,0,0,1,0,200,0
419.51,1,0,0,0,1,0,200,0
421.81,1,0,0,0,1,0,200,0
418.45,1,0,0,0,1,0,200,0
417.58,1,0,0,0,1,0,200,0
419.15,1,0,0,0,1,0,200,0
419.18,1,0,0,0,1,0,200,0
420.57,1,0,0,0,1,0,200,0
421.57,1,0,0,0,1,0,200,0
421.90,1,0,0,0,1,0,200,0
422.64,1,0,0,0,1,0,200,0
422.73,1,0,0,0,1,0,200,0
423.56,1,0,0,0,1,0,200,0
423.42,1,0,0,0,1,0,200,0
423.37,1,0,0,0,1,0,200,0
423.48,1,0,0,0,1,0,200,0
426.89,40,0,0,0,1,0,713,0
426.25,40,0,0,0,1,0,713,0
426.12,40,0,0,0,1,0,713,0
426.10,40,0,0,0,1,0,713,0
426.27,40,0,0,0,1,0,713,0
428.11,40,1,0,0,1,0,450,0
427.98,40,0,0,0,1,0,450,0
430.38,41,0,0,0,1,0,650,0
430.25,41,0,0,0,1,0,650,0
430.20,41,0,0,0,1,0,650,0
430.31,41,0,0,0,1,0,650,0
429.66,41,0,0,0,1,0,650,0
429.53,41,0,0,0,1,0,650,0
429.52,41,0,0,0,1,0,650,0
429.68,41,0,0,0,1,0,650,0
431.32,41,0,0,0,1,0,650,0
431.21,41,0,0,0,1,0,650,0
431.27,41,0,0,0,1,0,650,0
431.36,41,0,0,0,1,0,650,0
430.75,41,0,0,0,1,0,650,0
430.60,41,0,0,0,1,0,650,0
430.56,41,0,0,0,1,0,650,0
430.62,41,0,0,0,1,0,650,0
432.50,41,0,0,0,1,0,650,0
432.39,41,0,0,0,1,0,650,0
432.46,41,0,0,0,1,0,650,0
432.54,41,0,0,0,1,0,650,0
431.93,41,0,0,0,1,0,650,0
431.78,41,0,0,0,1,0,650,0
431.75,41,0,0,0,1,0,650,0
431.81,41,0,0,0,1,0,650,0
430.61,42,0,0,0,1,0,434,0
430.69,42,0,0,0,1,0,434,0
431.52,42,0,0,0,1,0,434,0
431.39,42,0,0,0,1,0,434,0
432.79,42,0,0,0,1,0,567,0
432.87,42,0,0,0,1,0,567,0
433.00,42,0,0,0,1,0,567,0
432.39,42,0,0,0,1,0,567,0
435.37,1,0,0,0,1,0,-400,0
435.37,1,0,0,0,1,0,-400,0
438.73,1,0,0,0,1,0,-400,0
438.02,1,0,0,0,1,0,-400,0
436.19,1,0,0,0,1,0,-400,0
435.87,1,0,0,0,1,0,-400,0
437.71,41,1,0,0,1,0,405,0
437.79,41,0,0,0,1,0,405,0
437.21,1,0,0,0,1,0,600,0
437.08,1,0,0,0,1,0,600,0
437.02,1,0,0,0,1,0,600,0
437.14,1,0,0,0,1,0,600,0
436.49,1,0,0,0,1,0,600,0
436.36,1,0,0,0,1,0,600,0
447.38,41,0,0,0,1,0,300,0
447.98,41,0,0,0,1,0,300,0
448.46,41,0,0,0,1,0,300,0
448.48,41,0,0,0,1,0,300,0
449.11,41,0,0,0,1,0,300,0
449.15,41,0,0,0,1,0,300,0
435.17,42,0,0,0,1,0,650,0
435.06,42,0,0,0,1,0,650,0
435.12,42,0,0,0,1,0,650,0
435.21,42,0,0,0,1,0,650,0
434.60,42,0,0,0,1,0,650,0
434.45,42,0,0,0,1,0,650,0
434.42,42,0,0,0,1,0,650,0
434.47,42,0,0,0,1,0,650,0
440.85,42,0,0,0,1,0,550,0
440.94,42,0,0,0,1,0,550,0
441.77,42,0,0,0,1,0,550,0
441.63,42,0,0,0,1,0,550,0
441.58,42,0,0,0,1,0,550,0
441.69,42,0,0,0,1,0,550,0
441.05,42,0,0,0,1,0,550,0
440.91,42,0,0,0,1,0,550,0
441.99,41,0,0,0,1,0,450,0
442.07,41,0,0,0,1,0,450,0
442.90,41,0,0,0,1,0,450,0
442.77,41,0,0,0,1,0,450,0
445.18,41,0,0,0,1,0,650,0
445.05,41,0,0,0,1,0,650,0
444.99,41,0,0,0,1,0,650,0
445.10,41,0,0,0,1,0,650,0
444.46,41,0,0,0,1,0,650,0
444.33,41,0,0,0,1,0,650,0
444.32,41,0,0,0,1,0,650,0
444.48,41,0,0,0,1,0,650,0
444.06,42,0,0,0,1,0,300,0
444.65,42,0,0,0,1,0,300,0
445.14,42,0,0,0,1,0,300,0
445.15,42,0,0,0,1,0,300,0
445.78,42,0,0,0,1,0,300,0
445.83,42,0,0,0,1,0,300,0
444.85,1,0,0,0,1,0,250,0
445.84,1,1,0,0,1,0,250,0
442.30,41,0,0,0,1,0,405,0
442.38,41,1,0,0,1,0,405,0
448.60,41,0,0,0,1,0,650,0
448.46,41,0,0,0,1,0,650,0
448.41,41,0,0,0,1,0,650,0
448.52,41,0,0,0,1,0,650,0
447.88,41,0,0,0,1,0,650,0
447.74,41,0,0,0,1,0,650,0
447.73,41,0,0,0,1,0,650,0
447.89,41,0,0,0,1,0,650,0
450.99,41,0,0,0,1,0,405,0
451.03,41,1,0,0,1,0,405,0
449.57,40,0,0,0,1,0,755,0
449.44,40,0,0,0,1,0,755,0
449.43,40,0,0,0,1,0,755,0
449.59,40,0,0,0,1,0,755,0
451.25,41,0,0,0,1,0,700,0
451.36,41,0,0,0,1,0,700,0
450.72,41,0,0,0,1,0,700,0
450.59,41,0,0,0,1,0,700,0
450.57,41,0,0,0,1,0,700,0
452.01,41,0,0,0,1,0,650,0
451.88,41,0,0,0,1,0,650,0
451.82,41,0,0,0,1,0,650,0
451.93,41,0,0,0,1,0,650,0
451.29,41,0,0,0,1,0,650,0
451.15,41,0,0,0,1,0,650,0
451.14,41,0,0,0,1,0,650,0
451.31,41,0,0,0,1,0,650,0
453.15,41,0,0,0,1,0,650,0
453.02,41,0,0,0,1,0,650,0
452.96,41,0,0,0,1,0,650,0
453.07,41,0,0,0,1,0,650,0
452.43,41,0,0,0,1,0,650,0
452.29,41,0,0,0,1,0,650,0
452.28,41,0,0,0,1,0,650,0
452.44,41,0,0,0,1,0,650,0
454.21,42,0,0,0,1,0,725,0
453.57,42,0,0,0,1,0,725,0
453.43,42,0,0,0,1,0,725,0
453.42,42,0,0,0,1,0,725,0
454.52,41,0,0,0,1,0,405,0
454.60,41,1,0,0,1,0,405,0
456.56,41,0,0,0,1,0,650,0
456.43,41,0,0,0,1,0,650,0
456.37,41,0,0,0,1,0,650,0
456.48,41,0,0,0,1,0,650,0
455.84,41,0,0,0,1,0,650,0
455.71,41,0,0,0,1,0,650,0
455.70,41,0,0,0,1,0,650,0
455.86,41,0,0,0,1,0,650,0
457.62,41,0,0,0,1,0,750,0
457.58,41,0,0,0,1,0,750,0
457.64,41,0,0,0,1,0,750,0
455.70,41,0,0,0,1,0,450,0
455.78,41,0,0,0,1,0,450,0
456.27,41,0,0,0,1,0,450,0
459.98,41,0,0,0,1,0,575,0
459.84,41,0,0,0,1,0,575,0
459.79,41,0,0,0,1,0,575,0
459.90,41,0,0,0,1,0,575,0
459.26,41,0,0,0,1,0,575,0
461.67,1,0,0,0,1,0,484,0
461.75,1,0,0,0,1,0,484,0
462.58,1,0,0,0,1,0,484,0
462.45,1,0,0,0,1,0,484,0
462.39,1,0,0,0,1,0,484,0
462.51,1,0,0,0,1,0,484,0
461.40,40,0,0,0,1,0,450,0
461.73,40,0,0,0,1,0,450,0
462.48,40,0,0,0,1,0,450,0
462.56,40,0,0,0,1,0,450,0
463.39,40,0,0,0,1,0,450,0
463.26,40,0,0,0,1,0,450,0
463.20,40,0,0,0,1,0,450,0
463.31,40,0,0,0,1,0,450,0
463.83,42,0,0,0,1,0,-638,0
463.83,42,0,0,0,1,0,-638,0
463.83,42,0,0,0,1,0,-638,0
463.83,42,0,0,0,1,0,-638,0
463.83,42,0,0,0,1,0,-638,0
463.83,42,0,0,0,1,0,-638,0
463.83,42,0,0,0,1,0,-638,0
463.83,42,0,0,0,1,0,-638,0
467.18,42,0,0,0,1,0,-638,0
466.19,42,0,0,0,1,0,650,0
466.08,42,0,0,0,1,0,650,0
466.15,42,0,0,0,1,0,650,0
466.23,42,0,0,0,1,0,650,0
465.62,42,0,0,0,1,0,650,0
465.48,42,0,0,0,1,0,650,0
465.44,42,0,0,0,1,0,650,0
465.50,42,0,0,0,1,0,650,0
470.38,38,0,0,0,1,0,-88,0
471.82,38,0,0,0,1,0,-88,0
474.31,38,0,0,0,1,0,-88,0
473.86,42,0,0,0,1,0,409,0
473.94,42,0,0,0,1,0,409,0
474.77,42,0,0,0,1,0,409,0
479.70,1,0,0,0,1,0,-350,0
478.99,1,0,0,0,1,0,-350,0
477.16,1,0,0,0,1,0,-350,0
476.85,1,0,0,0,1,0,-350,0
478.34,41,0,0,0,1,0,609,0
478.45,41,1,0,0,1,0,609,0
480.53,39,0,0,0,1,0,500,0
481.01,39,0,0,0,1,0,500,0
480.91,39,0,0,0,1,0,500,0
481.00,39,0,0,0,1,0,500,0
481.11,39,0,0,0,1,0,500,0
494.26,40,0,0,0,1,0,755,0
494.12,40,0,0,0,1,0,755,0
494.11,40,0,0,0,1,0,755,0
494.27,40,0,0,0,1,0,755,0
513.73,42,0,0,0,1,0,650,0
513.62,42,0,0,0,1,0,650,0
513.68,42,0,0,0,1,0,650,0
513.77,42,0,0,0,1,0,650,0
513.16,42,0,0,0,1,0,650,0
513.01,42,0,0,0,1,0,650,0
512.97,42,0,0,0,1,0,650,0
513.03,42,0,0,0,1,0,650,0
436.34,1,0,0,0,1,0,350,0
436.11,1,0,0,0,1,0,350,0
436.70,1,0,0,0,1,0,350,0
436.72,1,0,0,0,1,0,350,0
454.42,40,0,0,0,1,0,650,0
454.05,40,0,0,0,1,0,650,0
454.22,40,0,0,0,1,0,650,0
466.01,42,0,0,0,1,0,567,0
468.07,42,0,0,0,1,0,567,0
468.08,42,0,0,0,1,0,567,0
467.83,42,0,0,0,1,0,567,0
404.53,41,0,0,0,1,0,405,0
404.53,41,1,0,0,1,0,405,0
415.19,41,0,0,0,1,0,405,0
415.23,41,1,0,0,1,0,405,0
412.70,41,0,0,0,1,0,325,0
414.05,41,0,0,0,1,0,325,0
414.32,41,0,0,0,1,0,325,0
413.50,41,0,0,0,1,0,325,0
413.50,41,0,0,0,1,0,325,0
418.97,41,0,0,0,1,0,700,0
419.04,41,0,0,0,1,0,700,0
418.71,41,0,0,0,1,0,700,0
418.88,41,0,0,0,1,0,700,0
418.81,41,0,0,0,1,0,700,0
417.45,41,0,0,0,1,0,700,0
423.57,41,0,0,0,1,0,405,0
423.57,41,1,0,0,1,0,405,0
423.52,41,0,0,0,1,0,450,0
423.52,41,0,0,0,1,0,450,0
421.97,41,0,0,0,1,0,450,0
421.97,42,0,0,0,1,0,650,0
421.64,42,0,0,0,1,0,650,0
421.70,42,0,0,0,1,0,650,0
421.77,42,0,0,0,1,0,650,0
421.45,42,0,0,0,1,0,650,0
421.61,42,0,0,0,1,0,650,0
421.54,42,0,0,0,1,0,650,0
420.19,42,0,0,0,1,0,650,0
428.56,42,0,0,0,1,0,567,0
428.41,42,0,0,0,1,0,567,0
428.46,42,0,0,0,1,0,567,0
427.98,42,0,0,0,1,0,567,0
423.46,41,0,0,0,1,0,405,0
423.46,41,1,0,0,1,0,405,0
422.35,41,0,0,0,1,0,300,0
423.63,41,0,0,0,1,0,300,0
424.97,41,0,0,0,1,0,300,0
425.24,41,0,0,0,1,0,300,0
424.43,41,0,0,0,1,0,300,0
424.43,41,0,0,0,1,0,300,0
421.63,41,0,0,0,1,0,192,0
417.53,41,0,0,0,1,0,192,0
419.22,41,0,0,0,1,0,192,0
422.35,41,0,0,0,1,0,192,0
423.63,41,0,0,0,1,0,192,0
424.97,41,0,0,0,1,0,192,0
425.24,41,0,0,0,1,0,192,0
424.43,41,0,0,0,1,0,192,0
424.43,41,0,0,0,1,0,192,0
417.80,41,1,0,0,1,0,405,0
417.80,41,0,0,0,1,0,405,0
416.48,41,0,0,0,1,0,405,0
416.48,41,1,0,0,1,0,405,0
425.84,19,0,0,0,1,0,500,0
425.85,19,0,0,0,1,0,500,0
424.30,19,0,0,0,1,0,500,0
423.96,19,0,0,0,1,0,500,0
424.02,19,0,0,0,1,0,500,0
424.10,19,0,0,0,1,0,500,0
426.80,1,0,0,0,1,0,350,0
427.07,1,0,0,0,1,0,350,0
426.25,1,0,0,0,1,0,350,0
426.26,1,0,0,0,1,0,350,0
429.51,41,0,0,0,1,0,405,0
429.51,41,1,0,0,1,0,405,0
426.45,19,0,0,0,1,0,500,0
425.47,19,0,0,0,1,0,500,0
425.10,19,0,0,0,1,0,500,0
424.95,19,0,0,0,1,0,500,0
425.00,19,0,0,0,1,0,500,0
424.11,40,0,0,0,1,0,755,0
424.09,40,0,0,0,1,0,755,0
423.25,40,0,0,0,1,0,755,0
423.25,40,0,0,0,1,0,755,0
429.48,41,0,0,0,1,0,750,0
429.41,41,0,0,0,1,0,750,0
428.05,41,0,0,0,1,0,750,0
435.72,42,0,0,0,1,0,650,0
435.45,42,0,0,0,1,0,650,0
435.56,42,0,0,0,1,0,650,0
435.62,42,0,0,0,1,0,650,0
435.23,42,0,0,0,1,0,650,0
435.32,42,0,0,0,1,0,650,0
435.24,42,0,0,0,1,0,650,0
434.19,42,0,0,0,1,0,650,0
436.65,40,0,0,0,1,0,352,0
435.83,40,1,0,0,1,0,352,0
434.17,42,1,0,0,1,0,400,0
434.17,42,0,0,0,1,0,400,0
436.55,42,0,0,0,1,0,650,0
436.21,42,0,0,0,1,0,650,0
436.27,42,0,0,0,1,0,650,0
436.34,42,0,0,0,1,0,650,0
436.02,42,0,0,0,1,0,650,0
436.19,42,0,0,0,1,0,650,0
436.12,42,0,0,0,1,0,650,0
434.76,42,0,0,0,1,0,650,0
433.08,41,0,0,0,1,0,684,0
433.14,41,0,0,0,1,0,684,0
432.75,41,0,0,0,1,0,684,0
432.83,41,0,0,0,1,0,684,0
432.76,41,0,0,0,1,0,684,0
433.24,42,0,0,0,1,0,567,0
432.96,42,0,0,0,1,0,567,0
433.08,42,0,0,0,1,0,567,0
433.14,42,0,0,0,1,0,567,0
436.45,42,0,0,0,1,0,567,0
436.18,42,0,0,0,1,0,567,0
436.29,42,0,0,0,1,0,567,0
438.02,41,0,0,0,1,0,750,0
437.95,41,0,0,0,1,0,750,0
436.59,41,0,0,0,1,0,750,0
437.97,1,0,0,0,1,0,-90,0
438.78,1,0,0,0,1,0,-90,0
440.05,1,0,0,0,1,0,-90,0
437.65,1,0,0,0,1,0,-90,0
439.08,1,0,0,0,1,0,-90,0
440.18,1,0,0,0,1,0,-90,0
438.02,1,0,0,0,1,0,-90,0
433.92,1,0,0,0,1,0,-90,0
435.61,1,0,0,0,1,0,-90,0
441.94,41,0,0,0,1,0,405,0
441.94,41,1,0,0,1,0,405,0
444.65,41,0,0,0,1,0,300,0
445.92,41,0,0,0,1,0,300,0
447.18,41,0,0,0,1,0,300,0
447.55,41,0,0,0,1,0,300,0
447.09,41,0,0,0,1,0,300,0
447.09,41,0,0,0,1,0,300,0
450.61,42,0,0,0,1,0,434,0
450.62,42,0,0,0,1,0,434,0
449.92,42,0,0,0,1,0,434,0
449.54,42,0,0,0,1,0,434,0
445.38,41,0,0,0,1,0,684,0
445.45,41,0,0,0,1,0,684,0
445.13,41,0,0,0,1,0,684,0
445.29,41,0,0,0,1,0,684,0
445.22,41,0,0,0,1,0,684,0
443.87,41,0,0,0,1,0,684,0
446.56,41,0,0,0,1,0,600,0
446.23,41,0,0,0,1,0,600,0
446.29,41,0,0,0,1,0,600,0
446.36,41,0,0,0,1,0,600,0
446.04,41,0,0,0,1,0,600,0
446.20,41,0,0,0,1,0,600,0
449.02,41,0,0,0,1,0,405,0
449.02,41,1,0,0,1,0,405,0
447.48,41,0,0,0,1,0,405,0
449.02,42,0,0,0,1,0,500,0
449.02,42,0,0,0,1,0,500,0
447.48,42,0,0,0,1,0,500,0
447.14,42,0,0,0,1,0,500,0
447.20,42,0,0,0,1,0,500,0
447.27,42,0,0,0,1,0,500,0
447.48,41,0,0,0,1,0,650,0
447.14,41,0,0,0,1,0,650,0
447.20,41,0,0,0,1,0,650,0
447.27,41,0,0,0,1,0,650,0
446.95,41,0,0,0,1,0,650,0
447.11,41,0,0,0,1,0,650,0
447.05,41,0,0,0,1,0,650,0
445.69,41,0,0,0,1,0,650,0
446.82,41,0,0,0,1,0,684,0
446.87,41,0,0,0,1,0,684,0
446.39,41,0,0,0,1,0,684,0
446.46,41,0,0,0,1,0,684,0
446.44,41,0,0,0,1,0,684,0
445.54,41,0,0,0,1,0,684,0
446.53,42,0,0,0,1,0,650,0
446.15,42,0,0,0,1,0,650,0
446.00,42,0,0,0,1,0,650,0
446.05,42,0,0,0,1,0,650,0
445.57,42,0,0,0,1,0,650,0
445.64,42,0,0,0,1,0,650,0
445.62,42,0,0,0,1,0,650,0
444.73,42,0,0,0,1,0,650,0
443.38,41,0,0,0,1,0,405,0
443.38,41,1,0,0,1,0,405,0
449.84,42,0,0,0,1,0,650,0
449.56,42,0,0,0,1,0,650,0
449.67,42,0,0,0,1,0,650,0
449.74,42,0,0,0,1,0,650,0
449.35,42,0,0,0,1,0,650,0
449.43,42,0,0,0,1,0,650,0
449.36,42,0,0,0,1,0,650,0
448.30,42,0,0,0,1,0,650,0
452.66,41,0,0,0,1,0,500,0
452.67,41,0,0,0,1,0,500,0
451.12,41,0,0,0,1,0,500,0
450.78,41,0,0,0,1,0,500,0
450.84,41,0,0,0,1,0,500,0
450.92,41,0,0,0,1,0,500,0
451.12,42,0,0,0,1,0,650,0
450.78,42,0,0,0,1,0,650,0
450.84,42,0,0,0,1,0,650,0
450.92,42,0,0,0,1,0,650,0
450.59,42,0,0,0,1,0,650,0
450.76,42,0,0,0,1,0,650,0
450.69,42,0,0,0,1,0,650,0
449.33,42,0,0,0,1,0,650,0
451.41,41,0,0,0,1,0,650,0
451.14,41,0,0,0,1,0,650,0
451.25,41,0,0,0,1,0,650,0
451.31,41,0,0,0,1,0,650,0
450.92,41,0,0,0,1,0,650,0
451.01,41,0,0,0,1,0,650,0
450.93,41,0,0,0,1,0,650,0
449.88,41,0,0,0,1,0,650,0
451.11,41,1,0,0,1,0,405,0
451.13,41,0,0,0,1,0,405,0
454.23,42,0,0,0,1,0,750,0
454.40,42,0,0,0,1,0,750,0
454.33,42,0,0,0,1,0,750,0
452.97,42,0,0,0,1,0,750,0
451.74,41,0,0,0,1,0,405,0
451.73,41,1,0,0,1,0,405,0
455.14,41,0,0,0,1,0,300,0
456.42,41,0,0,0,1,0,300,0
457.76,41,0,0,0,1,0,300,0
458.03,41,0,0,0,1,0,300,0
457.21,41,0,0,0,1,0,300,0
457.22,41,0,0,0,1,0,300,0
456.57,41,0,0,0,1,0,192,0
454.42,41,0,0,0,1,0,192,0
450.32,41,0,0,0,1,0,192,0
452.00,41,0,0,0,1,0,192,0
455.14,41,0,0,0,1,0,192,0
456.42,41,0,0,0,1,0,192,0
457.76,41,0,0,0,1,0,192,0
458.03,41,0,0,0,1,0,192,0
457.21,41,0,0,0,1,0,192,0
458.28,40,0,0,0,1,0,755,0
458.26,40,0,0,0,1,0,755,0
457.37,40,0,0,0,1,0,755,0
456.52,42,0,0,0,1,0,434,0
456.52,42,0,0,0,1,0,434,0
455.36,42,0,0,0,1,0,434,0
454.96,42,0,0,0,1,0,434,0
458.13,42,0,0,0,1,0,434,0
458.13,42,0,0,0,1,0,434,0
456.58,42,0,0,0,1,0,434,0
456.25,42,0,0,0,1,0,434,0
457.72,41,1,0,0,1,0,405,0
456.70,41,0,0,0,1,0,405,0
458.58,41,0,0,0,1,0,684,0
458.66,41,0,0,0,1,0,684,0
458.33,41,0,0,0,1,0,684,0
458.50,41,0,0,0,1,0,684,0
458.43,41,0,0,0,1,0,684,0
457.07,41,0,0,0,1,0,684,0
460.23,42,0,0,0,1,0,650,0
459.89,42,0,0,0,1,0,650,0
459.95,42,0,0,0,1,0,650,0
460.02,42,0,0,0,1,0,650,0
459.70,42,0,0,0,1,0,650,0
459.87,42,0,0,0,1,0,650,0
459.80,42,0,0,0,1,0,650,0
458.44,42,0,0,0,1,0,650,0
459.70,41,0,0,0,1,0,750,0
459.87,41,0,0,0,1,0,750,0
459.80,41,0,0,0,1,0,750,0
458.44,41,0,0,0,1,0,750,0
462.96,42,0,0,0,1,0,650,0
462.62,42,0,0,0,1,0,650,0
462.68,42,0,0,0,1,0,650,0
462.76,42,0,0,0,1,0,650,0
462.43,42,0,0,0,1,0,650,0
462.60,42,0,0,0,1,0,650,0
462.53,42,0,0,0,1,0,650,0
461.17,42,0,0,0,1,0,650,0
462.96,42,0,0,0,1,0,650,0
462.62,42,0,0,0,1,0,650,0
462.68,42,0,0,0,1,0,650,0
462.76,42,0,0,0,1,0,650,0
462.43,42,0,0,0,1,0,650,0
462.60,42,0,0,0,1,0,650,0
462.53,42,0,0,0,1,0,650,0
461.17,42,0,0,0,1,0,650,0
463.33,42,0,0,0,1,0,300,0
464.62,42,0,0,0,1,0,300,0
465.96,42,0,0,0,1,0,300,0
466.23,42,0,0,0,1,0,300,0
465.41,42,0,0,0,1,0,300,0
465.42,42,0,0,0,1,0,300,0
463.87,42,0,0,0,1,0,650,0
463.53,42,0,0,0,1,0,650,0
463.59,42,0,0,0,1,0,650,0
463.67,42,0,0,0,1,0,650,0
463.34,42,0,0,0,1,0,650,0
463.51,42,0,0,0,1,0,650,0
463.44,42,0,0,0,1,0,650,0
462.08,42,0,0,0,1,0,650,0
461.07,41,0,0,0,1,0,405,0
461.10,41,1,0,0,1,0,405,0
465.69,42,0,0,0,1,0,650,0
465.36,42,0,0,0,1,0,650,0
465.42,42,0,0,0,1,0,650,0
465.49,42,0,0,0,1,0,650,0
465.16,42,0,0,0,1,0,650,0
465.33,42,0,0,0,1,0,650,0
465.26,42,0,0,0,1,0,650,0
463.90,42,0,0,0,1,0,650,0
465.69,42,0,0,0,1,0,650,0
465.36,42,0,0,0,1,0,650,0
465.42,42,0,0,0,1,0,650,0
465.49,42,0,0,0,1,0,650,0
465.16,42,0,0,0,1,0,650,0
465.33,42,0,0,0,1,0,650,0
465.26,42,0,0,0,1,0,650,0
463.90,42,0,0,0,1,0,650,0
465.69,42,0,0,0,1,0,650,0
465.36,42,0,0,0,1,0,650,0
465.42,42,0,0,0,1,0,650,0
465.49,42,0,0,0,1,0,650,0
465.16,42,0,0,0,1,0,650,0
465.33,42,0,0,0,1,0,650,0
465.26,42,0,0,0,1,0,650,0
463.90,42,0,0,0,1,0,650,0
472.12,42,0,0,0,1,0,650,0
471.77,42,0,0,0,1,0,650,0
471.66,42,0,0,0,1,0,650,0
471.71,42,0,0,0,1,0,650,0
471.22,42,0,0,0,1,0,650,0
471.27,42,0,0,0,1,0,650,0
471.25,42,0,0,0,1,0,650,0
470.41,42,0,0,0,1,0,650,0
466.07,42,0,0,0,1,0,750,0
466.24,42,0,0,0,1,0,750,0
466.17,42,0,0,0,1,0,750,0
464.81,42,0,0,0,1,0,750,0
457.60,42,0,0,0,1,0,250,0
459.54,42,0,0,0,1,0,250,0
460.77,42,0,0,0,1,0,250,0
462.05,42,0,0,0,1,0,250,0
462.46,42,0,0,0,1,0,250,0
462.01,42,0,0,0,1,0,250,0
467.51,41,0,0,0,1,0,600,0
467.18,41,0,0,0,1,0,600,0
467.24,41,0,0,0,1,0,600,0
467.31,41,0,0,0,1,0,600,0
466.98,41,0,0,0,1,0,600,0
467.15,41,0,0,0,1,0,600,0
468.42,42,0,0,0,1,0,650,0
468.09,42,0,0,0,1,0,650,0
468.15,42,0,0,0,1,0,650,0
468.22,42,0,0,0,1,0,650,0
467.90,42,0,0,0,1,0,650,0
468.06,42,0,0,0,1,0,650,0
467.99,42,0,0,0,1,0,650,0
466.64,42,0,0,0,1,0,650,0
471.68,42,0,0,0,1,0,650,0
471.30,42,0,0,0,1,0,650,0
471.15,42,0,0,0,1,0,650,0
471.20,42,0,0,0,1,0,650,0
470.72,42,0,0,0,1,0,650,0
470.79,42,0,0,0,1,0,650,0
470.77,42,0,0,0,1,0,650,0
469.88,42,0,0,0,1,0,650,0
468.80,40,0,0,0,1,0,550,0
468.47,40,0,0,0,1,0,550,0
468.53,40,0,0,0,1,0,550,0
468.60,40,0,0,0,1,0,550,0
469.33,42,0,0,0,1,0,650,0
469.00,42,0,0,0,1,0,650,0
469.06,42,0,0,0,1,0,650,0
469.13,42,0,0,0,1,0,650,0
468.81,42,0,0,0,1,0,650,0
468.97,42,0,0,0,1,0,650,0
468.90,42,0,0,0,1,0,650,0
467.55,42,0,0,0,1,0,650,0
468.97,41,0,0,0,1,0,750,0
468.90,41,0,0,0,1,0,750,0
467.55,41,0,0,0,1,0,750,0
465.07,41,0,0,0,1,0,300,0
466.34,41,0,0,0,1,0,300,0
467.60,41,0,0,0,1,0,300,0
467.97,41,0,0,0,1,0,300,0
467.51,41,0,0,0,1,0,300,0
467.51,41,0,0,0,1,0,300,0
466.69,41,0,0,0,1,0,405,0
466.69,41,1,0,0,1,0,405,0
470.13,40,0,0,0,1,0,151,0
473.16,40,0,0,0,1,0,151,0
475.85,40,0,0,0,1,0,151,0
476.58,40,0,0,0,1,0,151,0
475.75,42,0,0,0,1,0,500,0
475.75,42,0,0,0,1,0,500,0
474.78,42,0,0,0,1,0,500,0
474.40,42,0,0,0,1,0,500,0
474.26,42,0,0,0,1,0,500,0
474.31,42,0,0,0,1,0,500,0
475.67,40,0,0,0,1,0,550,0
475.57,40,0,0,0,1,0,550,0
475.63,40,0,0,0,1,0,550,0
473.43,42,0,0,0,1,0,650,0
473.10,42,0,0,0,1,0,650,0
473.16,42,0,0,0,1,0,650,0
473.23,42,0,0,0,1,0,650,0
472.90,42,0,0,0,1,0,650,0
473.07,42,0,0,0,1,0,650,0
473.00,42,0,0,0,1,0,650,0
471.65,42,0,0,0,1,0,650,0
474.80,42,0,0,0,1,0,650,0
474.46,42,0,0,0,1,0,650,0
474.52,42,0,0,0,1,0,650,0
474.60,42,0,0,0,1,0,650,0
474.27,42,0,0,0,1,0,650,0
474.44,42,0,0,0,1,0,650,0
474.37,42,0,0,0,1,0,650,0
473.01,42,0,0,0,1,0,650,0
464.49,41,1,0,0,1,0,405,0
464.50,41,1,0,0,1,0,405,0
475.06,34,0,0,0,1,0,-500,0
475.06,34,0,0,0,1,0,-500,0
475.06,34,0,0,0,1,0,-500,0
475.06,34,0,0,0,1,0,-500,0
477.88,34,0,0,0,1,0,-500,0
486.64,42,0,0,0,1,0,650,0
486.30,42,0,0,0,1,0,650,0
486.36,42,0,0,0,1,0,650,0
486.44,42,0,0,0,1,0,650,0
486.11,42,0,0,0,1,0,650,0
486.28,42,0,0,0,1,0,650,0
486.21,42,0,0,0,1,0,650,0
484.85,42,0,0,0,1,0,650,0
499.94,40,1,0,0,1,0,450,0
499.01,40,0,0,0,1,0,450,0
365.50,42,0,0,0,1,0,250,0
365.50,42,0,0,0,1,0,250,0
365.50,42,0,0,0,1,0,250,0
365.50,42,0,0,0,1,0,250,0
365.50,42,0,0,0,1,0,250,0
365.50,42,0,0,0,1,0,250,0
378.25,34,0,0,0,1,0,600,0
378.25,34,0,0,0,1,0,600,0
378.25,34,0,0,0,1,0,600,0
379.00,41,0,0,0,1,0,379,0
379.00,41,1,0,0,1,0,379,0
379.00,41,0,0,0,1,0,379,0
382.00,41,0,0,0,1,0,405,0
382.00,41,1,0,0,1,0,405,0
387.00,41,0,0,0,1,0,650,0
387.00,41,0,0,0,1,0,650,0
387.00,41,0,0,0,1,0,650,0
387.00,41,0,0,0,1,0,650,0
387.00,41,0,0,0,1,0,650,0
387.00,41,0,0,0,1,0,650,0
387.00,41,0,0,0,1,0,650,0
387.00,41,0,0,0,1,0,650,0
388.50,42,0,0,0,1,0,650,0
388.50,42,0,0,0,1,0,650,0
388.50,42,0,0,0,1,0,650,0
388.50,42,0,0,0,1,0,650,0
388.50,42,0,0,0,1,0,650,0
388.50,42,0,0,0,1,0,650,0
388.50,42,0,0,0,1,0,650,0
388.50,42,0,0,0,1,0,650,0
391.00,41,0,0,0,1,0,325,0
391.00,41,0,0,0,1,0,325,0
391.00,41,0,0,0,1,0,325,0
391.00,41,0,0,0,1,0,325,0
392.00,42,0,0,0,1,0,650,0
392.00,42,0,0,0,1,0,650,0
392.00,42,0,0,0,1,0,650,0
392.00,42,0,0,0,1,0,650,0
392.00,42,0,0,0,1,0,650,0
392.00,42,0,0,0,1,0,650,0
392.00,42,0,0,0,1,0,650,0
392.00,42,0,0,0,1,0,650,0
395.00,42,0,0,0,1,0,300,0
395.00,42,0,0,0,1,0,300,0
395.00,42,0,0,0,1,0,300,0
395.00,42,0,0,0,1,0,300,0
395.00,42,0,0,0,1,0,300,0
395.00,42,0,0,0,1,0,300,0
396.00,41,0,0,0,1,0,300,0
396.00,41,0,0,0,1,0,300,0
396.00,41,0,0,0,1,0,300,0
396.00,41,0,0,0,1,0,300,0
396.00,41,0,0,0,1,0,300,0
396.00,41,0,0,0,1,0,300,0
396.50,41,0,0,0,1,0,750,0
396.50,41,0,0,0,1,0,750,0
396.50,41,0,0,0,1,0,750,0
398.00,42,0,0,0,1,0,300,0
398.00,42,0,0,0,1,0,300,0
398.00,42,0,0,0,1,0,300,0
398.00,42,0,0,0,1,0,300,0
398.00,42,0,0,0,1,0,300,0
398.00,42,0,0,0,1,0,300,0
398.50,41,0,0,0,1,0,413,0
398.50,41,1,0,0,1,0,413,0
399.00,40,0,0,0,1,0,755,0
399.00,40,0,0,0,1,0,755,0
399.00,40,0,0,0,1,0,755,0
399.00,40,0,0,0,1,0,755,0
400.00,41,0,0,0,1,0,650,0
400.00,41,0,0,0,1,0,650,0
400.00,41,0,0,0,1,0,650,0
400.00,41,0,0,0,1,0,650,0
400.00,41,0,0,0,1,0,650,0
400.00,41,0,0,0,1,0,650,0
400.00,41,0,0,0,1,0,650,0
400.00,41,0,0,0,1,0,650,0
400.00,41,0,0,0,1,0,650,0
400.00,41,0,0,0,1,0,650,0
400.00,41,0,0,0,1,0,650,0
400.00,41,0,0,0,1,0,650,0
400.00,41,0,0,0,1,0,650,0
400.00,41,0,0,0,1,0,650,0
400.00,41,0,0,0,1,0,650,0
400.00,41,0,0,0,1,0,650,0
400.50,41,0,0,0,1,0,750,0
400.50,41,0,0,0,1,0,750,0
400.50,41,0,0,0,1,0,750,0
401.00,42,0,0,0,1,0,650,0
401.00,42,0,0,0,1,0,650,0
401.00,42,0,0,0,1,0,650,0
401.00,42,0,0,0,1,0,650,0
401.00,42,0,0,0,1,0,650,0
401.00,42,0,0,0,1,0,650,0
401.00,42,0,0,0,1,0,650,0
401.00,42,0,0,0,1,0,650,0
401.50,41,0,0,0,1,0,650,0
401.50,41,0,0,0,1,0,650,0
401.50,41,0,0,0,1,0,650,0
401.50,41,0,0,0,1,0,650,0
401.50,41,0,0,0,1,0,650,0
401.50,41,0,0,0,1,0,650,0
401.50,41,0,0,0,1,0,650,0
401.50,41,0,0,0,1,0,650,0
402.00,34,0,0,0,1,0,-350,0
402.00,34,0,0,0,1,0,-350,0
402.00,34,0,0,0,1,0,-350,0
402.50,42,0,0,0,1,0,567,0
402.50,42,0,0,0,1,0,567,0
402.50,42,0,0,0,1,0,567,0
402.50,42,0,0,0,1,0,567,0
402.50,41,0,0,0,1,0,650,0
402.50,41,0,0,0,1,0,650,0
402.50,41,0,0,0,1,0,650,0
402.50,41,0,0,0,1,0,650,0
402.50,41,0,0,0,1,0,650,0
402.50,41,0,0,0,1,0,650,0
402.50,41,0,0,0,1,0,650,0
402.50,41,0,0,0,1,0,650,0
403.37,34,0,0,0,1,0,600,0
403.37,34,0,0,0,1,0,600,0
403.37,34,0,0,0,1,0,600,0
403.50,41,0,0,0,1,0,650,0
403.50,41,0,0,0,1,0,650,0
403.50,41,0,0,0,1,0,650,0
403.50,41,0,0,0,1,0,650,0
403.50,41,0,0,0,1,0,650,0
403.50,41,0,0,0,1,0,650,0
403.50,41,0,0,0,1,0,650,0
403.50,41,0,0,0,1,0,650,0
403.50,40,0,0,0,1,0,755,0
403.50,40,0,0,0,1,0,755,0
403.50,40,0,0,0,1,0,755,0
404.00,42,0,0,0,1,0,434,0
404.00,42,0,0,0,1,0,434,0
404.00,42,0,0,0,1,0,434,0
404.00,42,0,0,0,1,0,434,0
404.50,41,0,0,0,1,0,650,0
404.50,41,0,0,0,1,0,650,0
404.50,41,0,0,0,1,0,650,0
404.50,41,0,0,0,1,0,650,0
404.50,41,0,0,0,1,0,650,0
404.50,41,0,0,0,1,0,650,0
404.50,41,0,0,0,1,0,650,0
404.50,41,0,0,0,1,0,650,0
404.50,41,0,0,0,1,0,650,0
404.50,41,0,0,0,1,0,650,0
404.50,41,0,0,0,1,0,650,0
404.50,41,0,0,0,1,0,650,0
404.50,41,0,0,0,1,0,650,0
404.50,41,0,0,0,1,0,650,0
404.50,41,0,0,0,1,0,650,0
404.50,41,0,0,0,1,0,650,0
404.50,41,0,0,0,1,0,405,0
404.50,41,1,0,0,1,0,405,0
405.00,40,0,0,0,1,0,67,0
405.00,40,0,0,0,1,0,67,0
405.00,40,0,0,0,1,0,67,0
405.00,40,0,0,0,1,0,67,0
405.50,42,0,0,0,1,0,575,0
405.50,42,0,0,0,1,0,575,0
405.50,42,0,0,0,1,0,575,0
405.50,42,0,0,0,1,0,575,0
405.50,42,0,0,0,1,0,575,0
406.50,41,0,0,0,1,0,650,0
406.50,41,0,0,0,1,0,650,0
406.50,41,0,0,0,1,0,650,0
406.50,41,0,0,0,1,0,650,0
406.50,41,0,0,0,1,0,650,0
406.50,41,0,0,0,1,0,650,0
406.50,41,0,0,0,1,0,650,0
406.50,41,0,0,0,1,0,650,0
406.88,42,0,0,0,1,0,350,0
406.88,42,0,0,0,1,0,350,0
406.88,42,0,0,0,1,0,350,0
406.88,42,0,0,0,1,0,350,0
409.00,41,0,0,0,1,0,684,0
409.00,41,0,0,0,1,0,684,0
409.00,41,0,0,0,1,0,684,0
409.00,41,0,0,0,1,0,684,0
409.00,41,0,0,0,1,0,684,0
409.00,41,0,0,0,1,0,684,0
409.00,41,0,0,0,1,0,300,0
409.00,41,0,0,0,1,0,300,0
409.00,41,0,0,0,1,0,300,0
409.00,41,0,0,0,1,0,300,0
409.00,41,0,0,0,1,0,300,0
409.00,41,0,0,0,1,0,300,0
409.00,41,0,0,0,1,0,405,0
409.00,41,1,0,0,1,0,405,0
409.50,41,0,0,0,1,0,300,0
409.50,41,0,0,0,1,0,300,0
409.50,41,0,0,0,1,0,300,0
409.50,41,0,0,0,1,0,300,0
409.50,41,0,0,0,1,0,300,0
409.50,41,0,0,0,1,0,300,0
410.00,19,0,0,0,1,0,500,0
410.00,19,0,0,0,1,0,500,0
410.00,19,0,0,0,1,0,500,0
410.00,19,0,0,0,1,0,500,0
410.00,19,0,0,0,1,0,500,0
410.00,41,0,0,0,1,0,550,0
410.00,41,0,0,0,1,0,550,0
410.00,41,0,0,0,1,0,550,0
410.00,41,0,0,0,1,0,550,0
410.00,41,0,0,0,1,0,405,0
410.00,41,1,0,0,1,0,405,0
410.00,42,0,0,0,1,0,575,0
410.00,42,0,0,0,1,0,575,0
410.00,42,0,0,0,1,0,575,0
410.00,42,0,0,0,1,0,575,0
410.00,42,0,0,0,1,0,575,0
410.50,41,0,0,0,1,0,405,0
410.50,41,1,0,0,1,0,405,0
410.50,42,0,0,0,1,0,300,0
410.50,42,0,0,0,1,0,300,0
410.50,42,0,0,0,1,0,300,0
410.50,42,0,0,0,1,0,300,0
410.50,42,0,0,0,1,0,300,0
410.50,42,0,0,0,1,0,300,0
410.50,42,0,0,0,1,0,500,0
410.50,42,0,0,0,1,0,500,0
410.50,42,0,0,0,1,0,500,0
410.50,42,0,0,0,1,0,500,0
410.50,42,0,0,0,1,0,500,0
410.50,42,0,0,0,1,0,500,0
411.00,42,0,0,0,1,0,300,0
411.00,42,0,0,0,1,0,300,0
411.00,42,0,0,0,1,0,300,0
411.00,42,0,0,0,1,0,300,0
411.00,42,0,0,0,1,0,300,0
411.00,42,0,0,0,1,0,300,0
411.00,41,0,0,0,1,0,405,0
411.00,41,1,0,0,1,0,405,0
412.00,40,0,0,0,1,0,755,0
412.00,40,0,0,0,1,0,755,0
412.00,40,0,0,0,1,0,755,0
412.00,41,0,0,0,1,0,325,0
412.00,41,0,0,0,1,0,325,0
412.00,41,0,0,0,1,0,325,0
412.00,41,0,0,0,1,0,325,0
412.00,41,0,0,0,1,0,650,0
412.00,41,0,0,0,1,0,650,0
412.00,41,0,0,0,1,0,650,0
412.00,41,0,0,0,1,0,650,0
412.00,41,0,0,0,1,0,650,0
412.00,41,0,0,0,1,0,650,0
412.00,41,0,0,0,1,0,650,0
412.00,41,0,0,0,1,0,650,0
412.00,19,0,0,0,1,0,500,0
412.00,19,0,0,0,1,0,500,0
412.00,19,0,0,0,1,0,500,0
412.00,19,0,0,0,1,0,500,0
412.00,19,0,0,0,1,0,500,0
412.41,34,0,0,0,1,0,567,0
412.41,34,0,0,0,1,0,567,0
412.41,34,0,0,0,1,0,567,0
412.41,34,0,0,0,1,0,567,0
412.41,34,0,0,0,1,0,567,0
412.50,41,0,0,0,1,0,650,0
412.50,41,0,0,0,1,0,650,0
412.50,41,0,0,0,1,0,650,0
412.50,41,0,0,0,1,0,650,0
412.50,41,0,0,0,1,0,650,0
412.50,41,0,0,0,1,0,650,0
412.50,41,0,0,0,1,0,650,0
412.50,41,0,0,0,1,0,650,0
413.00,42,0,0,0,1,0,650,0
413.00,42,0,0,0,1,0,650,0
413.00,42,0,0,0,1,0,650,0
413.00,42,0,0,0,1,0,650,0
413.00,42,0,0,0,1,0,650,0
413.00,42,0,0,0,1,0,650,0
413.00,42,0,0,0,1,0,650,0
413.00,42,0,0,0,1,0,650,0
413.00,42,0,0,0,1,0,434,0
413.00,42,0,0,0,1,0,434,0
413.00,42,0,0,0,1,0,434,0
413.00,42,0,0,0,1,0,434,0
413.50,42,0,0,0,1,0,434,0
413.50,42,0,0,0,1,0,434,0
413.50,42,0,0,0,1,0,434,0
413.50,42,0,0,0,1,0,434,0
413.50,41,0,0,0,1,0,650,0
413.50,41,0,0,0,1,0,650,0
413.50,41,0,0,0,1,0,650,0
413.50,41,0,0,0,1,0,650,0
413.50,41,0,0,0,1,0,650,0
413.50,41,0,0,0,1,0,650,0
413.50,41,0,0,0,1,0,650,0
413.50,41,0,0,0,1,0,650,0
413.50,42,0,0,0,1,0,434,0
413.50,42,0,0,0,1,0,434,0
413.50,42,0,0,0,1,0,434,0
413.50,42,0,0,0,1,0,434,0
414.00,40,0,0,0,1,0,600,0
414.00,40,0,0,0,1,0,600,0
414.00,40,0,0,0,1,0,600,0
414.00,40,0,0,0,1,0,600,0
414.00,40,0,0,0,1,0,600,0
414.00,40,0,0,0,1,0,600,0
414.00,40,0,0,0,1,0,600,0
414.00,40,0,0,0,1,0,600,0
414.00,40,0,0,0,1,0,600,0
414.00,40,0,0,0,1,0,600,0
414.00,40,0,0,0,1,0,600,0
414.00,40,0,0,0,1,0,600,0
414.00,40,0,0,0,1,0,600,0
414.00,40,0,0,0,1,0,600,0
414.00,42,0,0,0,1,0,650,0
414.00,42,0,0,0,1,0,650,0
414.00,42,0,0,0,1,0,650,0
414.00,42,0,0,0,1,0,650,0
414.00,42,0,0,0,1,0,650,0
414.00,42,0,0,0,1,0,650,0
414.00,42,0,0,0,1,0,650,0
414.00,42,0,0,0,1,0,650,0
414.00,42,0,0,0,1,0,650,0
414.00,42,0,0,0,1,0,650,0
414.00,42,0,0,0,1,0,650,0
414.00,42,0,0,0,1,0,650,0
414.00,42,0,0,0,1,0,650,0
414.00,42,0,0,0,1,0,650,0
414.00,42,0,0,0,1,0,650,0
414.00,42,0,0,0,1,0,650,0
414.00,41,0,0,0,1,0,300,0
414.00,41,0,0,0,1,0,300,0
414.00,41,0,0,0,1,0,300,0
414.00,41,0,0,0,1,0,300,0
414.00,41,0,0,0,1,0,300,0
414.00,41,0,0,0,1,0,300,0
414.50,42,0,0,0,1,0,650,0
414.50,42,0,0,0,1,0,650,0
414.50,42,0,0,0,1,0,650,0
414.50,42,0,0,0,1,0,650,0
414.50,42,0,0,0,1,0,650,0
414.50,42,0,0,0,1,0,650,0
414.50,42,0,0,0,1,0,650,0
414.50,42,0,0,0,1,0,650,0
415.00,41,0,0,0,1,0,650,0
415.00,41,0,0,0,1,0,650,0
415.00,41,0,0,0,1,0,650,0
415.00,41,0,0,0,1,0,650,0
415.00,41,0,0,0,1,0,650,0
415.00,41,0,0,0,1,0,650,0
415.00,41,0,0,0,1,0,650,0
415.00,41,0,0,0,1,0,650,0
415.00,34,0,0,0,1,0,-350,0
415.00,34,0,0,0,1,0,-350,0
415.00,34,0,0,0,1,0,-350,0
415.00,42,0,0,0,1,0,650,0
415.00,42,0,0,0,1,0,650,0
415.00,42,0,0,0,1,0,650,0
415.00,42,0,0,0,1,0,650,0
415.00,42,0,0,0,1,0,650,0
415.00,42,0,0,0,1,0,650,0
415.00,42,0,0,0,1,0,650,0
415.00,42,0,0,0,1,0,650,0
415.00,41,0,0,0,1,0,405,0
415.00,41,1,0,0,1,0,405,0
415.00,41,0,0,0,1,0,750,0
415.00,41,0,0,0,1,0,750,0
415.00,41,0,0,0,1,0,750,0
415.00,41,0,0,0,1,0,750,0
415.50,42,0,0,0,1,0,600,0
415.50,42,0,0,0,1,0,600,0
415.50,42,0,0,0,1,0,600,0
415.50,42,0,0,0,1,0,600,0
415.50,42,0,0,0,1,0,600,0
416.00,42,0,0,0,1,0,650,0
416.00,42,0,0,0,1,0,650,0
416.00,42,0,0,0,1,0,650,0
416.00,42,0,0,0,1,0,650,0
416.00,42,0,0,0,1,0,650,0
416.00,42,0,0,0,1,0,650,0
416.00,42,0,0,0,1,0,650,0
416.00,42,0,0,0,1,0,650,0
416.00,40,0,0,0,1,0,755,0
416.00,40,0,0,0,1,0,755,0
416.00,40,0,0,0,1,0,755,0
416.00,40,0,0,0,1,0,755,0
416.50,40,0,0,0,1,0,755,0
416.50,40,0,0,0,1,0,755,0
416.50,40,0,0,0,1,0,755,0
416.50,40,0,0,0,1,0,755,0
416.50,41,0,0,0,1,0,405,0
416.50,41,1,0,0,1,0,405,0
416.50,41,0,0,0,1,0,450,0
416.50,41,0,0,0,1,0,450,0
416.50,41,0,0,0,1,0,450,0
416.50,41,0,0,0,1,0,650,0
416.50,41,0,0,0,1,0,650,0
416.50,41,0,0,0,1,0,650,0
416.50,41,0,0,0,1,0,650,0
416.50,41,0,0,0,1,0,650,0
416.50,41,0,0,0,1,0,650,0
416.50,41,0,0,0,1,0,650,0
416.50,41,0,0,0,1,0,650,0
416.50,42,0,0,0,1,0,650,0
416.50,42,0,0,0,1,0,650,0
416.50,42,0,0,0,1,0,650,0
416.50,42,0,0,0,1,0,650,0
416.50,42,0,0,0,1,0,650,0
416.50,42,0,0,0,1,0,650,0
416.50,42,0,0,0,1,0,650,0
416.50,42,0,0,0,1,0,650,0
417.00,40,0,0,0,1,0,755,0
417.00,40,0,0,0,1,0,755,0
417.00,40,0,0,0,1,0,755,0
417.00,40,0,0,0,1,0,755,0
417.00,42,0,0,0,1,0,500,0
417.00,42,0,0,0,1,0,500,0
417.00,42,0,0,0,1,0,500,0
417.00,42,0,0,0,1,0,500,0
417.00,42,0,0,0,1,0,500,0
417.00,42,0,0,0,1,0,500,0
417.50,41,0,0,0,1,0,650,0
417.50,41,0,0,0,1,0,650,0
417.50,41,0,0,0,1,0,650,0
417.50,41,0,0,0,1,0,650,0
417.50,41,0,0,0,1,0,650,0
417.50,41,0,0,0,1,0,650,0
417.50,41,0,0,0,1,0,650,0
417.50,41,0,0,0,1,0,650,0
418.00,1,0,0,0,1,0,600,0
418.00,1,0,0,0,1,0,600,0
418.00,1,0,0,0,1,0,600,0
418.00,1,0,0,0,1,0,600,0
418.00,1,0,0,0,1,0,600,0
418.00,1,0,0,0,1,0,600,0
418.00,41,0,0,0,1,0,650,0
418.00,41,0,0,0,1,0,650,0
418.00,41,0,0,0,1,0,650,0
418.00,41,0,0,0,1,0,650,0
418.00,41,0,0,0,1,0,650,0
418.00,41,0,0,0,1,0,650,0
418.00,41,0,0,0,1,0,650,0
418.00,41,0,0,0,1,0,650,0
418.00,41,0,0,0,1,0,750,0
418.00,41,0,0,0,1,0,750,0
418.00,41,0,0,0,1,0,750,0
418.00,41,0,0,0,1,0,750,0
418.00,41,0,0,0,1,0,750,0
418.00,41,0,0,0,1,0,750,0
418.50,42,0,0,0,1,0,650,0
418.50,42,0,0,0,1,0,650,0
418.50,42,0,0,0,1,0,650,0
418.50,42,0,0,0,1,0,650,0
418.50,42,0,0,0,1,0,650,0
418.50,42,0,0,0,1,0,650,0
418.50,42,0,0,0,1,0,650,0
418.50,42,0,0,0,1,0,650,0
418.50,47,1,0,0,1,0,-313,0
418.50,47,0,0,0,1,0,-313,0
418.50,42,0,0,0,1,0,650,0
418.50,42,0,0,0,1,0,650,0
418.50,42,0,0,0,1,0,650,0
418.50,42,0,0,0,1,0,650,0
418.50,42,0,0,0,1,0,650,0
418.50,42,0,0,0,1,0,650,0
418.50,42,0,0,0,1,0,650,0
418.50,42,0,0,0,1,0,650,0
419.00,41,0,0,0,1,0,609,0
419.00,41,0,0,0,1,0,609,0
419.00,41,0,0,0,1,0,609,0
419.00,40,0,0,0,1,0,755,0
419.00,40,0,0,0,1,0,755,0
419.00,40,0,0,0,1,0,755,0
419.00,40,0,0,0,1,0,755,0
419.50,40,1,0,0,1,0,638,0
419.50,40,0,0,0,1,0,638,0
420.00,41,0,0,0,1,0,405,0
420.00,41,1,0,0,1,0,405,0
420.00,42,0,0,0,1,0,434,0
420.00,42,0,0,0,1,0,434,0
420.00,42,0,0,0,1,0,434,0
420.00,42,0,0,0,1,0,434,0
420.00,39,0,0,0,1,0,500,0
420.00,39,0,0,0,1,0,500,0
420.00,39,0,0,0,1,0,500,0
420.00,39,0,0,0,1,0,500,0
420.00,39,0,0,0,1,0,500,0
420.00,42,0,0,0,1,0,567,0
420.00,42,0,0,0,1,0,567,0
420.00,42,0,0,0,1,0,567,0
420.00,42,0,0,0,1,0,567,0
420.00,41,0,0,0,1,0,300,0
420.00,41,0,0,0,1,0,300,0
420.00,41,0,0,0,1,0,300,0
420.00,41,0,0,0,1,0,300,0
420.00,41,0,0,0,1,0,300,0
420.00,41,0,0,0,1,0,300,0
420.00,41,0,0,0,1,0,192,0
420.00,41,0,0,0,1,0,192,0
420.00,41,0,0,0,1,0,192,0
420.00,41,0,0,0,1,0,192,0
420.00,41,0,0,0,1,0,192,0
420.00,41,0,0,0,1,0,192,0
420.00,41,0,0,0,1,0,192,0
420.00,41,0,0,0,1,0,192,0
420.00,41,0,0,0,1,0,192,0
420.00,42,0,0,0,1,0,650,0
420.00,42,0,0,0,1,0,650,0
420.00,42,0,0,0,1,0,650,0
420.00,42,0,0,0,1,0,650,0
420.00,42,0,0,0,1,0,650,0
420.00,42,0,0,0,1,0,650,0
420.00,42,0,0,0,1,0,650,0
420.00,42,0,0,0,1,0,650,0
420.00,41,0,0,0,1,0,684,0
420.00,41,0,0,0,1,0,684,0
420.00,41,0,0,0,1,0,684,0
420.00,41,0,0,0,1,0,684,0
420.00,41,0,0,0,1,0,684,0
420.00,41,0,0,0,1,0,684,0
420.00,42,0,0,0,1,0,650,0
420.00,42,0,0,0,1,0,650,0
420.00,42,0,0,0,1,0,650,0
420.00,42,0,0,0,1,0,650,0
420.00,42,0,0,0,1,0,650,0
420.00,42,0,0,0,1,0,650,0
420.00,42,0,0,0,1,0,650,0
420.00,42,0,0,0,1,0,650,0
420.00,41,0,0,0,1,0,-210,0
420.00,41,0,0,0,1,0,-210,0
420.00,41,0,0,0,1,0,-210,0
420.00,41,0,0,0,1,0,650,0
420.00,41,0,0,0,1,0,650,0
420.00,41,0,0,0,1,0,650,0
420.00,41,0,0,0,1,0,650,0
420.00,41,0,0,0,1,0,650,0
420.00,41,0,0,0,1,0,650,0
420.00,41,0,0,0,1,0,650,0
420.00,41,0,0,0,1,0,650,0
420.50,41,0,0,0,1,0,650,0
420.50,41,0,0,0,1,0,650,0
420.50,41,0,0,0,1,0,650,0
420.50,41,0,0,0,1,0,650,0
420.50,41,0,0,0,1,0,650,0
420.50,41,0,0,0,1,0,650,0
420.50,41,0,0,0,1,0,650,0
420.50,41,0,0,0,1,0,650,0
420.50,42,0,0,0,1,0,650,0
420.50,42,0,0,0,1,0,650,0
420.50,42,0,0,0,1,0,650,0
420.50,42,0,0,0,1,0,650,0
420.50,42,0,0,0,1,0,650,0
420.50,42,0,0,0,1,0,650,0
420.50,42,0,0,0,1,0,650,0
420.50,42,0,0,0,1,0,650,0
420.50,41,0,0,0,1,0,300,0
420.50,41,0,0,0,1,0,300,0
420.50,41,0,0,0,1,0,300,0
420.50,41,0,0,0,1,0,300,0
420.50,41,0,0,0,1,0,300,0
420.50,41,0,0,0,1,0,300,0
420.50,41,0,0,0,1,0,750,0
420.50,41,0,0,0,1,0,750,0
420.50,41,0,0,0,1,0,750,0
421.00,40,0,0,0,1,0,755,0
421.00,40,0,0,0,1,0,755,0
421.00,40,0,0,0,1,0,755,0
421.00,40,0,0,0,1,0,755,0
421.00,41,0,0,0,1,0,405,0
421.00,41,1,0,0,1,0,405,0
421.00,42,0,0,0,1,0,300,0
421.00,42,0,0,0,1,0,300,0
421.00,42,0,0,0,1,0,300,0
421.00,42,0,0,0,1,0,300,0
421.00,42,0,0,0,1,0,300,0
421.00,42,0,0,0,1,0,300,0
421.00,42,0,0,0,1,0,650,0
421.00,42,0,0,0,1,0,650,0
421.00,42,0,0,0,1,0,650,0
421.00,42,0,0,0,1,0,650,0
421.00,42,0,0,0,1,0,650,0
421.00,42,0,0,0,1,0,650,0
421.00,42,0,0,0,1,0,650,0
421.00,42,0,0,0,1,0,650,0
421.00,41,0,0,0,1,0,405,0
421.00,41,1,0,0,1,0,405,0
421.50,42,0,0,0,1,0,650,0
421.50,42,0,0,0,1,0,650,0
421.50,42,0,0,0,1,0,650,0
421.50,42,0,0,0,1,0,650,0
421.50,42,0,0,0,1,0,650,0
421.50,42,0,0,0,1,0,650,0
421.50,42,0,0,0,1,0,650,0
421.50,42,0,0,0,1,0,650,0
422.00,41,0,0,0,1,0,650,0
422.00,41,0,0,0,1,0,650,0
422.00,41,0,0,0,1,0,650,0
422.00,41,0,0,0,1,0,650,0
422.00,41,0,0,0,1,0,650,0
422.00,41,0,0,0,1,0,650,0
422.00,41,0,0,0,1,0,650,0
422.00,41,0,0,0,1,0,650,0
422.00,41,0,0,0,1,0,650,0
422.00,41,0,0,0,1,0,650,0
422.00,41,0,0,0,1,0,650,0
422.00,41,0,0,0,1,0,650,0
422.00,41,0,0,0,1,0,650,0
422.00,41,0,0,0,1,0,650,0
422.00,41,0,0,0,1,0,650,0
422.00,41,0,0,0,1,0,650,0
422.00,41,0,0,0,1,0,450,0
422.00,41,0,0,0,1,0,450,0
422.00,41,0,0,0,1,0,450,0
422.00,41,0,0,0,1,0,405,0
422.00,41,1,0,0,1,0,405,0
422.00,41,0,0,0,1,0,450,0
422.00,41,0,0,0,1,0,450,0
422.00,41,0,0,0,1,0,450,0
422.00,41,0,0,0,1,0,650,0
422.00,41,0,0,0,1,0,650,0
422.00,41,0,0,0,1,0,650,0
422.00,41,0,0,0,1,0,650,0
422.00,41,0,0,0,1,0,650,0
422.00,41,0,0,0,1,0,650,0
422.00,41,0,0,0,1,0,650,0
422.00,41,0,0,0,1,0,650,0
422.50,41,0,0,0,1,0,684,0
422.50,41,0,0,0,1,0,684,0
422.50,41,0,0,0,1,0,684,0
422.50,41,0,0,0,1,0,684,0
422.50,41,0,0,0,1,0,684,0
422.50,41,0,0,0,1,0,684,0
423.00,41,0,0,0,1,0,650,0
423.00,41,0,0,0,1,0,650,0
423.00,41,0,0,0,1,0,650,0
423.00,41,0,0,0,1,0,650,0
423.00,41,0,0,0,1,0,650,0
423.00,41,0,0,0,1,0,650,0
423.00,41,0,0,0,1,0,650,0
423.00,41,0,0,0,1,0,650,0
423.00,40,0,0,0,1,0,755,0
423.00,40,0,0,0,1,0,755,0
423.00,40,0,0,0,1,0,755,0
423.00,40,0,0,0,1,0,755,0
423.00,41,1,0,0,1,0,405,0
423.00,41,0,0,0,1,0,405,0
423.00,41,0,0,0,1,0,405,0
423.00,41,1,0,0,1,0,405,0
423.46,34,0,0,0,1,0,567,0
423.46,34,0,0,0,1,0,567,0
423.46,34,0,0,0,1,0,567,0
423.46,34,0,0,0,1,0,567,0
423.46,34,0,0,0,1,0,567,0
423.50,42,0,0,0,1,0,750,0
423.50,42,0,0,0,1,0,750,0
423.50,42,0,0,0,1,0,750,0
423.50,42,0,0,0,1,0,750,0
423.50,41,0,0,0,1,0,650,0
423.50,41,0,0,0,1,0,650,0
423.50,41,0,0,0,1,0,650,0
423.50,41,0,0,0,1,0,650,0
423.50,41,0,0,0,1,0,650,0
423.50,41,0,0,0,1,0,650,0
423.50,41,0,0,0,1,0,650,0
423.50,41,0,0,0,1,0,650,0
424.00,41,0,0,0,1,0,650,0
424.00,41,0,0,0,1,0,650,0
424.00,41,0,0,0,1,0,650,0
424.00,41,0,0,0,1,0,650,0
424.00,41,0,0,0,1,0,650,0
424.00,41,0,0,0,1,0,650,0
424.00,41,0,0,0,1,0,650,0
424.00,41,0,0,0,1,0,650,0
424.00,42,0,0,0,1,0,750,0
424.00,42,0,0,0,1,0,750,0
424.00,42,0,0,0,1,0,750,0
424.00,40,0,0,0,1,0,755,0
424.00,40,1,0,0,1,0,755,0
424.00,40,0,0,0,1,0,755,0
424.00,41,0,0,0,1,0,650,0
424.00,41,0,0,0,1,0,650,0
424.00,41,0,0,0,1,0,650,0
424.00,41,0,0,0,1,0,650,0
424.00,41,0,0,0,1,0,650,0
424.00,41,0,0,0,1,0,650,0
424.00,41,0,0,0,1,0,650,0
424.00,41,0,0,0,1,0,650,0
424.47,34,0,0,0,1,0,600,0
424.47,34,0,0,0,1,0,600,0
424.47,34,0,0,0,1,0,600,0
424.50,41,0,0,0,1,0,650,0
424.50,41,0,0,0,1,0,650,0
424.50,41,0,0,0,1,0,650,0
424.50,41,0,0,0,1,0,650,0
424.50,41,0,0,0,1,0,650,0
424.50,41,0,0,0,1,0,650,0
424.50,41,0,0,0,1,0,650,0
424.50,41,0,0,0,1,0,650,0
424.50,42,0,0,0,1,0,650,0
424.50,42,0,0,0,1,0,650,0
424.50,42,0,0,0,1,0,650,0
424.50,42,0,0,0,1,0,650,0
424.50,42,0,0,0,1,0,650,0
424.50,42,0,0,0,1,0,650,0
424.50,42,0,0,0,1,0,650,0
424.50,42,0,0,0,1,0,650,0
424.50,42,0,0,0,1,0,650,0
424.50,42,0,0,0,1,0,650,0
424.50,42,0,0,0,1,0,650,0
424.50,42,0,0,0,1,0,650,0
424.50,42,0,0,0,1,0,650,0
424.50,42,0,0,0,1,0,650,0
424.50,42,0,0,0,1,0,650,0
424.50,42,0,0,0,1,0,650,0
424.50,42,0,0,0,1,0,650,0
424.50,42,0,0,0,1,0,650,0
424.50,42,0,0,0,1,0,650,0
424.50,42,0,0,0,1,0,650,0
424.50,42,0,0,0,1,0,650,0
424.50,42,0,0,0,1,0,650,0
424.50,42,0,0,0,1,0,650,0
424.50,42,0,0,0,1,0,650,0
425.00,40,0,0,0,1,0,713,0
425.00,40,0,0,0,1,0,713,0
425.00,40,0,0,0,1,0,713,0
425.00,40,0,0,0,1,0,713,0
425.00,40,0,0,0,1,0,713,0
425.00,40,0,0,0,1,0,755,0
425.00,40,0,0,0,1,0,755,0
425.00,40,0,0,0,1,0,755,0
425.00,40,0,0,0,1,0,755,0
425.00,41,0,0,0,1,0,650,0
425.00,41,0,0,0,1,0,650,0
425.00,41,0,0,0,1,0,650,0
425.00,41,0,0,0,1,0,650,0
425.00,41,0,0,0,1,0,650,0
425.00,41,0,0,0,1,0,650,0
425.00,41,0,0,0,1,0,650,0
425.00,41,0,0,0,1,0,650,0
425.00,42,0,0,0,1,0,300,0
425.00,42,0,0,0,1,0,300,0
425.00,42,0,0,0,1,0,300,0
425.00,42,0,0,0,1,0,300,0
425.00,42,0,0,0,1,0,300,0
425.00,42,0,0,0,1,0,300,0
425.00,41,0,0,0,1,0,450,0
425.00,41,0,0,0,1,0,450,0
425.00,41,0,0,0,1,0,450,0
425.00,41,0,0,0,1,0,750,0
425.00,41,0,0,0,1,0,750,0
425.00,41,0,0,0,1,0,750,0
425.50,42,0,0,0,1,0,500,0
425.50,42,0,0,0,1,0,500,0
425.50,42,0,0,0,1,0,500,0
425.50,42,0,0,0,1,0,500,0
425.50,42,0,0,0,1,0,500,0
425.50,42,0,0,0,1,0,500,0
425.50,42,0,0,0,1,0,650,0
425.50,42,0,0,0,1,0,650,0
425.50,42,0,0,0,1,0,650,0
425.50,42,0,0,0,1,0,650,0
425.50,42,0,0,0,1,0,650,0
425.50,42,0,0,0,1,0,650,0
425.50,42,0,0,0,1,0,650,0
425.50,42,0,0,0,1,0,650,0
426.00,19,0,0,0,1,0,500,0
426.00,19,0,0,0,1,0,500,0
426.00,19,0,0,0,1,0,500,0
426.00,19,0,0,0,1,0,500,0
426.00,19,0,0,0,1,0,500,0
426.00,41,0,0,0,1,0,650,0
426.00,41,0,0,0,1,0,650,0
426.00,41,0,0,0,1,0,650,0
426.00,41,0,0,0,1,0,650,0
426.00,41,0,0,0,1,0,650,0
426.00,41,0,0,0,1,0,650,0
426.00,41,0,0,0,1,0,650,0
426.00,41,0,0,0,1,0,650,0
426.00,41,0,0,0,1,0,450,0
426.00,41,0,0,0,1,0,450,0
426.00,41,0,0,0,1,0,450,0
426.00,41,0,0,0,1,0,450,0
426.00,41,0,0,0,1,0,450,0
426.00,41,0,0,0,1,0,450,0
426.00,41,0,0,0,1,0,405,0
426.00,41,1,0,0,1,0,405,0
426.00,42,0,0,0,1,0,750,0
426.00,42,0,0,0,1,0,750,0
426.00,42,0,0,0,1,0,750,0
426.48,34,0,0,0,1,0,600,0
426.48,34,0,0,0,1,0,600,0
426.48,34,0,0,0,1,0,600,0
426.48,34,0,0,0,1,0,550,0
426.48,34,0,0,0,1,0,550,0
426.48,34,0,0,0,1,0,550,0
426.48,34,0,0,0,1,0,550,0
426.48,34,0,0,0,1,0,550,0
426.48,34,0,0,0,1,0,550,0
426.48,34,0,0,0,1,0,550,0
426.48,34,0,0,0,1,0,550,0
426.50,41,0,0,0,1,0,650,0
426.50,41,0,0,0,1,0,650,0
426.50,41,0,0,0,1,0,650,0
426.50,41,0,0,0,1,0,650,0
426.50,41,0,0,0,1,0,650,0
426.50,41,0,0,0,1,0,650,0
426.50,41,0,0,0,1,0,650,0
426.50,41,0,0,0,1,0,650,0
427.00,41,0,0,0,1,0,650,0
427.00,41,0,0,0,1,0,650,0
427.00,41,0,0,0,1,0,650,0
427.00,41,0,0,0,1,0,650,0
427.00,41,0,0,0,1,0,650,0
427.00,41,0,0,0,1,0,650,0
427.00,41,0,0,0,1,0,650,0
427.00,41,0,0,0,1,0,650,0
427.00,41,0,0,0,1,0,700,0
427.00,41,0,0,0,1,0,700,0
427.00,41,0,0,0,1,0,700,0
427.00,41,0,0,0,1,0,700,0
427.00,41,0,0,0,1,0,700,0
427.00,41,0,0,0,1,0,300,0
427.00,41,0,0,0,1,0,300,0
427.00,41,0,0,0,1,0,300,0
427.00,41,0,0,0,1,0,300,0
427.00,41,0,0,0,1,0,300,0
427.00,41,0,0,0,1,0,300,0
427.00,42,0,0,0,1,0,750,0
427.00,42,0,0,0,1,0,750,0
427.00,42,0,0,0,1,0,750,0
427.00,42,0,0,0,1,0,750,0
427.00,42,0,0,0,1,0,650,0
427.00,42,0,0,0,1,0,650,0
427.00,42,0,0,0,1,0,650,0
427.00,42,0,0,0,1,0,650,0
427.00,42,0,0,0,1,0,650,0
427.00,42,0,0,0,1,0,650,0
427.00,42,0,0,0,1,0,650,0
427.00,42,0,0,0,1,0,650,0
427.00,42,0,0,0,1,0,650,0
427.00,42,0,0,0,1,0,650,0
427.00,42,0,0,0,1,0,650,0
427.00,42,0,0,0,1,0,650,0
427.00,42,0,0,0,1,0,650,0
427.00,42,0,0,0,1,0,650,0
427.00,42,0,0,0,1,0,650,0
427.00,42,0,0,0,1,0,650,0
427.50,41,0,0,0,1,0,609,0
427.50,41,1,0,0,1,0,609,0
427.50,41,0,0,0,1,0,609,0
427.50,41,0,0,0,1,0,650,0
427.50,41,0,0,0,1,0,650,0
427.50,41,0,0,0,1,0,650,0
427.50,41,0,0,0,1,0,650,0
427.50,41,0,0,0,1,0,650,0
427.50,41,0,0,0,1,0,650,0
427.50,41,0,0,0,1,0,650,0
427.50,41,0,0,0,1,0,650,0
427.50,41,0,0,0,1,0,405,0
427.50,41,1,0,0,1,0,405,0
427.50,41,1,0,0,1,0,405,0
427.50,41,0,0,0,1,0,405,0
428.00,40,0,0,0,1,0,755,0
428.00,40,0,0,0,1,0,755,0
428.00,40,0,0,0,1,0,755,0
428.00,40,0,0,0,1,0,755,0
428.00,40,0,0,0,1,0,755,0
428.00,40,0,0,0,1,0,755,0
428.00,40,0,0,0,1,0,755,0
428.00,40,0,0,0,1,0,755,0
428.00,41,0,0,0,1,0,650,0
428.00,41,0,0,0,1,0,650,0
428.00,41,0,0,0,1,0,650,0
428.00,41,0,0,0,1,0,650,0
428.00,41,0,0,0,1,0,650,0
428.00,41,0,0,0,1,0,650,0
428.00,41,0,0,0,1,0,650,0
428.00,41,0,0,0,1,0,650,0
428.00,42,0,0,0,1,0,750,0
428.00,42,0,0,0,1,0,750,0
428.00,42,0,0,0,1,0,750,0
428.00,41,0,0,0,1,0,405,0
428.00,41,1,0,0,1,0,405,0
428.49,42,0,0,0,1,0,550,0
428.49,42,0,0,0,1,0,550,0
428.49,42,0,0,0,1,0,550,0
428.49,42,0,0,0,1,0,550,0
428.49,42,0,0,0,1,0,550,0
428.49,42,0,0,0,1,0,550,0
428.49,42,0,0,0,1,0,550,0
428.49,42,0,0,0,1,0,550,0
428.50,42,0,0,0,1,0,500,0
428.50,42,0,0,0,1,0,500,0
428.50,42,0,0,0,1,0,500,0
428.50,42,0,0,0,1,0,500,0
428.50,42,0,0,0,1,0,500,0
428.50,42,0,0,0,1,0,500,0
428.50,41,0,0,0,1,0,405,0
428.50,41,1,0,0,1,0,405,0
428.50,41,0,0,0,1,0,750,0
428.50,41,0,0,0,1,0,750,0
428.50,41,0,0,0,1,0,750,0
428.50,41,0,0,0,1,0,650,0
428.50,41,0,0,0,1,0,650,0
428.50,41,0,0,0,1,0,650,0
428.50,41,0,0,0,1,0,650,0
428.50,41,0,0,0,1,0,650,0
428.50,41,0,0,0,1,0,650,0
428.50,41,0,0,0,1,0,650,0
428.50,41,0,0,0,1,0,650,0
428.50,41,0,0,0,1,0,325,0
428.50,41,0,0,0,1,0,325,0
428.50,41,0,0,0,1,0,325,0
428.50,41,0,0,0,1,0,325,0
428.50,41,0,0,0,1,0,405,0
428.50,41,1,0,0,1,0,405,0
428.50,41,0,0,0,1,0,405,0
429.00,41,0,0,0,1,0,650,0
429.00,41,0,0,0,1,0,650,0
429.00,41,0,0,0,1,0,650,0
429.00,41,0,0,0,1,0,650,0
429.00,41,0,0,0,1,0,650,0
429.00,41,0,0,0,1,0,650,0
429.00,41,0,0,0,1,0,650,0
429.00,41,0,0,0,1,0,650,0
429.00,41,0,0,0,1,0,650,0
429.00,41,0,0,0,1,0,650,0
429.00,41,0,0,0,1,0,650,0
429.00,41,0,0,0,1,0,650,0
429.00,41,0,0,0,1,0,650,0
429.00,41,0,0,0,1,0,650,0
429.00,41,0,0,0,1,0,650,0
429.00,41,0,0,0,1,0,650,0
429.00,42,0,0,0,1,0,650,0
429.00,42,0,0,0,1,0,650,0
429.00,42,0,0,0,1,0,650,0
429.00,42,0,0,0,1,0,650,0
429.00,42,0,0,0,1,0,650,0
429.00,42,0,0,0,1,0,650,0
429.00,42,0,0,0,1,0,650,0
429.00,42,0,0,0,1,0,650,0
429.00,40,0,0,0,1,0,755,0
429.00,40,1,0,0,1,0,755,0
429.00,40,0,0,0,1,0,755,0
429.00,42,0,0,0,1,0,650,0
429.00,42,0,0,0,1,0,650,0
429.00,42,0,0,0,1,0,650,0
429.00,42,0,0,0,1,0,650,0
429.00,42,0,0,0,1,0,650,0
429.00,42,0,0,0,1,0,650,0
429.00,42,0,0,0,1,0,650,0
429.00,42,0,0,0,1,0,650,0
429.00,42,0,0,0,1,0,650,0
429.00,42,0,0,0,1,0,650,0
429.00,42,0,0,0,1,0,650,0
429.00,42,0,0,0,1,0,650,0
429.00,42,0,0,0,1,0,650,0
429.00,42,0,0,0,1,0,650,0
429.00,42,0,0,0,1,0,650,0
429.00,42,0,0,0,1,0,650,0
429.50,41,0,0,0,1,0,650,0
429.50,41,0,0,0,1,0,650,0
429.50,41,0,0,0,1,0,650,0
429.50,41,0,0,0,1,0,650,0
429.50,41,0,0,0,1,0,650,0
429.50,41,0,0,0,1,0,650,0
429.50,41,0,0,0,1,0,650,0
429.50,41,0,0,0,1,0,650,0
429.50,1,0,0,0,1,0,-90,0
429.50,1,0,0,0,1,0,-90,0
429.50,1,0,0,0,1,0,-90,0
429.50,1,0,0,0,1,0,-90,0
429.50,1,0,0,0,1,0,-90,0
429.50,1,0,0,0,1,0,-90,0
429.50,1,0,0,0,1,0,-90,0
429.50,1,0,0,0,1,0,-90,0
429.50,1,0,0,0,1,0,-90,0
429.50,1,0,0,0,1,0,-90,0
429.50,42,0,0,0,1,0,650,0
429.50,42,0,0,0,1,0,650,0
429.50,42,0,0,0,1,0,650,0
429.50,42,0,0,0,1,0,650,0
429.50,42,0,0,0,1,0,650,0
429.50,42,0,0,0,1,0,650,0
429.50,42,0,0,0,1,0,650,0
429.50,42,0,0,0,1,0,650,0
430.00,1,0,0,0,1,0,250,0
430.00,1,1,0,0,1,0,250,0
430.00,42,0,0,0,1,0,567,0
430.00,42,0,0,0,1,0,567,0
430.00,42,0,0,0,1,0,567,0
430.00,42,0,0,0,1,0,567,0
430.00,41,0,0,0,1,0,750,0
430.00,41,0,0,0,1,0,750,0
430.00,41,0,0,0,1,0,750,0
430.00,41,0,0,0,1,0,650,0
430.00,41,0,0,0,1,0,650,0
430.00,41,0,0,0,1,0,650,0
430.00,41,0,0,0,1,0,650,0
430.00,41,0,0,0,1,0,650,0
430.00,41,0,0,0,1,0,650,0
430.00,41,0,0,0,1,0,650,0
430.00,41,0,0,0,1,0,650,0
430.00,42,0,0,0,1,0,434,0
430.00,42,0,0,0,1,0,434,0
430.00,42,0,0,0,1,0,434,0
430.00,42,0,0,0,1,0,650,0
430.00,42,0,0,0,1,0,650,0
430.00,42,0,0,0,1,0,650,0
430.00,42,0,0,0,1,0,650,0
430.00,42,0,0,0,1,0,650,0
430.00,42,0,0,0,1,0,650,0
430.00,42,0,0,0,1,0,650,0
430.00,42,0,0,0,1,0,650,0
430.00,42,0,0,0,1,0,300,0
430.00,42,0,0,0,1,0,300,0
430.00,42,0,0,0,1,0,300,0
430.00,42,0,0,0,1,0,300,0
430.00,42,0,0,0,1,0,300,0
430.00,42,0,0,0,1,0,300,0
430.00,41,0,0,0,1,0,609,0
430.00,41,1,0,0,1,0,609,0
430.00,42,0,0,0,1,0,650,0
430.00,42,0,0,0,1,0,650,0
430.00,42,0,0,0,1,0,650,0
430.00,42,0,0,0,1,0,650,0
430.00,42,0,0,0,1,0,650,0
430.00,42,0,0,0,1,0,650,0
430.00,42,0,0,0,1,0,650,0
430.00,42,0,0,0,1,0,650,0
430.00,42,0,0,0,1,0,650,0
430.00,42,0,0,0,1,0,650,0
430.00,42,0,0,0,1,0,650,0
430.00,42,0,0,0,1,0,650,0
430.00,42,0,0,0,1,0,650,0
430.00,42,0,0,0,1,0,650,0
430.00,42,0,0,0,1,0,650,0
430.00,42,0,0,0,1,0,650,0
430.00,42,0,0,0,1,0,750,0
430.00,42,0,0,0,1,0,750,0
430.00,42,0,0,0,1,0,750,0
430.50,42,0,0,0,1,0,650,0
430.50,42,0,0,0,1,0,650,0
430.50,42,0,0,0,1,0,650,0
430.50,42,0,0,0,1,0,650,0
430.50,42,0,0,0,1,0,650,0
430.50,42,0,0,0,1,0,650,0
430.50,42,0,0,0,1,0,650,0
430.50,42,0,0,0,1,0,650,0
430.50,42,0,0,0,1,0,750,0
430.50,42,0,0,0,1,0,750,0
430.50,42,0,0,0,1,0,750,0
430.50,41,0,0,0,1,0,325,0
430.50,41,0,0,0,1,0,325,0
430.50,41,0,0,0,1,0,325,0
430.50,41,0,0,0,1,0,325,0
431.00,40,0,0,0,1,0,755,0
431.00,40,0,0,0,1,0,755,0
431.00,40,0,0,0,1,0,755,0
431.00,40,0,0,0,1,0,755,0
431.00,41,0,0,0,1,0,450,0
431.00,41,0,0,0,1,0,450,0
431.00,41,0,0,0,1,0,450,0
431.00,41,0,0,0,1,0,650,0
431.00,41,0,0,0,1,0,650,0
431.00,41,0,0,0,1,0,650,0
431.00,41,0,0,0,1,0,650,0
431.00,41,0,0,0,1,0,650,0
431.00,41,0,0,0,1,0,650,0
431.00,41,0,0,0,1,0,650,0
431.00,41,0,0,0,1,0,650,0
431.00,40,0,0,0,1,0,755,0
431.00,40,0,0,0,1,0,755,0
431.00,40,0,0,0,1,0,755,0
431.00,42,0,0,0,1,0,650,0
431.00,42,0,0,0,1,0,650,0
431.00,42,0,0,0,1,0,650,0
431.00,42,0,0,0,1,0,650,0
431.00,42,0,0,0,1,0,650,0
431.00,42,0,0,0,1,0,650,0
431.00,42,0,0,0,1,0,650,0
431.00,42,0,0,0,1,0,650,0
431.00,41,0,0,0,1,0,450,0
431.00,41,0,0,0,1,0,450,0
431.00,41,0,0,0,1,0,450,0
431.50,41,0,0,0,1,0,650,0
431.50,41,0,0,0,1,0,650,0
431.50,41,0,0,0,1,0,650,0
431.50,41,0,0,0,1,0,650,0
431.50,41,0,0,0,1,0,650,0
431.50,41,0,0,0,1,0,650,0
431.50,41,0,0,0,1,0,650,0
431.50,41,0,0,0,1,0,650,0
431.50,41,0,0,0,1,0,750,0
431.50,41,0,0,0,1,0,750,0
431.50,41,0,0,0,1,0,750,0
432.00,41,0,0,0,1,0,650,0
432.00,41,0,0,0,1,0,650,0
432.00,41,0,0,0,1,0,650,0
432.00,41,0,0,0,1,0,650,0
432.00,41,0,0,0,1,0,650,0
432.00,41,0,0,0,1,0,650,0
432.00,41,0,0,0,1,0,650,0
432.00,41,0,0,0,1,0,650,0
432.00,41,0,0,0,1,0,405,0
432.00,41,1,0,0,1,0,405,0
432.00,41,0,0,0,1,0,650,0
432.00,41,0,0,0,1,0,650,0
432.00,41,0,0,0,1,0,650,0
432.00,41,0,0,0,1,0,650,0
432.00,41,0,0,0,1,0,650,0
432.00,41,0,0,0,1,0,650,0
432.00,41,0,0,0,1,0,650,0
432.00,41,0,0,0,1,0,650,0
432.00,42,0,0,0,1,0,650,0
432.00,42,0,0,0,1,0,650,0
432.00,42,0,0,0,1,0,650,0
432.00,42,0,0,0,1,0,650,0
432.00,42,0,0,0,1,0,650,0
432.00,42,0,0,0,1,0,650,0
432.00,42,0,0,0,1,0,650,0
432.00,42,0,0,0,1,0,650,0
432.00,42,0,0,0,1,0,300,0
432.00,42,0,0,0,1,0,300,0
432.00,42,0,0,0,1,0,300,0
432.00,42,0,0,0,1,0,300,0
432.00,42,0,0,0,1,0,300,0
432.00,42,0,0,0,1,0,300,0
432.00,41,0,0,0,1,0,300,0
432.00,41,0,0,0,1,0,300,0
432.00,41,0,0,0,1,0,300,0
432.00,41,0,0,0,1,0,300,0
432.00,41,0,0,0,1,0,300,0
432.00,41,0,0,0,1,0,300,0
432.00,42,0,0,0,1,0,500,0
432.00,42,0,0,0,1,0,500,0
432.00,42,0,0,0,1,0,500,0
432.00,42,0,0,0,1,0,500,0
432.00,42,0,0,0,1,0,500,0
432.00,42,0,0,0,1,0,500,0
432.00,41,0,0,0,1,0,405,0
432.00,41,1,0,0,1,0,405,0
432.50,34,0,0,0,1,0,550,0
432.50,34,0,0,0,1,0,550,0
432.50,34,0,0,0,1,0,550,0
433.00,41,0,0,0,1,0,450,0
433.00,41,0,0,0,1,0,450,0
433.00,41,0,0,0,1,0,450,0
433.00,42,0,0,0,1,0,750,0
433.00,42,0,0,0,1,0,750,0
433.00,42,0,0,0,1,0,750,0
433.00,42,0,0,0,1,0,750,0
433.00,40,0,0,0,1,0,755,0
433.00,40,0,0,0,1,0,755,0
433.00,40,0,0,0,1,0,755,0
433.00,40,0,0,0,1,0,755,0
433.00,41,0,0,0,1,0,700,0
433.00,41,0,0,0,1,0,700,0
433.00,41,0,0,0,1,0,700,0
433.00,41,0,0,0,1,0,700,0
433.00,41,0,0,0,1,0,700,0
433.00,42,0,0,0,1,0,434,0
433.00,42,0,0,0,1,0,434,0
433.00,42,0,0,0,1,0,434,0
433.00,42,0,0,0,1,0,434,0
433.00,42,0,0,0,1,0,750,0
433.00,42,0,0,0,1,0,750,0
433.00,42,0,0,0,1,0,750,0
433.00,42,0,0,0,1,0,650,0
433.00,42,0,0,0,1,0,650,0
433.00,42,0,0,0,1,0,650,0
433.00,42,0,0,0,1,0,650,0
433.00,42,0,0,0,1,0,650,0
433.00,42,0,0,0,1,0,650,0
433.00,42,0,0,0,1,0,650,0
433.00,42,0,0,0,1,0,650,0
433.00,41,0,0,0,1,0,405,0
433.00,41,1,0,0,1,0,405,0
433.00,42,0,0,0,1,0,575,0
433.00,42,0,0,0,1,0,575,0
433.00,42,0,0,0,1,0,575,0
433.00,42,0,0,0,1,0,575,0
433.00,42,0,0,0,1,0,575,0
433.50,41,0,0,0,1,0,609,0
433.50,41,1,0,0,1,0,609,0
433.50,41,0,0,0,1,0,609,0
433.50,41,0,0,0,1,0,650,0
433.50,41,0,0,0,1,0,650,0
433.50,41,0,0,0,1,0,650,0
433.50,41,0,0,0,1,0,650,0
433.50,41,0,0,0,1,0,650,0
433.50,41,0,0,0,1,0,650,0
433.50,41,0,0,0,1,0,650,0
433.50,41,0,0,0,1,0,650,0
433.50,41,0,0,0,1,0,450,0
433.50,41,0,0,0,1,0,450,0
433.50,41,0,0,0,1,0,450,0
433.50,42,0,0,0,1,0,650,0
433.50,42,0,0,0,1,0,650,0
433.50,42,0,0,0,1,0,650,0
433.50,42,0,0,0,1,0,650,0
433.50,42,0,0,0,1,0,650,0
433.50,42,0,0,0,1,0,650,0
433.50,42,0,0,0,1,0,650,0
433.50,42,0,0,0,1,0,650,0
433.50,41,0,0,0,1,0,450,0
433.50,41,0,0,0,1,0,450,0
433.50,41,0,0,0,1,0,450,0
433.51,34,0,0,0,1,0,600,0
433.51,34,0,0,0,1,0,600,0
433.51,34,0,0,0,1,0,600,0
434.00,40,0,0,0,1,0,434,0
434.00,40,0,0,0,1,0,434,0
434.00,40,0,0,0,1,0,434,0
434.00,40,0,0,0,1,0,434,0
434.00,41,0,0,0,1,0,750,0
434.00,41,0,0,0,1,0,750,0
434.00,41,0,0,0,1,0,750,0
434.00,41,0,0,0,1,0,650,0
434.00,41,0,0,0,1,0,650,0
434.00,41,0,0,0,1,0,650,0
434.00,41,0,0,0,1,0,650,0
434.00,41,0,0,0,1,0,650,0
434.00,41,0,0,0,1,0,650,0
434.00,41,0,0,0,1,0,650,0
434.00,41,0,0,0,1,0,650,0
434.00,42,0,0,0,1,0,650,0
434.00,42,0,0,0,1,0,650,0
434.00,42,0,0,0,1,0,650,0
434.00,42,0,0,0,1,0,650,0
434.00,42,0,0,0,1,0,650,0
434.00,42,0,0,0,1,0,650,0
434.00,42,0,0,0,1,0,650,0
434.00,42,0,0,0,1,0,650,0
434.00,40,0,0,0,1,0,755,0
434.00,40,0,0,0,1,0,755,0
434.00,40,0,0,0,1,0,755,0
434.00,40,0,0,0,1,0,755,0
434.00,40,0,0,0,1,0,755,0
434.00,40,1,0,0,1,0,755,0
434.00,40,0,0,0,1,0,755,0
434.00,40,0,0,0,1,0,498,0
434.00,40,0,0,0,1,0,498,0
434.00,40,0,0,0,1,0,498,0
434.00,40,0,0,0,1,0,498,0
434.00,40,0,0,0,1,0,498,0
434.00,40,0,0,0,1,0,498,0
434.00,41,0,0,0,1,0,750,0
434.00,41,1,0,0,1,0,750,0
434.00,41,0,0,0,1,0,750,0
434.00,41,1,0,0,1,0,405,0
434.00,41,1,0,0,1,0,405,0
434.00,41,0,0,0,1,0,650,0
434.00,41,0,0,0,1,0,650,0
434.00,41,0,0,0,1,0,650,0
434.00,41,0,0,0,1,0,650,0
434.00,41,0,0,0,1,0,650,0
434.00,41,0,0,0,1,0,650,0
434.00,41,0,0,0,1,0,650,0
434.00,41,0,0,0,1,0,650,0
434.00,42,0,0,0,1,0,750,0
434.00,42,0,0,0,1,0,750,0
434.00,42,0,0,0,1,0,750,0
434.00,42,0,0,0,1,0,750,0
434.00,42,0,0,0,1,0,434,0
434.00,42,0,0,0,1,0,434,0
434.00,42,0,0,0,1,0,434,0
434.00,41,0,0,0,1,0,650,0
434.00,41,0,0,0,1,0,650,0
434.00,41,0,0,0,1,0,650,0
434.00,41,0,0,0,1,0,650,0
434.00,41,0,0,0,1,0,650,0
434.00,41,0,0,0,1,0,650,0
434.00,41,0,0,0,1,0,650,0
434.00,41,0,0,0,1,0,650,0
434.00,41,0,0,0,1,0,684,0
434.00,41,0,0,0,1,0,684,0
434.00,41,0,0,0,1,0,684,0
434.00,41,0,0,0,1,0,684,0
434.00,41,0,0,0,1,0,684,0
434.00,41,0,0,0,1,0,684,0
434.50,41,0,0,0,1,0,450,0
434.50,41,0,0,0,1,0,450,0
434.50,41,0,0,0,1,0,450,0
434.50,41,0,0,0,1,0,405,0
434.50,41,1,0,0,1,0,405,0
434.50,41,0,0,0,1,0,450,0
434.50,41,0,0,0,1,0,450,0
434.50,41,0,0,0,1,0,450,0
434.50,41,0,0,0,1,0,650,0
434.50,41,0,0,0,1,0,650,0
434.50,41,0,0,0,1,0,650,0
434.50,41,0,0,0,1,0,650,0
434.50,41,0,0,0,1,0,650,0
434.50,41,0,0,0,1,0,650,0
434.50,41,0,0,0,1,0,650,0
434.50,41,0,0,0,1,0,650,0
434.50,41,0,0,0,1,0,325,0
434.50,41,0,0,0,1,0,325,0
434.50,41,0,0,0,1,0,325,0
434.50,41,0,0,0,1,0,325,0
434.50,41,0,0,0,1,0,325,0
434.51,42,0,0,0,1,0,350,0
434.51,42,0,0,0,1,0,350,0
434.51,42,0,0,0,1,0,350,0
434.51,42,0,0,0,1,0,350,0
435.00,41,0,0,0,1,0,325,0
435.00,41,0,0,0,1,0,325,0
435.00,41,0,0,0,1,0,325,0
435.00,41,0,0,0,1,0,325,0
435.00,41,0,0,0,1,0,325,0
435.00,42,0,0,0,1,0,650,0
435.00,42,0,0,0,1,0,650,0
435.00,42,0,0,0,1,0,650,0
435.00,42,0,0,0,1,0,650,0
435.00,42,0,0,0,1,0,650,0
435.00,42,0,0,0,1,0,650,0
435.00,42,0,0,0,1,0,650,0
435.00,42,0,0,0,1,0,650,0
435.00,41,0,0,0,1,0,450,0
435.00,41,0,0,0,1,0,450,0
435.00,41,0,0,0,1,0,450,0
435.00,40,0,0,0,1,0,167,0
435.00,40,0,0,0,1,0,167,0
435.00,40,0,0,0,1,0,167,0
435.00,40,0,0,0,1,0,167,0
435.00,40,0,0,0,1,0,167,0
435.00,40,0,0,0,1,0,167,0
435.00,42,0,0,0,1,0,650,0
435.00,42,0,0,0,1,0,650,0
435.00,42,0,0,0,1,0,650,0
435.00,42,0,0,0,1,0,650,0
435.00,42,0,0,0,1,0,650,0
435.00,42,0,0,0,1,0,650,0
435.00,42,0,0,0,1,0,650,0
435.00,42,0,0,0,1,0,650,0
435.00,41,0,0,0,1,0,650,0
435.00,41,0,0,0,1,0,650,0
435.00,41,0,0,0,1,0,650,0
435.00,41,0,0,0,1,0,650,0
435.00,41,0,0,0,1,0,650,0
435.00,41,0,0,0,1,0,650,0
435.00,41,0,0,0,1,0,650,0
435.00,41,0,0,0,1,0,650,0
435.00,42,0,0,0,1,0,650,0
435.00,42,0,0,0,1,0,650,0
435.00,42,0,0,0,1,0,650,0
435.00,42,0,0,0,1,0,650,0
435.00,42,0,0,0,1,0,650,0
435.00,42,0,0,0,1,0,650,0
435.00,42,0,0,0,1,0,650,0
435.00,42,0,0,0,1,0,650,0
435.00,42,0,0,0,1,0,575,0
435.00,42,0,0,0,1,0,575,0
435.00,42,0,0,0,1,0,575,0
435.00,42,0,0,0,1,0,575,0
435.00,42,0,0,0,1,0,575,0
435.50,41,1,0,0,1,0,405,0
435.50,41,0,0,0,1,0,405,0
435.50,42,0,0,0,1,0,575,0
435.50,42,0,0,0,1,0,575,0
435.50,42,0,0,0,1,0,575,0
435.50,42,0,0,0,1,0,575,0
435.50,42,0,0,0,1,0,575,0
436.00,42,0,0,0,1,0,750,0
436.00,42,0,0,0,1,0,750,0
436.00,42,0,0,0,1,0,750,0
436.00,41,0,0,0,1,0,650,0
436.00,41,0,0,0,1,0,650,0
436.00,41,0,0,0,1,0,650,0
436.00,41,0,0,0,1,0,650,0
436.00,41,0,0,0,1,0,650,0
436.00,41,0,0,0,1,0,650,0
436.00,41,0,0,0,1,0,650,0
436.00,41,0,0,0,1,0,650,0
436.00,40,0,0,0,1,0,755,0
436.00,40,0,0,0,1,0,755,0
436.00,40,0,0,0,1,0,755,0
436.00,41,0,0,0,1,0,650,0
436.00,41,0,0,0,1,0,650,0
436.00,41,0,0,0,1,0,650,0
436.00,41,0,0,0,1,0,650,0
436.00,41,0,0,0,1,0,650,0
436.00,41,0,0,0,1,0,650,0
436.00,41,0,0,0,1,0,650,0
436.00,41,0,0,0,1,0,650,0
436.00,42,0,0,0,1,0,600,0
436.00,42,0,0,0,1,0,600,0
436.00,42,0,0,0,1,0,600,0
436.00,42,0,0,0,1,0,600,0
436.00,42,0,0,0,1,0,600,0
436.00,42,0,0,0,1,0,434,0
436.00,42,0,0,0,1,0,434,0
436.00,42,0,0,0,1,0,434,0
436.00,42,0,0,0,1,0,434,0
436.50,42,0,0,0,1,0,650,0
436.50,42,0,0,0,1,0,650,0
436.50,42,0,0,0,1,0,650,0
436.50,42,0,0,0,1,0,650,0
436.50,42,0,0,0,1,0,650,0
436.50,42,0,0,0,1,0,650,0
436.50,42,0,0,0,1,0,650,0
436.50,42,0,0,0,1,0,650,0
436.50,41,0,0,0,1,0,450,0
436.50,41,0,0,0,1,0,450,0
436.50,41,0,0,0,1,0,450,0
436.50,41,0,0,0,1,0,750,0
436.50,41,0,0,0,1,0,750,0
436.50,41,0,0,0,1,0,750,0
437.00,41,0,0,0,1,0,300,0
437.00,41,0,0,0,1,0,300,0
437.00,41,0,0,0,1,0,300,0
437.00,41,0,0,0,1,0,300,0
437.00,41,0,0,0,1,0,300,0
437.00,41,0,0,0,1,0,300,0
437.00,42,0,0,0,1,0,650,0
437.00,42,0,0,0,1,0,650,0
437.00,42,0,0,0,1,0,650,0
437.00,42,0,0,0,1,0,650,0
437.00,42,0,0,0,1,0,650,0
437.00,42,0,0,0,1,0,650,0
437.00,42,0,0,0,1,0,650,0
437.00,42,0,0,0,1,0,650,0
437.00,41,1,0,0,1,0,405,0
437.00,41,0,0,0,1,0,405,0
437.00,41,0,0,0,1,0,700,0
437.00,41,0,0,0,1,0,700,0
437.00,41,0,0,0,1,0,700,0
437.00,41,0,0,0,1,0,700,0
437.00,41,0,0,0,1,0,700,0
437.00,42,0,0,0,1,0,650,0
437.00,42,0,0,0,1,0,650,0
437.00,42,0,0,0,1,0,650,0
437.00,42,0,0,0,1,0,650,0
437.00,42,0,0,0,1,0,650,0
437.00,42,0,0,0,1,0,650,0
437.00,42,0,0,0,1,0,650,0
437.00,42,0,0,0,1,0,650,0
437.00,42,0,0,0,1,0,575,0
437.00,42,0,0,0,1,0,575,0
437.00,42,0,0,0,1,0,575,0
437.00,42,0,0,0,1,0,575,0
437.00,42,0,0,0,1,0,575,0
437.50,41,0,0,0,1,0,300,0
437.50,41,0,0,0,1,0,300,0
437.50,41,0,0,0,1,0,300,0
437.50,41,0,0,0,1,0,300,0
437.50,41,0,0,0,1,0,300,0
437.50,41,0,0,0,1,0,300,0
437.50,41,0,0,0,1,0,450,0
437.50,41,0,0,0,1,0,450,0
437.50,41,0,0,0,1,0,450,0
437.50,41,1,0,0,1,0,405,0
437.50,41,0,0,0,1,0,405,0
437.50,41,0,0,0,1,0,450,0
437.50,41,0,0,0,1,0,450,0
437.50,41,0,0,0,1,0,450,0
437.50,41,0,0,0,1,0,450,0
437.50,41,0,0,0,1,0,450,0
437.50,41,0,0,0,1,0,450,0
438.00,42,0,0,0,1,0,250,0
438.00,42,0,0,0,1,0,250,0
438.00,42,0,0,0,1,0,250,0
438.00,42,0,0,0,1,0,250,0
438.00,42,0,0,0,1,0,250,0
438.00,42,0,0,0,1,0,650,0
438.00,42,0,0,0,1,0,650,0
438.00,42,0,0,0,1,0,650,0
438.00,42,0,0,0,1,0,650,0
438.00,42,0,0,0,1,0,650,0
438.00,42,0,0,0,1,0,650,0
438.00,42,0,0,0,1,0,650,0
438.00,42,0,0,0,1,0,650,0
438.00,40,0,0,0,1,0,755,0
438.00,40,1,0,0,1,0,755,0
438.00,40,0,0,0,1,0,755,0
438.00,41,0,0,0,1,0,650,0
438.00,41,0,0,0,1,0,650,0
438.00,41,0,0,0,1,0,650,0
438.00,41,0,0,0,1,0,650,0
438.00,41,0,0,0,1,0,650,0
438.00,41,0,0,0,1,0,650,0
438.00,41,0,0,0,1,0,650,0
438.00,41,0,0,0,1,0,650,0
438.00,41,0,0,0,1,0,650,0
438.00,41,0,0,0,1,0,650,0
438.00,41,0,0,0,1,0,650,0
438.00,41,0,0,0,1,0,650,0
438.00,41,0,0,0,1,0,650,0
438.00,41,0,0,0,1,0,650,0
438.00,41,0,0,0,1,0,650,0
438.00,41,0,0,0,1,0,650,0
438.00,42,0,0,0,1,0,300,0
438.00,42,0,0,0,1,0,300,0
438.00,42,0,0,0,1,0,300,0
438.00,42,0,0,0,1,0,300,0
438.00,42,0,0,0,1,0,300,0
438.00,42,0,0,0,1,0,300,0
438.00,42,0,0,0,1,0,650,0
438.00,42,0,0,0,1,0,650,0
438.00,42,0,0,0,1,0,650,0
438.00,42,0,0,0,1,0,650,0
438.00,42,0,0,0,1,0,650,0
438.00,42,0,0,0,1,0,650,0
438.00,42,0,0,0,1,0,650,0
438.00,42,0,0,0,1,0,650,0
438.00,42,0,0,0,1,0,650,0
438.00,42,0,0,0,1,0,650,0
438.00,42,0,0,0,1,0,650,0
438.00,42,0,0,0,1,0,650,0
438.00,42,0,0,0,1,0,650,0
438.00,42,0,0,0,1,0,650,0
438.00,42,0,0,0,1,0,650,0
438.00,42,0,0,0,1,0,650,0
438.00,42,0,0,0,1,0,600,0
438.00,42,0,0,0,1,0,600,0
438.00,42,0,0,0,1,0,600,0
438.00,42,0,0,0,1,0,600,0
438.00,42,0,0,0,1,0,600,0
438.00,42,0,0,0,1,0,650,0
438.00,42,0,0,0,1,0,650,0
438.00,42,0,0,0,1,0,650,0
438.00,42,0,0,0,1,0,650,0
438.00,42,0,0,0,1,0,650,0
438.00,42,0,0,0,1,0,650,0
438.00,42,0,0,0,1,0,650,0
438.00,42,0,0,0,1,0,650,0
438.00,41,0,0,0,1,0,-210,0
438.00,41,0,0,0,1,0,-210,0
438.00,41,0,0,0,1,0,-210,0
438.00,41,0,0,0,1,0,-210,0
438.50,41,0,0,0,1,0,650,0
438.50,41,0,0,0,1,0,650,0
438.50,41,0,0,0,1,0,650,0
438.50,41,0,0,0,1,0,650,0
438.50,41,0,0,0,1,0,650,0
438.50,41,0,0,0,1,0,650,0
438.50,41,0,0,0,1,0,650,0
438.50,41,0,0,0,1,0,650,0
438.50,41,0,0,0,1,0,300,0
438.50,41,0,0,0,1,0,300,0
438.50,41,0,0,0,1,0,300,0
438.50,41,0,0,0,1,0,300,0
438.50,41,0,0,0,1,0,300,0
438.50,41,0,0,0,1,0,300,0
439.00,41,0,0,0,1,0,650,0
439.00,41,0,0,0,1,0,650,0
439.00,41,0,0,0,1,0,650,0
439.00,41,0,0,0,1,0,650,0
439.00,41,0,0,0,1,0,650,0
439.00,41,0,0,0,1,0,650,0
439.00,41,0,0,0,1,0,650,0
439.00,41,0,0,0,1,0,650,0
439.00,42,0,0,0,1,0,650,0
439.00,42,0,0,0,1,0,650,0
439.00,42,0,0,0,1,0,650,0
439.00,42,0,0,0,1,0,650,0
439.00,42,0,0,0,1,0,650,0
439.00,42,0,0,0,1,0,650,0
439.00,42,0,0,0,1,0,650,0
439.00,42,0,0,0,1,0,650,0
439.00,41,0,0,0,1,0,367,0
439.00,41,1,0,0,1,0,367,0
439.00,41,0,0,0,1,0,725,0
439.00,41,0,0,0,1,0,725,0
439.00,41,0,0,0,1,0,725,0
439.00,41,0,0,0,1,0,725,0
439.00,42,0,0,0,1,0,650,0
439.00,42,0,0,0,1,0,650,0
439.00,42,0,0,0,1,0,650,0
439.00,42,0,0,0,1,0,650,0
439.00,42,0,0,0,1,0,650,0
439.00,42,0,0,0,1,0,650,0
439.00,42,0,0,0,1,0,650,0
439.00,42,0,0,0,1,0,650,0
439.00,41,0,0,0,1,0,650,0
439.00,41,0,0,0,1,0,650,0
439.00,41,0,0,0,1,0,650,0
439.00,41,0,0,0,1,0,650,0
439.00,41,0,0,0,1,0,650,0
439.00,41,0,0,0,1,0,650,0
439.00,41,0,0,0,1,0,650,0
439.00,41,0,0,0,1,0,650,0
439.00,42,0,0,0,1,0,650,0
439.00,42,0,0,0,1,0,650,0
439.00,42,0,0,0,1,0,650,0
439.00,42,0,0,0,1,0,650,0
439.00,42,0,0,0,1,0,650,0
439.00,42,0,0,0,1,0,650,0
439.00,42,0,0,0,1,0,650,0
439.00,42,0,0,0,1,0,650,0
439.00,42,0,0,0,1,0,300,0
439.00,42,0,0,0,1,0,300,0
439.00,42,0,0,0,1,0,300,0
439.00,42,0,0,0,1,0,300,0
439.00,42,0,0,0,1,0,300,0
439.00,42,0,0,0,1,0,650,0
439.00,42,0,0,0,1,0,650,0
439.00,42,0,0,0,1,0,650,0
439.00,42,0,0,0,1,0,650,0
439.00,42,0,0,0,1,0,650,0
439.00,42,0,0,0,1,0,650,0
439.00,42,0,0,0,1,0,650,0
439.00,42,0,0,0,1,0,650,0
439.00,41,0,0,0,1,0,405,0
439.00,41,1,0,0,1,0,405,0
439.04,42,0,0,0,1,0,550,0
439.04,42,0,0,0,1,0,550,0
439.04,42,0,0,0,1,0,550,0
439.04,42,0,0,0,1,0,550,0
439.04,42,0,0,0,1,0,550,0
439.04,42,0,0,0,1,0,550,0
439.04,42,0,0,0,1,0,550,0
439.04,42,0,0,0,1,0,550,0
439.50,41,0,0,0,1,0,650,0
439.50,41,0,0,0,1,0,650,0
439.50,41,0,0,0,1,0,650,0
439.50,41,0,0,0,1,0,650,0
439.50,41,0,0,0,1,0,650,0
439.50,41,0,0,0,1,0,650,0
439.50,41,0,0,0,1,0,650,0
439.50,41,0,0,0,1,0,650,0
439.50,41,0,0,0,1,0,700,0
439.50,41,0,0,0,1,0,700,0
439.50,41,0,0,0,1,0,700,0
439.50,41,0,0,0,1,0,700,0
439.50,41,0,0,0,1,0,700,0
439.50,41,0,0,0,1,0,684,0
439.50,41,0,0,0,1,0,684,0
439.50,41,0,0,0,1,0,684,0
439.50,41,0,0,0,1,0,684,0
439.50,41,0,0,0,1,0,684,0
439.50,41,0,0,0,1,0,684,0
440.00,42,0,0,0,1,0,600,0
440.00,42,0,0,0,1,0,600,0
440.00,42,0,0,0,1,0,600,0
440.00,42,0,0,0,1,0,600,0
440.00,42,0,0,0,1,0,600,0
440.00,40,0,0,0,1,0,755,0
440.00,40,0,0,0,1,0,755,0
440.00,40,0,0,0,1,0,755,0
440.00,40,0,0,0,1,0,755,0
440.00,41,0,0,0,1,0,300,0
440.00,41,0,0,0,1,0,300,0
440.00,41,0,0,0,1,0,300,0
440.00,41,0,0,0,1,0,300,0
440.00,41,0,0,0,1,0,300,0
440.00,41,0,0,0,1,0,300,0
440.00,40,0,0,0,1,0,755,0
440.00,40,0,0,0,1,0,755,0
440.00,40,0,0,0,1,0,755,0
440.00,40,0,0,0,1,0,755,0
440.00,40,0,0,0,1,0,755,0
440.00,40,0,0,0,1,0,755,0
440.00,40,0,0,0,1,0,755,0
440.00,40,0,0,0,1,0,755,0
440.00,42,0,0,0,1,0,650,0
440.00,42,0,0,0,1,0,650,0
440.00,42,0,0,0,1,0,650,0
440.00,42,0,0,0,1,0,650,0
440.00,42,0,0,0,1,0,650,0
440.00,42,0,0,0,1,0,650,0
440.00,42,0,0,0,1,0,650,0
440.00,42,0,0,0,1,0,650,0
440.00,40,0,0,0,1,0,292,0
440.00,40,1,0,0,1,0,292,0
440.00,40,0,0,0,1,0,292,0
440.00,42,0,0,0,1,0,650,0
440.00,42,0,0,0,1,0,650,0
440.00,42,0,0,0,1,0,650,0
440.00,42,0,0,0,1,0,650,0
440.00,42,0,0,0,1,0,650,0
440.00,42,0,0,0,1,0,650,0
440.00,42,0,0,0,1,0,650,0
440.00,42,0,0,0,1,0,650,0
440.00,42,0,0,0,1,0,650,0
440.00,42,0,0,0,1,0,650,0
440.00,42,0,0,0,1,0,650,0
440.00,42,0,0,0,1,0,650,0
440.00,42,0,0,0,1,0,650,0
440.00,42,0,0,0,1,0,650,0
440.00,42,0,0,0,1,0,650,0
440.00,42,0,0,0,1,0,650,0
440.00,41,0,0,0,1,0,650,0
440.00,41,0,0,0,1,0,650,0
440.00,41,0,0,0,1,0,650,0
440.00,41,0,0,0,1,0,650,0
440.00,41,0,0,0,1,0,650,0
440.00,41,0,0,0,1,0,650,0
440.00,41,0,0,0,1,0,650,0
440.00,41,0,0,0,1,0,650,0
440.00,41,0,0,0,1,0,500,0
440.00,41,0,0,0,1,0,500,0
440.00,41,0,0,0,1,0,500,0
440.00,41,0,0,0,1,0,500,0
440.00,41,0,0,0,1,0,500,0
440.00,41,0,0,0,1,0,500,0
440.00,19,0,0,0,1,0,500,0
440.00,19,0,0,0,1,0,500,0
440.00,19,0,0,0,1,0,500,0
440.00,19,0,0,0,1,0,500,0
440.00,19,0,0,0,1,0,500,0
440.50,41,0,0,0,1,0,750,0
440.50,41,0,0,0,1,0,750,0
440.50,41,0,0,0,1,0,750,0
440.50,41,0,0,0,1,0,325,0
440.50,41,0,0,0,1,0,325,0
440.50,41,0,0,0,1,0,325,0
440.50,41,0,0,0,1,0,325,0
440.50,41,0,0,0,1,0,325,0
440.50,42,0,0,0,1,0,650,0
440.50,42,0,0,0,1,0,650,0
440.50,42,0,0,0,1,0,650,0
440.50,42,0,0,0,1,0,650,0
440.50,42,0,0,0,1,0,650,0
440.50,42,0,0,0,1,0,650,0
440.50,42,0,0,0,1,0,650,0
440.50,42,0,0,0,1,0,650,0
440.50,42,0,0,0,1,0,650,0
440.50,42,0,0,0,1,0,650,0
440.50,42,0,0,0,1,0,650,0
440.50,42,0,0,0,1,0,650,0
440.50,42,0,0,0,1,0,650,0
440.50,42,0,0,0,1,0,650,0
440.50,42,0,0,0,1,0,650,0
440.50,42,0,0,0,1,0,650,0
440.50,41,0,0,0,1,0,750,0
440.50,41,0,0,0,1,0,750,0
440.50,41,0,0,0,1,0,750,0
441.00,40,0,0,0,1,0,755,0
441.00,40,0,0,0,1,0,755,0
441.00,40,0,0,0,1,0,755,0
441.00,40,0,0,0,1,0,755,0
441.00,42,0,0,0,1,0,650,0
441.00,42,0,0,0,1,0,650,0
441.00,42,0,0,0,1,0,650,0
441.00,42,0,0,0,1,0,650,0
441.00,42,0,0,0,1,0,650,0
441.00,42,0,0,0,1,0,650,0
441.00,42,0,0,0,1,0,650,0
441.00,42,0,0,0,1,0,650,0
441.00,42,0,0,0,1,0,500,0
441.00,42,0,0,0,1,0,500,0
441.00,42,0,0,0,1,0,500,0
441.00,42,0,0,0,1,0,500,0
441.00,42,0,0,0,1,0,500,0
441.00,42,0,0,0,1,0,500,0
441.00,41,0,0,0,1,0,650,0
441.00,41,0,0,0,1,0,650,0
441.00,41,0,0,0,1,0,650,0
441.00,41,0,0,0,1,0,650,0
441.00,41,0,0,0,1,0,650,0
441.00,41,0,0,0,1,0,650,0
441.00,41,0,0,0,1,0,650,0
441.00,41,0,0,0,1,0,650,0
441.00,42,0,0,0,1,0,500,0
441.00,42,0,0,0,1,0,500,0
441.00,42,0,0,0,1,0,500,0
441.00,42,0,0,0,1,0,500,0
441.00,42,0,0,0,1,0,500,0
441.00,42,0,0,0,1,0,500,0
441.50,41,0,0,0,1,0,650,0
441.50,41,0,0,0,1,0,650,0
441.50,41,0,0,0,1,0,650,0
441.50,41,0,0,0,1,0,650,0
441.50,41,0,0,0,1,0,650,0
441.50,41,0,0,0,1,0,650,0
441.50,41,0,0,0,1,0,650,0
441.50,41,0,0,0,1,0,650,0
441.50,41,0,0,0,1,0,405,0
441.50,41,1,0,0,1,0,405,0
441.50,42,0,0,0,1,0,434,0
441.50,42,0,0,0,1,0,434,0
441.50,42,0,0,0,1,0,434,0
441.50,1,0,0,0,1,0,-500,0
441.50,1,0,0,0,1,0,-500,0
441.50,1,0,0,0,1,0,-500,0
441.50,1,0,0,0,1,0,-500,0
441.50,1,0,0,0,1,0,-500,0
441.50,1,0,0,0,1,0,-500,0
441.50,1,0,0,0,1,0,-500,0
441.50,1,0,0,0,1,0,-500,0
441.50,1,0,0,0,1,0,-500,0
441.55,34,0,0,0,1,0,600,0
441.55,34,1,0,0,1,0,600,0
441.55,34,0,0,0,1,0,600,0
442.00,41,0,0,0,1,0,650,0
442.00,41,0,0,0,1,0,650,0
442.00,41,0,0,0,1,0,650,0
442.00,41,0,0,0,1,0,650,0
442.00,41,0,0,0,1,0,650,0
442.00,41,0,0,0,1,0,650,0
442.00,41,0,0,0,1,0,650,0
442.00,41,0,0,0,1,0,650,0
442.00,41,0,0,0,1,0,650,0
442.00,41,0,0,0,1,0,650,0
442.00,41,0,0,0,1,0,650,0
442.00,41,0,0,0,1,0,650,0
442.00,41,0,0,0,1,0,650,0
442.00,41,0,0,0,1,0,650,0
442.00,41,0,0,0,1,0,650,0
442.00,41,0,0,0,1,0,650,0
442.00,40,0,0,0,1,0,755,0
442.00,40,0,0,0,1,0,755,0
442.00,40,0,0,0,1,0,755,0
442.00,40,0,0,0,1,0,755,0
442.00,41,0,0,0,1,0,450,0
442.00,41,0,0,0,1,0,450,0
442.00,41,0,0,0,1,0,450,0
442.00,1,0,0,0,1,0,-90,0
442.00,1,0,0,0,1,0,-90,0
442.00,1,0,0,0,1,0,-90,0
442.00,1,0,0,0,1,0,-90,0
442.00,1,0,0,0,1,0,-90,0
442.00,1,0,0,0,1,0,-90,0
442.00,1,0,0,0,1,0,-90,0
442.00,1,0,0,0,1,0,-90,0
442.00,1,0,0,0,1,0,-90,0
442.00,1,0,0,0,1,0,-90,0
442.00,42,0,0,0,1,0,300,0
442.00,42,0,0,0,1,0,300,0
442.00,42,0,0,0,1,0,300,0
442.00,42,0,0,0,1,0,300,0
442.00,42,0,0,0,1,0,300,0
442.00,42,0,0,0,1,0,300,0
442.00,40,0,0,0,1,0,434,0
442.00,40,0,0,0,1,0,434,0
442.00,40,0,0,0,1,0,434,0
442.00,40,0,0,0,1,0,434,0
442.00,41,1,0,0,1,0,405,0
442.00,41,1,0,0,1,0,405,0
442.00,41,0,0,0,1,0,450,0
442.00,41,0,0,0,1,0,450,0
442.00,41,0,0,0,1,0,450,0
442.00,42,0,0,0,1,0,650,0
442.00,42,0,0,0,1,0,650,0
442.00,42,0,0,0,1,0,650,0
442.00,42,0,0,0,1,0,650,0
442.00,42,0,0,0,1,0,650,0
442.00,42,0,0,0,1,0,650,0
442.00,42,0,0,0,1,0,650,0
442.00,42,0,0,0,1,0,650,0
442.00,40,0,0,0,1,0,755,0
442.00,40,0,0,0,1,0,755,0
442.00,40,0,0,0,1,0,755,0
442.00,40,0,0,0,1,0,755,0
442.00,42,0,0,0,1,0,650,0
442.00,42,0,0,0,1,0,650,0
442.00,42,0,0,0,1,0,650,0
442.00,42,0,0,0,1,0,650,0
442.00,42,0,0,0,1,0,650,0
442.00,42,0,0,0,1,0,650,0
442.00,42,0,0,0,1,0,650,0
442.00,42,0,0,0,1,0,650,0
442.00,41,0,0,0,1,0,609,0
442.00,41,1,0,0,1,0,609,0
442.00,41,0,0,0,1,0,609,0
442.00,42,0,0,0,1,0,750,0
442.00,42,0,0,0,1,0,750,0
442.00,42,0,0,0,1,0,750,0
442.50,42,0,0,0,1,0,434,0
442.50,42,0,0,0,1,0,434,0
442.50,42,0,0,0,1,0,434,0
442.50,42,0,0,0,1,0,434,0
442.50,42,0,0,0,1,0,434,0
442.50,42,0,0,0,1,0,434,0
442.50,42,0,0,0,1,0,434,0
442.50,42,0,0,0,1,0,434,0
442.50,41,0,0,0,1,0,405,0
442.50,41,1,0,0,1,0,405,0
442.50,42,0,0,0,1,0,250,0
442.50,42,0,0,0,1,0,250,0
442.50,42,0,0,0,1,0,250,0
442.50,42,0,0,0,1,0,250,0
442.50,42,0,0,0,1,0,250,0
442.50,41,0,0,0,1,0,650,0
442.50,41,0,0,0,1,0,650,0
442.50,41,0,0,0,1,0,650,0
442.50,41,0,0,0,1,0,650,0
442.50,41,0,0,0,1,0,650,0
442.50,41,0,0,0,1,0,650,0
442.50,41,0,0,0,1,0,650,0
442.50,41,0,0,0,1,0,650,0
442.50,42,0,0,0,1,0,650,0
442.50,42,0,0,0,1,0,650,0
442.50,42,0,0,0,1,0,650,0
442.50,42,0,0,0,1,0,650,0
442.50,42,0,0,0,1,0,650,0
442.50,42,0,0,0,1,0,650,0
442.50,42,0,0,0,1,0,650,0
442.50,42,0,0,0,1,0,650,0
442.55,47,0,0,0,1,0,550,0
442.55,47,0,0,0,1,0,550,0
442.55,47,0,0,0,1,0,550,0
443.00,41,0,0,0,1,0,650,0
443.00,41,0,0,0,1,0,650,0
443.00,41,0,0,0,1,0,650,0
443.00,41,0,0,0,1,0,650,0
443.00,41,0,0,0,1,0,650,0
443.00,41,0,0,0,1,0,650,0
443.00,41,0,0,0,1,0,650,0
443.00,41,0,0,0,1,0,650,0
443.00,41,0,0,0,1,0,650,0
443.00,41,0,0,0,1,0,650,0
443.00,41,0,0,0,1,0,650,0
443.00,41,0,0,0,1,0,650,0
443.00,41,0,0,0,1,0,650,0
443.00,41,0,0,0,1,0,650,0
443.00,41,0,0,0,1,0,650,0
443.00,41,0,0,0,1,0,650,0
443.00,42,0,0,0,1,0,600,0
443.00,42,0,0,0,1,0,600,0
443.00,42,0,0,0,1,0,600,0
443.00,42,0,0,0,1,0,600,0
443.00,42,0,0,0,1,0,600,0
443.00,41,0,0,0,1,0,650,0
443.00,41,0,0,0,1,0,650,0
443.00,41,0,0,0,1,0,650,0
443.00,41,0,0,0,1,0,650,0
443.00,41,0,0,0,1,0,650,0
443.00,41,0,0,0,1,0,650,0
443.00,41,0,0,0,1,0,650,0
443.00,41,0,0,0,1,0,650,0
443.00,41,0,0,0,1,0,650,0
443.00,41,0,0,0,1,0,650,0
443.00,41,0,0,0,1,0,650,0
443.00,41,0,0,0,1,0,650,0
443.00,41,0,0,0,1,0,650,0
443.00,41,0,0,0,1,0,650,0
443.00,41,0,0,0,1,0,650,0
443.00,41,0,0,0,1,0,650,0
443.00,41,0,0,0,1,0,500,0
443.00,41,0,0,0,1,0,500,0
443.00,41,0,0,0,1,0,500,0
443.00,41,0,0,0,1,0,500,0
443.00,41,0,0,0,1,0,500,0
443.00,41,0,0,0,1,0,500,0
443.00,42,0,0,0,1,0,650,0
443.00,42,0,0,0,1,0,650,0
443.00,42,0,0,0,1,0,650,0
443.00,42,0,0,0,1,0,650,0
443.00,42,0,0,0,1,0,650,0
443.00,42,0,0,0,1,0,650,0
443.00,42,0,0,0,1,0,650,0
443.00,42,0,0,0,1,0,650,0
443.00,40,0,0,0,1,0,850,0
443.00,40,0,0,0,1,0,850,0
443.00,40,0,0,0,1,0,850,0
443.00,40,0,0,0,1,0,850,0
443.00,40,0,0,0,1,0,850,0
443.00,40,0,0,0,1,0,850,0
443.00,40,0,0,0,1,0,850,0
443.00,40,0,0,0,1,0,850,0
443.00,42,0,0,0,1,0,434,0
443.00,42,0,0,0,1,0,434,0
443.00,42,0,0,0,1,0,434,0
443.00,42,0,0,0,1,0,500,0
443.00,42,0,0,0,1,0,500,0
443.00,42,0,0,0,1,0,500,0
443.00,42,0,0,0,1,0,500,0
443.00,42,0,0,0,1,0,500,0
443.00,42,0,0,0,1,0,500,0
443.00,42,0,0,0,1,0,650,0
443.00,42,0,0,0,1,0,650,0
443.00,42,0,0,0,1,0,650,0
443.00,42,0,0,0,1,0,650,0
443.00,42,0,0,0,1,0,650,0
443.00,42,0,0,0,1,0,650,0
443.00,42,0,0,0,1,0,650,0
443.00,42,0,0,0,1,0,650,0
443.00,41,0,0,0,1,0,405,0
443.00,41,1,0,0,1,0,405,0
443.00,41,0,0,0,1,0,450,0
443.00,41,0,0,0,1,0,450,0
443.00,41,0,0,0,1,0,450,0
443.00,42,0,0,0,1,0,750,0
443.00,42,0,0,0,1,0,750,0
443.00,42,0,0,0,1,0,750,0
443.00,42,0,0,0,1,0,750,0
443.00,41,0,0,0,1,0,750,0
443.00,41,0,0,0,1,0,750,0
443.00,41,0,0,0,1,0,750,0
443.00,42,0,0,0,1,0,650,0
443.00,42,0,0,0,1,0,650,0
443.00,42,0,0,0,1,0,650,0
443.00,42,0,0,0,1,0,650,0
443.00,42,0,0,0,1,0,650,0
443.00,42,0,0,0,1,0,650,0
443.00,42,0,0,0,1,0,650,0
443.00,42,0,0,0,1,0,650,0
443.50,41,0,0,0,1,0,650,0
443.50,41,0,0,0,1,0,650,0
443.50,41,0,0,0,1,0,650,0
443.50,41,0,0,0,1,0,650,0
443.50,41,0,0,0,1,0,650,0
443.50,41,0,0,0,1,0,650,0
443.50,41,0,0,0,1,0,650,0
443.50,41,0,0,0,1,0,650,0
443.50,41,0,0,0,1,0,650,0
443.50,41,0,0,0,1,0,650,0
443.50,41,0,0,0,1,0,650,0
443.50,41,0,0,0,1,0,650,0
443.50,41,0,0,0,1,0,650,0
443.50,41,0,0,0,1,0,650,0
443.50,41,0,0,0,1,0,650,0
443.50,41,0,0,0,1,0,650,0
443.50,42,0,0,0,1,0,650,0
443.50,42,0,0,0,1,0,650,0
443.50,42,0,0,0,1,0,650,0
443.50,42,0,0,0,1,0,650,0
443.50,42,0,0,0,1,0,650,0
443.50,42,0,0,0,1,0,650,0
443.50,42,0,0,0,1,0,650,0
443.50,42,0,0,0,1,0,650,0
443.50,42,0,0,0,1,0,650,0
443.50,42,0,0,0,1,0,650,0
443.50,42,0,0,0,1,0,650,0
443.50,42,0,0,0,1,0,650,0
443.50,42,0,0,0,1,0,650,0
443.50,42,0,0,0,1,0,650,0
443.50,42,0,0,0,1,0,650,0
443.50,42,0,0,0,1,0,650,0
443.50,42,0,0,0,1,0,650,0
443.50,42,0,0,0,1,0,650,0
443.50,42,0,0,0,1,0,650,0
443.50,42,0,0,0,1,0,650,0
443.50,42,0,0,0,1,0,650,0
443.50,42,0,0,0,1,0,650,0
443.50,42,0,0,0,1,0,650,0
443.50,42,0,0,0,1,0,650,0
443.50,41,0,0,0,1,0,650,0
443.50,41,0,0,0,1,0,650,0
443.50,41,0,0,0,1,0,650,0
443.50,41,0,0,0,1,0,650,0
443.50,41,0,0,0,1,0,650,0
443.50,41,0,0,0,1,0,650,0
443.50,41,0,0,0,1,0,650,0
443.50,41,0,0,0,1,0,650,0
444.00,42,0,0,0,1,0,650,0
444.00,42,0,0,0,1,0,650,0
444.00,42,0,0,0,1,0,650,0
444.00,42,0,0,0,1,0,650,0
444.00,42,0,0,0,1,0,650,0
444.00,42,0,0,0,1,0,650,0
444.00,42,0,0,0,1,0,650,0
444.00,42,0,0,0,1,0,650,0
444.00,40,0,0,0,1,0,755,0
444.00,40,0,0,0,1,0,755,0
444.00,40,0,0,0,1,0,755,0
444.00,40,0,0,0,1,0,755,0
444.00,41,0,0,0,1,0,609,0
444.00,41,1,0,0,1,0,609,0
444.00,41,0,0,0,1,0,609,0
444.00,42,0,0,0,1,0,567,0
444.00,42,0,0,0,1,0,567,0
444.00,42,0,0,0,1,0,567,0
444.00,40,0,0,0,1,0,755,0
444.00,40,0,0,0,1,0,755,0
444.00,40,0,0,0,1,0,755,0
444.00,40,0,0,0,1,0,755,0
444.00,40,0,0,0,1,0,755,0
444.00,40,0,0,0,1,0,755,0
444.00,40,0,0,0,1,0,755,0
444.00,40,0,0,0,1,0,755,0
444.00,40,0,0,0,1,0,755,0
444.00,40,0,0,0,1,0,755,0
444.00,40,0,0,0,1,0,755,0
444.00,40,0,0,0,1,0,755,0
444.00,41,0,0,0,1,0,500,0
444.00,41,0,0,0,1,0,500,0
444.00,41,0,0,0,1,0,500,0
444.00,41,0,0,0,1,0,500,0
444.00,41,0,0,0,1,0,500,0
444.00,41,0,0,0,1,0,500,0
444.00,41,0,0,0,1,0,650,0
444.00,41,0,0,0,1,0,650,0
444.00,41,0,0,0,1,0,650,0
444.00,41,0,0,0,1,0,650,0
444.00,41,0,0,0,1,0,650,0
444.00,41,0,0,0,1,0,650,0
444.00,41,0,0,0,1,0,650,0
444.00,41,0,0,0,1,0,650,0
444.00,40,0,0,0,1,0,755,0
444.00,40,0,0,0,1,0,755,0
444.00,40,0,0,0,1,0,755,0
444.00,41,1,0,0,1,0,375,0
444.00,41,0,0,0,1,0,375,0
444.00,41,0,0,0,1,0,405,0
444.00,41,1,0,0,1,0,405,0
444.00,42,0,0,0,1,0,650,0
444.00,42,0,0,0,1,0,650,0
444.00,42,0,0,0,1,0,650,0
444.00,42,0,0,0,1,0,650,0
444.00,42,0,0,0,1,0,650,0
444.00,42,0,0,0,1,0,650,0
444.00,42,0,0,0,1,0,650,0
444.00,42,0,0,0,1,0,650,0
444.00,41,0,0,0,1,0,650,0
444.00,41,0,0,0,1,0,650,0
444.00,41,0,0,0,1,0,650,0
444.00,41,0,0,0,1,0,650,0
444.00,41,0,0,0,1,0,650,0
444.00,41,0,0,0,1,0,650,0
444.00,41,0,0,0,1,0,650,0
444.00,41,0,0,0,1,0,650,0
444.50,41,0,0,0,1,0,450,0
444.50,41,0,0,0,1,0,450,0
444.50,41,0,0,0,1,0,450,0
444.50,41,0,0,0,1,0,609,0
444.50,41,1,0,0,1,0,609,0
444.50,41,0,0,0,1,0,609,0
444.50,41,0,0,0,1,0,700,0
444.50,41,0,0,0,1,0,700,0
444.50,41,0,0,0,1,0,700,0
444.50,41,0,0,0,1,0,700,0
444.50,41,0,0,0,1,0,700,0
444.50,41,0,0,0,1,0,650,0
444.50,41,0,0,0,1,0,650,0
444.50,41,0,0,0,1,0,650,0
444.50,41,0,0,0,1,0,650,0
444.50,41,0,0,0,1,0,650,0
444.50,41,0,0,0,1,0,650,0
444.50,41,0,0,0,1,0,650,0
444.50,41,0,0,0,1,0,650,0
444.50,41,0,0,0,1,0,650,0
444.50,41,0,0,0,1,0,650,0
444.50,41,0,0,0,1,0,650,0
444.50,41,0,0,0,1,0,650,0
444.50,41,0,0,0,1,0,650,0
444.50,41,0,0,0,1,0,650,0
444.50,41,0,0,0,1,0,650,0
444.50,41,0,0,0,1,0,650,0
444.50,42,0,0,0,1,0,750,0
444.50,42,0,0,0,1,0,750,0
444.50,42,0,0,0,1,0,750,0
444.50,42,0,0,0,1,0,650,0
444.50,42,0,0,0,1,0,650,0
444.50,42,0,0,0,1,0,650,0
444.50,42,0,0,0,1,0,650,0
444.50,42,0,0,0,1,0,650,0
444.50,42,0,0,0,1,0,650,0
444.50,42,0,0,0,1,0,650,0
444.50,42,0,0,0,1,0,650,0
444.50,42,0,0,0,1,0,650,0
444.50,42,0,0,0,1,0,650,0
444.50,42,0,0,0,1,0,650,0
444.50,42,0,0,0,1,0,650,0
444.50,42,0,0,0,1,0,650,0
444.50,42,0,0,0,1,0,650,0
444.50,42,0,0,0,1,0,650,0
444.50,42,0,0,0,1,0,650,0
445.00,41,0,0,0,1,0,500,0
445.00,41,0,0,0,1,0,500,0
445.00,41,0,0,0,1,0,500,0
445.00,41,0,0,0,1,0,500,0
445.00,41,0,0,0,1,0,500,0
445.00,41,0,0,0,1,0,500,0
445.00,1,0,0,0,1,0,138,0
445.00,1,0,0,0,1,0,138,0
445.00,1,0,0,0,1,0,138,0
445.00,1,0,0,0,1,0,138,0
445.00,1,0,0,0,1,0,350,0
445.00,1,0,0,0,1,0,350,0
445.00,1,0,0,0,1,0,350,0
445.00,42,0,0,0,1,0,650,0
445.00,42,0,0,0,1,0,650,0
445.00,42,0,0,0,1,0,650,0
445.00,42,0,0,0,1,0,650,0
445.00,42,0,0,0,1,0,650,0
445.00,42,0,0,0,1,0,650,0
445.00,42,0,0,0,1,0,650,0
445.00,42,0,0,0,1,0,650,0
445.00,42,0,0,0,1,0,750,0
445.00,42,0,0,0,1,0,750,0
445.00,42,0,0,0,1,0,750,0
445.00,41,0,0,0,1,0,650,0
445.00,41,0,0,0,1,0,650,0
445.00,41,0,0,0,1,0,650,0
445.00,41,0,0,0,1,0,650,0
445.00,41,0,0,0,1,0,650,0
445.00,41,0,0,0,1,0,650,0
445.00,41,0,0,0,1,0,650,0
445.00,41,0,0,0,1,0,650,0
445.00,42,0,0,0,1,0,567,0
445.00,42,0,0,0,1,0,567,0
445.00,42,0,0,0,1,0,567,0
445.00,42,0,0,0,1,0,567,0
445.00,42,0,0,0,1,0,650,0
445.00,42,0,0,0,1,0,650,0
445.00,42,0,0,0,1,0,650,0
445.00,42,0,0,0,1,0,650,0
445.00,42,0,0,0,1,0,650,0
445.00,42,0,0,0,1,0,650,0
445.00,42,0,0,0,1,0,650,0
445.00,42,0,0,0,1,0,650,0
445.00,41,0,0,0,1,0,650,0
445.00,41,0,0,0,1,0,650,0
445.00,41,0,0,0,1,0,650,0
445.00,41,0,0,0,1,0,650,0
445.00,41,0,0,0,1,0,650,0
445.00,41,0,0,0,1,0,650,0
445.00,41,0,0,0,1,0,650,0
445.00,41,0,0,0,1,0,650,0
445.00,42,0,0,0,1,0,434,0
445.00,42,0,0,0,1,0,434,0
445.00,42,0,0,0,1,0,434,0
445.00,42,0,0,0,1,0,434,0
445.00,42,0,0,0,1,0,650,0
445.00,42,0,0,0,1,0,650,0
445.00,42,0,0,0,1,0,650,0
445.00,42,0,0,0,1,0,650,0
445.00,42,0,0,0,1,0,650,0
445.00,42,0,0,0,1,0,650,0
445.00,42,0,0,0,1,0,650,0
445.00,42,0,0,0,1,0,650,0
445.00,42,0,0,0,1,0,250,0
445.00,42,0,0,0,1,0,250,0
445.00,42,0,0,0,1,0,250,0
445.00,42,0,0,0,1,0,250,0
445.00,42,0,0,0,1,0,250,0
445.00,42,0,0,0,1,0,250,0
445.50,41,0,0,0,1,0,750,0
445.50,41,0,0,0,1,0,750,0
445.50,41,0,0,0,1,0,750,0
445.50,41,0,0,0,1,0,405,0
445.50,41,1,0,0,1,0,405,0
445.57,34,0,0,0,1,0,600,0
445.57,34,0,0,0,1,0,600,0
445.57,34,0,0,0,1,0,600,0
446.00,41,0,0,0,1,0,600,0
446.00,41,0,0,0,1,0,600,0
446.00,41,0,0,0,1,0,600,0
446.00,41,0,0,0,1,0,600,0
446.00,41,0,0,0,1,0,600,0
446.00,41,0,0,0,1,0,600,0
446.00,41,0,0,0,1,0,650,0
446.00,41,0,0,0,1,0,650,0
446.00,41,0,0,0,1,0,650,0
446.00,41,0,0,0,1,0,650,0
446.00,41,0,0,0,1,0,650,0
446.00,41,0,0,0,1,0,650,0
446.00,41,0,0,0,1,0,650,0
446.00,41,0,0,0,1,0,650,0
446.00,40,0,0,0,1,0,755,0
446.00,40,0,0,0,1,0,755,0
446.00,40,0,0,0,1,0,755,0
446.00,40,0,0,0,1,0,755,0
446.00,41,0,0,0,1,0,650,0
446.00,41,0,0,0,1,0,650,0
446.00,41,0,0,0,1,0,650,0
446.00,41,0,0,0,1,0,650,0
446.00,41,0,0,0,1,0,650,0
446.00,41,0,0,0,1,0,650,0
446.00,41,0,0,0,1,0,650,0
446.00,41,0,0,0,1,0,650,0
446.00,41,0,0,0,1,0,405,0
446.00,41,1,0,0,1,0,405,0
446.00,41,0,0,0,1,0,325,0
446.00,41,0,0,0,1,0,325,0
446.00,41,0,0,0,1,0,325,0
446.00,41,0,0,0,1,0,325,0
446.00,41,0,0,0,1,0,300,0
446.00,41,0,0,0,1,0,300,0
446.00,41,0,0,0,1,0,300,0
446.00,41,0,0,0,1,0,300,0
446.00,41,0,0,0,1,0,300,0
446.00,41,0,0,0,1,0,300,0
446.00,41,0,0,0,1,0,684,0
446.00,41,0,0,0,1,0,684,0
446.00,41,0,0,0,1,0,684,0
446.00,41,0,0,0,1,0,684,0
446.00,41,0,0,0,1,0,684,0
446.00,41,0,0,0,1,0,684,0
446.00,41,0,0,0,1,0,405,0
446.00,41,1,0,0,1,0,405,0
446.00,41,0,0,0,1,0,450,0
446.00,41,0,0,0,1,0,450,0
446.00,41,0,0,0,1,0,450,0
446.07,42,0,0,0,1,0,350,0
446.07,42,0,0,0,1,0,350,0
446.07,42,0,0,0,1,0,350,0
446.50,41,0,0,0,1,0,650,0
446.50,41,0,0,0,1,0,650,0
446.50,41,0,0,0,1,0,650,0
446.50,41,0,0,0,1,0,650,0
446.50,41,0,0,0,1,0,650,0
446.50,41,0,0,0,1,0,650,0
446.50,41,0,0,0,1,0,650,0
446.50,41,0,0,0,1,0,650,0
446.50,42,0,0,0,1,0,650,0
446.50,42,0,0,0,1,0,650,0
446.50,42,0,0,0,1,0,650,0
446.50,42,0,0,0,1,0,650,0
446.50,42,0,0,0,1,0,650,0
446.50,42,0,0,0,1,0,650,0
446.50,42,0,0,0,1,0,650,0
446.50,42,0,0,0,1,0,650,0
446.50,41,0,0,0,1,0,405,0
446.50,41,1,0,0,1,0,405,0
446.50,42,0,0,0,1,0,575,0
446.50,42,0,0,0,1,0,575,0
446.50,42,0,0,0,1,0,575,0
446.50,42,0,0,0,1,0,575,0
446.50,42,0,0,0,1,0,575,0
446.50,41,0,0,0,1,0,379,0
446.50,41,1,0,0,1,0,379,0
446.50,41,0,0,0,1,0,379,0
446.50,41,0,0,0,1,0,650,0
446.50,41,0,0,0,1,0,650,0
446.50,41,0,0,0,1,0,650,0
446.50,41,0,0,0,1,0,650,0
446.50,41,0,0,0,1,0,650,0
446.50,41,0,0,0,1,0,650,0
446.50,41,0,0,0,1,0,650,0
446.50,41,0,0,0,1,0,650,0
446.50,42,0,0,0,1,0,650,0
446.50,42,0,0,0,1,0,650,0
446.50,42,0,0,0,1,0,650,0
446.50,42,0,0,0,1,0,650,0
446.50,42,0,0,0,1,0,650,0
446.50,42,0,0,0,1,0,650,0
446.50,42,0,0,0,1,0,650,0
446.50,42,0,0,0,1,0,650,0
446.50,42,0,0,0,1,0,575,0
446.50,42,0,0,0,1,0,575,0
446.50,42,0,0,0,1,0,575,0
446.50,42,0,0,0,1,0,575,0
446.50,42,0,0,0,1,0,575,0
446.50,42,0,0,0,1,0,650,0
446.50,42,0,0,0,1,0,650,0
446.50,42,0,0,0,1,0,650,0
446.50,42,0,0,0,1,0,650,0
446.50,42,0,0,0,1,0,650,0
446.50,42,0,0,0,1,0,650,0
446.50,42,0,0,0,1,0,650,0
446.50,42,0,0,0,1,0,650,0
446.50,42,0,0,0,1,0,750,0
446.50,42,0,0,0,1,0,750,0
446.50,42,0,0,0,1,0,750,0
446.50,42,0,0,0,1,0,750,0
446.57,1,0,0,0,1,0,-400,0
446.57,1,0,0,0,1,0,-400,0
446.57,1,0,0,0,1,0,-400,0
446.57,1,0,0,0,1,0,-400,0
446.57,1,0,0,0,1,0,-400,0
446.57,1,0,0,0,1,0,-400,0
447.00,40,0,0,0,1,0,755,0
447.00,40,0,0,0,1,0,755,0
447.00,40,0,0,0,1,0,755,0
447.00,40,0,0,0,1,0,755,0
447.00,42,0,0,0,1,0,650,0
447.00,42,0,0,0,1,0,650,0
447.00,42,0,0,0,1,0,650,0
447.00,42,0,0,0,1,0,650,0
447.00,42,0,0,0,1,0,650,0
447.00,42,0,0,0,1,0,650,0
447.00,42,0,0,0,1,0,650,0
447.00,42,0,0,0,1,0,650,0
447.00,42,0,0,0,1,0,650,0
447.00,42,0,0,0,1,0,650,0
447.00,42,0,0,0,1,0,650,0
447.00,42,0,0,0,1,0,650,0
447.00,42,0,0,0,1,0,650,0
447.00,42,0,0,0,1,0,650,0
447.00,42,0,0,0,1,0,650,0
447.00,42,0,0,0,1,0,650,0
447.00,41,0,0,0,1,0,450,0
447.00,41,0,0,0,1,0,450,0
447.00,41,0,0,0,1,0,450,0
447.00,41,0,0,0,1,0,405,0
447.00,41,1,0,0,1,0,405,0
447.00,41,0,0,0,1,0,750,0
447.00,41,0,0,0,1,0,750,0
447.00,41,0,0,0,1,0,750,0
447.00,42,0,0,0,1,0,750,0
447.00,42,0,0,0,1,0,750,0
447.00,42,0,0,0,1,0,750,0
447.00,42,0,0,0,1,0,750,0
447.00,42,0,0,0,1,0,650,0
447.00,42,0,0,0,1,0,650,0
447.00,42,0,0,0,1,0,650,0
447.00,42,0,0,0,1,0,650,0
447.00,42,0,0,0,1,0,650,0
447.00,42,0,0,0,1,0,650,0
447.00,42,0,0,0,1,0,650,0
447.00,42,0,0,0,1,0,650,0
447.00,41,0,0,0,1,0,600,0
447.00,41,0,0,0,1,0,600,0
447.00,41,0,0,0,1,0,600,0
447.00,41,0,0,0,1,0,600,0
447.00,41,0,0,0,1,0,600,0
447.00,41,0,0,0,1,0,600,0
447.00,41,0,0,0,1,0,650,0
447.00,41,0,0,0,1,0,650,0
447.00,41,0,0,0,1,0,650,0
447.00,41,0,0,0,1,0,650,0
447.00,41,0,0,0,1,0,650,0
447.00,41,0,0,0,1,0,650,0
447.00,41,0,0,0,1,0,650,0
447.00,41,0,0,0,1,0,650,0
447.00,40,1,0,0,1,0,217,0
447.00,40,0,0,0,1,0,217,0
447.00,41,0,0,0,1,0,650,0
447.00,41,0,0,0,1,0,650,0
447.00,41,0,0,0,1,0,650,0
447.00,41,0,0,0,1,0,650,0
447.00,41,0,0,0,1,0,650,0
447.00,41,0,0,0,1,0,650,0
447.00,41,0,0,0,1,0,650,0
447.00,41,0,0,0,1,0,650,0
447.50,41,0,0,0,1,0,650,0
447.50,41,0,0,0,1,0,650,0
447.50,41,0,0,0,1,0,650,0
447.50,41,0,0,0,1,0,650,0
447.50,41,0,0,0,1,0,650,0
447.50,41,0,0,0,1,0,650,0
447.50,41,0,0,0,1,0,650,0
447.50,41,0,0,0,1,0,650,0
447.50,42,0,0,0,1,0,650,0
447.50,42,0,0,0,1,0,650,0
447.50,42,0,0,0,1,0,650,0
447.50,42,0,0,0,1,0,650,0
447.50,42,0,0,0,1,0,650,0
447.50,42,0,0,0,1,0,650,0
447.50,42,0,0,0,1,0,650,0
447.50,42,0,0,0,1,0,650,0
447.50,41,0,0,0,1,0,450,0
447.50,41,0,0,0,1,0,450,0
447.50,41,0,0,0,1,0,450,0
447.50,41,1,0,0,1,0,405,0
447.50,41,0,0,0,1,0,405,0
447.50,41,0,0,0,1,0,405,0
447.50,41,1,0,0,1,0,405,0
448.00,42,0,0,0,1,0,300,0
448.00,42,0,0,0,1,0,300,0
448.00,42,0,0,0,1,0,300,0
448.00,42,0,0,0,1,0,300,0
448.00,42,0,0,0,1,0,300,0
448.00,42,0,0,0,1,0,300,0
448.00,42,0,0,0,1,0,575,0
448.00,42,0,0,0,1,0,575,0
448.00,42,0,0,0,1,0,575,0
448.00,42,0,0,0,1,0,575,0
448.00,42,0,0,0,1,0,575,0
448.00,42,0,0,0,1,0,575,0
448.00,42,0,0,0,1,0,575,0
448.00,42,0,0,0,1,0,575,0
448.00,42,0,0,0,1,0,575,0
448.00,42,0,0,0,1,0,575,0
448.00,41,0,0,0,1,0,750,0
448.00,41,0,0,0,1,0,750,0
448.00,41,0,0,0,1,0,750,0
448.00,41,0,0,0,1,0,750,0
448.00,41,0,0,0,1,0,750,0
448.00,41,0,0,0,1,0,750,0
448.50,41,0,0,0,1,0,325,0
448.50,41,0,0,0,1,0,325,0
448.50,41,0,0,0,1,0,325,0
448.50,41,0,0,0,1,0,325,0
448.50,42,0,0,0,1,0,650,0
448.50,42,0,0,0,1,0,650,0
448.50,42,0,0,0,1,0,650,0
448.50,42,0,0,0,1,0,650,0
448.50,42,0,0,0,1,0,650,0
448.50,42,0,0,0,1,0,650,0
448.50,42,0,0,0,1,0,650,0
448.50,42,0,0,0,1,0,650,0
448.50,41,0,0,0,1,0,405,0
448.50,41,1,0,0,1,0,405,0
448.50,41,0,0,0,1,0,684,0
448.50,41,0,0,0,1,0,684,0
448.50,41,0,0,0,1,0,684,0
448.50,41,0,0,0,1,0,684,0
448.50,41,0,0,0,1,0,684,0
448.50,41,0,0,0,1,0,684,0
448.50,42,0,0,0,1,0,650,0
448.50,42,0,0,0,1,0,650,0
448.50,42,0,0,0,1,0,650,0
448.50,42,0,0,0,1,0,650,0
448.50,42,0,0,0,1,0,650,0
448.50,42,0,0,0,1,0,650,0
448.50,42,0,0,0,1,0,650,0
448.50,42,0,0,0,1,0,650,0
448.50,41,0,0,0,1,0,450,0
448.50,41,0,0,0,1,0,450,0
448.50,41,0,0,0,1,0,450,0
448.50,41,0,0,0,1,0,700,0
448.50,41,0,0,0,1,0,700,0
448.50,41,0,0,0,1,0,700,0
448.50,41,0,0,0,1,0,700,0
448.50,41,0,0,0,1,0,700,0
448.50,42,0,0,0,1,0,650,0
448.50,42,0,0,0,1,0,650,0
448.50,42,0,0,0,1,0,650,0
448.50,42,0,0,0,1,0,650,0
448.50,42,0,0,0,1,0,650,0
448.50,42,0,0,0,1,0,650,0
448.50,42,0,0,0,1,0,650,0
448.50,42,0,0,0,1,0,650,0
448.58,34,0,0,0,1,0,550,0
448.58,34,0,0,0,1,0,550,0
448.58,34,0,0,0,1,0,550,0
449.00,40,0,0,0,1,0,755,0
449.00,40,0,0,0,1,0,755,0
449.00,40,0,0,0,1,0,755,0
449.00,41,0,0,0,1,0,600,0
449.00,41,0,0,0,1,0,600,0
449.00,41,0,0,0,1,0,600,0
449.00,41,0,0,0,1,0,600,0
449.00,41,0,0,0,1,0,600,0
449.00,41,0,0,0,1,0,600,0
449.00,42,0,0,0,1,0,750,0
449.00,42,0,0,0,1,0,750,0
449.00,42,0,0,0,1,0,750,0
449.00,42,0,0,0,1,0,750,0
449.00,40,0,0,0,1,0,755,0
449.00,40,0,0,0,1,0,755,0
449.00,40,0,0,0,1,0,755,0
449.00,40,0,0,0,1,0,755,0
449.00,41,0,0,0,1,0,375,0
449.00,41,1,0,0,1,0,375,0
449.00,41,0,0,0,1,0,650,0
449.00,41,0,0,0,1,0,650,0
449.00,41,0,0,0,1,0,650,0
449.00,41,0,0,0,1,0,650,0
449.00,41,0,0,0,1,0,650,0
449.00,41,0,0,0,1,0,650,0
449.00,41,0,0,0,1,0,650,0
449.00,41,0,0,0,1,0,650,0
449.00,41,0,0,0,1,0,450,0
449.00,41,0,0,0,1,0,450,0
449.00,41,0,0,0,1,0,450,0
449.50,41,0,0,0,1,0,750,0
449.50,41,0,0,0,1,0,750,0
449.50,41,0,0,0,1,0,750,0
449.50,42,0,0,0,1,0,650,0
449.50,42,0,0,0,1,0,650,0
449.50,42,0,0,0,1,0,650,0
449.50,42,0,0,0,1,0,650,0
449.50,42,0,0,0,1,0,650,0
449.50,42,0,0,0,1,0,650,0
449.50,42,0,0,0,1,0,650,0
449.50,42,0,0,0,1,0,650,0
449.50,41,0,0,0,1,0,650,0
449.50,41,0,0,0,1,0,650,0
449.50,41,0,0,0,1,0,650,0
449.50,41,0,0,0,1,0,650,0
449.50,41,0,0,0,1,0,650,0
449.50,41,0,0,0,1,0,650,0
449.50,41,0,0,0,1,0,650,0
449.50,41,0,0,0,1,0,650,0
450.00,42,0,0,0,1,0,300,0
450.00,42,0,0,0,1,0,300,0
450.00,42,0,0,0,1,0,300,0
450.00,42,0,0,0,1,0,300,0
450.00,42,0,0,0,1,0,300,0
450.00,42,0,0,0,1,0,300,0
450.00,41,0,0,0,1,0,650,0
450.00,41,0,0,0,1,0,650,0
450.00,41,0,0,0,1,0,650,0
450.00,41,0,0,0,1,0,650,0
450.00,41,0,0,0,1,0,650,0
450.00,41,0,0,0,1,0,650,0
450.00,41,0,0,0,1,0,650,0
450.00,41,0,0,0,1,0,650,0
450.00,42,0,0,0,1,0,650,0
450.00,42,0,0,0,1,0,650,0
450.00,42,0,0,0,1,0,650,0
450.00,42,0,0,0,1,0,650,0
450.00,42,0,0,0,1,0,650,0
450.00,42,0,0,0,1,0,650,0
450.00,42,0,0,0,1,0,650,0
450.00,42,0,0,0,1,0,650,0
450.00,42,0,0,0,1,0,650,0
450.00,42,0,0,0,1,0,650,0
450.00,42,0,0,0,1,0,650,0
450.00,42,0,0,0,1,0,650,0
450.00,42,0,0,0,1,0,650,0
450.00,42,0,0,0,1,0,650,0
450.00,42,0,0,0,1,0,650,0
450.00,42,0,0,0,1,0,650,0
450.00,40,0,0,0,1,0,600,0
450.00,40,0,0,0,1,0,600,0
450.00,40,0,0,0,1,0,600,0
450.00,40,0,0,0,1,0,600,0
450.00,40,0,0,0,1,0,600,0
450.00,40,0,0,0,1,0,600,0
450.00,40,0,0,0,1,0,600,0
450.00,40,0,0,0,1,0,600,0
450.00,40,0,0,0,1,0,600,0
450.00,40,0,0,0,1,0,600,0
450.00,40,0,0,0,1,0,600,0
450.00,40,0,0,0,1,0,600,0
450.00,40,0,0,0,1,0,600,0
450.00,40,0,0,0,1,0,600,0
450.00,41,0,0,0,1,0,405,0
450.00,41,1,0,0,1,0,405,0
450.00,41,0,0,0,1,0,650,0
450.00,41,0,0,0,1,0,650,0
450.00,41,0,0,0,1,0,650,0
450.00,41,0,0,0,1,0,650,0
450.00,41,0,0,0,1,0,650,0
450.00,41,0,0,0,1,0,650,0
450.00,41,0,0,0,1,0,650,0
450.00,41,0,0,0,1,0,650,0
450.00,40,0,0,0,1,0,755,0
450.00,40,0,0,0,1,0,755,0
450.00,40,0,0,0,1,0,755,0
450.00,40,0,0,0,1,0,755,0
450.00,42,0,0,0,1,0,650,0
450.00,42,0,0,0,1,0,650,0
450.00,42,0,0,0,1,0,650,0
450.00,42,0,0,0,1,0,650,0
450.00,42,0,0,0,1,0,650,0
450.00,42,0,0,0,1,0,650,0
450.00,42,0,0,0,1,0,650,0
450.00,42,0,0,0,1,0,650,0
450.00,40,0,0,0,1,0,755,0
450.00,40,1,0,0,1,0,755,0
450.00,40,0,0,0,1,0,755,0
450.00,41,0,0,0,1,0,700,0
450.00,41,0,0,0,1,0,700,0
450.00,41,0,0,0,1,0,700,0
450.00,41,0,0,0,1,0,700,0
450.00,41,0,0,0,1,0,700,0
450.00,41,0,0,0,1,0,700,0
450.00,42,0,0,0,1,0,300,0
450.00,42,0,0,0,1,0,300,0
450.00,42,0,0,0,1,0,300,0
450.00,42,0,0,0,1,0,300,0
450.00,42,0,0,0,1,0,300,0
450.00,42,0,0,0,1,0,300,0
450.00,41,1,0,0,1,0,405,0
450.00,41,0,0,0,1,0,405,0
450.00,41,0,0,0,1,0,405,0
450.00,41,1,0,0,1,0,405,0
450.50,41,0,0,0,1,0,650,0
450.50,41,0,0,0,1,0,650,0
450.50,41,0,0,0,1,0,650,0
450.50,41,0,0,0,1,0,650,0
450.50,41,0,0,0,1,0,650,0
450.50,41,0,0,0,1,0,650,0
450.50,41,0,0,0,1,0,650,0
450.50,41,0,0,0,1,0,650,0
450.50,42,0,0,0,1,0,300,0
450.50,42,0,0,0,1,0,300,0
450.50,42,0,0,0,1,0,300,0
450.50,42,0,0,0,1,0,300,0
450.50,42,0,0,0,1,0,300,0
450.50,42,0,0,0,1,0,300,0
450.50,41,0,0,0,1,0,405,0
450.50,41,1,0,0,1,0,405,0
450.50,41,0,0,0,1,0,300,0
450.50,41,0,0,0,1,0,300,0
450.50,41,0,0,0,1,0,300,0
450.50,41,0,0,0,1,0,300,0
450.50,41,0,0,0,1,0,300,0
450.50,41,0,0,0,1,0,300,0
450.50,41,0,0,0,1,0,650,0
450.50,41,0,0,0,1,0,650,0
450.50,41,0,0,0,1,0,650,0
450.50,41,0,0,0,1,0,650,0
450.50,41,0,0,0,1,0,650,0
450.50,41,0,0,0,1,0,650,0
450.50,41,0,0,0,1,0,650,0
450.50,41,0,0,0,1,0,650,0
450.50,41,0,0,0,1,0,405,0
450.50,41,1,0,0,1,0,405,0
450.50,41,0,0,0,1,0,684,0
450.50,41,0,0,0,1,0,684,0
450.50,41,0,0,0,1,0,684,0
450.50,41,0,0,0,1,0,684,0
450.50,41,0,0,0,1,0,684,0
450.50,41,0,0,0,1,0,684,0
451.00,41,0,0,0,1,0,450,0
451.00,41,0,0,0,1,0,450,0
451.00,41,0,0,0,1,0,450,0
451.00,41,0,0,0,1,0,650,0
451.00,41,0,0,0,1,0,650,0
451.00,41,0,0,0,1,0,650,0
451.00,41,0,0,0,1,0,650,0
451.00,41,0,0,0,1,0,650,0
451.00,41,0,0,0,1,0,650,0
451.00,41,0,0,0,1,0,650,0
451.00,41,0,0,0,1,0,650,0
451.00,41,0,0,0,1,0,650,0
451.00,41,0,0,0,1,0,650,0
451.00,41,0,0,0,1,0,650,0
451.00,41,0,0,0,1,0,650,0
451.00,41,0,0,0,1,0,650,0
451.00,41,0,0,0,1,0,650,0
451.00,41,0,0,0,1,0,650,0
451.00,41,0,0,0,1,0,650,0
451.00,40,0,0,0,1,0,755,0
451.00,40,0,0,0,1,0,755,0
451.00,40,0,0,0,1,0,755,0
451.00,40,0,0,0,1,0,755,0
451.00,40,0,0,0,1,0,755,0
451.00,40,0,0,0,1,0,755,0
451.00,40,0,0,0,1,0,755,0
451.00,40,0,0,0,1,0,755,0
451.00,40,1,0,0,1,0,755,0
451.00,40,0,0,0,1,0,755,0
451.00,42,0,0,0,1,0,567,0
451.00,42,0,0,0,1,0,567,0
451.00,42,0,0,0,1,0,567,0
451.00,42,0,0,0,1,0,567,0
451.00,40,0,0,0,1,0,600,0
451.00,40,0,0,0,1,0,600,0
451.00,40,0,0,0,1,0,600,0
451.00,40,0,0,0,1,0,600,0
451.00,40,0,0,0,1,0,600,0
451.00,40,0,0,0,1,0,600,0
451.00,40,0,0,0,1,0,600,0
451.00,40,0,0,0,1,0,600,0
451.00,40,0,0,0,1,0,600,0
451.00,40,0,0,0,1,0,600,0
451.00,40,0,0,0,1,0,600,0
451.00,40,0,0,0,1,0,600,0
451.00,40,0,0,0,1,0,600,0
451.00,40,0,0,0,1,0,600,0
451.00,41,0,0,0,1,0,650,0
451.00,41,0,0,0,1,0,650,0
451.00,41,0,0,0,1,0,650,0
451.00,41,0,0,0,1,0,650,0
451.00,41,0,0,0,1,0,650,0
451.00,41,0,0,0,1,0,650,0
451.00,41,0,0,0,1,0,650,0
451.00,41,0,0,0,1,0,650,0
451.00,41,0,0,0,1,0,609,0
451.00,41,1,0,0,1,0,609,0
451.00,42,0,0,0,1,0,650,0
451.00,42,0,0,0,1,0,650,0
451.00,42,0,0,0,1,0,650,0
451.00,42,0,0,0,1,0,650,0
451.00,42,0,0,0,1,0,650,0
451.00,42,0,0,0,1,0,650,0
451.00,42,0,0,0,1,0,650,0
451.00,42,0,0,0,1,0,650,0
451.00,41,0,0,0,1,0,686,0
451.00,41,0,0,0,1,0,686,0
451.00,41,0,0,0,1,0,686,0
451.00,41,0,0,0,1,0,686,0
451.00,41,0,0,0,1,0,686,0
451.00,41,0,0,0,1,0,686,0
451.00,41,0,0,0,1,0,684,0
451.00,41,0,0,0,1,0,684,0
451.00,41,0,0,0,1,0,684,0
451.00,41,0,0,0,1,0,684,0
451.00,41,0,0,0,1,0,684,0
451.00,41,0,0,0,1,0,684,0
451.50,41,1,0,0,1,0,405,0
451.50,41,0,0,0,1,0,405,0
451.50,41,0,0,0,1,0,405,0
451.50,41,1,0,0,1,0,405,0
451.50,41,0,0,0,1,0,750,0
451.50,41,0,0,0,1,0,750,0
451.50,41,0,0,0,1,0,750,0
451.50,41,0,0,0,1,0,650,0
451.50,41,0,0,0,1,0,650,0
451.50,41,0,0,0,1,0,650,0
451.50,41,0,0,0,1,0,650,0
451.50,41,0,0,0,1,0,650,0
451.50,41,0,0,0,1,0,650,0
451.50,41,0,0,0,1,0,650,0
451.50,41,0,0,0,1,0,650,0
451.60,1,0,0,0,1,0,-400,0
451.60,1,0,0,0,1,0,-400,0
451.60,1,0,0,0,1,0,-400,0
451.60,1,0,0,0,1,0,-400,0
451.60,1,0,0,0,1,0,-400,0
451.60,1,0,0,0,1,0,-400,0
452.00,40,0,0,0,1,0,122,0
452.00,40,0,0,0,1,0,122,0
452.00,40,0,0,0,1,0,122,0
452.00,40,0,0,0,1,0,122,0
452.00,40,0,0,0,1,0,755,0
452.00,40,0,0,0,1,0,755,0
452.00,40,0,0,0,1,0,755,0
452.00,40,0,0,0,1,0,755,0
452.00,40,0,0,0,1,0,755,0
452.00,40,0,0,0,1,0,755,0
452.00,40,0,0,0,1,0,755,0
452.00,40,0,0,0,1,0,755,0
452.00,41,0,0,0,1,0,405,0
452.00,41,1,0,0,1,0,405,0
452.00,41,0,0,0,1,0,405,0
452.00,41,1,0,0,1,0,405,0
452.00,42,0,0,0,1,0,650,0
452.00,42,0,0,0,1,0,650,0
452.00,42,0,0,0,1,0,650,0
452.00,42,0,0,0,1,0,650,0
452.00,42,0,0,0,1,0,650,0
452.00,42,0,0,0,1,0,650,0
452.00,42,0,0,0,1,0,650,0
452.00,42,0,0,0,1,0,650,0
452.00,42,0,0,0,1,0,650,0
452.00,42,0,0,0,1,0,650,0
452.00,42,0,0,0,1,0,650,0
452.00,42,0,0,0,1,0,650,0
452.00,42,0,0,0,1,0,650,0
452.00,42,0,0,0,1,0,650,0
452.00,42,0,0,0,1,0,650,0
452.00,42,0,0,0,1,0,650,0
452.50,40,0,0,0,1,0,755,0
452.50,40,1,0,0,1,0,755,0
452.50,40,0,0,0,1,0,755,0
453.00,41,0,0,0,1,0,325,0
453.00,41,0,0,0,1,0,325,0
453.00,41,0,0,0,1,0,325,0
453.00,41,0,0,0,1,0,325,0
453.00,1,0,0,0,1,0,350,0
453.00,1,0,0,0,1,0,350,0
453.00,1,0,0,0,1,0,350,0
453.00,41,0,0,0,1,0,750,0
453.00,41,0,0,0,1,0,750,0
453.00,41,0,0,0,1,0,750,0
453.00,41,0,0,0,1,0,405,0
453.00,41,1,0,0,1,0,405,0
453.00,41,0,0,0,1,0,684,0
453.00,41,0,0,0,1,0,684,0
453.00,41,0,0,0,1,0,684,0
453.00,41,0,0,0,1,0,684,0
453.00,41,0,0,0,1,0,684,0
453.00,41,0,0,0,1,0,684,0
453.00,42,0,0,0,1,0,650,0
453.00,42,0,0,0,1,0,650,0
453.00,42,0,0,0,1,0,650,0
453.00,42,0,0,0,1,0,650,0
453.00,42,0,0,0,1,0,575,0
453.00,42,0,0,0,1,0,575,0
453.00,42,0,0,0,1,0,575,0
453.00,42,0,0,0,1,0,575,0
453.00,42,0,0,0,1,0,575,0
453.00,41,0,0,0,1,0,650,0
453.00,41,0,0,0,1,0,650,0
453.00,41,0,0,0,1,0,650,0
453.00,41,0,0,0,1,0,650,0
453.00,41,0,0,0,1,0,650,0
453.00,41,0,0,0,1,0,650,0
453.00,41,0,0,0,1,0,650,0
453.00,41,0,0,0,1,0,650,0
453.00,41,0,0,0,1,0,450,0
453.00,41,0,0,0,1,0,450,0
453.00,41,0,0,0,1,0,450,0
453.50,42,0,0,0,1,0,650,0
453.50,42,0,0,0,1,0,650,0
453.50,42,0,0,0,1,0,650,0
453.50,42,0,0,0,1,0,650,0
453.50,42,0,0,0,1,0,650,0
453.50,42,0,0,0,1,0,650,0
453.50,42,0,0,0,1,0,650,0
453.50,42,0,0,0,1,0,650,0
453.50,40,0,0,0,1,0,755,0
453.50,40,1,0,0,1,0,755,0
453.50,40,0,0,0,1,0,755,0
453.50,41,0,0,0,1,0,500,0
453.50,41,0,0,0,1,0,500,0
453.50,41,0,0,0,1,0,500,0
453.50,41,0,0,0,1,0,500,0
453.50,41,0,0,0,1,0,500,0
453.50,41,0,0,0,1,0,500,0
454.00,40,0,0,0,1,0,713,0
454.00,40,0,0,0,1,0,713,0
454.00,40,0,0,0,1,0,713,0
454.00,40,0,0,0,1,0,713,0
454.00,40,0,0,0,1,0,713,0
454.00,40,0,0,0,1,0,713,0
454.00,40,0,0,0,1,0,713,0
454.00,40,0,0,0,1,0,713,0
454.00,40,0,0,0,1,0,713,0
454.00,40,0,0,0,1,0,713,0
454.00,41,0,0,0,1,0,650,0
454.00,41,0,0,0,1,0,650,0
454.00,41,0,0,0,1,0,650,0
454.00,41,0,0,0,1,0,650,0
454.00,41,0,0,0,1,0,650,0
454.00,41,0,0,0,1,0,650,0
454.00,41,0,0,0,1,0,650,0
454.00,41,0,0,0,1,0,650,0
454.00,41,0,0,0,1,0,609,0
454.00,41,1,0,0,1,0,609,0
454.00,41,0,0,0,1,0,500,0
454.00,41,0,0,0,1,0,500,0
454.00,41,0,0,0,1,0,500,0
454.00,41,0,0,0,1,0,500,0
454.00,41,0,0,0,1,0,500,0
454.00,41,0,0,0,1,0,500,0
454.00,42,0,0,0,1,0,650,0
454.00,42,0,0,0,1,0,650,0
454.00,42,0,0,0,1,0,650,0
454.00,42,0,0,0,1,0,650,0
454.00,42,0,0,0,1,0,650,0
454.00,42,0,0,0,1,0,650,0
454.00,42,0,0,0,1,0,650,0
454.00,42,0,0,0,1,0,650,0
454.00,41,0,0,0,1,0,750,0
454.00,41,0,0,0,1,0,750,0
454.00,41,0,0,0,1,0,750,0
454.00,42,0,0,0,1,0,650,0
454.00,42,0,0,0,1,0,650,0
454.00,42,0,0,0,1,0,650,0
454.00,42,0,0,0,1,0,650,0
454.00,42,0,0,0,1,0,650,0
454.00,42,0,0,0,1,0,650,0
454.00,42,0,0,0,1,0,650,0
454.00,42,0,0,0,1,0,650,0
454.00,41,1,0,0,1,0,405,0
454.00,41,0,0,0,1,0,405,0
454.00,41,0,0,0,1,0,600,0
454.00,41,0,0,0,1,0,600,0
454.00,41,0,0,0,1,0,600,0
454.00,41,0,0,0,1,0,600,0
454.00,41,0,0,0,1,0,600,0
454.00,41,0,0,0,1,0,600,0
454.50,41,0,0,0,1,0,600,0
454.50,41,0,0,0,1,0,600,0
454.50,41,0,0,0,1,0,600,0
454.50,41,0,0,0,1,0,600,0
454.50,41,0,0,0,1,0,600,0
454.50,41,0,0,0,1,0,600,0
454.50,41,0,0,0,1,0,650,0
454.50,41,0,0,0,1,0,650,0
454.50,41,0,0,0,1,0,650,0
454.50,41,0,0,0,1,0,650,0
454.50,41,0,0,0,1,0,650,0
454.50,41,0,0,0,1,0,650,0
454.50,41,0,0,0,1,0,650,0
454.50,41,0,0,0,1,0,650,0
454.50,41,0,0,0,1,0,405,0
454.50,41,1,0,0,1,0,405,0
454.50,41,0,0,0,1,0,405,0
454.50,41,1,0,0,1,0,405,0
455.00,41,0,0,0,1,0,650,0
455.00,41,0,0,0,1,0,650,0
455.00,41,0,0,0,1,0,650,0
455.00,41,0,0,0,1,0,650,0
455.00,41,0,0,0,1,0,650,0
455.00,41,0,0,0,1,0,650,0
455.00,41,0,0,0,1,0,650,0
455.00,41,0,0,0,1,0,650,0
455.00,40,0,0,0,1,0,755,0
455.00,40,0,0,0,1,0,755,0
455.00,40,0,0,0,1,0,755,0
455.00,40,0,0,0,1,0,755,0
455.00,40,0,0,0,1,0,600,0
455.00,40,0,0,0,1,0,600,0
455.00,40,0,0,0,1,0,600,0
455.00,40,0,0,0,1,0,600,0
455.00,40,0,0,0,1,0,600,0
455.00,40,0,0,0,1,0,600,0
455.00,40,0,0,0,1,0,600,0
455.00,40,0,0,0,1,0,600,0
455.00,40,0,0,0,1,0,600,0
455.00,40,0,0,0,1,0,600,0
455.00,40,0,0,0,1,0,600,0
455.00,40,0,0,0,1,0,600,0
455.00,40,0,0,0,1,0,600,0
455.00,40,0,0,0,1,0,600,0
455.00,1,0,0,0,1,0,350,0
455.00,1,0,0,0,1,0,350,0
455.00,1,0,0,0,1,0,350,0
455.00,40,0,0,0,1,0,755,0
455.00,40,0,0,0,1,0,755,0
455.00,40,0,0,0,1,0,755,0
455.00,40,0,0,0,1,0,755,0
455.00,42,0,0,0,1,0,650,0
455.00,42,0,0,0,1,0,650,0
455.00,42,0,0,0,1,0,650,0
455.00,42,0,0,0,1,0,650,0
455.00,42,0,0,0,1,0,650,0
455.00,42,0,0,0,1,0,650,0
455.00,42,0,0,0,1,0,650,0
455.00,42,0,0,0,1,0,650,0
455.00,41,0,0,0,1,0,405,0
455.00,41,1,0,0,1,0,405,0
455.00,42,0,0,0,1,0,500,0
455.00,42,0,0,0,1,0,500,0
455.00,42,0,0,0,1,0,500,0
455.00,42,0,0,0,1,0,500,0
455.00,42,0,0,0,1,0,500,0
455.00,42,0,0,0,1,0,500,0
455.00,42,0,0,0,1,0,650,0
455.00,42,0,0,0,1,0,650,0
455.00,42,0,0,0,1,0,650,0
455.00,42,0,0,0,1,0,650,0
455.00,42,0,0,0,1,0,650,0
455.00,42,0,0,0,1,0,650,0
455.00,42,0,0,0,1,0,650,0
455.00,42,0,0,0,1,0,650,0
455.00,41,0,0,0,1,0,450,0
455.00,41,0,0,0,1,0,450,0
455.00,41,0,0,0,1,0,450,0
455.00,40,0,0,0,1,0,650,0
455.00,40,0,0,0,1,0,650,0
455.00,40,0,0,0,1,0,650,0
455.00,42,0,0,0,1,0,300,0
455.00,42,0,0,0,1,0,300,0
455.00,42,0,0,0,1,0,300,0
455.00,42,0,0,0,1,0,300,0
455.00,42,0,0,0,1,0,300,0
455.00,42,0,0,0,1,0,300,0
455.00,40,0,0,0,1,0,755,0
455.00,40,0,0,0,1,0,755,0
455.00,40,0,0,0,1,0,755,0
455.00,40,0,0,0,1,0,755,0
455.00,40,0,0,0,1,0,755,0
455.50,42,0,0,0,1,0,650,0
455.50,42,0,0,0,1,0,650,0
455.50,42,0,0,0,1,0,650,0
455.50,42,0,0,0,1,0,650,0
455.50,42,0,0,0,1,0,650,0
455.50,42,0,0,0,1,0,650,0
455.50,42,0,0,0,1,0,650,0
455.50,42,0,0,0,1,0,650,0
455.50,41,0,0,0,1,0,300,0
455.50,41,0,0,0,1,0,300,0
455.50,41,0,0,0,1,0,300,0
455.50,41,0,0,0,1,0,300,0
455.50,41,0,0,0,1,0,300,0
455.50,41,0,0,0,1,0,300,0
455.50,42,0,0,0,1,0,650,0
455.50,42,0,0,0,1,0,650,0
455.50,42,0,0,0,1,0,650,0
455.50,42,0,0,0,1,0,650,0
455.50,42,0,0,0,1,0,650,0
455.50,42,0,0,0,1,0,650,0
455.50,42,0,0,0,1,0,650,0
455.50,42,0,0,0,1,0,650,0
455.61,42,0,0,0,1,0,350,0
455.61,42,0,0,0,1,0,350,0
455.61,42,0,0,0,1,0,350,0
455.61,42,0,0,0,1,0,350,0
456.00,42,0,0,0,1,0,575,0
456.00,42,0,0,0,1,0,575,0
456.00,42,0,0,0,1,0,575,0
456.00,42,0,0,0,1,0,575,0
456.00,42,0,0,0,1,0,575,0
456.00,42,0,0,0,1,0,650,0
456.00,42,0,0,0,1,0,650,0
456.00,42,0,0,0,1,0,650,0
456.00,42,0,0,0,1,0,650,0
456.00,42,0,0,0,1,0,650,0
456.00,42,0,0,0,1,0,650,0
456.00,42,0,0,0,1,0,650,0
456.00,42,0,0,0,1,0,650,0
456.00,41,0,0,0,1,0,405,0
456.00,41,1,0,0,1,0,405,0
456.00,42,0,0,0,1,0,650,0
456.00,42,0,0,0,1,0,650,0
456.00,42,0,0,0,1,0,650,0
456.00,42,0,0,0,1,0,650,0
456.00,42,0,0,0,1,0,650,0
456.00,42,0,0,0,1,0,650,0
456.00,42,0,0,0,1,0,650,0
456.00,42,0,0,0,1,0,650,0
456.00,41,0,0,0,1,0,650,0
456.00,41,0,0,0,1,0,650,0
456.00,41,0,0,0,1,0,650,0
456.00,41,0,0,0,1,0,650,0
456.00,41,0,0,0,1,0,650,0
456.00,41,0,0,0,1,0,650,0
456.00,41,0,0,0,1,0,650,0
456.00,41,0,0,0,1,0,650,0
456.00,42,0,0,0,1,0,650,0
456.00,42,0,0,0,1,0,650,0
456.00,42,0,0,0,1,0,650,0
456.00,42,0,0,0,1,0,650,0
456.00,42,0,0,0,1,0,650,0
456.00,42,0,0,0,1,0,650,0
456.00,42,0,0,0,1,0,650,0
456.00,42,0,0,0,1,0,650,0
456.00,42,0,0,0,1,0,650,0
456.00,42,0,0,0,1,0,650,0
456.00,42,0,0,0,1,0,650,0
456.00,42,0,0,0,1,0,650,0
456.00,42,0,0,0,1,0,650,0
456.00,42,0,0,0,1,0,650,0
456.00,42,0,0,0,1,0,650,0
456.00,42,0,0,0,1,0,650,0
456.00,42,0,0,0,1,0,650,0
456.00,42,0,0,0,1,0,650,0
456.00,42,0,0,0,1,0,650,0
456.00,42,0,0,0,1,0,650,0
456.00,42,0,0,0,1,0,650,0
456.00,42,0,0,0,1,0,650,0
456.00,42,0,0,0,1,0,650,0
456.00,42,0,0,0,1,0,650,0
456.00,19,0,0,0,1,0,500,0
456.00,19,0,0,0,1,0,500,0
456.00,19,0,0,0,1,0,500,0
456.00,19,0,0,0,1,0,500,0
456.00,19,0,0,0,1,0,500,0
456.50,41,0,0,0,1,0,700,0
456.50,41,0,0,0,1,0,700,0
456.50,41,0,0,0,1,0,700,0
456.50,41,0,0,0,1,0,700,0
456.50,41,0,0,0,1,0,700,0
456.50,41,0,0,0,1,0,405,0
456.50,41,1,0,0,1,0,405,0
456.50,42,0,0,0,1,0,250,0
456.50,42,0,0,0,1,0,250,0
456.50,42,0,0,0,1,0,250,0
456.50,42,0,0,0,1,0,250,0
456.50,42,0,0,0,1,0,250,0
456.50,42,0,0,0,1,0,750,0
456.50,42,0,0,0,1,0,750,0
456.50,42,0,0,0,1,0,750,0
456.50,42,0,0,0,1,0,750,0
456.50,41,0,0,0,1,0,300,0
456.50,41,0,0,0,1,0,300,0
456.50,41,0,0,0,1,0,300,0
456.50,41,0,0,0,1,0,300,0
456.50,41,0,0,0,1,0,300,0
456.50,41,0,0,0,1,0,300,0
456.50,42,0,0,0,1,0,650,0
456.50,42,0,0,0,1,0,650,0
456.50,42,0,0,0,1,0,650,0
456.50,42,0,0,0,1,0,650,0
456.50,42,0,0,0,1,0,650,0
456.50,42,0,0,0,1,0,650,0
456.50,42,0,0,0,1,0,650,0
456.50,42,0,0,0,1,0,650,0
456.50,42,0,0,0,1,0,650,0
456.50,42,0,0,0,1,0,650,0
456.50,42,0,0,0,1,0,650,0
456.50,42,0,0,0,1,0,650,0
456.50,42,0,0,0,1,0,650,0
456.50,42,0,0,0,1,0,650,0
456.50,42,0,0,0,1,0,650,0
456.50,42,0,0,0,1,0,650,0
457.00,40,0,0,0,1,0,755,0
457.00,40,0,0,0,1,0,755,0
457.00,40,0,0,0,1,0,755,0
457.00,40,0,0,0,1,0,755,0
457.00,40,0,0,0,1,0,755,0
457.00,40,0,0,0,1,0,755,0
457.00,40,0,0,0,1,0,755,0
457.00,40,0,0,0,1,0,755,0
457.00,40,0,0,0,1,0,755,0
457.00,41,0,0,0,1,0,405,0
457.00,41,1,0,0,1,0,405,0
457.00,42,0,0,0,1,0,650,0
457.00,42,0,0,0,1,0,650,0
457.00,42,0,0,0,1,0,650,0
457.00,42,0,0,0,1,0,650,0
457.00,42,0,0,0,1,0,650,0
457.00,42,0,0,0,1,0,650,0
457.00,42,0,0,0,1,0,650,0
457.00,42,0,0,0,1,0,650,0
457.00,42,0,0,0,1,0,300,0
457.00,42,0,0,0,1,0,300,0
457.00,42,0,0,0,1,0,300,0
457.00,42,0,0,0,1,0,300,0
457.00,42,0,0,0,1,0,300,0
457.00,42,0,0,0,1,0,300,0
457.00,41,1,0,0,1,0,405,0
457.00,41,0,0,0,1,0,405,0
457.00,41,0,0,0,1,0,684,0
457.00,41,0,0,0,1,0,684,0
457.00,41,0,0,0,1,0,684,0
457.00,41,0,0,0,1,0,684,0
457.00,41,0,0,0,1,0,684,0
457.00,41,0,0,0,1,0,684,0
457.00,42,0,0,0,1,0,650,0
457.00,42,0,0,0,1,0,650,0
457.00,42,0,0,0,1,0,650,0
457.00,42,0,0,0,1,0,650,0
457.00,42,0,0,0,1,0,650,0
457.00,42,0,0,0,1,0,650,0
457.00,42,0,0,0,1,0,650,0
457.00,42,0,0,0,1,0,650,0
457.00,42,0,0,0,1,0,650,0
457.00,42,0,0,0,1,0,650,0
457.00,42,0,0,0,1,0,650,0
457.00,42,0,0,0,1,0,650,0
457.00,42,0,0,0,1,0,650,0
457.00,42,0,0,0,1,0,650,0
457.00,42,0,0,0,1,0,650,0
457.00,42,0,0,0,1,0,650,0
457.50,41,0,0,0,1,0,450,0
457.50,41,0,0,0,1,0,450,0
457.50,41,0,0,0,1,0,450,0
457.50,42,0,0,0,1,0,750,0
457.50,42,0,0,0,1,0,750,0
457.50,42,0,0,0,1,0,750,0
457.50,42,0,0,0,1,0,750,0
457.50,42,0,0,0,1,0,750,0
457.50,42,0,0,0,1,0,750,0
457.50,42,0,0,0,1,0,750,0
458.00,41,0,0,0,1,0,450,0
458.00,41,0,0,0,1,0,450,0
458.00,41,0,0,0,1,0,450,0
458.00,42,0,0,0,1,0,500,0
458.00,42,0,0,0,1,0,500,0
458.00,42,0,0,0,1,0,500,0
458.00,42,0,0,0,1,0,500,0
458.00,42,0,0,0,1,0,500,0
458.00,42,0,0,0,1,0,500,0
458.00,42,0,0,0,1,0,650,0
458.00,42,0,0,0,1,0,650,0
458.00,42,0,0,0,1,0,650,0
458.00,42,0,0,0,1,0,650,0
458.00,42,0,0,0,1,0,650,0
458.00,42,0,0,0,1,0,650,0
458.00,42,0,0,0,1,0,650,0
458.00,42,0,0,0,1,0,650,0
458.00,40,0,0,0,1,0,650,0
458.00,40,0,0,0,1,0,650,0
458.00,40,0,0,0,1,0,650,0
458.00,40,0,0,0,1,0,550,0
458.00,40,0,0,0,1,0,550,0
458.00,40,0,0,0,1,0,550,0
458.00,42,0,0,0,1,0,300,0
458.00,42,0,0,0,1,0,300,0
458.00,42,0,0,0,1,0,300,0
458.00,42,0,0,0,1,0,300,0
458.00,42,0,0,0,1,0,300,0
458.00,42,0,0,0,1,0,300,0
458.00,42,0,0,0,1,0,300,0
458.00,42,0,0,0,1,0,300,0
458.00,42,0,0,0,1,0,300,0
458.00,42,0,0,0,1,0,300,0
458.00,42,0,0,0,1,0,300,0
458.00,42,0,0,0,1,0,300,0
458.00,42,0,0,0,1,0,650,0
458.00,42,0,0,0,1,0,650,0
458.00,42,0,0,0,1,0,650,0
458.00,42,0,0,0,1,0,650,0
458.00,42,0,0,0,1,0,650,0
458.00,42,0,0,0,1,0,650,0
458.00,42,0,0,0,1,0,650,0
458.00,42,0,0,0,1,0,650,0
458.00,41,0,0,0,1,0,405,0
458.00,41,1,0,0,1,0,405,0
458.00,41,0,0,0,1,0,750,0
458.00,41,0,0,0,1,0,750,0
458.00,41,0,0,0,1,0,750,0
458.00,41,0,0,0,1,0,405,0
458.00,41,1,0,0,1,0,405,0
458.00,42,0,0,0,1,0,650,0
458.00,42,0,0,0,1,0,650,0
458.00,42,0,0,0,1,0,650,0
458.00,42,0,0,0,1,0,650,0
458.00,42,0,0,0,1,0,650,0
458.00,42,0,0,0,1,0,650,0
458.00,42,0,0,0,1,0,650,0
458.00,42,0,0,0,1,0,650,0
458.50,42,0,0,0,1,0,650,0
458.50,42,0,0,0,1,0,650,0
458.50,42,0,0,0,1,0,650,0
458.50,42,0,0,0,1,0,650,0
458.50,42,0,0,0,1,0,650,0
458.50,42,0,0,0,1,0,650,0
458.50,42,0,0,0,1,0,650,0
458.50,42,0,0,0,1,0,650,0
458.50,41,0,0,0,1,0,405,0
458.50,41,1,0,0,1,0,405,0
458.50,41,0,0,0,1,0,450,0
458.50,41,0,0,0,1,0,450,0
458.50,41,0,0,0,1,0,450,0
458.50,42,0,0,0,1,0,750,0
458.50,42,0,0,0,1,0,750,0
458.50,42,0,0,0,1,0,750,0
458.50,41,0,0,0,1,0,500,0
458.50,41,0,0,0,1,0,500,0
458.50,41,0,0,0,1,0,500,0
458.50,41,0,0,0,1,0,500,0
458.50,41,0,0,0,1,0,500,0
458.50,41,0,0,0,1,0,500,0
458.63,34,0,0,0,1,0,600,0
458.63,34,0,0,0,1,0,600,0
458.63,34,0,0,0,1,0,600,0
459.00,40,0,0,0,1,0,755,0
459.00,40,0,0,0,1,0,755,0
459.00,40,0,0,0,1,0,755,0
459.00,40,0,0,0,1,0,755,0
459.00,41,0,0,0,1,0,405,0
459.00,41,1,0,0,1,0,405,0
459.00,42,0,0,0,1,0,650,0
459.00,42,0,0,0,1,0,650,0
459.00,42,0,0,0,1,0,650,0
459.00,42,0,0,0,1,0,650,0
459.00,42,0,0,0,1,0,650,0
459.00,42,0,0,0,1,0,650,0
459.00,42,0,0,0,1,0,650,0
459.00,42,0,0,0,1,0,650,0
459.00,41,0,0,0,1,0,405,0
459.00,41,1,0,0,1,0,405,0
459.00,41,0,0,0,1,0,650,0
459.00,41,0,0,0,1,0,650,0
459.00,41,0,0,0,1,0,650,0
459.00,41,0,0,0,1,0,650,0
459.00,41,0,0,0,1,0,650,0
459.00,41,0,0,0,1,0,650,0
459.00,41,0,0,0,1,0,650,0
459.00,41,0,0,0,1,0,650,0
459.50,41,0,0,0,1,0,450,0
459.50,41,0,0,0,1,0,450,0
459.50,41,0,0,0,1,0,450,0
459.50,41,0,0,0,1,0,450,0
459.50,42,0,0,0,1,0,500,0
459.50,42,0,0,0,1,0,500,0
459.50,42,0,0,0,1,0,500,0
459.50,42,0,0,0,1,0,500,0
459.50,42,0,0,0,1,0,500,0
459.50,42,0,0,0,1,0,500,0
459.50,41,1,0,0,1,0,400,0
459.50,41,0,0,0,1,0,400,0
459.50,41,0,0,0,1,0,405,0
459.50,41,1,0,0,1,0,405,0
459.50,42,0,0,0,1,0,650,0
459.50,42,0,0,0,1,0,650,0
459.50,42,0,0,0,1,0,650,0
459.50,42,0,0,0,1,0,650,0
459.50,42,0,0,0,1,0,650,0
459.50,42,0,0,0,1,0,650,0
459.50,42,0,0,0,1,0,650,0
459.50,42,0,0,0,1,0,650,0
460.00,42,0,0,0,1,0,650,0
460.00,42,0,0,0,1,0,650,0
460.00,42,0,0,0,1,0,650,0
460.00,42,0,0,0,1,0,650,0
460.00,42,0,0,0,1,0,650,0
460.00,42,0,0,0,1,0,650,0
460.00,42,0,0,0,1,0,650,0
460.00,42,0,0,0,1,0,650,0
460.00,41,0,0,0,1,0,300,0
460.00,41,0,0,0,1,0,300,0
460.00,41,0,0,0,1,0,300,0
460.00,41,0,0,0,1,0,300,0
460.00,41,0,0,0,1,0,300,0
460.00,41,0,0,0,1,0,300,0
460.00,42,0,0,0,1,0,434,0
460.00,42,0,0,0,1,0,434,0
460.00,42,0,0,0,1,0,434,0
460.00,1,0,0,0,1,0,-250,0
460.00,1,0,0,0,1,0,-250,0
460.00,1,0,0,0,1,0,-250,0
460.00,42,0,0,0,1,0,650,0
460.00,42,0,0,0,1,0,650,0
460.00,42,0,0,0,1,0,650,0
460.00,42,0,0,0,1,0,650,0
460.00,42,0,0,0,1,0,650,0
460.00,42,0,0,0,1,0,650,0
460.00,42,0,0,0,1,0,650,0
460.00,42,0,0,0,1,0,650,0
460.00,41,0,0,0,1,0,450,0
460.00,41,0,0,0,1,0,450,0
460.00,41,0,0,0,1,0,450,0
460.00,41,0,0,0,1,0,-210,0
460.00,41,0,0,0,1,0,-210,0
460.00,41,0,0,0,1,0,-210,0
460.00,41,0,0,0,1,0,-210,0
460.00,41,0,0,0,1,0,684,0
460.00,41,0,0,0,1,0,684,0
460.00,41,0,0,0,1,0,684,0
460.00,41,0,0,0,1,0,684,0
460.00,41,0,0,0,1,0,684,0
460.00,41,0,0,0,1,0,684,0
460.00,41,0,0,0,1,0,-210,0
460.00,41,0,0,0,1,0,-210,0
460.00,41,0,0,0,1,0,-210,0
460.00,41,0,0,0,1,0,-210,0
460.00,41,1,0,0,1,0,405,0
460.00,41,0,0,0,1,0,405,0
460.50,41,0,0,0,1,0,700,0
460.50,41,0,0,0,1,0,700,0
460.50,41,0,0,0,1,0,700,0
460.50,41,0,0,0,1,0,700,0
460.50,41,0,0,0,1,0,700,0
460.50,42,0,0,0,1,0,650,0
460.50,42,0,0,0,1,0,650,0
460.50,42,0,0,0,1,0,650,0
460.50,42,0,0,0,1,0,650,0
460.50,42,0,0,0,1,0,650,0
460.50,42,0,0,0,1,0,650,0
460.50,42,0,0,0,1,0,650,0
460.50,42,0,0,0,1,0,650,0
460.50,41,0,0,0,1,0,405,0
460.50,41,1,0,0,1,0,405,0
460.50,41,0,0,0,1,0,325,0
460.50,41,0,0,0,1,0,325,0
460.50,41,0,0,0,1,0,325,0
460.50,41,0,0,0,1,0,325,0
460.50,41,0,0,0,1,0,325,0
460.50,42,0,0,0,1,0,650,0
460.50,42,0,0,0,1,0,650,0
460.50,42,0,0,0,1,0,650,0
460.50,42,0,0,0,1,0,650,0
460.50,42,0,0,0,1,0,650,0
460.50,42,0,0,0,1,0,650,0
460.50,42,0,0,0,1,0,650,0
460.50,42,0,0,0,1,0,650,0
461.00,41,0,0,0,1,0,-55,0
461.00,41,0,0,0,1,0,-55,0
461.00,41,0,0,0,1,0,-55,0
461.00,41,0,0,0,1,0,-55,0
461.00,42,0,0,0,1,0,250,0
461.00,42,0,0,0,1,0,250,0
461.00,42,0,0,0,1,0,250,0
461.00,42,0,0,0,1,0,250,0
461.00,42,0,0,0,1,0,250,0
461.00,42,0,0,0,1,0,250,0
461.50,42,0,0,0,1,0,650,0
461.50,42,0,0,0,1,0,650,0
461.50,42,0,0,0,1,0,650,0
461.50,42,0,0,0,1,0,650,0
461.50,42,0,0,0,1,0,650,0
461.50,42,0,0,0,1,0,650,0
461.50,42,0,0,0,1,0,650,0
461.50,42,0,0,0,1,0,650,0
461.64,34,0,0,0,1,0,600,0
461.64,34,0,0,0,1,0,600,0
461.64,34,0,0,0,1,0,600,0
462.00,41,0,0,0,1,0,450,0
462.00,41,0,0,0,1,0,450,0
462.00,41,0,0,0,1,0,450,0
462.00,41,0,0,0,1,0,450,0
462.00,41,0,0,0,1,0,684,0
462.00,41,0,0,0,1,0,684,0
462.00,41,0,0,0,1,0,684,0
462.00,41,0,0,0,1,0,684,0
462.00,41,0,0,0,1,0,684,0
462.00,41,0,0,0,1,0,684,0
462.00,41,0,0,0,1,0,-200,0
462.00,41,0,0,0,1,0,-200,0
462.00,41,0,0,0,1,0,-200,0
462.00,41,0,0,0,1,0,-200,0
462.00,41,0,0,0,1,0,-200,0
462.00,41,0,0,0,1,0,-200,0
462.00,40,0,0,0,1,0,498,0
462.00,40,0,0,0,1,0,498,0
462.00,40,0,0,0,1,0,498,0
462.00,40,0,0,0,1,0,498,0
462.00,40,0,0,0,1,0,498,0
462.00,42,0,0,0,1,0,650,0
462.00,42,0,0,0,1,0,650,0
462.00,42,0,0,0,1,0,650,0
462.00,42,0,0,0,1,0,650,0
462.00,42,0,0,0,1,0,650,0
462.00,42,0,0,0,1,0,650,0
462.00,42,0,0,0,1,0,650,0
462.00,42,0,0,0,1,0,650,0
462.00,40,0,0,0,1,0,755,0
462.00,40,1,0,0,1,0,755,0
462.00,40,0,0,0,1,0,755,0
462.00,42,0,0,0,1,0,575,0
462.00,42,0,0,0,1,0,575,0
462.00,42,0,0,0,1,0,575,0
462.00,42,0,0,0,1,0,575,0
462.00,42,0,0,0,1,0,575,0
462.00,42,0,0,0,1,0,750,0
462.00,42,0,0,0,1,0,750,0
462.00,42,0,0,0,1,0,750,0
462.00,42,0,0,0,1,0,650,0
462.00,42,0,0,0,1,0,650,0
462.00,42,0,0,0,1,0,650,0
462.00,42,0,0,0,1,0,650,0
462.00,42,0,0,0,1,0,650,0
462.00,42,0,0,0,1,0,650,0
462.00,42,0,0,0,1,0,650,0
462.00,42,0,0,0,1,0,650,0
462.50,41,0,0,0,1,0,405,0
462.50,41,1,0,0,1,0,405,0
462.50,42,0,0,0,1,0,650,0
462.50,42,0,0,0,1,0,650,0
462.50,42,0,0,0,1,0,650,0
462.50,42,0,0,0,1,0,650,0
462.50,42,0,0,0,1,0,650,0
462.50,42,0,0,0,1,0,650,0
462.50,42,0,0,0,1,0,650,0
462.50,42,0,0,0,1,0,650,0
462.50,41,0,0,0,1,0,650,0
462.50,41,0,0,0,1,0,650,0
462.50,41,0,0,0,1,0,650,0
462.50,41,0,0,0,1,0,650,0
462.50,41,0,0,0,1,0,650,0
462.50,41,0,0,0,1,0,650,0
462.50,41,0,0,0,1,0,650,0
462.50,41,0,0,0,1,0,650,0
463.00,42,0,0,0,1,0,500,0
463.00,42,0,0,0,1,0,500,0
463.00,42,0,0,0,1,0,500,0
463.00,42,0,0,0,1,0,500,0
463.00,42,0,0,0,1,0,500,0
463.00,42,0,0,0,1,0,500,0
463.00,41,0,0,0,1,0,650,0
463.00,41,0,0,0,1,0,650,0
463.00,41,0,0,0,1,0,650,0
463.00,41,0,0,0,1,0,650,0
463.00,41,0,0,0,1,0,650,0
463.00,41,0,0,0,1,0,650,0
463.00,41,0,0,0,1,0,650,0
463.00,41,0,0,0,1,0,650,0
463.00,40,0,0,0,1,0,755,0
463.00,40,0,0,0,1,0,755,0
463.00,40,0,0,0,1,0,755,0
463.00,40,0,0,0,1,0,755,0
463.00,41,0,0,0,1,0,405,0
463.00,41,1,0,0,1,0,405,0
463.00,41,0,0,0,1,0,500,0
463.00,41,0,0,0,1,0,500,0
463.00,41,0,0,0,1,0,500,0
463.00,41,0,0,0,1,0,500,0
463.00,41,0,0,0,1,0,500,0
463.00,41,0,0,0,1,0,500,0
463.00,41,0,0,0,1,0,600,0
463.00,41,0,0,0,1,0,600,0
463.00,41,0,0,0,1,0,600,0
463.00,41,0,0,0,1,0,600,0
463.00,41,0,0,0,1,0,600,0
463.00,41,0,0,0,1,0,600,0
463.00,42,0,0,0,1,0,750,0
463.00,42,0,0,0,1,0,750,0
463.00,42,0,0,0,1,0,750,0
463.50,42,0,0,0,1,0,650,0
463.50,42,0,0,0,1,0,650,0
463.50,42,0,0,0,1,0,650,0
463.50,42,0,0,0,1,0,650,0
463.50,42,0,0,0,1,0,650,0
463.50,42,0,0,0,1,0,650,0
463.50,42,0,0,0,1,0,650,0
463.50,42,0,0,0,1,0,650,0
463.50,42,0,0,0,1,0,650,0
463.50,42,0,0,0,1,0,650,0
463.50,42,0,0,0,1,0,650,0
463.50,42,0,0,0,1,0,650,0
463.50,42,0,0,0,1,0,650,0
463.50,42,0,0,0,1,0,650,0
463.50,42,0,0,0,1,0,650,0
463.50,42,0,0,0,1,0,650,0
463.50,41,0,0,0,1,0,684,0
463.50,41,0,0,0,1,0,684,0
463.50,41,0,0,0,1,0,684,0
463.50,41,0,0,0,1,0,684,0
463.50,41,0,0,0,1,0,684,0
463.50,41,0,0,0,1,0,684,0
463.50,42,0,0,0,1,0,500,0
463.50,42,0,0,0,1,0,500,0
463.50,42,0,0,0,1,0,500,0
463.50,42,0,0,0,1,0,500,0
463.50,42,0,0,0,1,0,500,0
463.50,42,0,0,0,1,0,500,0
464.00,41,0,0,0,1,0,650,0
464.00,41,0,0,0,1,0,650,0
464.00,41,0,0,0,1,0,650,0
464.00,41,0,0,0,1,0,650,0
464.00,41,0,0,0,1,0,650,0
464.00,41,0,0,0,1,0,650,0
464.00,41,0,0,0,1,0,650,0
464.00,41,0,0,0,1,0,650,0
464.00,41,0,0,0,1,0,325,0
464.00,41,0,0,0,1,0,325,0
464.00,41,0,0,0,1,0,325,0
464.00,41,0,0,0,1,0,325,0
464.00,41,0,0,0,1,0,650,0
464.00,41,0,0,0,1,0,650,0
464.00,41,0,0,0,1,0,650,0
464.00,41,0,0,0,1,0,650,0
464.00,41,0,0,0,1,0,650,0
464.00,41,0,0,0,1,0,650,0
464.00,41,0,0,0,1,0,650,0
464.00,41,0,0,0,1,0,650,0
464.00,40,0,0,0,1,0,850,0
464.00,40,0,0,0,1,0,850,0
464.00,40,0,0,0,1,0,850,0
464.00,40,0,0,0,1,0,850,0
464.00,40,0,0,0,1,0,850,0
464.00,40,0,0,0,1,0,850,0
464.00,40,0,0,0,1,0,850,0
464.00,41,0,0,0,1,0,550,0
464.00,41,0,0,0,1,0,550,0
464.00,41,0,0,0,1,0,550,0
464.00,40,0,0,0,1,0,201,0
464.00,40,0,0,0,1,0,201,0
464.00,40,0,0,0,1,0,201,0
464.00,40,0,0,0,1,0,201,0
464.00,40,0,0,0,1,0,201,0
464.00,41,0,0,0,1,0,650,0
464.00,41,0,0,0,1,0,650,0
464.00,41,0,0,0,1,0,650,0
464.00,41,0,0,0,1,0,650,0
464.00,41,0,0,0,1,0,650,0
464.00,41,0,0,0,1,0,650,0
464.00,41,0,0,0,1,0,650,0
464.00,41,0,0,0,1,0,650,0
464.00,41,0,0,0,1,0,684,0
464.00,41,0,0,0,1,0,684,0
464.00,41,0,0,0,1,0,684,0
464.00,41,0,0,0,1,0,684,0
464.00,41,0,0,0,1,0,684,0
464.00,41,0,0,0,1,0,684,0
464.50,40,0,0,0,1,0,755,0
464.50,40,0,0,0,1,0,755,0
464.50,40,0,0,0,1,0,755,0
464.50,41,0,0,0,1,0,650,0
464.50,41,0,0,0,1,0,650,0
464.50,41,0,0,0,1,0,650,0
464.50,41,0,0,0,1,0,650,0
464.50,41,0,0,0,1,0,650,0
464.50,41,0,0,0,1,0,650,0
464.50,41,0,0,0,1,0,650,0
464.50,41,0,0,0,1,0,650,0
464.50,41,0,0,0,1,0,650,0
464.50,41,0,0,0,1,0,650,0
464.50,41,0,0,0,1,0,650,0
464.50,41,0,0,0,1,0,650,0
464.50,41,0,0,0,1,0,650,0
464.50,41,0,0,0,1,0,650,0
464.50,41,0,0,0,1,0,650,0
464.50,41,0,0,0,1,0,650,0
465.00,1,0,0,0,1,0,350,0
465.00,1,0,0,0,1,0,350,0
465.00,1,0,0,0,1,0,350,0
465.00,41,0,0,0,1,0,684,0
465.00,41,0,0,0,1,0,684,0
465.00,41,0,0,0,1,0,684,0
465.00,41,0,0,0,1,0,684,0
465.00,41,0,0,0,1,0,684,0
465.00,41,0,0,0,1,0,684,0
465.00,42,0,0,0,1,0,650,0
465.00,42,0,0,0,1,0,650,0
465.00,42,0,0,0,1,0,650,0
465.00,42,0,0,0,1,0,650,0
465.00,42,0,0,0,1,0,650,0
465.00,42,0,0,0,1,0,650,0
465.00,42,0,0,0,1,0,650,0
465.00,42,0,0,0,1,0,650,0
465.00,41,0,0,0,1,0,650,0
465.00,41,0,0,0,1,0,650,0
465.00,41,0,0,0,1,0,650,0
465.00,41,0,0,0,1,0,650,0
465.00,41,0,0,0,1,0,650,0
465.00,41,0,0,0,1,0,650,0
465.00,41,0,0,0,1,0,650,0
465.00,41,0,0,0,1,0,650,0
465.00,41,0,0,0,1,0,650,0
465.00,41,0,0,0,1,0,650,0
465.00,41,0,0,0,1,0,650,0
465.00,41,0,0,0,1,0,650,0
465.00,41,0,0,0,1,0,650,0
465.00,41,0,0,0,1,0,650,0
465.00,41,0,0,0,1,0,650,0
465.00,41,0,0,0,1,0,650,0
465.00,42,0,0,0,1,0,650,0
465.00,42,0,0,0,1,0,650,0
465.00,42,0,0,0,1,0,650,0
465.00,42,0,0,0,1,0,650,0
465.00,42,0,0,0,1,0,650,0
465.00,42,0,0,0,1,0,650,0
465.00,42,0,0,0,1,0,650,0
465.00,42,0,0,0,1,0,650,0
465.50,41,0,0,0,1,0,650,0
465.50,41,0,0,0,1,0,650,0
465.50,41,0,0,0,1,0,650,0
465.50,41,0,0,0,1,0,650,0
465.50,41,0,0,0,1,0,650,0
465.50,41,0,0,0,1,0,650,0
465.50,41,0,0,0,1,0,650,0
465.50,41,0,0,0,1,0,650,0
465.50,42,0,0,0,1,0,650,0
465.50,42,0,0,0,1,0,650,0
465.50,42,0,0,0,1,0,650,0
465.50,42,0,0,0,1,0,650,0
465.50,42,0,0,0,1,0,650,0
465.50,42,0,0,0,1,0,650,0
465.50,42,0,0,0,1,0,650,0
465.50,42,0,0,0,1,0,650,0
465.50,42,0,0,0,1,0,650,0
465.50,42,0,0,0,1,0,650,0
465.50,42,0,0,0,1,0,650,0
465.50,42,0,0,0,1,0,650,0
465.50,42,0,0,0,1,0,650,0
465.50,42,0,0,0,1,0,650,0
465.50,42,0,0,0,1,0,650,0
465.50,42,0,0,0,1,0,650,0
466.00,40,0,0,0,1,0,755,0
466.00,40,0,0,0,1,0,755,0
466.00,40,0,0,0,1,0,755,0
466.00,40,0,0,0,1,0,755,0
466.00,41,0,0,0,1,0,650,0
466.00,41,0,0,0,1,0,650,0
466.00,41,0,0,0,1,0,650,0
466.00,41,0,0,0,1,0,650,0
466.00,41,0,0,0,1,0,650,0
466.00,41,0,0,0,1,0,650,0
466.00,41,0,0,0,1,0,650,0
466.00,41,0,0,0,1,0,650,0
466.00,41,0,0,0,1,0,-213,0
466.00,41,0,0,0,1,0,-213,0
466.00,41,0,0,0,1,0,-213,0
466.00,41,0,0,0,1,0,-213,0
466.00,41,0,0,0,1,0,-213,0
466.00,41,0,0,0,1,0,-213,0
466.00,41,0,0,0,1,0,-213,0
466.00,41,0,0,0,1,0,-213,0
466.00,41,0,0,0,1,0,-213,0
466.00,41,0,0,0,1,0,-213,0
466.00,41,0,0,0,1,0,-213,0
466.00,41,0,0,0,1,0,-213,0
466.00,42,0,0,0,1,0,750,0
466.00,42,0,0,0,1,0,750,0
466.00,42,0,0,0,1,0,750,0
466.00,42,0,0,0,1,0,434,0
466.00,42,0,0,0,1,0,434,0
466.00,42,0,0,0,1,0,434,0
466.00,42,0,0,0,1,0,434,0
466.50,42,0,0,0,1,0,650,0
466.50,42,0,0,0,1,0,650,0
466.50,42,0,0,0,1,0,650,0
466.50,42,0,0,0,1,0,650,0
466.50,42,0,0,0,1,0,650,0
466.50,42,0,0,0,1,0,650,0
466.50,42,0,0,0,1,0,650,0
466.50,42,0,0,0,1,0,650,0
466.50,42,0,0,0,1,0,500,0
466.50,42,0,0,0,1,0,500,0
466.50,42,0,0,0,1,0,500,0
466.50,42,0,0,0,1,0,500,0
466.50,42,0,0,0,1,0,500,0
466.50,42,0,0,0,1,0,500,0
466.50,42,0,0,0,1,0,750,0
466.50,42,0,0,0,1,0,750,0
466.50,42,0,0,0,1,0,750,0
466.67,1,0,0,0,1,0,150,0
466.67,1,0,0,0,1,0,150,0
466.67,1,0,0,0,1,0,150,0
466.67,1,0,0,0,1,0,150,0
466.67,1,0,0,0,1,0,150,0
466.67,1,0,0,0,1,0,150,0
466.67,1,0,0,0,1,0,150,0
466.67,1,0,0,0,1,0,150,0
467.00,42,0,0,0,1,0,650,0
467.00,42,0,0,0,1,0,650,0
467.00,42,0,0,0,1,0,650,0
467.00,42,0,0,0,1,0,650,0
467.00,42,0,0,0,1,0,650,0
467.00,42,0,0,0,1,0,650,0
467.00,42,0,0,0,1,0,650,0
467.00,42,0,0,0,1,0,650,0
467.00,41,0,0,0,1,0,650,0
467.00,41,0,0,0,1,0,650,0
467.00,41,0,0,0,1,0,650,0
467.00,41,0,0,0,1,0,650,0
467.00,41,0,0,0,1,0,650,0
467.00,41,0,0,0,1,0,650,0
467.00,41,0,0,0,1,0,650,0
467.00,41,0,0,0,1,0,650,0
467.00,41,0,0,0,1,0,650,0
467.00,41,0,0,0,1,0,650,0
467.00,41,0,0,0,1,0,650,0
467.00,41,0,0,0,1,0,650,0
467.00,41,0,0,0,1,0,650,0
467.00,41,0,0,0,1,0,650,0
467.00,41,0,0,0,1,0,650,0
467.00,41,0,0,0,1,0,650,0
467.00,41,1,0,0,1,0,405,0
467.00,41,0,0,0,1,0,405,0
467.00,42,0,0,0,1,0,650,0
467.00,42,0,0,0,1,0,650,0
467.00,42,0,0,0,1,0,650,0
467.00,42,0,0,0,1,0,650,0
467.00,42,0,0,0,1,0,650,0
467.00,42,0,0,0,1,0,650,0
467.00,42,0,0,0,1,0,650,0
467.00,42,0,0,0,1,0,650,0
467.00,42,0,0,0,1,0,750,0
467.00,42,0,0,0,1,0,750,0
467.00,42,0,0,0,1,0,750,0
467.00,41,1,0,0,1,0,405,0
467.00,41,0,0,0,1,0,405,0
467.00,41,0,0,0,1,0,600,0
467.00,41,0,0,0,1,0,600,0
467.00,41,0,0,0,1,0,600,0
467.00,41,0,0,0,1,0,600,0
467.00,41,0,0,0,1,0,600,0
467.00,41,0,0,0,1,0,600,0
467.00,42,0,0,0,1,0,650,0
467.00,42,0,0,0,1,0,650,0
467.00,42,0,0,0,1,0,650,0
467.00,42,0,0,0,1,0,650,0
467.00,42,0,0,0,1,0,650,0
467.00,42,0,0,0,1,0,650,0
467.00,42,0,0,0,1,0,650,0
467.00,42,0,0,0,1,0,650,0
467.00,42,0,0,0,1,0,650,0
467.00,42,0,0,0,1,0,650,0
467.00,42,0,0,0,1,0,650,0
467.00,42,0,0,0,1,0,650,0
467.00,42,0,0,0,1,0,650,0
467.00,42,0,0,0,1,0,650,0
467.00,42,0,0,0,1,0,650,0
467.00,42,0,0,0,1,0,650,0
468.00,41,0,0,0,1,0,650,0
468.00,41,0,0,0,1,0,650,0
468.00,41,0,0,0,1,0,650,0
468.00,41,0,0,0,1,0,650,0
468.00,41,0,0,0,1,0,650,0
468.00,41,0,0,0,1,0,650,0
468.00,41,0,0,0,1,0,650,0
468.00,41,0,0,0,1,0,650,0
468.00,42,0,0,0,1,0,500,0
468.00,42,0,0,0,1,0,500,0
468.00,42,0,0,0,1,0,500,0
468.00,42,0,0,0,1,0,500,0
468.00,42,0,0,0,1,0,500,0
468.00,42,0,0,0,1,0,500,0
468.00,42,0,0,0,1,0,650,0
468.00,42,0,0,0,1,0,650,0
468.00,42,0,0,0,1,0,650,0
468.00,42,0,0,0,1,0,650,0
468.00,42,0,0,0,1,0,650,0
468.00,42,0,0,0,1,0,650,0
468.00,42,0,0,0,1,0,650,0
468.00,42,0,0,0,1,0,650,0
468.00,41,0,0,0,1,0,609,0
468.00,41,1,0,0,1,0,609,0
468.00,41,1,0,0,1,0,609,0
468.00,41,0,0,0,1,0,609,0
468.00,41,0,0,0,1,0,300,0
468.00,41,0,0,0,1,0,300,0
468.00,41,0,0,0,1,0,300,0
468.00,41,0,0,0,1,0,300,0
468.00,41,0,0,0,1,0,300,0
468.00,41,0,0,0,1,0,300,0
468.50,42,0,0,0,1,0,750,0
468.50,42,0,0,0,1,0,750,0
468.50,42,0,0,0,1,0,750,0
469.00,41,1,0,0,1,0,405,0
469.00,41,0,0,0,1,0,405,0
469.00,41,0,0,0,1,0,650,0
469.00,41,0,0,0,1,0,650,0
469.00,41,0,0,0,1,0,650,0
469.00,41,0,0,0,1,0,650,0
469.00,41,0,0,0,1,0,650,0
469.00,41,0,0,0,1,0,650,0
469.00,41,0,0,0,1,0,650,0
469.00,41,0,0,0,1,0,650,0
469.00,40,0,0,0,1,0,550,0
469.00,40,0,0,0,1,0,550,0
469.00,40,0,0,0,1,0,550,0
469.00,40,0,0,0,1,0,550,0
469.00,42,0,0,0,1,0,500,0
469.00,42,0,0,0,1,0,500,0
469.00,42,0,0,0,1,0,500,0
469.00,42,0,0,0,1,0,500,0
469.00,42,0,0,0,1,0,500,0
469.00,42,0,0,0,1,0,500,0
469.00,42,0,0,0,1,0,650,0
469.00,42,0,0,0,1,0,650,0
469.00,42,0,0,0,1,0,650,0
469.00,42,0,0,0,1,0,650,0
469.00,42,0,0,0,1,0,650,0
469.00,42,0,0,0,1,0,650,0
469.00,42,0,0,0,1,0,650,0
469.00,42,0,0,0,1,0,650,0
469.50,41,0,0,0,1,0,650,0
469.50,41,0,0,0,1,0,650,0
469.50,41,0,0,0,1,0,650,0
469.50,41,0,0,0,1,0,650,0
469.50,41,0,0,0,1,0,650,0
469.50,41,0,0,0,1,0,650,0
469.50,41,0,0,0,1,0,650,0
469.50,41,0,0,0,1,0,650,0
469.50,41,0,0,0,1,0,684,0
469.50,41,0,0,0,1,0,684,0
469.50,41,0,0,0,1,0,684,0
469.50,41,0,0,0,1,0,684,0
469.50,41,0,0,0,1,0,684,0
469.50,41,0,0,0,1,0,684,0
469.50,42,0,0,0,1,0,500,0
469.50,42,0,0,0,1,0,500,0
469.50,42,0,0,0,1,0,500,0
469.50,42,0,0,0,1,0,500,0
469.50,42,0,0,0,1,0,500,0
469.50,42,0,0,0,1,0,500,0
469.50,41,0,0,0,1,0,450,0
469.50,41,0,0,0,1,0,450,0
469.50,41,0,0,0,1,0,450,0
469.50,41,0,0,0,1,0,325,0
469.50,41,0,0,0,1,0,325,0
469.50,41,0,0,0,1,0,325,0
469.50,41,0,0,0,1,0,325,0
470.00,42,0,0,0,1,0,650,0
470.00,42,0,0,0,1,0,650,0
470.00,42,0,0,0,1,0,650,0
470.00,42,0,0,0,1,0,650,0
470.00,42,0,0,0,1,0,650,0
470.00,42,0,0,0,1,0,650,0
470.00,42,0,0,0,1,0,650,0
470.00,42,0,0,0,1,0,650,0
470.00,42,0,0,0,1,0,650,0
470.00,42,0,0,0,1,0,650,0
470.00,42,0,0,0,1,0,650,0
470.00,42,0,0,0,1,0,650,0
470.00,42,0,0,0,1,0,650,0
470.00,42,0,0,0,1,0,650,0
470.00,42,0,0,0,1,0,650,0
470.00,42,0,0,0,1,0,650,0
470.00,19,0,0,0,1,0,500,0
470.00,19,0,0,0,1,0,500,0
470.00,19,0,0,0,1,0,500,0
470.00,19,0,0,0,1,0,500,0
470.00,19,0,0,0,1,0,500,0
470.00,42,0,0,0,1,0,500,0
470.00,42,0,0,0,1,0,500,0
470.00,42,0,0,0,1,0,500,0
470.00,42,0,0,0,1,0,500,0
470.00,42,0,0,0,1,0,500,0
470.00,42,0,0,0,1,0,500,0
470.00,41,0,0,0,1,0,750,0
470.00,41,0,0,0,1,0,750,0
470.00,41,0,0,0,1,0,750,0
470.50,41,0,0,0,1,0,700,0
470.50,41,0,0,0,1,0,700,0
470.50,41,0,0,0,1,0,700,0
470.50,41,0,0,0,1,0,700,0
470.50,41,0,0,0,1,0,700,0
470.50,42,0,0,0,1,0,650,0
470.50,42,0,0,0,1,0,650,0
470.50,42,0,0,0,1,0,650,0
470.50,42,0,0,0,1,0,650,0
470.50,42,0,0,0,1,0,650,0
470.50,42,0,0,0,1,0,650,0
470.50,42,0,0,0,1,0,650,0
470.50,42,0,0,0,1,0,650,0
470.50,41,0,0,0,1,0,405,0
470.50,41,1,0,0,1,0,405,0
470.50,41,0,0,0,1,0,405,0
470.50,41,1,0,0,1,0,405,0
471.00,42,0,0,0,1,0,300,0
471.00,42,0,0,0,1,0,300,0
471.00,42,0,0,0,1,0,300,0
471.00,42,0,0,0,1,0,300,0
471.00,42,0,0,0,1,0,300,0
471.00,42,0,0,0,1,0,300,0
471.00,1,1,0,0,1,0,-430,0
471.00,42,0,0,0,1,0,450,0
471.00,42,0,0,0,1,0,450,0
471.00,42,0,0,0,1,0,450,0
471.50,41,0,0,0,1,0,325,0
471.50,41,0,0,0,1,0,325,0
471.50,41,0,0,0,1,0,325,0
471.50,41,0,0,0,1,0,325,0
471.50,41,0,0,0,1,0,650,0
471.50,41,0,0,0,1,0,650,0
471.50,41,0,0,0,1,0,650,0
471.50,41,0,0,0,1,0,650,0
471.50,41,0,0,0,1,0,650,0
471.50,41,0,0,0,1,0,650,0
471.50,41,0,0,0,1,0,650,0
471.50,41,0,0,0,1,0,650,0
471.50,41,0,0,0,1,0,650,0
471.50,41,0,0,0,1,0,650,0
471.50,41,0,0,0,1,0,650,0
471.50,41,0,0,0,1,0,650,0
471.50,41,0,0,0,1,0,650,0
471.50,41,0,0,0,1,0,650,0
471.50,41,0,0,0,1,0,650,0
471.50,41,0,0,0,1,0,650,0
471.50,42,0,0,0,1,0,250,0
471.50,42,0,0,0,1,0,250,0
471.50,42,0,0,0,1,0,250,0
471.50,42,0,0,0,1,0,250,0
471.50,42,0,0,0,1,0,250,0
471.50,42,0,0,0,1,0,250,0
472.00,41,0,0,0,1,0,450,0
472.00,41,0,0,0,1,0,450,0
472.00,41,0,0,0,1,0,450,0
472.00,40,0,0,0,1,0,600,0
472.00,40,0,0,0,1,0,600,0
472.00,40,0,0,0,1,0,600,0
472.00,40,0,0,0,1,0,600,0
472.00,40,0,0,0,1,0,600,0
472.00,40,0,0,0,1,0,600,0
472.00,40,0,0,0,1,0,600,0
472.00,40,0,0,0,1,0,600,0
472.00,40,0,0,0,1,0,600,0
472.00,40,0,0,0,1,0,600,0
472.00,40,0,0,0,1,0,600,0
472.00,40,0,0,0,1,0,600,0
472.00,40,0,0,0,1,0,600,0
472.00,40,0,0,0,1,0,600,0
472.00,41,0,0,0,1,0,650,0
472.00,41,0,0,0,1,0,650,0
472.00,41,0,0,0,1,0,650,0
472.00,41,0,0,0,1,0,650,0
472.00,41,0,0,0,1,0,650,0
472.00,41,0,0,0,1,0,650,0
472.00,41,0,0,0,1,0,650,0
472.00,41,0,0,0,1,0,650,0
472.00,41,0,0,0,1,0,650,0
472.00,41,0,0,0,1,0,650,0
472.00,41,0,0,0,1,0,650,0
472.00,41,0,0,0,1,0,650,0
472.00,41,0,0,0,1,0,650,0
472.00,41,0,0,0,1,0,650,0
472.00,41,0,0,0,1,0,650,0
472.00,41,0,0,0,1,0,650,0
472.00,40,0,0,0,1,0,755,0
472.00,40,0,0,0,1,0,755,0
472.00,40,0,0,0,1,0,755,0
472.00,40,0,0,0,1,0,755,0
472.00,42,0,0,0,1,0,575,0
472.00,42,0,0,0,1,0,575,0
472.00,42,0,0,0,1,0,575,0
472.00,42,0,0,0,1,0,575,0
472.00,42,0,0,0,1,0,575,0
472.00,40,0,0,0,1,0,755,0
472.00,40,1,0,0,1,0,755,0
472.00,40,0,0,0,1,0,755,0
472.00,40,0,0,0,1,0,550,0
472.00,40,0,0,0,1,0,550,0
472.00,40,0,0,0,1,0,550,0
472.00,42,0,0,0,1,0,650,0
472.00,42,0,0,0,1,0,650,0
472.00,42,0,0,0,1,0,650,0
472.00,42,0,0,0,1,0,650,0
472.00,42,0,0,0,1,0,650,0
472.00,42,0,0,0,1,0,650,0
472.00,42,0,0,0,1,0,650,0
472.00,42,0,0,0,1,0,650,0
472.00,42,0,0,0,1,0,500,0
472.00,42,0,0,0,1,0,500,0
472.00,42,0,0,0,1,0,500,0
472.00,42,0,0,0,1,0,500,0
472.00,42,0,0,0,1,0,500,0
472.00,42,0,0,0,1,0,500,0
472.00,42,0,0,0,1,0,650,0
472.00,42,0,0,0,1,0,650,0
472.00,42,0,0,0,1,0,650,0
472.00,42,0,0,0,1,0,650,0
472.00,42,0,0,0,1,0,650,0
472.00,42,0,0,0,1,0,650,0
472.00,42,0,0,0,1,0,650,0
472.00,42,0,0,0,1,0,650,0
472.00,41,0,0,0,1,0,500,0
472.00,41,0,0,0,1,0,500,0
472.00,41,0,0,0,1,0,500,0
472.00,41,0,0,0,1,0,500,0
472.00,41,0,0,0,1,0,500,0
472.00,41,0,0,0,1,0,500,0
472.50,41,0,0,0,1,0,650,0
472.50,41,0,0,0,1,0,650,0
472.50,41,0,0,0,1,0,650,0
472.50,41,0,0,0,1,0,650,0
472.50,41,0,0,0,1,0,650,0
472.50,41,0,0,0,1,0,650,0
472.50,41,0,0,0,1,0,650,0
472.50,41,0,0,0,1,0,650,0
472.50,41,0,0,0,1,0,700,0
472.50,41,0,0,0,1,0,700,0
472.50,41,0,0,0,1,0,700,0
472.50,41,0,0,0,1,0,700,0
472.50,41,0,0,0,1,0,700,0
472.50,42,0,0,0,1,0,575,0
472.50,42,0,0,0,1,0,575,0
472.50,42,0,0,0,1,0,575,0
472.50,42,0,0,0,1,0,575,0
472.50,42,0,0,0,1,0,575,0
472.50,41,0,0,0,1,0,405,0
472.50,41,1,0,0,1,0,405,0
472.50,42,0,0,0,1,0,650,0
472.50,42,0,0,0,1,0,650,0
472.50,42,0,0,0,1,0,650,0
472.50,42,0,0,0,1,0,650,0
472.50,42,0,0,0,1,0,650,0
472.50,42,0,0,0,1,0,650,0
472.50,42,0,0,0,1,0,650,0
472.50,42,0,0,0,1,0,650,0
472.70,34,0,0,0,1,0,600,0
472.70,34,0,0,0,1,0,600,0
472.70,34,0,0,0,1,0,600,0
473.00,41,0,0,0,1,0,405,0
473.00,41,1,0,0,1,0,405,0
473.00,41,0,0,0,1,0,684,0
473.00,41,0,0,0,1,0,684,0
473.00,41,0,0,0,1,0,684,0
473.00,41,0,0,0,1,0,684,0
473.00,41,0,0,0,1,0,684,0
473.00,41,0,0,0,1,0,684,0
473.00,41,1,0,0,1,0,405,0
473.00,41,0,0,0,1,0,405,0
473.00,42,0,0,0,1,0,650,0
473.00,42,0,0,0,1,0,650,0
473.00,42,0,0,0,1,0,650,0
473.00,42,0,0,0,1,0,650,0
473.00,41,0,0,0,1,0,650,0
473.00,41,0,0,0,1,0,650,0
473.00,41,0,0,0,1,0,650,0
473.00,41,0,0,0,1,0,650,0
473.00,41,0,0,0,1,0,650,0
473.00,41,0,0,0,1,0,650,0
473.00,41,0,0,0,1,0,650,0
473.00,41,0,0,0,1,0,650,0
473.50,34,0,0,0,1,0,-449,0
473.50,34,0,0,0,1,0,-449,0
473.50,34,0,0,0,1,0,-449,0
473.50,34,0,0,0,1,0,-449,0
473.50,34,0,0,0,1,0,-449,0
473.50,34,0,0,0,1,0,-449,0
473.50,42,0,0,0,1,0,650,0
473.50,42,0,0,0,1,0,650,0
473.50,42,0,0,0,1,0,650,0
473.50,42,0,0,0,1,0,650,0
473.50,42,0,0,0,1,0,650,0
473.50,42,0,0,0,1,0,650,0
473.50,42,0,0,0,1,0,650,0
473.50,42,0,0,0,1,0,650,0
473.50,41,0,0,0,1,0,405,0
473.50,41,1,0,0,1,0,405,0
474.00,40,0,0,0,1,0,755,0
474.00,40,0,0,0,1,0,755,0
474.00,40,0,0,0,1,0,755,0
474.00,40,0,0,0,1,0,755,0
474.00,41,0,0,0,1,0,405,0
474.00,41,1,0,0,1,0,405,0
474.00,41,0,0,0,1,0,684,0
474.00,41,0,0,0,1,0,684,0
474.00,41,0,0,0,1,0,684,0
474.00,41,0,0,0,1,0,684,0
474.00,41,0,0,0,1,0,684,0
474.00,41,0,0,0,1,0,684,0
474.00,41,0,0,0,1,0,405,0
474.00,41,1,0,0,1,0,405,0
474.50,42,0,0,0,1,0,500,0
474.50,42,0,0,0,1,0,500,0
474.50,42,0,0,0,1,0,500,0
474.50,42,0,0,0,1,0,500,0
474.50,42,0,0,0,1,0,500,0
474.50,42,0,0,0,1,0,500,0
475.00,42,0,0,0,1,0,300,0
475.00,42,0,0,0,1,0,300,0
475.00,42,0,0,0,1,0,300,0
475.00,42,0,0,0,1,0,300,0
475.00,42,0,0,0,1,0,300,0
475.00,42,0,0,0,1,0,300,0
475.00,42,0,0,0,1,0,650,0
475.00,42,0,0,0,1,0,650,0
475.00,42,0,0,0,1,0,650,0
475.00,42,0,0,0,1,0,650,0
475.00,42,0,0,0,1,0,650,0
475.00,42,0,0,0,1,0,650,0
475.00,42,0,0,0,1,0,650,0
475.00,42,0,0,0,1,0,650,0
475.00,42,0,0,0,1,0,500,0
475.00,42,0,0,0,1,0,500,0
475.00,42,0,0,0,1,0,500,0
475.00,42,0,0,0,1,0,500,0
475.00,42,0,0,0,1,0,500,0
475.00,42,0,0,0,1,0,500,0
475.50,41,0,0,0,1,0,650,0
475.50,41,0,0,0,1,0,650,0
475.50,41,0,0,0,1,0,650,0
475.50,41,0,0,0,1,0,650,0
475.50,41,0,0,0,1,0,650,0
475.50,41,0,0,0,1,0,650,0
475.50,41,0,0,0,1,0,650,0
475.50,41,0,0,0,1,0,650,0
475.71,42,0,0,0,1,0,550,0
475.71,42,0,0,0,1,0,550,0
475.71,42,0,0,0,1,0,550,0
475.71,42,0,0,0,1,0,550,0
475.71,42,0,0,0,1,0,550,0
475.71,42,0,0,0,1,0,550,0
475.71,42,0,0,0,1,0,550,0
475.71,42,0,0,0,1,0,550,0
476.00,41,0,0,0,1,0,650,0
476.00,41,0,0,0,1,0,650,0
476.00,41,0,0,0,1,0,650,0
476.00,41,0,0,0,1,0,650,0
476.00,41,0,0,0,1,0,650,0
476.00,41,0,0,0,1,0,650,0
476.00,41,0,0,0,1,0,650,0
476.00,41,0,0,0,1,0,650,0
476.00,42,0,0,0,1,0,500,0
476.00,42,0,0,0,1,0,500,0
476.00,42,0,0,0,1,0,500,0
476.00,42,0,0,0,1,0,500,0
476.00,42,0,0,0,1,0,500,0
476.00,42,0,0,0,1,0,500,0
476.00,42,0,0,0,1,0,750,0
476.00,42,0,0,0,1,0,750,0
476.00,42,0,0,0,1,0,750,0
477.00,41,0,0,0,1,0,750,0
477.00,41,0,0,0,1,0,750,0
477.00,41,0,0,0,1,0,750,0
477.00,42,0,0,0,1,0,650,0
477.00,42,0,0,0,1,0,650,0
477.00,42,0,0,0,1,0,650,0
477.00,42,0,0,0,1,0,650,0
477.00,42,0,0,0,1,0,650,0
477.00,42,0,0,0,1,0,650,0
477.00,42,0,0,0,1,0,650,0
477.00,42,0,0,0,1,0,650,0
477.00,40,0,0,0,1,0,755,0
477.00,40,0,0,0,1,0,755,0
477.00,40,0,0,0,1,0,755,0
477.00,40,0,0,0,1,0,755,0
477.00,41,0,0,0,1,0,600,0
477.00,41,0,0,0,1,0,600,0
477.00,41,0,0,0,1,0,600,0
477.00,41,0,0,0,1,0,600,0
477.00,41,0,0,0,1,0,600,0
477.00,41,0,0,0,1,0,600,0
477.00,41,0,0,0,1,0,684,0
477.00,41,0,0,0,1,0,684,0
477.00,41,0,0,0,1,0,684,0
477.00,41,0,0,0,1,0,684,0
477.00,41,0,0,0,1,0,684,0
477.00,41,0,0,0,1,0,684,0
477.00,42,0,0,0,1,0,434,0
477.00,42,0,0,0,1,0,434,0
477.00,42,0,0,0,1,0,434,0
477.00,42,0,0,0,1,0,434,0
477.00,42,0,0,0,1,0,650,0
477.00,42,0,0,0,1,0,650,0
477.00,42,0,0,0,1,0,650,0
477.00,42,0,0,0,1,0,650,0
477.00,42,0,0,0,1,0,650,0
477.00,42,0,0,0,1,0,650,0
477.00,42,0,0,0,1,0,650,0
477.00,42,0,0,0,1,0,650,0
477.50,42,0,0,0,1,0,600,0
477.50,42,0,0,0,1,0,600,0
477.50,42,0,0,0,1,0,600,0
477.50,42,0,0,0,1,0,600,0
477.50,42,0,0,0,1,0,600,0
477.50,41,0,0,0,1,0,450,0
477.50,41,0,0,0,1,0,450,0
477.50,41,0,0,0,1,0,450,0
477.50,41,0,0,0,1,0,450,0
477.50,41,0,0,0,1,0,450,0
477.50,41,0,0,0,1,0,450,0
478.00,42,0,0,0,1,0,650,0
478.00,42,0,0,0,1,0,650,0
478.00,42,0,0,0,1,0,650,0
478.00,42,0,0,0,1,0,650,0
478.00,42,0,0,0,1,0,650,0
478.00,42,0,0,0,1,0,650,0
478.00,42,0,0,0,1,0,650,0
478.00,42,0,0,0,1,0,650,0
478.00,42,0,0,0,1,0,650,0
478.00,42,0,0,0,1,0,650,0
478.00,42,0,0,0,1,0,650,0
478.00,42,0,0,0,1,0,650,0
478.00,42,0,0,0,1,0,650,0
478.00,42,0,0,0,1,0,650,0
478.00,42,0,0,0,1,0,650,0
478.00,42,0,0,0,1,0,650,0
478.00,41,0,0,0,1,0,750,0
478.00,41,0,0,0,1,0,750,0
478.00,41,0,0,0,1,0,750,0
478.50,42,0,0,0,1,0,650,0
478.50,42,0,0,0,1,0,650,0
478.50,42,0,0,0,1,0,650,0
478.50,42,0,0,0,1,0,650,0
478.50,42,0,0,0,1,0,650,0
478.50,42,0,0,0,1,0,650,0
478.50,42,0,0,0,1,0,650,0
478.50,42,0,0,0,1,0,650,0
479.00,41,0,0,0,1,0,405,0
479.00,41,1,0,0,1,0,405,0
479.50,42,0,0,0,1,0,500,0
479.50,42,0,0,0,1,0,500,0
479.50,42,0,0,0,1,0,500,0
479.50,42,0,0,0,1,0,500,0
479.50,42,0,0,0,1,0,500,0
479.50,42,0,0,0,1,0,500,0
479.73,42,0,0,0,1,0,350,0
479.73,42,0,0,0,1,0,350,0
479.73,42,0,0,0,1,0,350,0
479.73,42,0,0,0,1,0,350,0
480.00,42,0,0,0,1,0,250,0
480.00,42,0,0,0,1,0,250,0
480.00,42,0,0,0,1,0,250,0
480.00,42,0,0,0,1,0,250,0
480.00,42,0,0,0,1,0,250,0
480.00,42,0,0,0,1,0,250,0
480.00,40,1,0,0,1,0,450,0
480.00,40,1,0,0,1,0,450,0
480.00,42,0,0,0,1,0,550,0
480.00,42,1,0,0,1,0,550,0
480.00,40,0,0,0,1,0,650,0
480.00,40,0,0,0,1,0,650,0
480.00,40,0,0,0,1,0,650,0
480.00,40,0,0,0,1,0,650,0
481.00,41,0,0,0,1,0,650,0
481.00,41,0,0,0,1,0,650,0
481.00,41,0,0,0,1,0,650,0
481.00,41,0,0,0,1,0,650,0
481.00,41,0,0,0,1,0,650,0
481.00,41,0,0,0,1,0,650,0
481.00,41,0,0,0,1,0,650,0
481.00,41,0,0,0,1,0,650,0
481.00,41,1,0,0,1,0,405,0
481.00,41,0,0,0,1,0,405,0
481.00,41,0,0,0,1,0,684,0
481.00,41,0,0,0,1,0,684,0
481.00,41,0,0,0,1,0,684,0
481.00,41,0,0,0,1,0,684,0
481.00,41,0,0,0,1,0,684,0
481.00,41,0,0,0,1,0,684,0
481.00,42,0,0,0,1,0,650,0
481.00,42,0,0,0,1,0,650,0
481.00,42,0,0,0,1,0,650,0
481.00,42,0,0,0,1,0,650,0
481.00,42,0,0,0,1,0,650,0
481.00,42,0,0,0,1,0,650,0
481.00,42,0,0,0,1,0,650,0
481.00,42,0,0,0,1,0,650,0
481.50,41,0,0,0,1,0,650,0
481.50,41,0,0,0,1,0,650,0
481.50,41,0,0,0,1,0,650,0
481.50,41,0,0,0,1,0,650,0
481.50,41,0,0,0,1,0,650,0
481.50,41,0,0,0,1,0,650,0
481.50,41,0,0,0,1,0,650,0
481.50,41,0,0,0,1,0,650,0
481.50,42,0,0,0,1,0,650,0
481.50,42,0,0,0,1,0,650,0
481.50,42,0,0,0,1,0,650,0
481.50,42,0,0,0,1,0,650,0
481.50,42,0,0,0,1,0,650,0
481.50,42,0,0,0,1,0,650,0
481.50,42,0,0,0,1,0,650,0
481.50,42,0,0,0,1,0,650,0
482.00,41,0,0,0,1,0,609,0
482.00,41,1,0,0,1,0,609,0
482.00,41,0,0,0,1,0,609,0
482.00,42,0,0,0,1,0,650,0
482.00,42,0,0,0,1,0,650,0
482.00,42,0,0,0,1,0,650,0
482.00,42,0,0,0,1,0,650,0
482.00,42,0,0,0,1,0,650,0
482.00,42,0,0,0,1,0,650,0
482.00,42,0,0,0,1,0,650,0
482.00,42,0,0,0,1,0,650,0
482.50,41,0,0,0,1,0,684,0
482.50,41,0,0,0,1,0,684,0
482.50,41,0,0,0,1,0,684,0
482.50,41,0,0,0,1,0,684,0
482.50,41,0,0,0,1,0,684,0
482.50,41,0,0,0,1,0,684,0
482.50,42,0,0,0,1,0,650,0
482.50,42,0,0,0,1,0,650,0
482.50,42,0,0,0,1,0,650,0
482.50,42,0,0,0,1,0,650,0
482.50,42,0,0,0,1,0,650,0
482.50,42,0,0,0,1,0,650,0
482.50,42,0,0,0,1,0,650,0
482.50,42,0,0,0,1,0,650,0
483.00,40,0,0,0,1,0,755,0
483.00,40,0,0,0,1,0,755,0
483.00,40,0,0,0,1,0,755,0
483.00,40,0,0,0,1,0,755,0
483.00,40,0,0,0,1,0,755,0
483.00,40,0,0,0,1,0,755,0
483.00,40,0,0,0,1,0,755,0
483.00,40,0,0,0,1,0,755,0
483.00,41,0,0,0,1,0,650,0
483.00,41,0,0,0,1,0,650,0
483.00,41,0,0,0,1,0,650,0
483.00,41,0,0,0,1,0,650,0
483.00,41,0,0,0,1,0,650,0
483.00,41,0,0,0,1,0,650,0
483.00,41,0,0,0,1,0,650,0
483.00,41,0,0,0,1,0,650,0
484.00,40,0,0,0,1,0,-84,0
484.00,40,1,0,0,1,0,-84,0
484.00,42,0,0,0,1,0,650,0
484.00,42,0,0,0,1,0,650,0
484.00,42,0,0,0,1,0,650,0
484.00,42,0,0,0,1,0,650,0
484.00,42,0,0,0,1,0,650,0
484.00,42,0,0,0,1,0,650,0
484.00,42,0,0,0,1,0,650,0
484.00,42,0,0,0,1,0,650,0
484.00,42,0,0,0,1,0,500,0
484.00,42,0,0,0,1,0,500,0
484.00,42,0,0,0,1,0,500,0
484.00,42,0,0,0,1,0,500,0
484.00,42,0,0,0,1,0,500,0
484.00,42,0,0,0,1,0,500,0
484.50,40,0,0,0,1,0,450,0
484.50,40,1,0,0,1,0,450,0
484.50,42,0,0,0,1,0,650,0
484.50,42,0,0,0,1,0,650,0
484.50,42,0,0,0,1,0,650,0
484.50,42,0,0,0,1,0,650,0
484.50,42,0,0,0,1,0,650,0
484.50,42,0,0,0,1,0,650,0
484.50,42,0,0,0,1,0,650,0
484.50,42,0,0,0,1,0,650,0
485.00,41,0,0,0,1,0,650,0
485.00,41,0,0,0,1,0,650,0
485.00,41,0,0,0,1,0,650,0
485.00,41,0,0,0,1,0,650,0
485.00,41,0,0,0,1,0,650,0
485.00,41,0,0,0,1,0,650,0
485.00,41,0,0,0,1,0,650,0
485.00,41,0,0,0,1,0,650,0
485.00,41,0,0,0,1,0,650,0
485.00,41,0,0,0,1,0,650,0
485.00,41,0,0,0,1,0,650,0
485.00,41,0,0,0,1,0,650,0
485.00,41,0,0,0,1,0,650,0
485.00,41,0,0,0,1,0,650,0
485.00,41,0,0,0,1,0,650,0
485.00,41,0,0,0,1,0,650,0
485.26,42,0,0,0,1,0,350,0
485.26,42,0,0,0,1,0,350,0
485.26,42,0,0,0,1,0,350,0
485.50,42,0,0,0,1,0,650,0
485.50,42,0,0,0,1,0,650,0
485.50,42,0,0,0,1,0,650,0
485.50,42,0,0,0,1,0,650,0
485.50,42,0,0,0,1,0,650,0
485.50,42,0,0,0,1,0,650,0
485.50,42,0,0,0,1,0,650,0
485.50,42,0,0,0,1,0,650,0
486.00,41,0,0,0,1,0,650,0
486.00,41,0,0,0,1,0,650,0
486.00,41,0,0,0,1,0,650,0
486.00,41,0,0,0,1,0,650,0
486.00,41,0,0,0,1,0,650,0
486.00,41,0,0,0,1,0,650,0
486.00,41,0,0,0,1,0,650,0
486.00,41,0,0,0,1,0,650,0
486.00,42,0,0,0,1,0,650,0
486.00,42,0,0,0,1,0,650,0
486.00,42,0,0,0,1,0,650,0
486.00,42,0,0,0,1,0,650,0
486.00,42,0,0,0,1,0,650,0
486.00,42,0,0,0,1,0,650,0
486.00,42,0,0,0,1,0,650,0
486.00,42,0,0,0,1,0,650,0
486.00,41,0,0,0,1,0,405,0
486.00,41,1,0,0,1,0,405,0
486.00,41,0,0,0,1,0,405,0
486.00,41,1,0,0,1,0,405,0
486.50,42,0,0,0,1,0,575,0
486.50,42,0,0,0,1,0,575,0
486.50,42,0,0,0,1,0,575,0
486.50,42,0,0,0,1,0,575,0
486.50,42,0,0,0,1,0,575,0
487.00,42,0,0,0,1,0,650,0
487.00,42,0,0,0,1,0,650,0
487.00,42,0,0,0,1,0,650,0
487.00,42,0,0,0,1,0,650,0
487.00,42,0,0,0,1,0,650,0
487.00,42,0,0,0,1,0,650,0
487.00,42,0,0,0,1,0,650,0
487.00,42,0,0,0,1,0,650,0
487.50,41,0,0,0,1,0,650,0
487.50,41,0,0,0,1,0,650,0
487.50,41,0,0,0,1,0,650,0
487.50,41,0,0,0,1,0,650,0
487.50,41,0,0,0,1,0,650,0
487.50,41,0,0,0,1,0,650,0
487.50,41,0,0,0,1,0,650,0
487.50,41,0,0,0,1,0,650,0
488.00,40,0,0,0,1,0,755,0
488.00,40,0,0,0,1,0,755,0
488.00,40,0,0,0,1,0,755,0
488.00,40,0,0,0,1,0,755,0
488.00,40,0,0,0,1,0,650,0
488.00,40,0,0,0,1,0,650,0
488.00,40,0,0,0,1,0,650,0
488.00,40,0,0,0,1,0,650,0
488.00,41,1,0,0,1,0,405,0
488.00,41,0,0,0,1,0,405,0
488.00,41,0,0,0,1,0,609,0
488.00,41,1,0,0,1,0,609,0
488.00,41,0,0,0,1,0,609,0
488.50,42,0,0,0,1,0,650,0
488.50,42,0,0,0,1,0,650,0
488.50,42,0,0,0,1,0,650,0
488.50,42,0,0,0,1,0,650,0
488.50,42,0,0,0,1,0,650,0
488.50,42,0,0,0,1,0,650,0
488.50,42,0,0,0,1,0,650,0
488.50,42,0,0,0,1,0,650,0
488.50,41,0,0,0,1,0,700,0
488.50,41,0,0,0,1,0,700,0
488.50,41,0,0,0,1,0,700,0
488.50,41,0,0,0,1,0,700,0
488.50,41,0,0,0,1,0,700,0
488.50,42,0,0,0,1,0,650,0
488.50,42,0,0,0,1,0,650,0
488.50,42,0,0,0,1,0,650,0
488.50,42,0,0,0,1,0,650,0
488.50,42,0,0,0,1,0,650,0
488.50,42,0,0,0,1,0,650,0
488.50,42,0,0,0,1,0,650,0
488.50,42,0,0,0,1,0,650,0
489.00,1,0,0,0,1,0,138,0
489.00,1,0,0,0,1,0,138,0
489.00,1,0,0,0,1,0,138,0
489.00,1,0,0,0,1,0,138,0
489.50,42,0,0,0,1,0,250,0
489.50,42,0,0,0,1,0,250,0
489.50,42,0,0,0,1,0,250,0
490.00,41,0,0,0,1,0,450,0
490.00,41,0,0,0,1,0,450,0
490.00,41,0,0,0,1,0,450,0
490.00,40,0,0,0,1,0,434,0
490.00,40,0,0,0,1,0,434,0
490.00,40,0,0,0,1,0,434,0
490.00,40,0,0,0,1,0,434,0
490.00,34,0,0,0,1,0,-325,0
490.00,34,0,0,0,1,0,-325,0
490.00,34,0,0,0,1,0,-325,0
490.00,34,0,0,0,1,0,-325,0
490.00,34,0,0,0,1,0,-325,0
490.00,34,0,0,0,1,0,-325,0
490.00,34,0,0,0,1,0,-325,0
490.00,34,0,0,0,1,0,-325,0
490.00,34,0,0,0,1,0,-325,0
490.00,34,0,0,0,1,0,-325,0
490.00,34,0,0,0,1,0,-325,0
490.00,34,0,0,0,1,0,-325,0
490.00,34,0,0,0,1,0,-325,0
490.00,34,0,0,0,1,0,-325,0
490.00,34,0,0,0,1,0,-325,0
490.00,34,0,0,0,1,0,-325,0
490.00,34,0,0,0,1,0,-325,0
490.00,34,0,0,0,1,0,-325,0
490.00,34,0,0,0,1,0,-325,0
490.00,34,0,0,0,1,0,-325,0
490.00,34,0,0,0,1,0,-325,0
490.00,34,0,0,0,1,0,-325,0
490.00,34,0,0,0,1,0,-325,0
490.00,34,0,0,0,1,0,-325,0
490.00,41,0,0,0,1,0,-210,0
490.00,41,0,0,0,1,0,-210,0
490.00,41,0,0,0,1,0,-210,0
490.00,41,0,0,0,1,0,-210,0
490.00,41,0,0,0,1,0,650,0
490.00,41,0,0,0,1,0,650,0
490.00,41,0,0,0,1,0,650,0
490.00,41,0,0,0,1,0,650,0
490.00,41,0,0,0,1,0,650,0
490.00,41,0,0,0,1,0,650,0
490.00,41,0,0,0,1,0,650,0
490.00,41,0,0,0,1,0,650,0
491.00,41,0,0,0,1,0,600,0
491.00,41,0,0,0,1,0,600,0
491.00,41,0,0,0,1,0,600,0
491.00,41,0,0,0,1,0,600,0
491.00,41,0,0,0,1,0,600,0
491.00,41,0,0,0,1,0,600,0
491.00,42,0,0,0,1,0,500,0
491.00,42,0,0,0,1,0,500,0
491.00,42,0,0,0,1,0,500,0
491.00,42,0,0,0,1,0,500,0
491.00,42,0,0,0,1,0,500,0
491.00,42,0,0,0,1,0,500,0
491.00,42,0,0,0,1,0,434,0
491.00,42,0,0,0,1,0,434,0
491.00,42,0,0,0,1,0,434,0
491.50,41,0,0,0,1,0,300,0
491.50,41,0,0,0,1,0,300,0
491.50,41,0,0,0,1,0,300,0
491.50,41,0,0,0,1,0,300,0
491.50,41,0,0,0,1,0,300,0
491.50,41,0,0,0,1,0,300,0
491.50,42,0,0,0,1,0,650,0
491.50,42,0,0,0,1,0,650,0
491.50,42,0,0,0,1,0,650,0
491.50,42,0,0,0,1,0,650,0
491.50,42,0,0,0,1,0,650,0
491.50,42,0,0,0,1,0,650,0
491.50,42,0,0,0,1,0,650,0
491.50,42,0,0,0,1,0,650,0
491.50,42,0,0,0,1,0,650,0
491.50,42,0,0,0,1,0,650,0
491.50,42,0,0,0,1,0,650,0
491.50,42,0,0,0,1,0,650,0
491.50,42,0,0,0,1,0,650,0
491.50,42,0,0,0,1,0,650,0
491.50,42,0,0,0,1,0,650,0
491.50,42,0,0,0,1,0,650,0
492.00,42,0,0,0,1,0,300,0
492.00,42,0,0,0,1,0,300,0
492.00,42,0,0,0,1,0,300,0
492.00,42,0,0,0,1,0,300,0
492.00,42,0,0,0,1,0,300,0
492.00,42,0,0,0,1,0,300,0
492.00,41,0,0,0,1,0,500,0
492.00,41,0,0,0,1,0,500,0
492.00,41,0,0,0,1,0,500,0
492.00,41,0,0,0,1,0,500,0
492.00,41,0,0,0,1,0,500,0
492.00,41,0,0,0,1,0,500,0
492.50,42,0,0,0,1,0,650,0
492.50,42,0,0,0,1,0,650,0
492.50,42,0,0,0,1,0,650,0
492.50,42,0,0,0,1,0,650,0
492.50,42,0,0,0,1,0,650,0
492.50,42,0,0,0,1,0,650,0
492.50,42,0,0,0,1,0,650,0
492.50,42,0,0,0,1,0,650,0
493.00,41,0,0,0,1,0,650,0
493.00,41,0,0,0,1,0,650,0
493.00,41,0,0,0,1,0,650,0
493.00,41,0,0,0,1,0,650,0
493.00,41,0,0,0,1,0,650,0
493.00,41,0,0,0,1,0,650,0
493.00,41,0,0,0,1,0,650,0
493.00,41,0,0,0,1,0,650,0
493.00,40,1,0,0,1,0,450,0
493.00,42,0,0,0,1,0,650,0
493.00,42,0,0,0,1,0,650,0
493.00,42,0,0,0,1,0,650,0
493.00,42,0,0,0,1,0,650,0
493.00,42,0,0,0,1,0,650,0
493.00,42,0,0,0,1,0,650,0
493.00,42,0,0,0,1,0,650,0
493.00,42,0,0,0,1,0,650,0
493.00,41,0,0,0,1,0,650,0
493.00,41,0,0,0,1,0,650,0
493.00,41,0,0,0,1,0,650,0
493.00,41,0,0,0,1,0,650,0
493.00,41,0,0,0,1,0,650,0
493.00,41,0,0,0,1,0,650,0
493.00,41,0,0,0,1,0,650,0
493.00,41,0,0,0,1,0,650,0
493.00,40,0,0,0,1,0,755,0
493.00,40,0,0,0,1,0,755,0
493.00,40,0,0,0,1,0,755,0
493.00,40,0,0,0,1,0,755,0
493.00,40,0,0,0,1,0,755,0
494.50,41,0,0,0,1,0,609,0
494.50,41,1,0,0,1,0,609,0
494.50,41,0,0,0,1,0,609,0
495.00,42,0,0,0,1,0,650,0
495.00,42,0,0,0,1,0,650,0
495.00,42,0,0,0,1,0,650,0
495.00,42,0,0,0,1,0,650,0
495.00,42,0,0,0,1,0,650,0
495.00,42,0,0,0,1,0,650,0
495.00,42,0,0,0,1,0,650,0
495.00,42,0,0,0,1,0,650,0
495.50,42,0,0,0,1,0,650,0
495.50,42,0,0,0,1,0,650,0
495.50,42,0,0,0,1,0,650,0
495.50,42,0,0,0,1,0,650,0
495.50,42,0,0,0,1,0,650,0
495.50,42,0,0,0,1,0,650,0
495.50,42,0,0,0,1,0,650,0
495.50,42,0,0,0,1,0,650,0
496.00,42,0,0,0,1,0,567,0
496.00,42,0,0,0,1,0,567,0
496.00,42,0,0,0,1,0,567,0
496.00,42,0,0,0,1,0,567,0
496.00,41,0,0,0,1,0,450,0
496.00,41,0,0,0,1,0,450,0
496.00,41,0,0,0,1,0,450,0
496.50,42,0,0,0,1,0,434,0
496.50,42,0,0,0,1,0,434,0
496.50,42,0,0,0,1,0,434,0
496.50,42,0,0,0,1,0,434,0
497.00,41,0,0,0,1,0,686,0
497.00,41,0,0,0,1,0,686,0
497.00,41,0,0,0,1,0,686,0
497.00,41,0,0,0,1,0,686,0
497.00,41,0,0,0,1,0,686,0
497.00,41,0,0,0,1,0,686,0
497.50,42,0,0,0,1,0,500,0
497.50,42,0,0,0,1,0,500,0
497.50,42,0,0,0,1,0,500,0
497.50,42,0,0,0,1,0,500,0
497.50,42,0,0,0,1,0,500,0
497.50,42,0,0,0,1,0,500,0
498.00,40,0,0,0,1,0,650,0
498.00,40,0,0,0,1,0,650,0
498.00,40,0,0,0,1,0,650,0
498.00,40,0,0,0,1,0,650,0
498.00,40,0,0,0,1,0,755,0
498.00,40,0,0,0,1,0,755,0
498.00,40,0,0,0,1,0,755,0
498.00,40,0,0,0,1,0,755,0
498.50,1,0,0,0,1,0,340,0
498.50,1,0,0,0,1,0,340,0
498.50,1,0,0,0,1,0,340,0
498.50,1,0,0,0,1,0,340,0
499.00,40,0,0,0,1,0,550,0
499.00,40,0,0,0,1,0,550,0
499.00,40,0,0,0,1,0,550,0
499.00,42,0,0,0,1,0,250,0
499.00,42,0,0,0,1,0,250,0
499.00,42,0,0,0,1,0,250,0
499.00,42,0,0,0,1,0,250,0
499.00,42,0,0,0,1,0,250,0
499.00,42,0,0,0,1,0,250,0
499.00,40,0,0,0,1,0,850,0
499.00,40,0,0,0,1,0,850,0
499.00,40,0,0,0,1,0,850,0
499.00,40,0,0,0,1,0,850,0
499.00,40,0,0,0,1,0,850,0
499.00,40,0,0,0,1,0,850,0
499.00,40,0,0,0,1,0,850,0
500.00,42,0,0,0,1,0,300,0
500.00,42,0,0,0,1,0,300,0
500.00,42,0,0,0,1,0,300,0
500.00,42,0,0,0,1,0,300,0
500.00,42,0,0,0,1,0,300,0
500.00,42,0,0,0,1,0,300,0
502.00,42,0,0,0,1,0,500,0
502.00,42,0,0,0,1,0,500,0
502.00,42,0,0,0,1,0,500,0
502.00,42,0,0,0,1,0,500,0
502.00,42,0,0,0,1,0,500,0
502.00,42,0,0,0,1,0,500,0
502.00,42,0,0,0,1,0,725,0
502.00,42,0,0,0,1,0,725,0
502.00,42,0,0,0,1,0,725,0
502.00,42,0,0,0,1,0,725,0
502.00,42,0,0,0,1,0,725,0
505.00,42,0,0,0,1,0,650,0
505.00,42,0,0,0,1,0,650,0
505.00,42,0,0,0,1,0,650,0
505.00,42,0,0,0,1,0,650,0
505.00,42,0,0,0,1,0,650,0
505.00,42,0,0,0,1,0,650,0
505.00,42,0,0,0,1,0,650,0
505.00,42,0,0,0,1,0,650,0
505.50,41,0,0,0,1,0,609,0
505.50,41,1,0,0,1,0,609,0
505.50,41,0,0,0,1,0,609,0
506.00,40,0,0,0,1,0,755,0
506.00,40,0,0,0,1,0,755,0
506.00,40,0,0,0,1,0,755,0
506.00,40,0,0,0,1,0,755,0
507.50,41,0,0,0,1,0,500,0
507.50,41,0,0,0,1,0,500,0
507.50,41,0,0,0,1,0,500,0
507.50,41,0,0,0,1,0,500,0
507.50,41,0,0,0,1,0,500,0
507.50,41,0,0,0,1,0,500,0
510.00,40,0,0,0,1,0,750,0
510.00,40,0,0,0,1,0,750,0
510.00,40,0,0,0,1,0,750,0
510.00,41,0,0,0,1,0,684,0
510.00,41,0,0,0,1,0,684,0
510.00,41,0,0,0,1,0,684,0
510.00,41,0,0,0,1,0,684,0
510.00,41,0,0,0,1,0,684,0
510.00,41,0,0,0,1,0,684,0
511.00,42,0,0,0,1,0,650,0
511.00,42,0,0,0,1,0,650,0
511.00,42,0,0,0,1,0,650,0
511.00,42,0,0,0,1,0,650,0
511.00,42,0,0,0,1,0,650,0
511.00,42,0,0,0,1,0,650,0
511.00,42,0,0,0,1,0,650,0
511.00,42,0,0,0,1,0,650,0
516.00,41,0,0,0,1,0,405,0
516.00,41,1,0,0,1,0,405,0
522.50,42,0,0,0,1,0,650,0
522.50,42,0,0,0,1,0,650,0
522.50,42,0,0,0,1,0,650,0
522.50,42,0,0,0,1,0,650,0
522.50,42,0,0,0,1,0,650,0
522.50,42,0,0,0,1,0,650,0
522.50,42,0,0,0,1,0,650,0
522.50,42,0,0,0,1,0,650,0
528.50,42,0,0,0,1,0,650,0
528.50,42,0,0,0,1,0,650,0
528.50,42,0,0,0,1,0,650,0
528.50,42,0,0,0,1,0,650,0
528.50,42,0,0,0,1,0,650,0
528.50,42,0,0,0,1,0,650,0
528.50,42,0,0,0,1,0,650,0
528.50,42,0,0,0,1,0,650,0
530.50,42,0,0,0,1,0,500,0
530.50,42,0,0,0,1,0,500,0
530.50,42,0,0,0,1,0,500,0
530.50,42,0,0,0,1,0,500,0
530.50,42,0,0,0,1,0,500,0
530.50,42,0,0,0,1,0,500,0
532.00,42,0,0,0,1,0,500,0
532.00,42,0,0,0,1,0,500,0
532.00,42,0,0,0,1,0,500,0
532.00,42,0,0,0,1,0,500,0
532.00,42,0,0,0,1,0,500,0
532.00,42,0,0,0,1,0,500,0
533.50,41,0,0,0,1,0,405,0
533.50,41,1,0,0,1,0,405,0
533.50,42,0,0,0,1,0,650,0
533.50,42,0,0,0,1,0,650,0
533.50,42,0,0,0,1,0,650,0
533.50,42,0,0,0,1,0,650,0
533.50,42,0,0,0,1,0,650,0
533.50,42,0,0,0,1,0,650,0
533.50,42,0,0,0,1,0,650,0
533.50,42,0,0,0,1,0,650,0
453.32,1,0,0,0,1,0,600,0
453.04,1,1,0,0,1,0,600,0
453.10,1,1,0,0,1,0,600,0
453.16,1,1,0,0,1,0,600,0
452.78,1,1,0,0,1,0,600,0
452.92,1,0,0,0,1,0,600,0
442.45,1,0,0,0,1,0,200,0
442.45,1,0,0,0,1,0,200,0
442.45,1,0,0,0,1,0,200,0
442.45,1,0,0,0,1,0,200,0
442.45,1,0,0,0,1,0,200,0
442.45,1,0,0,0,1,0,200,0
442.45,1,0,0,0,1,0,200,0
442.45,1,0,0,0,1,0,200,0
442.45,1,0,0,0,1,0,200,0
442.45,1,0,0,0,1,0,200,0
442.45,1,0,0,0,1,0,200,0
442.45,1,0,0,0,1,0,200,0
442.45,1,0,0,0,1,0,200,0
442.45,1,0,0,0,1,0,200,0
442.45,1,0,0,0,1,0,200,0
442.45,1,0,0,0,1,0,200,0
442.45,1,0,0,0,1,0,200,0
442.45,1,0,0,0,1,0,200,0
451.39,40,3,0,0,1,0,-373,0
451.39,40,4,0,0,1,0,-373,0
451.39,40,4,0,0,1,0,-373,0
451.39,40,4,0,0,1,0,-373,0
451.39,40,4,0,0,1,0,-373,0
451.39,40,1,0,0,1,0,-373,0
451.90,40,1,0,0,1,0,700,0
451.90,40,4,0,0,1,0,700,0
451.90,40,4,0,0,1,0,700,0
451.90,40,4,0,0,1,0,700,0
451.90,40,4,0,0,1,0,700,0
451.90,40,3,0,0,1,0,700,0
452.70,1,0,0,0,1,0,325,0
452.70,1,0,0,0,1,0,325,0
452.70,1,0,0,0,1,0,325,0
452.70,1,0,0,0,1,0,325,0
452.70,1,0,0,0,1,0,325,0
452.70,1,0,0,0,1,0,325,0
452.70,1,0,0,0,1,0,325,0
452.70,1,0,0,0,1,0,325,0
452.70,1,0,0,0,1,0,325,0
452.70,1,0,0,0,1,0,325,0
452.70,1,0,0,0,1,0,325,0
452.70,1,0,0,0,1,0,325,0
452.70,1,0,0,0,1,0,325,0
452.70,1,0,0,0,1,0,325,0
452.70,1,0,0,0,1,0,325,0
452.70,1,0,0,0,1,0,325,0
452.70,1,0,0,0,1,0,325,0
452.70,1,0,0,0,1,0,325,0
452.70,1,0,0,0,1,0,325,0
452.70,1,0,0,0,1,0,325,0
452.70,1,0,0,0,1,0,325,0
452.70,1,0,0,0,1,0,325,0
452.70,1,0,0,0,1,0,325,0
452.70,1,0,0,0,1,0,325,0
452.70,1,0,0,0,1,0,325,0
452.70,1,0,0,0,1,0,325,0
452.70,1,0,0,0,1,0,325,0
452.70,1,0,0,0,1,0,325,0
452.70,1,0,0,0,1,0,325,0
452.70,1,0,0,0,1,0,325,0
452.70,1,0,0,0,1,0,325,0
452.70,1,0,0,0,1,0,325,0
452.70,1,0,0,0,1,0,325,0
452.70,1,0,0,0,1,0,325,0
452.70,1,0,0,0,1,0,325,0
452.70,1,0,0,0,1,0,325,0
452.70,1,0,0,0,1,0,325,0
452.70,1,0,0,0,1,0,325,0
452.70,1,0,0,0,1,0,325,0
452.70,1,0,0,0,1,0,325,0
452.70,1,0,0,0,1,0,325,0
453.23,40,2,0,0,1,0,-373,0
453.23,40,3,0,0,1,0,-373,0
453.23,40,3,0,0,1,0,-373,0
453.23,40,3,0,0,1,0,-373,0
453.23,40,3,0,0,1,0,-373,0
453.23,40,1,0,0,1,0,-373,0
455.80,40,1,0,0,1,0,700,0
455.80,40,5,0,0,1,0,700,0
455.80,40,5,0,0,1,0,700,0
455.80,40,5,0,0,1,0,700,0
455.80,40,5,0,0,1,0,700,0
455.80,40,3,0,0,1,0,700,0
461.70,42,1,0,0,1,0,550,0
461.70,42,4,0,0,1,0,550,0
461.70,42,4,0,0,1,0,550,0
461.70,42,2,0,0,1,0,550,0
468.80,42,0,0,0,1,0,-638,0
468.80,42,1,0,0,1,0,-638,0
468.80,42,1,0,0,1,0,-638,0
468.80,42,1,0,0,1,0,-638,0
468.80,42,1,0,0,1,0,-638,0
468.80,42,1,0,0,1,0,-638,0
468.80,42,1,0,0,1,0,-638,0
468.80,42,1,0,0,1,0,-638,0
468.80,42,0,0,0,1,0,-638,0
469.89,42,0,0,0,1,0,-638,0
469.89,42,1,0,0,1,0,-638,0
469.89,42,1,0,0,1,0,-638,0
469.89,42,1,0,0,1,0,-638,0
469.89,42,1,0,0,1,0,-638,0
469.89,42,1,0,0,1,0,-638,0
469.89,42,1,0,0,1,0,-638,0
469.89,42,1,0,0,1,0,-638,0
469.89,42,0,0,0,1,0,-638,0
482.50,41,10,0,0,1,0,550,0
482.50,41,18,0,0,1,0,550,0
408.01,23,0,0,0,0,1,380,0
407.81,23,0,0,0,0,1,380,0
408.82,23,0,0,0,0,1,380,0
409.06,23,0,0,0,0,1,380,0
409.65,23,0,0,0,0,1,380,0
409.84,23,0,0,0,0,1,380,0
427.73,27,0,0,0,0,1,613,0
428.35,27,0,0,0,0,1,613,0
428.60,27,0,0,0,0,1,613,0
428.11,27,0,0,0,0,1,613,0
427.81,27,0,0,0,0,1,613,0
427.53,43,0,0,0,0,1,600,0
427.73,43,0,0,0,0,1,600,0
428.35,43,0,0,0,0,1,600,0
428.60,43,0,0,0,0,1,600,0
428.11,43,0,0,0,0,1,600,0
427.81,43,0,0,0,0,1,600,0
434.36,12,0,0,0,0,1,467,0
434.60,12,0,0,0,0,1,467,0
435.19,12,0,0,0,0,1,467,0
435.39,12,0,0,0,0,1,467,0
436.02,12,0,0,0,0,1,467,0
438.57,27,0,0,0,0,1,700,0
438.81,27,0,0,0,0,1,700,0
438.33,27,0,0,0,0,1,700,0
438.03,27,0,0,0,0,1,700,0
438.12,27,0,0,0,0,1,700,0
437.88,27,0,0,0,0,1,700,0
441.94,12,0,0,0,0,1,250,0
441.25,12,0,0,0,0,1,250,0
441.22,12,0,0,0,0,1,250,0
441.02,12,0,0,0,0,1,250,0
442.02,12,0,0,0,0,1,250,0
443.68,27,0,0,0,0,1,700,0
443.92,27,0,0,0,0,1,700,0
443.44,27,0,0,0,0,1,700,0
443.14,27,0,0,0,0,1,700,0
443.23,27,0,0,0,0,1,700,0
442.99,27,0,0,0,0,1,700,0
446.23,27,0,0,0,0,1,700,0
446.48,27,0,0,0,0,1,700,0
445.99,27,0,0,0,0,1,700,0
445.69,27,0,0,0,0,1,700,0
445.79,27,0,0,0,0,1,700,0
455.99,12,0,0,0,0,1,250,0
455.30,12,0,0,0,0,1,250,0
455.27,12,0,0,0,0,1,250,0
455.07,12,0,0,0,0,1,250,0
462.15,24,0,0,0,0,1,-297,0
458.61,24,0,0,0,0,1,-297,0
458.14,24,0,0,0,0,1,-297,0
456.52,24,0,0,0,0,1,-297,0
456.71,24,0,0,0,0,1,-297,0
457.63,24,0,0,0,0,1,-297,0
462.13,24,0,0,0,0,1,-297,0
458.83,24,0,0,0,0,1,-297,0
460.44,24,0,0,0,0,1,-297,0
461.43,26,0,0,0,0,1,138,0
460.74,26,0,0,0,0,1,138,0
466.50,26,0,0,0,0,1,138,0
467.49,26,0,0,0,0,1,138,0
466.79,26,0,0,0,0,1,138,0
469.81,22,0,0,0,0,1,-373,0
466.27,22,0,0,0,0,1,-373,0
465.81,22,0,0,0,0,1,-373,0
464.18,22,0,0,0,0,1,-373,0
464.37,22,0,0,0,0,1,-373,0
465.29,22,0,0,0,0,1,-373,0
472.36,24,0,0,0,0,1,-297,0
468.83,24,0,0,0,0,1,-297,0
468.36,24,0,0,0,0,1,-297,0
466.74,24,0,0,0,0,1,-297,0
466.93,24,0,0,0,0,1,-297,0
467.84,24,0,0,0,0,1,-297,0
472.35,24,0,0,0,0,1,-297,0
469.04,24,0,0,0,0,1,-297,0
470.66,24,0,0,0,0,1,-297,0
470.34,27,0,0,0,0,1,196,0
471.32,27,0,0,0,0,1,196,0
470.63,27,0,0,0,0,1,196,0
470.60,27,0,0,0,0,1,196,0
473.51,24,0,0,0,0,1,591,0
473.71,24,0,0,0,0,1,591,0
474.33,24,0,0,0,0,1,591,0
474.58,24,0,0,0,0,1,591,0
474.09,24,0,0,0,0,1,591,0
474.92,24,0,0,0,0,1,-297,0
471.38,24,0,0,0,0,1,-297,0
470.92,24,0,0,0,0,1,-297,0
469.29,24,0,0,0,0,1,-297,0
469.48,24,0,0,0,0,1,-297,0
470.40,24,0,0,0,0,1,-297,0
474.91,24,0,0,0,0,1,-297,0
471.60,24,0,0,0,0,1,-297,0
473.21,24,0,0,0,0,1,-297,0
480.55,27,0,0,0,0,1,150,0
481.54,27,1,0,0,0,1,150,0
483.86,24,0,0,0,0,1,-297,0
480.32,24,0,0,0,0,1,-297,0
479.86,24,0,0,0,0,1,-297,0
478.23,24,0,0,0,0,1,-297,0
478.42,24,0,0,0,0,1,-297,0
479.34,24,0,0,0,0,1,-297,0
483.85,24,0,0,0,0,1,-297,0
480.54,24,0,0,0,0,1,-297,0
482.15,24,0,0,0,0,1,-297,0
485.01,24,0,0,0,0,1,591,0
485.20,24,0,0,0,0,1,591,0
485.83,24,0,0,0,0,1,591,0
486.07,24,0,0,0,0,1,591,0
485.59,24,0,0,0,0,1,591,0
485.29,24,0,0,0,0,1,591,0
488.97,22,0,0,0,0,1,-373,0
485.43,22,0,0,0,0,1,-373,0
484.97,22,0,0,0,0,1,-373,0
483.34,22,0,0,0,0,1,-373,0
483.53,22,0,0,0,0,1,-373,0
484.45,22,0,0,0,0,1,-373,0
490.48,12,0,0,0,0,1,275,0
489.78,12,0,0,0,0,1,275,0
489.76,12,0,0,0,0,1,275,0
489.56,12,0,0,0,0,1,275,0
490.56,12,0,0,0,0,1,275,0
503.57,12,0,0,0,0,1,550,0
504.16,12,0,0,0,0,1,550,0
504.36,12,0,0,0,0,1,550,0
504.99,12,0,0,0,0,1,550,0
505.23,12,0,0,0,0,1,550,0
504.74,12,0,0,0,0,1,550,0
398.46,23,0,0,0,0,1,380,0
397.76,23,0,0,0,0,1,380,0
398.75,23,0,0,0,0,1,380,0
398.81,23,0,0,0,0,1,380,0
399.61,23,0,0,0,0,1,380,0
399.73,23,0,0,0,0,1,380,0
417.55,43,0,0,0,0,1,350,0
418.55,43,0,0,0,0,1,350,0
418.61,43,0,0,0,0,1,350,0
419.59,43,0,0,0,0,1,350,0
418.89,43,0,0,0,0,1,350,0
419.89,43,0,0,0,0,1,350,0
419.95,43,0,0,0,0,1,350,0
419.89,43,0,0,0,0,1,600,0
419.95,43,0,0,0,0,1,600,0
420.74,43,0,0,0,0,1,600,0
420.87,43,0,0,0,0,1,600,0
421.40,43,0,0,0,0,1,600,0
421.53,43,0,0,0,0,1,600,0
421.03,43,0,0,0,0,1,600,0
420.85,43,0,0,0,0,1,600,0
420.73,43,0,0,0,0,1,600,0
420.82,43,0,0,0,0,1,600,0
421.53,27,0,0,0,0,1,700,0
421.03,27,0,0,0,0,1,700,0
420.85,27,0,0,0,0,1,700,0
420.73,27,0,0,0,0,1,700,0
420.82,27,0,0,0,0,1,700,0
421.63,26,0,0,0,0,1,138,0
421.79,26,0,0,0,0,1,138,0
427.88,26,0,0,0,0,1,138,0
429.12,26,0,0,0,0,1,138,0
428.39,26,0,0,0,0,1,138,0
434.55,27,0,0,0,0,1,700,0
434.71,27,0,0,0,0,1,700,0
434.21,27,0,0,0,0,1,700,0
433.98,27,0,0,0,0,1,700,0
433.95,27,0,0,0,0,1,700,0
422.10,12,0,0,0,0,1,83,0
422.26,12,0,0,0,0,1,83,0
428.34,12,0,0,0,0,1,83,0
429.59,12,0,0,0,0,1,83,0
434.22,23,0,0,0,0,1,380,0
433.52,23,0,0,0,0,1,380,0
434.51,23,0,0,0,0,1,380,0
434.57,23,0,0,0,0,1,380,0
435.37,23,0,0,0,0,1,380,0
437.14,24,0,0,0,0,1,700,0
436.95,24,0,0,0,0,1,700,0
436.83,24,0,0,0,0,1,700,0
436.39,12,0,0,0,0,1,738,0
436.52,12,0,0,0,0,1,738,0
437.13,12,0,0,0,0,1,738,0
437.26,12,0,0,0,0,1,738,0
437.80,12,0,0,0,0,1,738,0
437.97,12,0,0,0,0,1,738,0
437.47,12,0,0,0,0,1,738,0
437.24,12,0,0,0,0,1,738,0
437.21,12,0,0,0,0,1,738,0
437.13,12,0,0,0,0,1,738,0
437.13,12,0,0,0,0,1,738,0
437.13,12,0,0,0,0,1,738,0
437.13,12,0,0,0,0,1,738,0
437.13,12,0,0,0,0,1,738,0
439.51,23,0,0,0,0,1,600,0
440.05,23,0,0,0,0,1,600,0
440.18,23,0,0,0,0,1,600,0
439.68,23,0,0,0,0,1,600,0
442.49,12,0,0,0,0,1,392,0
442.61,12,1,0,0,0,1,392,0
443.23,12,0,0,0,0,1,392,0
436.90,26,0,0,0,0,1,138,0
437.58,26,0,0,0,0,1,138,0
443.62,26,0,0,0,0,1,138,0
444.97,26,0,0,0,0,1,138,0
444.27,26,0,0,0,0,1,138,0
445.38,43,0,0,0,0,1,600,0
445.44,43,0,0,0,0,1,600,0
446.24,43,0,0,0,0,1,600,0
446.36,43,0,0,0,0,1,600,0
446.90,43,0,0,0,0,1,600,0
447.03,43,0,0,0,0,1,600,0
446.53,43,0,0,0,0,1,600,0
446.34,43,0,0,0,0,1,600,0
446.22,43,0,0,0,0,1,600,0
446.31,43,0,0,0,0,1,600,0
448.37,24,0,0,0,0,1,700,0
447.87,24,0,0,0,0,1,700,0
447.69,24,0,0,0,0,1,700,0
448.07,24,0,0,0,0,1,450,0
448.13,24,0,0,0,0,1,450,0
448.92,24,0,0,0,0,1,450,0
449.05,24,0,0,0,0,1,450,0
449.58,24,0,0,0,0,1,450,0
446.33,26,0,0,0,0,1,138,0
446.49,26,0,0,0,0,1,138,0
452.57,26,0,0,0,0,1,138,0
453.81,26,0,0,0,0,1,138,0
453.08,26,0,0,0,0,1,138,0
447.40,23,0,0,0,0,1,200,0
442.27,23,0,0,0,0,1,200,0
442.95,23,0,0,0,0,1,200,0
448.99,23,0,0,0,0,1,200,0
450.34,23,0,0,0,0,1,200,0
449.64,23,0,0,0,0,1,200,0
449.11,23,0,0,0,0,1,200,0
448.41,23,0,0,0,0,1,200,0
449.41,23,0,0,0,0,1,200,0
449.47,23,0,0,0,0,1,200,0
451.67,24,0,0,0,0,1,700,0
451.48,24,0,0,0,0,1,700,0
451.36,24,0,0,0,0,1,700,0
450.75,43,0,0,0,0,1,600,0
450.81,43,0,0,0,0,1,600,0
451.61,43,0,0,0,0,1,600,0
451.73,43,0,0,0,0,1,600,0
452.26,43,0,0,0,0,1,600,0
452.39,43,0,0,0,0,1,600,0
451.90,43,0,0,0,0,1,600,0
451.71,43,0,0,0,0,1,600,0
451.59,43,0,0,0,0,1,600,0
451.68,43,0,0,0,0,1,600,0
450.45,24,0,0,0,0,1,374,0
449.76,24,0,0,0,0,1,374,0
450.75,24,0,0,0,0,1,374,0
450.81,24,0,0,0,0,1,374,0
451.61,24,0,0,0,0,1,374,0
451.73,24,0,0,0,0,1,374,0
452.26,27,0,0,0,0,1,700,0
452.39,27,0,0,0,0,1,700,0
451.90,27,0,0,0,0,1,700,0
451.71,27,0,0,0,0,1,700,0
451.59,27,0,0,0,0,1,700,0
451.68,27,0,0,0,0,1,700,0
451.29,12,0,0,0,0,1,334,0
450.81,12,0,0,0,0,1,334,0
451.74,12,0,0,0,0,1,334,0
451.86,12,0,0,0,0,1,334,0
451.13,23,0,0,0,0,1,380,0
450.43,23,0,0,0,0,1,380,0
451.42,23,0,0,0,0,1,380,0
451.48,23,0,0,0,0,1,380,0
452.28,23,0,0,0,0,1,380,0
451.80,43,0,0,0,0,1,350,0
451.10,43,0,0,0,0,1,350,0
452.09,43,0,0,0,0,1,350,0
452.15,43,0,0,0,0,1,350,0
453.61,27,0,0,0,0,1,700,0
453.74,27,0,0,0,0,1,700,0
453.24,27,0,0,0,0,1,700,0
453.05,27,0,0,0,0,1,700,0
452.93,27,0,0,0,0,1,700,0
453.02,27,0,0,0,0,1,700,0
448.28,23,0,0,0,0,1,-360,0
447.79,23,1,0,0,0,1,-360,0
446.67,23,0,0,0,0,1,-360,0
445.87,23,0,0,0,0,1,600,0
446.41,23,0,0,0,0,1,600,0
446.58,23,0,0,0,0,1,600,0
446.08,23,0,0,0,0,1,600,0
453.93,12,0,0,0,0,1,338,0
453.41,12,0,0,0,0,1,338,0
452.71,12,0,0,0,0,1,338,0
453.70,12,0,0,0,0,1,338,0
453.76,12,0,0,0,0,1,338,0
454.56,12,0,0,0,0,1,338,0
455.63,12,0,0,0,0,1,584,0
455.76,12,0,0,0,0,1,584,0
456.29,12,0,0,0,0,1,584,0
456.42,12,0,0,0,0,1,584,0
455.92,12,0,0,0,0,1,584,0
455.74,12,0,0,0,0,1,584,0
455.15,23,0,0,0,0,1,380,0
454.45,23,0,0,0,0,1,380,0
455.45,23,0,0,0,0,1,380,0
455.51,23,0,0,0,0,1,380,0
456.30,23,0,0,0,0,1,380,0
456.43,23,0,0,0,0,1,380,0
457.46,43,0,0,0,0,1,600,0
457.52,43,0,0,0,0,1,600,0
458.32,43,0,0,0,0,1,600,0
458.44,43,0,0,0,0,1,600,0
458.97,43,0,0,0,0,1,600,0
459.10,43,0,0,0,0,1,600,0
458.61,43,0,0,0,0,1,600,0
458.42,43,0,0,0,0,1,600,0
458.30,43,0,0,0,0,1,600,0
458.39,43,0,0,0,0,1,600,0
462.99,24,0,0,0,0,1,-297,0
460.05,24,0,0,0,0,1,-297,0
459.56,24,0,0,0,0,1,-297,0
458.44,24,0,0,0,0,1,-297,0
458.62,24,0,0,0,0,1,-297,0
458.91,24,0,0,0,0,1,-297,0
461.56,24,0,0,0,0,1,-297,0
458.33,24,0,0,0,0,1,-297,0
459.87,24,0,0,0,0,1,-297,0
460.48,12,0,0,0,0,1,338,0
460.00,12,0,0,0,0,1,338,0
460.92,12,0,0,0,0,1,338,0
461.04,12,0,0,0,0,1,338,0
459.15,12,0,0,0,0,1,350,0
460.14,12,0,0,0,0,1,350,0
460.20,12,0,0,0,0,1,350,0
460.49,43,0,0,0,0,1,350,0
461.49,43,0,0,0,0,1,350,0
461.55,43,0,0,0,0,1,350,0
463.76,24,0,0,0,0,1,-297,0
461.41,24,0,0,0,0,1,-297,0
460.89,24,0,0,0,0,1,-297,0
460.05,24,0,0,0,0,1,-297,0
460.19,24,0,0,0,0,1,-297,0
460.10,24,0,0,0,0,1,-297,0
461.48,24,0,0,0,0,1,-297,0
458.26,24,0,0,0,0,1,-297,0
459.65,24,0,0,0,0,1,-297,0
463.81,24,0,0,0,0,1,591,0
464.34,24,0,0,0,0,1,591,0
464.47,24,0,0,0,0,1,591,0
463.98,24,0,0,0,0,1,591,0
463.79,24,0,0,0,0,1,591,0
460.40,27,0,0,0,0,1,450,0
460.52,27,0,0,0,0,1,450,0
461.14,27,0,0,0,0,1,450,0
461.27,27,0,0,0,0,1,450,0
465.32,24,0,0,0,0,1,700,0
465.13,24,0,0,0,0,1,700,0
465.01,24,0,0,0,0,1,700,0
467.20,12,0,0,0,0,1,428,0
468.20,12,0,0,0,0,1,428,0
468.26,12,0,0,0,0,1,428,0
469.05,12,0,0,0,0,1,428,0
469.17,12,0,0,0,0,1,428,0
470.10,23,0,0,0,0,1,380,0
469.62,23,0,0,0,0,1,380,0
470.55,23,0,0,0,0,1,380,0
470.67,23,0,0,0,0,1,380,0
471.29,23,0,0,0,0,1,380,0
469.04,12,0,0,0,0,1,338,0
468.73,12,0,0,0,0,1,338,0
468.24,12,0,0,0,0,1,338,0
469.17,12,0,0,0,0,1,338,0
469.29,12,0,0,0,0,1,338,0
469.91,12,0,0,0,0,1,338,0
471.05,27,0,0,0,0,1,700,0
471.18,27,0,0,0,0,1,700,0
470.68,27,0,0,0,0,1,700,0
470.50,27,0,0,0,0,1,700,0
470.38,27,0,0,0,0,1,700,0
470.47,27,0,0,0,0,1,700,0
471.73,24,0,0,0,0,1,700,0
471.50,24,0,0,0,0,1,700,0
471.47,24,0,0,0,0,1,700,0
471.52,12,0,0,0,0,1,338,0
470.82,12,0,0,0,0,1,338,0
471.82,12,0,0,0,0,1,338,0
471.88,12,0,0,0,0,1,338,0
473.56,43,0,0,0,0,1,600,0
473.62,43,0,0,0,0,1,600,0
474.42,43,0,0,0,0,1,600,0
474.54,43,0,0,0,0,1,600,0
475.08,43,0,0,0,0,1,600,0
475.21,43,0,0,0,0,1,600,0
474.71,43,0,0,0,0,1,600,0
474.52,43,0,0,0,0,1,600,0
474.40,43,0,0,0,0,1,600,0
474.49,43,0,0,0,0,1,600,0
474.49,27,0,0,0,0,1,-548,0
474.49,27,0,0,0,0,1,-548,0
474.49,27,0,0,0,0,1,-548,0
474.49,27,0,0,0,0,1,-548,0
477.10,12,0,0,0,0,1,584,0
477.23,12,0,0,0,0,1,584,0
477.76,12,0,0,0,0,1,584,0
477.89,12,0,0,0,0,1,584,0
477.39,12,0,0,0,0,1,584,0
477.21,12,0,0,0,0,1,584,0
477.59,43,0,0,0,0,1,600,0
477.65,43,0,0,0,0,1,600,0
478.45,43,0,0,0,0,1,600,0
478.57,43,0,0,0,0,1,600,0
479.10,43,0,0,0,0,1,600,0
479.23,43,0,0,0,0,1,600,0
478.74,43,0,0,0,0,1,600,0
478.55,43,0,0,0,0,1,600,0
478.43,43,0,0,0,0,1,600,0
478.52,43,0,0,0,0,1,600,0
476.45,12,0,0,0,0,1,338,0
475.97,12,0,0,0,0,1,338,0
476.89,12,0,0,0,0,1,338,0
477.01,12,0,0,0,0,1,338,0
477.94,23,0,0,0,0,1,380,0
478.93,23,0,0,0,0,1,380,0
478.99,23,0,0,0,0,1,380,0
479.79,23,0,0,0,0,1,380,0
479.91,23,0,0,0,0,1,380,0
474.19,12,0,0,0,0,1,275,0
473.46,12,0,0,0,0,1,275,0
473.14,12,0,0,0,0,1,275,0
472.66,12,0,0,0,0,1,275,0
482.59,23,0,0,0,0,1,600,0
483.13,23,0,0,0,0,1,600,0
483.26,23,0,0,0,0,1,600,0
482.76,23,0,0,0,0,1,600,0
484.47,27,0,0,0,0,1,700,0
484.60,27,0,0,0,0,1,700,0
484.10,27,0,0,0,0,1,700,0
483.92,27,0,0,0,0,1,700,0
483.79,27,0,0,0,0,1,700,0
488.62,27,0,0,0,0,1,700,0
488.13,27,0,0,0,0,1,700,0
487.94,27,0,0,0,0,1,700,0
487.82,27,0,0,0,0,1,700,0
487.91,27,0,0,0,0,1,700,0
491.18,12,0,0,0,0,1,538,0
491.72,12,1,0,0,0,1,538,0
499.12,12,0,0,0,0,1,550,0
499.92,12,0,0,0,0,1,550,0
500.04,12,0,0,0,0,1,550,0
500.57,12,0,0,0,0,1,550,0
500.70,12,0,0,0,0,1,550,0
500.21,12,0,0,0,0,1,550,0
404.63,23,0,0,0,0,1,-284,0
404.52,23,0,0,0,0,1,-284,0
404.46,23,0,0,0,0,1,-284,0
402.73,24,0,0,0,0,1,653,0
402.08,24,1,0,0,0,1,653,0
405.30,43,0,0,0,0,1,600,0
405.39,43,0,0,0,0,1,600,0
406.22,43,0,0,0,0,1,600,0
406.09,43,0,0,0,0,1,600,0
406.03,43,0,0,0,0,1,600,0
406.14,43,0,0,0,0,1,600,0
405.50,43,0,0,0,0,1,600,0
405.36,43,0,0,0,0,1,600,0
405.35,43,0,0,0,0,1,600,0
405.51,43,0,0,0,0,1,600,0
406.22,43,0,0,0,0,1,350,0
406.23,43,1,0,0,0,1,350,0
406.86,43,0,0,0,0,1,350,0
418.55,27,0,0,0,0,1,700,0
418.66,27,0,0,0,0,1,700,0
418.02,27,0,0,0,0,1,700,0
417.88,27,0,0,0,0,1,700,0
417.87,27,0,0,0,0,1,700,0
419.46,12,0,0,0,0,1,428,0
420.07,12,0,0,0,0,1,428,0
420.15,12,0,0,0,0,1,428,0
420.63,12,0,0,0,0,1,428,0
420.53,12,0,0,0,0,1,428,0
415.50,12,0,0,0,0,1,275,0
416.89,12,0,0,0,0,1,275,0
417.89,12,0,0,0,0,1,275,0
418.22,12,0,0,0,0,1,275,0
418.96,12,0,0,0,0,1,275,0
419.88,23,0,0,0,0,1,380,0
420.21,23,0,0,0,0,1,380,0
420.95,23,0,0,0,0,1,380,0
421.04,23,0,0,0,0,1,380,0
421.87,23,0,0,0,0,1,380,0
421.74,23,0,0,0,0,1,380,0
420.16,23,0,0,0,0,1,380,0
420.49,23,0,0,0,0,1,380,0
421.24,23,0,0,0,0,1,380,0
421.32,23,0,0,0,0,1,380,0
422.15,23,0,0,0,0,1,380,0
422.02,23,0,0,0,0,1,380,0
417.23,43,0,0,0,0,1,350,0
417.24,43,0,0,0,0,1,350,0
417.87,43,0,0,0,0,1,350,0
424.86,24,0,0,0,0,1,-356,0
428.22,24,0,0,0,0,1,-356,0
427.51,24,0,0,0,0,1,-356,0
425.68,24,0,0,0,0,1,-356,0
425.36,24,0,0,0,0,1,-356,0
425.49,24,0,0,0,0,1,-356,0
425.19,12,0,0,0,0,1,525,0
426.02,12,0,0,0,0,1,525,0
425.89,12,0,0,0,0,1,525,0
425.83,12,0,0,0,0,1,525,0
425.94,12,0,0,0,0,1,525,0
426.93,43,0,0,0,0,1,600,0
427.01,43,0,0,0,0,1,600,0
427.84,43,0,0,0,0,1,600,0
427.71,43,0,0,0,0,1,600,0
427.65,43,0,0,0,0,1,600,0
427.77,43,0,0,0,0,1,600,0
427.12,43,0,0,0,0,1,600,0
426.99,43,0,0,0,0,1,600,0
426.98,43,0,0,0,0,1,600,0
427.14,43,0,0,0,0,1,600,0
428.08,43,1,0,0,0,1,345,0
428.70,43,0,0,0,0,1,345,0
423.88,12,0,0,0,0,1,83,0
423.01,12,0,0,0,0,1,83,0
424.58,12,0,0,0,0,1,83,0
424.60,12,0,0,0,0,1,83,0
428.98,24,0,0,0,0,1,591,0
428.85,24,0,0,0,0,1,591,0
428.79,24,0,0,0,0,1,591,0
428.90,24,0,0,0,0,1,591,0
428.26,24,0,0,0,0,1,591,0
428.13,24,0,0,0,0,1,591,0
431.97,12,0,0,0,0,1,350,0
432.58,12,0,0,0,0,1,350,0
432.65,12,0,0,0,0,1,350,0
429.21,24,0,0,0,0,1,500,0
429.29,24,0,0,0,0,1,500,0
430.12,24,0,0,0,0,1,500,0
429.99,24,0,0,0,0,1,500,0
429.93,24,0,0,0,0,1,500,0
430.04,24,0,0,0,0,1,500,0
432.47,12,0,0,0,0,1,334,0
432.57,12,0,0,0,0,1,334,0
433.18,12,0,0,0,0,1,334,0
433.26,12,0,0,0,0,1,334,0
428.70,43,0,0,0,0,1,350,0
429.03,43,0,0,0,0,1,350,0
429.77,43,0,0,0,0,1,350,0
429.86,43,0,0,0,0,1,350,0
426.59,27,0,0,0,0,1,-373,0
427.30,27,0,0,0,0,1,-373,0
426.70,27,0,0,0,0,1,-373,0
425.21,27,0,0,0,0,1,-373,0
425.13,27,0,0,0,0,1,-373,0
431.18,27,0,0,0,0,1,700,0
430.54,27,0,0,0,0,1,700,0
430.40,27,0,0,0,0,1,700,0
430.39,27,0,0,0,0,1,700,0
430.55,27,0,0,0,0,1,700,0
427.53,12,0,0,0,0,1,350,0
427.54,12,0,0,0,0,1,350,0
428.17,12,0,0,0,0,1,350,0
428.22,12,0,0,0,0,1,350,0
429.09,12,0,0,0,0,1,83,0
428.86,12,0,0,0,0,1,83,0
432.37,12,0,0,0,0,1,83,0
428.60,12,0,0,0,0,1,57,0
428.12,12,1,0,0,0,1,57,0
434.90,12,0,0,0,0,1,392,0
434.98,12,1,0,0,0,1,392,0
435.81,12,0,0,0,0,1,392,0
434.15,43,1,0,0,0,1,345,0
434.90,43,0,0,0,0,1,345,0
433.82,12,0,0,0,0,1,350,0
434.15,12,0,0,0,0,1,350,0
434.90,12,0,0,0,0,1,350,0
434.98,12,0,0,0,0,1,350,0
435.68,23,0,0,0,0,1,600,0
435.62,23,0,0,0,0,1,600,0
435.73,23,0,0,0,0,1,600,0
435.09,23,0,0,0,0,1,600,0
430.54,12,0,0,0,0,1,350,0
431.17,12,0,0,0,0,1,350,0
431.22,12,0,0,0,0,1,350,0
431.68,24,0,0,0,0,1,450,0
432.28,24,0,0,0,0,1,450,0
432.36,24,0,0,0,0,1,450,0
432.85,24,0,0,0,0,1,450,0
432.75,24,0,0,0,0,1,450,0
432.84,24,0,0,0,0,1,450,0
437.17,43,0,0,0,0,1,600,0
437.26,43,0,0,0,0,1,600,0
438.09,43,0,0,0,0,1,600,0
437.95,43,0,0,0,0,1,600,0
437.90,43,0,0,0,0,1,600,0
438.01,43,0,0,0,0,1,600,0
437.37,43,0,0,0,0,1,600,0
437.23,43,0,0,0,0,1,600,0
437.22,43,0,0,0,0,1,600,0
437.38,43,0,0,0,0,1,600,0
437.57,43,0,0,0,0,1,350,0
438.31,43,0,0,0,0,1,350,0
438.39,43,0,0,0,0,1,350,0
432.90,12,0,0,0,0,1,350,0
433.51,12,0,0,0,0,1,350,0
433.59,12,0,0,0,0,1,350,0
439.45,24,0,0,0,0,1,450,0
439.53,24,0,0,0,0,1,450,0
440.36,24,0,0,0,0,1,450,0
440.23,24,0,0,0,0,1,450,0
440.17,24,0,0,0,0,1,450,0
435.16,23,0,0,0,0,1,600,0
435.24,23,0,0,0,0,1,600,0
435.35,23,0,0,0,0,1,600,0
434.74,23,0,0,0,0,1,600,0
440.80,24,0,0,0,0,1,-356,0
444.15,24,0,0,0,0,1,-356,0
443.44,24,0,0,0,0,1,-356,0
441.62,24,0,0,0,0,1,-356,0
441.30,24,0,0,0,0,1,-356,0
441.43,24,0,0,0,0,1,-356,0
440.59,43,0,0,0,0,1,600,0
440.67,43,0,0,0,0,1,600,0
441.50,43,0,0,0,0,1,600,0
441.37,43,0,0,0,0,1,600,0
441.31,43,0,0,0,0,1,600,0
441.42,43,0,0,0,0,1,600,0
440.78,43,0,0,0,0,1,600,0
440.65,43,0,0,0,0,1,600,0
440.64,43,0,0,0,0,1,600,0
440.80,43,0,0,0,0,1,600,0
444.18,12,0,0,0,0,1,350,0
444.19,12,0,0,0,0,1,350,0
444.82,12,0,0,0,0,1,350,0
444.87,12,0,0,0,0,1,350,0
440.98,12,0,0,0,0,1,392,0
441.73,12,0,0,0,0,1,392,0
441.81,12,0,0,0,0,1,392,0
442.64,12,0,0,0,0,1,392,0
441.17,12,0,0,0,0,1,363,0
441.43,12,0,0,0,0,1,363,0
442.03,12,0,0,0,0,1,363,0
442.15,12,0,0,0,0,1,363,0
431.43,27,0,0,0,0,1,450,0
431.51,27,0,0,0,0,1,450,0
432.00,27,0,0,0,0,1,450,0
431.89,27,0,0,0,0,1,450,0
436.70,24,0,0,0,0,1,500,0
436.74,24,0,0,0,0,1,500,0
437.32,24,0,0,0,0,1,500,0
437.20,24,0,0,0,0,1,500,0
437.27,24,0,0,0,0,1,500,0
437.36,24,0,0,0,0,1,500,0
431.27,12,0,0,0,0,1,350,0
431.28,12,0,0,0,0,1,350,0
431.91,12,0,0,0,0,1,350,0
431.95,12,0,0,0,0,1,350,0
444.52,12,0,0,0,0,1,738,0
444.64,12,0,0,0,0,1,738,0
445.11,12,0,0,0,0,1,738,0
445.01,12,0,0,0,0,1,738,0
445.09,12,0,0,0,0,1,738,0
445.22,12,0,0,0,0,1,738,0
444.61,12,0,0,0,0,1,738,0
444.42,12,0,0,0,0,1,738,0
444.47,12,0,0,0,0,1,738,0
444.39,12,0,0,0,0,1,738,0
444.39,12,0,0,0,0,1,738,0
444.39,12,0,0,0,0,1,738,0
444.39,12,0,0,0,0,1,738,0
444.39,12,0,0,0,0,1,738,0
443.26,24,0,0,0,0,1,450,0
444.00,24,0,0,0,0,1,450,0
444.09,24,0,0,0,0,1,450,0
444.92,24,0,0,0,0,1,450,0
444.78,24,0,0,0,0,1,450,0
444.73,24,0,0,0,0,1,450,0
444.73,27,0,0,0,0,1,700,0
444.84,27,0,0,0,0,1,700,0
444.20,27,0,0,0,0,1,700,0
444.06,27,0,0,0,0,1,700,0
444.05,27,0,0,0,0,1,700,0
444.24,12,0,0,0,0,1,338,0
444.50,12,0,0,0,0,1,338,0
445.11,12,0,0,0,0,1,338,0
445.23,12,0,0,0,0,1,338,0
444.06,23,0,0,0,0,1,600,0
443.94,23,0,0,0,0,1,600,0
444.01,23,0,0,0,0,1,600,0
444.10,23,0,0,0,0,1,600,0
443.49,23,0,0,0,0,1,600,0
443.34,23,0,0,0,0,1,600,0
447.69,12,0,0,0,0,1,350,0
448.29,12,0,0,0,0,1,350,0
448.37,12,0,0,0,0,1,350,0
439.27,12,0,0,0,0,1,83,0
438.43,12,0,0,0,0,1,83,0
441.72,12,0,0,0,0,1,83,0
443.07,27,0,0,0,0,1,700,0
443.16,27,0,0,0,0,1,700,0
442.55,27,0,0,0,0,1,700,0
442.40,27,0,0,0,0,1,700,0
442.36,27,0,0,0,0,1,700,0
442.42,27,0,0,0,0,1,700,0
450.05,12,0,0,0,0,1,350,0
450.15,12,0,0,0,0,1,350,0
450.76,12,0,0,0,0,1,350,0
450.84,12,0,0,0,0,1,350,0
445.20,12,0,0,0,0,1,334,0
445.53,12,0,0,0,0,1,334,0
446.28,12,0,0,0,0,1,334,0
446.36,12,0,0,0,0,1,334,0
446.28,43,0,0,0,0,1,600,0
446.36,43,0,0,0,0,1,600,0
447.19,43,0,0,0,0,1,600,0
447.06,43,0,0,0,0,1,600,0
447.00,43,0,0,0,0,1,600,0
447.11,43,0,0,0,0,1,600,0
446.47,43,0,0,0,0,1,600,0
446.34,43,0,0,0,0,1,600,0
446.33,43,0,0,0,0,1,600,0
446.49,43,0,0,0,0,1,600,0
443.25,43,0,0,0,0,1,600,0
443.29,43,0,0,0,0,1,600,0
443.87,43,0,0,0,0,1,600,0
443.75,43,0,0,0,0,1,600,0
443.82,43,0,0,0,0,1,600,0
443.91,43,0,0,0,0,1,600,0
443.30,43,0,0,0,0,1,600,0
443.15,43,0,0,0,0,1,600,0
443.11,43,0,0,0,0,1,600,0
443.17,43,0,0,0,0,1,600,0
448.44,12,0,0,0,0,1,-9,0
450.56,12,0,0,0,0,1,-9,0
446.54,12,0,0,0,0,1,-9,0
446.30,12,0,0,0,0,1,-9,0
448.66,12,0,0,0,0,1,44,0
448.19,12,1,0,0,0,1,44,0
446.84,12,0,0,0,0,1,338,0
447.39,12,0,0,0,0,1,338,0
447.50,12,0,0,0,0,1,338,0
448.10,12,0,0,0,0,1,338,0
448.18,12,0,0,0,0,1,338,0
447.63,24,0,0,0,0,1,-232,0
450.98,24,0,0,0,0,1,-232,0
450.27,24,0,0,0,0,1,-232,0
448.44,24,0,0,0,0,1,-232,0
448.13,24,0,0,0,0,1,-232,0
448.25,24,0,0,0,0,1,-232,0
447.41,24,0,0,0,0,1,-232,0
443.18,24,0,0,0,0,1,-232,0
444.29,24,0,0,0,0,1,-232,0
446.59,24,0,0,0,0,1,-232,0
443.22,24,0,0,0,0,1,-232,0
448.14,12,0,0,0,0,1,650,0
448.25,12,0,0,0,0,1,650,0
447.61,12,0,0,0,0,1,650,0
447.47,12,0,0,0,0,1,650,0
449.94,27,0,0,0,0,1,550,0
449.83,27,0,0,0,0,1,550,0
449.89,27,0,0,0,0,1,550,0
456.76,12,0,0,0,0,1,350,0
457.02,12,0,0,0,0,1,350,0
457.63,12,0,0,0,0,1,350,0
457.75,12,0,0,0,0,1,350,0
449.28,27,0,0,0,0,1,700,0
449.39,27,0,0,0,0,1,700,0
448.75,27,0,0,0,0,1,700,0
448.61,27,0,0,0,0,1,700,0
448.60,27,0,0,0,0,1,700,0
448.55,12,0,0,0,0,1,738,0
448.64,12,0,0,0,0,1,738,0
449.47,12,0,0,0,0,1,738,0
449.34,12,0,0,0,0,1,738,0
449.28,12,0,0,0,0,1,738,0
449.39,12,0,0,0,0,1,738,0
448.75,12,0,0,0,0,1,738,0
448.61,12,0,0,0,0,1,738,0
448.60,12,0,0,0,0,1,738,0
448.76,12,0,0,0,0,1,738,0
448.76,12,0,0,0,0,1,738,0
448.76,12,0,0,0,0,1,738,0
448.76,12,0,0,0,0,1,738,0
448.76,12,0,0,0,0,1,738,0
451.09,12,0,0,0,0,1,350,0
451.69,12,0,0,0,0,1,350,0
451.77,12,0,0,0,0,1,350,0
450.26,12,0,0,0,0,1,738,0
450.35,12,0,0,0,0,1,738,0
451.18,12,0,0,0,0,1,738,0
451.04,12,0,0,0,0,1,738,0
450.99,12,0,0,0,0,1,738,0
451.10,12,0,0,0,0,1,738,0
450.46,12,0,0,0,0,1,738,0
450.32,12,0,0,0,0,1,738,0
450.31,12,0,0,0,0,1,738,0
450.47,12,0,0,0,0,1,738,0
450.47,12,0,0,0,0,1,738,0
450.47,12,0,0,0,0,1,738,0
450.47,12,0,0,0,0,1,738,0
450.47,12,0,0,0,0,1,738,0
451.67,27,0,0,0,0,1,700,0
451.02,27,0,0,0,0,1,700,0
450.89,27,0,0,0,0,1,700,0
450.88,27,0,0,0,0,1,700,0
451.04,27,0,0,0,0,1,700,0
448.03,12,0,0,0,0,1,392,0
448.15,12,1,0,0,0,1,392,0
448.62,12,0,0,0,0,1,392,0
446.84,27,0,0,0,0,1,196,0
447.40,27,0,0,0,0,1,196,0
447.93,27,0,0,0,0,1,196,0
448.48,27,0,0,0,0,1,196,0
446.36,12,0,0,0,0,1,83,0
445.89,12,0,0,0,0,1,83,0
449.52,12,0,0,0,0,1,83,0
457.49,12,0,0,0,0,1,738,0
457.54,12,0,0,0,0,1,738,0
458.11,12,0,0,0,0,1,738,0
458.00,12,0,0,0,0,1,738,0
458.06,12,0,0,0,0,1,738,0
458.15,12,0,0,0,0,1,738,0
457.54,12,0,0,0,0,1,738,0
457.39,12,0,0,0,0,1,738,0
457.35,12,0,0,0,0,1,738,0
457.41,12,0,0,0,0,1,738,0
457.41,12,0,0,0,0,1,738,0
457.41,12,0,0,0,0,1,738,0
457.41,12,0,0,0,0,1,738,0
457.41,12,0,0,0,0,1,738,0
464.86,12,0,0,0,0,1,650,0
464.97,12,0,0,0,0,1,650,0
464.36,12,0,0,0,0,1,650,0
464.19,12,0,0,0,0,1,650,0
451.14,12,0,0,0,0,1,525,0
451.97,12,0,0,0,0,1,525,0
451.84,12,0,0,0,0,1,525,0
451.78,12,0,0,0,0,1,525,0
451.89,12,0,0,0,0,1,525,0
443.96,12,0,0,0,0,1,350,0
444.56,12,0,0,0,0,1,350,0
444.64,12,0,0,0,0,1,350,0
452.27,26,0,0,0,0,1,138,0
455.90,26,0,0,0,0,1,138,0
456.46,26,0,0,0,0,1,138,0
456.99,26,0,0,0,0,1,138,0
457.54,26,0,0,0,0,1,138,0
452.96,12,0,0,0,0,1,338,0
453.44,12,0,0,0,0,1,338,0
453.46,12,0,0,0,0,1,338,0
454.09,12,0,0,0,0,1,338,0
452.54,12,0,0,0,0,1,738,0
452.62,12,0,0,0,0,1,738,0
453.45,12,0,0,0,0,1,738,0
453.32,12,0,0,0,0,1,738,0
453.26,12,0,0,0,0,1,738,0
453.37,12,0,0,0,0,1,738,0
452.73,12,0,0,0,0,1,738,0
452.60,12,0,0,0,0,1,738,0
452.59,12,0,0,0,0,1,738,0
452.75,12,0,0,0,0,1,738,0
452.75,12,0,0,0,0,1,738,0
452.75,12,0,0,0,0,1,738,0
452.75,12,0,0,0,0,1,738,0
452.75,12,0,0,0,0,1,738,0
450.35,12,0,0,0,0,1,350,0
450.45,12,0,0,0,0,1,350,0
451.05,12,0,0,0,0,1,350,0
451.13,12,0,0,0,0,1,350,0
453.11,23,0,0,0,0,1,411,0
453.19,23,1,0,0,0,1,411,0
454.02,23,0,0,0,0,1,411,0
453.00,12,0,0,0,0,1,350,0
453.11,12,0,0,0,0,1,350,0
453.71,12,0,0,0,0,1,350,0
453.79,12,0,0,0,0,1,350,0
446.05,12,0,0,0,0,1,350,0
446.66,12,0,0,0,0,1,350,0
446.74,12,0,0,0,0,1,350,0
454.25,43,0,0,0,0,1,600,0
454.33,43,0,0,0,0,1,600,0
455.16,43,0,0,0,0,1,600,0
455.03,43,0,0,0,0,1,600,0
454.97,43,0,0,0,0,1,600,0
455.08,43,0,0,0,0,1,600,0
454.44,43,0,0,0,0,1,600,0
454.30,43,0,0,0,0,1,600,0
454.29,43,0,0,0,0,1,600,0
454.45,43,0,0,0,0,1,600,0
438.01,12,0,0,0,0,1,83,0
437.54,12,0,0,0,0,1,83,0
441.17,12,0,0,0,0,1,83,0
441.73,12,0,0,0,0,1,83,0
455.84,12,0,0,0,0,1,338,0
456.57,12,0,0,0,0,1,338,0
456.83,12,0,0,0,0,1,338,0
457.44,12,0,0,0,0,1,338,0
457.56,12,0,0,0,0,1,338,0
455.38,12,0,0,0,0,1,738,0
455.47,12,0,0,0,0,1,738,0
456.30,12,0,0,0,0,1,738,0
456.16,12,0,0,0,0,1,738,0
456.11,12,0,0,0,0,1,738,0
456.22,12,0,0,0,0,1,738,0
455.58,12,0,0,0,0,1,738,0
455.44,12,0,0,0,0,1,738,0
455.43,12,0,0,0,0,1,738,0
455.59,12,0,0,0,0,1,738,0
455.59,12,0,0,0,0,1,738,0
455.59,12,0,0,0,0,1,738,0
455.59,12,0,0,0,0,1,738,0
455.59,12,0,0,0,0,1,738,0
456.50,12,0,0,0,0,1,738,0
456.58,12,0,0,0,0,1,738,0
457.07,12,0,0,0,0,1,738,0
456.96,12,0,0,0,0,1,738,0
457.05,12,0,0,0,0,1,738,0
457.16,12,0,0,0,0,1,738,0
456.55,12,0,0,0,0,1,738,0
456.38,12,0,0,0,0,1,738,0
456.39,12,0,0,0,0,1,738,0
456.36,12,0,0,0,0,1,738,0
456.36,12,0,0,0,0,1,738,0
456.36,12,0,0,0,0,1,738,0
456.36,12,0,0,0,0,1,738,0
456.36,12,0,0,0,0,1,738,0
465.03,12,0,0,0,0,1,338,0
465.13,12,0,0,0,0,1,338,0
465.73,12,0,0,0,0,1,338,0
465.81,12,0,0,0,0,1,338,0
466.30,12,0,0,0,0,1,338,0
454.88,12,0,0,0,0,1,350,0
455.21,12,0,0,0,0,1,350,0
455.95,12,0,0,0,0,1,350,0
456.04,12,0,0,0,0,1,350,0
454.45,12,0,0,0,0,1,338,0
455.45,12,0,0,0,0,1,338,0
455.78,12,0,0,0,0,1,338,0
456.52,12,0,0,0,0,1,338,0
457.25,43,0,0,0,0,1,625,0
457.36,43,1,0,0,0,1,625,0
456.72,43,0,0,0,0,1,625,0
453.58,23,0,0,0,0,1,217,0
453.35,23,0,0,0,0,1,217,0
456.86,23,0,0,0,0,1,217,0
457.45,23,0,0,0,0,1,217,0
458.04,23,0,0,0,0,1,217,0
458.53,23,0,0,0,0,1,217,0
458.54,23,0,0,0,0,1,217,0
459.17,23,0,0,0,0,1,217,0
460.04,24,0,0,0,0,1,700,0
459.87,24,0,0,0,0,1,700,0
459.88,24,0,0,0,0,1,700,0
455.56,12,0,0,0,0,1,338,0
455.89,12,0,0,0,0,1,338,0
456.64,12,0,0,0,0,1,338,0
456.72,12,0,0,0,0,1,338,0
457.55,12,0,0,0,0,1,338,0
456.02,12,0,0,0,0,1,363,0
456.35,12,0,0,0,0,1,363,0
457.09,12,0,0,0,0,1,363,0
457.17,12,0,0,0,0,1,363,0
457.23,43,0,0,0,0,1,-88,0
452.99,43,0,0,0,0,1,-88,0
454.10,43,0,0,0,0,1,-88,0
456.40,43,0,0,0,0,1,-88,0
453.04,43,0,0,0,0,1,-88,0
456.58,43,0,0,0,0,1,350,0
456.91,43,0,0,0,0,1,350,0
457.66,43,0,0,0,0,1,350,0
457.74,43,0,0,0,0,1,350,0
457.66,12,0,0,0,0,1,467,0
457.74,12,0,0,0,0,1,467,0
458.57,12,0,0,0,0,1,467,0
458.44,12,0,0,0,0,1,467,0
458.38,12,0,0,0,0,1,467,0
457.66,12,1,0,0,0,1,370,0
457.74,12,0,0,0,0,1,370,0
457.66,43,0,0,0,0,1,600,0
457.74,43,0,0,0,0,1,600,0
458.57,43,0,0,0,0,1,600,0
458.44,43,0,0,0,0,1,600,0
458.38,43,0,0,0,0,1,600,0
458.50,43,0,0,0,0,1,600,0
457.85,43,0,0,0,0,1,600,0
457.72,43,0,0,0,0,1,600,0
457.71,43,0,0,0,0,1,600,0
457.87,43,0,0,0,0,1,600,0
446.52,27,0,0,0,0,1,700,0
446.62,27,0,0,0,0,1,700,0
446.02,27,0,0,0,0,1,700,0
445.84,27,0,0,0,0,1,700,0
445.85,27,0,0,0,0,1,700,0
445.82,27,0,0,0,0,1,700,0
449.57,12,0,0,0,0,1,738,0
449.61,12,0,0,0,0,1,738,0
450.19,12,0,0,0,0,1,738,0
450.07,12,0,0,0,0,1,738,0
450.14,12,0,0,0,0,1,738,0
450.23,12,0,0,0,0,1,738,0
449.62,12,0,0,0,0,1,738,0
449.47,12,0,0,0,0,1,738,0
449.43,12,0,0,0,0,1,738,0
449.49,12,0,0,0,0,1,738,0
449.49,12,0,0,0,0,1,738,0
449.49,12,0,0,0,0,1,738,0
449.49,12,0,0,0,0,1,738,0
449.49,12,0,0,0,0,1,738,0
457.37,43,1,0,0,0,1,345,0
458.00,43,0,0,0,0,1,345,0
449.23,12,0,0,0,0,1,338,0
449.33,12,0,0,0,0,1,338,0
449.94,12,0,0,0,0,1,338,0
450.02,12,0,0,0,0,1,338,0
459.94,12,0,0,0,0,1,738,0
460.02,12,0,0,0,0,1,738,0
460.85,12,0,0,0,0,1,738,0
460.72,12,0,0,0,0,1,738,0
460.66,12,0,0,0,0,1,738,0
460.77,12,0,0,0,0,1,738,0
460.13,12,0,0,0,0,1,738,0
459.99,12,0,0,0,0,1,738,0
459.98,12,0,0,0,0,1,738,0
460.15,12,0,0,0,0,1,738,0
460.15,12,0,0,0,0,1,738,0
460.15,12,0,0,0,0,1,738,0
460.15,12,0,0,0,0,1,738,0
460.15,12,0,0,0,0,1,738,0
462.00,43,0,0,0,0,1,600,0
462.07,43,0,0,0,0,1,600,0
462.56,43,0,0,0,0,1,600,0
462.46,43,0,0,0,0,1,600,0
462.55,43,0,0,0,0,1,600,0
462.66,43,0,0,0,0,1,600,0
462.05,43,0,0,0,0,1,600,0
461.88,43,0,0,0,0,1,600,0
461.88,43,0,0,0,0,1,600,0
461.85,43,0,0,0,0,1,600,0
458.97,12,0,0,0,0,1,317,0
459.31,12,0,0,0,0,1,317,0
460.05,12,0,0,0,0,1,317,0
461.07,23,0,0,0,0,1,575,0
461.16,23,0,0,0,0,1,575,0
461.99,23,0,0,0,0,1,575,0
461.86,23,0,0,0,0,1,575,0
461.80,23,0,0,0,0,1,575,0
461.91,23,0,0,0,0,1,575,0
461.27,23,0,0,0,0,1,575,0
461.13,23,0,0,0,0,1,575,0
461.12,23,0,0,0,0,1,575,0
457.18,23,0,0,0,0,1,600,0
457.26,23,0,0,0,0,1,600,0
457.37,23,0,0,0,0,1,600,0
456.76,23,0,0,0,0,1,600,0
467.76,23,0,0,0,0,1,-503,0
467.76,23,1,0,0,0,1,-503,0
468.46,23,0,0,0,0,1,-503,0
467.74,12,0,0,0,0,1,334,0
467.76,12,0,0,0,0,1,334,0
468.38,12,0,0,0,0,1,334,0
468.43,12,0,0,0,0,1,334,0
463.45,23,0,0,0,0,1,380,0
463.47,23,0,0,0,0,1,380,0
464.10,23,0,0,0,0,1,380,0
464.14,23,0,0,0,0,1,380,0
464.72,23,0,0,0,0,1,380,0
464.60,23,0,0,0,0,1,380,0
461.93,43,0,0,0,0,1,-88,0
457.70,43,0,0,0,0,1,-88,0
458.81,43,0,0,0,0,1,-88,0
461.10,43,0,0,0,0,1,-88,0
457.74,43,0,0,0,0,1,-88,0
462.18,12,0,0,0,0,1,525,0
463.01,12,0,0,0,0,1,525,0
462.88,12,0,0,0,0,1,525,0
462.82,12,0,0,0,0,1,525,0
462.93,12,0,0,0,0,1,525,0
461.14,12,0,0,0,0,1,350,0
461.47,12,0,0,0,0,1,350,0
462.21,12,0,0,0,0,1,350,0
462.30,12,0,0,0,0,1,350,0
467.03,12,0,0,0,0,1,338,0
467.59,12,0,0,0,0,1,338,0
467.69,12,0,0,0,0,1,338,0
468.29,12,0,0,0,0,1,338,0
468.37,12,0,0,0,0,1,338,0
468.86,12,0,0,0,0,1,338,0
463.35,43,0,0,0,0,1,600,0
463.43,43,0,0,0,0,1,600,0
464.26,43,0,0,0,0,1,600,0
464.13,43,0,0,0,0,1,600,0
464.07,43,0,0,0,0,1,600,0
464.19,43,0,0,0,0,1,600,0
463.54,43,0,0,0,0,1,600,0
463.41,43,0,0,0,0,1,600,0
463.40,43,0,0,0,0,1,600,0
463.56,43,0,0,0,0,1,600,0
463.35,27,0,0,0,0,1,484,0
463.43,27,0,0,0,0,1,484,0
464.26,27,0,0,0,0,1,484,0
464.13,27,0,0,0,0,1,484,0
464.07,27,0,0,0,0,1,484,0
464.19,27,0,0,0,0,1,484,0
466.80,12,0,0,0,0,1,350,0
467.05,12,0,0,0,0,1,350,0
467.66,12,0,0,0,0,1,350,0
467.78,12,0,0,0,0,1,350,0
467.03,12,0,0,0,0,1,300,0
467.59,12,0,0,0,0,1,300,0
468.12,12,0,0,0,0,1,300,0
468.68,12,0,0,0,0,1,300,0
468.78,12,0,0,0,0,1,300,0
469.38,12,0,0,0,0,1,300,0
469.46,12,0,0,0,0,1,300,0
469.95,12,0,0,0,0,1,300,0
469.85,12,0,0,0,0,1,300,0
464.49,43,0,0,0,0,1,600,0
464.57,43,0,0,0,0,1,600,0
465.40,43,0,0,0,0,1,600,0
465.27,43,0,0,0,0,1,600,0
465.21,43,0,0,0,0,1,600,0
465.32,43,0,0,0,0,1,600,0
464.68,43,0,0,0,0,1,600,0
464.55,43,0,0,0,0,1,600,0
464.54,43,0,0,0,0,1,600,0
464.70,43,0,0,0,0,1,600,0
459.43,23,0,0,0,0,1,217,0
461.00,23,0,0,0,0,1,217,0
461.02,23,0,0,0,0,1,217,0
462.42,23,0,0,0,0,1,217,0
463.41,23,0,0,0,0,1,217,0
463.74,23,0,0,0,0,1,217,0
464.49,23,0,0,0,0,1,217,0
464.57,23,0,0,0,0,1,217,0
464.57,27,0,0,0,0,1,450,0
465.40,27,0,0,0,0,1,450,0
465.27,27,0,0,0,0,1,450,0
461.98,23,0,0,0,0,1,200,0
457.95,23,0,0,0,0,1,200,0
457.72,23,0,0,0,0,1,200,0
461.22,23,0,0,0,0,1,200,0
461.81,23,0,0,0,0,1,200,0
462.41,23,0,0,0,0,1,200,0
462.89,23,0,0,0,0,1,200,0
462.91,23,0,0,0,0,1,200,0
463.54,23,0,0,0,0,1,200,0
463.58,23,0,0,0,0,1,200,0
473.97,23,0,0,0,0,1,600,0
474.06,23,0,0,0,0,1,600,0
474.17,23,0,0,0,0,1,600,0
473.56,23,0,0,0,0,1,600,0
463.33,12,0,0,0,0,1,338,0
464.32,12,0,0,0,0,1,338,0
464.65,12,0,0,0,0,1,338,0
465.40,12,0,0,0,0,1,338,0
465.48,12,0,0,0,0,1,338,0
466.31,12,0,0,0,0,1,338,0
464.55,12,0,0,0,0,1,350,0
464.88,12,0,0,0,0,1,350,0
465.63,12,0,0,0,0,1,350,0
465.71,12,0,0,0,0,1,350,0
465.63,43,0,0,0,0,1,600,0
465.71,43,0,0,0,0,1,600,0
466.54,43,0,0,0,0,1,600,0
466.41,43,0,0,0,0,1,600,0
466.35,43,0,0,0,0,1,600,0
466.46,43,0,0,0,0,1,600,0
465.82,43,0,0,0,0,1,600,0
465.69,43,0,0,0,0,1,600,0
465.67,43,0,0,0,0,1,600,0
465.84,43,0,0,0,0,1,600,0
466.35,27,0,0,0,0,1,700,0
466.46,27,0,0,0,0,1,700,0
465.82,27,0,0,0,0,1,700,0
465.69,27,0,0,0,0,1,700,0
465.67,27,0,0,0,0,1,700,0
465.84,27,0,0,0,0,1,700,0
467.84,43,0,0,0,0,1,600,0
467.88,43,0,0,0,0,1,600,0
468.45,43,0,0,0,0,1,600,0
468.34,43,0,0,0,0,1,600,0
468.41,43,0,0,0,0,1,600,0
468.49,43,0,0,0,0,1,600,0
467.88,43,0,0,0,0,1,600,0
467.74,43,0,0,0,0,1,600,0
467.70,43,0,0,0,0,1,600,0
467.76,43,0,0,0,0,1,600,0
477.86,23,1,0,0,0,1,326,0
478.48,23,0,0,0,0,1,326,0
466.76,12,1,0,0,0,1,360,0
466.76,12,0,0,0,0,1,467,0
466.85,12,0,0,0,0,1,467,0
467.68,12,0,0,0,0,1,467,0
467.55,12,0,0,0,0,1,467,0
467.49,12,0,0,0,0,1,467,0
466.76,12,0,0,0,0,1,738,0
466.85,12,0,0,0,0,1,738,0
467.68,12,0,0,0,0,1,738,0
467.55,12,0,0,0,0,1,738,0
467.49,12,0,0,0,0,1,738,0
467.60,12,0,0,0,0,1,738,0
466.96,12,0,0,0,0,1,738,0
466.82,12,0,0,0,0,1,738,0
466.81,12,0,0,0,0,1,738,0
466.97,12,0,0,0,0,1,738,0
466.97,12,0,0,0,0,1,738,0
466.97,12,0,0,0,0,1,738,0
466.97,12,0,0,0,0,1,738,0
466.97,12,0,0,0,0,1,738,0
458.48,12,0,0,0,0,1,350,0
458.49,12,0,0,0,0,1,350,0
459.12,12,0,0,0,0,1,350,0
459.17,12,0,0,0,0,1,350,0
467.90,24,0,0,0,0,1,500,0
467.99,24,0,0,0,0,1,500,0
468.82,24,0,0,0,0,1,500,0
468.68,24,0,0,0,0,1,500,0
468.63,24,0,0,0,0,1,500,0
468.74,24,0,0,0,0,1,500,0
456.11,23,0,0,0,0,1,380,0
456.71,23,0,0,0,0,1,380,0
456.79,23,0,0,0,0,1,380,0
457.28,23,0,0,0,0,1,380,0
457.18,23,0,0,0,0,1,380,0
464.99,12,0,0,0,0,1,350,0
465.10,12,0,0,0,0,1,350,0
465.70,12,0,0,0,0,1,350,0
465.78,12,0,0,0,0,1,350,0
470.90,27,0,0,0,0,1,700,0
471.02,27,0,0,0,0,1,700,0
470.37,27,0,0,0,0,1,700,0
470.24,27,0,0,0,0,1,700,0
470.23,27,0,0,0,0,1,700,0
470.39,27,0,0,0,0,1,700,0
471.38,23,0,0,0,0,1,380,0
471.71,23,0,0,0,0,1,380,0
472.46,23,0,0,0,0,1,380,0
472.54,23,0,0,0,0,1,380,0
473.37,23,0,0,0,0,1,380,0
473.24,23,0,0,0,0,1,380,0
472.68,12,0,0,0,0,1,517,0
472.77,12,0,0,0,0,1,517,0
473.60,12,0,0,0,0,1,517,0
473.47,12,0,0,0,0,1,517,0
473.41,12,0,0,0,0,1,517,0
473.52,12,0,0,0,0,1,517,0
472.88,12,0,0,0,0,1,517,0
477.82,23,0,0,0,0,1,380,0
478.08,23,0,0,0,0,1,380,0
478.69,23,0,0,0,0,1,380,0
478.81,23,0,0,0,0,1,380,0
479.27,23,0,0,0,0,1,380,0
479.18,23,0,0,0,0,1,380,0
470.96,12,0,0,0,0,1,350,0
471.06,12,0,0,0,0,1,350,0
471.67,12,0,0,0,0,1,350,0
471.75,12,0,0,0,0,1,350,0
470.77,26,0,0,0,0,1,138,0
474.40,26,0,0,0,0,1,138,0
474.96,26,0,0,0,0,1,138,0
475.49,26,0,0,0,0,1,138,0
476.04,26,0,0,0,0,1,138,0
475.46,27,0,0,0,0,1,700,0
475.57,27,0,0,0,0,1,700,0
474.93,27,0,0,0,0,1,700,0
474.79,27,0,0,0,0,1,700,0
474.78,27,0,0,0,0,1,700,0
474.94,27,0,0,0,0,1,700,0
477.16,27,0,0,0,0,1,700,0
477.27,27,0,0,0,0,1,700,0
476.66,27,0,0,0,0,1,700,0
476.49,27,0,0,0,0,1,700,0
476.49,27,0,0,0,0,1,700,0
476.46,27,0,0,0,0,1,700,0
475.87,43,0,0,0,0,1,600,0
475.95,43,0,0,0,0,1,600,0
476.78,43,0,0,0,0,1,600,0
476.65,43,0,0,0,0,1,600,0
476.59,43,0,0,0,0,1,600,0
476.71,43,0,0,0,0,1,600,0
476.06,43,0,0,0,0,1,600,0
475.93,43,0,0,0,0,1,600,0
475.92,43,0,0,0,0,1,600,0
476.08,43,0,0,0,0,1,600,0
471.68,23,0,0,0,0,1,217,0
470.81,23,0,0,0,0,1,217,0
472.38,23,0,0,0,0,1,217,0
472.41,23,0,0,0,0,1,217,0
473.80,23,0,0,0,0,1,217,0
474.80,23,0,0,0,0,1,217,0
475.13,23,0,0,0,0,1,217,0
475.87,23,0,0,0,0,1,217,0
475.95,23,0,0,0,0,1,217,0
465.34,12,0,0,0,0,1,275,0
465.93,12,0,0,0,0,1,275,0
466.41,12,0,0,0,0,1,275,0
466.43,12,0,0,0,0,1,275,0
467.06,12,0,0,0,0,1,275,0
472.46,27,0,0,0,0,1,-373,0
473.61,27,0,0,0,0,1,-373,0
472.98,27,0,0,0,0,1,-373,0
471.62,27,0,0,0,0,1,-373,0
471.51,27,0,0,0,0,1,-373,0
478.67,12,0,0,0,0,1,338,0
479.23,12,0,0,0,0,1,338,0
479.33,12,0,0,0,0,1,338,0
479.94,12,0,0,0,0,1,338,0
480.01,12,0,0,0,0,1,338,0
480.50,12,0,0,0,0,1,338,0
479.28,43,1,0,0,0,1,380,0
479.37,43,1,0,0,0,1,380,0
478.54,12,0,0,0,0,1,350,0
479.28,12,0,0,0,0,1,350,0
479.37,12,0,0,0,0,1,350,0
472.39,12,0,0,0,0,1,738,0
472.47,12,0,0,0,0,1,738,0
472.96,12,0,0,0,0,1,738,0
472.86,12,0,0,0,0,1,738,0
472.94,12,0,0,0,0,1,738,0
473.05,12,0,0,0,0,1,738,0
472.44,12,0,0,0,0,1,738,0
472.27,12,0,0,0,0,1,738,0
472.28,12,0,0,0,0,1,738,0
472.25,12,0,0,0,0,1,738,0
472.25,12,0,0,0,0,1,738,0
472.25,12,0,0,0,0,1,738,0
472.25,12,0,0,0,0,1,738,0
472.25,12,0,0,0,0,1,738,0
474.47,23,1,0,0,0,1,384,0
474.52,23,0,0,0,0,1,384,0
480.82,12,0,0,0,0,1,400,0
481.56,12,0,0,0,0,1,400,0
481.64,12,0,0,0,0,1,400,0
482.47,12,0,0,0,0,1,400,0
482.34,12,0,0,0,0,1,400,0
482.47,24,0,0,0,0,1,600,0
482.34,24,0,0,0,0,1,600,0
482.29,24,0,0,0,0,1,600,0
482.40,24,0,0,0,0,1,600,0
481.75,24,0,0,0,0,1,600,0
481.56,24,0,0,0,0,1,500,0
481.64,24,0,0,0,0,1,500,0
482.47,24,0,0,0,0,1,500,0
482.34,24,0,0,0,0,1,500,0
482.29,24,0,0,0,0,1,500,0
482.40,24,0,0,0,0,1,500,0
475.66,26,0,0,0,0,1,138,0
475.19,26,0,0,0,0,1,138,0
478.82,26,0,0,0,0,1,138,0
479.38,26,0,0,0,0,1,138,0
479.91,26,0,0,0,0,1,138,0
484.04,12,0,0,0,0,1,350,0
484.15,12,0,0,0,0,1,350,0
484.75,12,0,0,0,0,1,350,0
484.83,12,0,0,0,0,1,350,0
484.23,43,1,0,0,0,1,380,0
484.98,43,0,0,0,0,1,380,0
477.66,23,0,0,0,0,1,380,0
477.68,23,0,0,0,0,1,380,0
478.30,23,0,0,0,0,1,380,0
478.35,23,0,0,0,0,1,380,0
478.92,23,0,0,0,0,1,380,0
478.81,23,0,0,0,0,1,380,0
486.95,12,0,0,0,0,1,650,0
487.06,12,0,0,0,0,1,650,0
486.42,12,0,0,0,0,1,650,0
486.29,12,0,0,0,0,1,650,0
492.35,12,0,0,0,0,1,738,0
492.40,12,0,0,0,0,1,738,0
492.97,12,0,0,0,0,1,738,0
492.86,12,0,0,0,0,1,738,0
492.92,12,0,0,0,0,1,738,0
493.01,12,0,0,0,0,1,738,0
492.40,12,0,0,0,0,1,738,0
492.25,12,0,0,0,0,1,738,0
492.22,12,0,0,0,0,1,738,0
492.27,12,0,0,0,0,1,738,0
492.27,12,0,0,0,0,1,738,0
492.27,12,0,0,0,0,1,738,0
492.27,12,0,0,0,0,1,738,0
492.27,12,0,0,0,0,1,738,0
487.98,27,0,0,0,0,1,700,0
488.09,27,0,0,0,0,1,700,0
487.45,27,0,0,0,0,1,700,0
487.31,27,0,0,0,0,1,700,0
487.30,27,0,0,0,0,1,700,0
487.46,27,0,0,0,0,1,700,0
491.44,12,0,0,0,0,1,738,0
491.48,12,0,0,0,0,1,738,0
492.06,12,0,0,0,0,1,738,0
491.94,12,0,0,0,0,1,738,0
492.01,12,0,0,0,0,1,738,0
492.10,12,0,0,0,0,1,738,0
491.48,12,0,0,0,0,1,738,0
491.34,12,0,0,0,0,1,738,0
491.30,12,0,0,0,0,1,738,0
491.36,12,0,0,0,0,1,738,0
491.36,12,0,0,0,0,1,738,0
491.36,12,0,0,0,0,1,738,0
491.36,12,0,0,0,0,1,738,0
491.36,12,0,0,0,0,1,738,0
485.41,12,0,0,0,0,1,338,0
486.40,12,0,0,0,0,1,338,0
486.73,12,0,0,0,0,1,338,0
487.48,12,0,0,0,0,1,338,0
487.56,12,0,0,0,0,1,338,0
488.39,12,0,0,0,0,1,338,0
490.25,43,0,0,0,0,1,634,0
490.36,43,0,0,0,0,1,634,0
489.72,43,0,0,0,0,1,634,0
489.59,43,0,0,0,0,1,634,0
493.78,43,0,0,0,0,1,700,0
493.14,43,0,0,0,0,1,700,0
493.00,43,0,0,0,0,1,700,0
492.99,43,0,0,0,0,1,700,0
493.15,43,0,0,0,0,1,700,0
485.20,12,0,0,0,0,1,334,0
485.21,12,0,0,0,0,1,334,0
485.84,12,0,0,0,0,1,334,0
485.89,12,0,0,0,0,1,334,0
496.36,12,0,0,0,0,1,467,0
496.44,12,0,0,0,0,1,467,0
497.27,12,0,0,0,0,1,467,0
497.14,12,0,0,0,0,1,467,0
497.08,12,0,0,0,0,1,467,0
492.39,12,0,0,0,0,1,738,0
492.47,12,0,0,0,0,1,738,0
492.96,12,0,0,0,0,1,738,0
492.86,12,0,0,0,0,1,738,0
492.94,12,0,0,0,0,1,738,0
493.05,12,0,0,0,0,1,738,0
492.44,12,0,0,0,0,1,738,0
492.27,12,0,0,0,0,1,738,0
492.28,12,0,0,0,0,1,738,0
492.25,12,0,0,0,0,1,738,0
492.25,12,0,0,0,0,1,738,0
492.25,12,0,0,0,0,1,738,0
492.25,12,0,0,0,0,1,738,0
492.25,12,0,0,0,0,1,738,0
486.05,43,0,0,0,0,1,600,0
486.09,43,0,0,0,0,1,600,0
486.66,43,0,0,0,0,1,600,0
486.55,43,0,0,0,0,1,600,0
486.62,43,0,0,0,0,1,600,0
486.70,43,0,0,0,0,1,600,0
486.09,43,0,0,0,0,1,600,0
485.94,43,0,0,0,0,1,600,0
485.91,43,0,0,0,0,1,600,0
485.97,43,0,0,0,0,1,600,0
502.83,23,0,0,0,0,1,600,0
502.77,23,0,0,0,0,1,600,0
502.88,23,0,0,0,0,1,600,0
502.24,23,0,0,0,0,1,600,0
502.64,12,0,0,0,0,1,350,0
503.24,12,0,0,0,0,1,350,0
503.32,12,0,0,0,0,1,350,0
505.11,23,0,0,0,0,1,600,0
505.05,23,0,0,0,0,1,600,0
505.16,23,0,0,0,0,1,600,0
504.52,23,0,0,0,0,1,600,0
416.04,12,0,0,0,0,1,738,0
416.06,12,0,0,0,0,1,738,0
417.16,12,0,0,0,0,1,738,0
416.71,12,0,0,0,0,1,738,0
418.78,12,0,0,0,0,1,738,0
418.78,12,0,0,0,0,1,738,0
418.53,12,0,0,0,0,1,738,0
418.93,12,0,0,0,0,1,738,0
418.54,12,0,0,0,0,1,738,0
417.17,12,0,0,0,0,1,738,0
417.17,12,0,0,0,0,1,738,0
417.17,12,0,0,0,0,1,738,0
417.17,12,0,0,0,0,1,738,0
417.17,12,0,0,0,0,1,738,0
401.28,12,1,0,0,0,1,35,0
400.30,12,0,0,0,0,1,35,0
425.21,27,0,0,0,0,1,613,0
427.28,27,0,0,0,0,1,613,0
427.29,27,0,0,0,0,1,613,0
427.03,27,0,0,0,0,1,613,0
427.43,27,0,0,0,0,1,613,0
440.89,12,0,0,0,0,1,83,0
439.81,12,0,0,0,0,1,83,0
441.37,12,0,0,0,0,1,83,0
429.50,12,0,0,0,0,1,350,0
429.71,12,0,0,0,0,1,350,0
430.01,12,0,0,0,0,1,350,0
430.03,12,0,0,0,0,1,350,0
439.07,12,1,0,0,0,1,35,0
438.78,12,0,0,0,0,1,35,0
440.77,12,0,0,0,0,1,375,0
441.36,12,0,0,0,0,1,375,0
441.38,12,0,0,0,0,1,375,0
442.49,12,0,0,0,0,1,375,0
438.64,12,0,0,0,0,1,350,0
438.85,12,0,0,0,0,1,350,0
439.15,12,0,0,0,0,1,350,0
439.17,12,0,0,0,0,1,350,0
444.90,27,0,0,0,0,1,613,0
446.96,27,0,0,0,0,1,613,0
446.97,27,0,0,0,0,1,613,0
446.72,27,0,0,0,0,1,613,0
447.12,27,0,0,0,0,1,613,0
454.04,12,0,0,0,0,1,250,0
453.28,12,0,0,0,0,1,250,0
452.86,12,0,0,0,0,1,250,0
452.49,12,0,0,0,0,1,250,0
460.87,12,0,0,0,0,1,350,0
460.64,12,0,0,0,0,1,350,0
461.23,12,0,0,0,0,1,350,0
461.25,12,0,0,0,0,1,350,0
457.94,12,0,0,0,0,1,350,0
458.24,12,0,0,0,0,1,350,0
458.26,12,0,0,0,0,1,350,0
458.71,27,0,0,0,0,1,196,0
459.32,27,0,0,0,0,1,196,0
459.65,27,0,0,0,0,1,196,0
460.10,27,0,0,0,0,1,196,0
462.80,12,0,0,0,0,1,550,0
462.35,12,0,0,0,0,1,550,0
464.41,12,0,0,0,0,1,550,0
464.42,12,0,0,0,0,1,550,0
463.25,22,0,0,0,0,1,-373,0
467.46,22,0,0,0,0,1,-373,0
468.65,22,0,0,0,0,1,-373,0
465.39,22,0,0,0,0,1,-373,0
465.38,22,0,0,0,0,1,-373,0
466.23,22,0,0,0,0,1,-373,0
463.91,23,0,0,0,0,1,411,0
463.93,23,1,0,0,0,1,411,0
465.03,23,0,0,0,0,1,411,0
469.33,43,0,0,0,0,1,700,0
469.34,43,0,0,0,0,1,700,0
469.09,43,0,0,0,0,1,700,0
469.49,43,0,0,0,0,1,700,0
469.10,43,0,0,0,0,1,700,0
467.72,43,0,0,0,0,1,700,0
467.18,12,0,0,0,0,1,44,0
466.89,12,1,0,0,0,1,44,0
467.41,12,0,0,0,0,1,738,0
467.46,12,0,0,0,0,1,738,0
468.07,12,0,0,0,0,1,738,0
467.80,12,0,0,0,0,1,738,0
469.13,12,0,0,0,0,1,738,0
469.18,12,0,0,0,0,1,738,0
468.80,12,0,0,0,0,1,738,0
468.93,12,0,0,0,0,1,738,0
468.72,12,0,0,0,0,1,738,0
467.79,12,0,0,0,0,1,738,0
467.79,12,0,0,0,0,1,738,0
467.79,12,0,0,0,0,1,738,0
467.79,12,0,0,0,0,1,738,0
467.79,12,0,0,0,0,1,738,0
388.61,12,0,0,0,0,1,650,0
388.29,12,0,0,0,0,1,650,0
388.45,12,0,0,0,0,1,650,0
382.90,12,0,0,0,0,1,350,0
383.27,12,0,0,0,0,1,350,0
382.81,12,0,0,0,0,1,350,0
382.81,12,0,0,0,0,1,350,0
399.71,43,0,0,0,0,1,350,0
399.25,43,0,0,0,0,1,350,0
399.25,43,0,0,0,0,1,350,0
398.78,23,0,0,0,0,1,380,0
399.24,23,0,0,0,0,1,380,0
398.72,23,0,0,0,0,1,380,0
398.72,23,0,0,0,0,1,380,0
397.75,23,0,0,0,0,1,380,0
415.04,12,0,0,0,0,1,334,0
415.31,12,0,0,0,0,1,334,0
414.49,12,0,0,0,0,1,334,0
414.50,12,0,0,0,0,1,334,0
415.49,12,1,0,0,0,1,340,0
415.76,12,1,0,0,0,1,340,0
415.49,27,0,0,0,0,1,400,0
415.50,27,1,0,0,0,1,400,0
413.95,27,0,0,0,0,1,400,0
424.04,12,0,0,0,0,1,350,0
424.45,12,0,0,0,0,1,350,0
423.99,12,0,0,0,0,1,350,0
424.01,12,0,0,0,0,1,350,0
416.52,12,0,0,0,0,1,350,0
416.73,12,0,0,0,0,1,350,0
416.08,12,0,0,0,0,1,350,0
416.08,12,0,0,0,0,1,350,0
415.35,12,1,0,0,0,1,550,0
415.41,12,0,0,0,0,1,550,0
408.50,12,0,0,0,0,1,350,0
408.91,12,0,0,0,0,1,350,0
408.45,12,0,0,0,0,1,350,0
408.47,12,0,0,0,0,1,350,0
420.85,12,0,0,0,0,1,350,0
420.47,12,0,0,0,0,1,350,0
420.48,12,0,0,0,0,1,350,0
424.98,12,0,0,0,0,1,350,0
425.39,12,0,0,0,0,1,350,0
424.94,12,0,0,0,0,1,350,0
424.95,12,0,0,0,0,1,350,0
427.37,12,0,0,0,0,1,350,0
426.92,12,0,0,0,0,1,350,0
426.93,12,0,0,0,0,1,350,0
415.29,12,0,0,0,0,1,350,0
415.68,12,0,0,0,0,1,350,0
415.31,12,0,0,0,0,1,350,0
415.32,12,0,0,0,0,1,350,0
426.57,12,0,0,0,0,1,350,0
426.20,12,0,0,0,0,1,350,0
426.21,12,0,0,0,0,1,350,0
421.34,12,0,0,0,0,1,250,0
422.81,12,0,0,0,0,1,250,0
424.22,12,0,0,0,0,1,250,0
424.68,12,0,0,0,0,1,250,0
431.34,12,0,0,0,0,1,350,0
430.88,12,0,0,0,0,1,350,0
430.90,12,0,0,0,0,1,350,0
423.05,12,0,0,0,0,1,360,0
422.23,12,1,0,0,0,1,360,0
422.24,12,0,0,0,0,1,360,0
420.50,12,0,0,0,0,1,350,0
420.74,12,0,0,0,0,1,350,0
420.16,12,0,0,0,0,1,350,0
420.22,12,0,0,0,0,1,350,0
425.22,12,0,0,0,0,1,350,0
425.63,12,0,0,0,0,1,350,0
425.18,12,0,0,0,0,1,350,0
425.19,12,0,0,0,0,1,350,0
419.03,12,0,0,0,0,1,350,0
419.49,12,0,0,0,0,1,350,0
418.97,12,0,0,0,0,1,350,0
418.97,12,0,0,0,0,1,350,0
424.03,12,0,0,0,0,1,350,0
423.58,12,0,0,0,0,1,350,0
423.59,12,0,0,0,0,1,350,0
424.05,12,1,0,0,0,1,340,0
426.43,12,0,0,0,0,1,338,0
427.83,12,0,0,0,0,1,338,0
428.29,12,0,0,0,0,1,338,0
427.77,12,0,0,0,0,1,338,0
422.40,24,0,0,0,0,1,374,0
422.86,24,0,0,0,0,1,374,0
422.34,24,0,0,0,0,1,374,0
422.34,24,0,0,0,0,1,374,0
421.37,24,0,0,0,0,1,374,0
420.99,24,0,0,0,0,1,374,0
427.85,23,0,0,0,0,1,475,0
426.88,23,1,0,0,0,1,475,0
426.51,23,0,0,0,0,1,475,0
430.89,12,0,0,0,0,1,350,0
431.26,12,0,0,0,0,1,350,0
430.80,12,0,0,0,0,1,350,0
430.80,12,0,0,0,0,1,350,0
425.88,12,1,0,0,0,1,370,0
425.88,12,0,0,0,0,1,370,0
424.06,12,0,0,0,0,1,650,0
424.13,12,0,0,0,0,1,650,0
423.81,12,0,0,0,0,1,650,0
423.97,12,0,0,0,0,1,650,0
427.96,12,0,0,0,0,1,350,0
427.51,12,0,0,0,0,1,350,0
427.52,12,0,0,0,0,1,350,0
421.15,12,0,0,0,0,1,428,0
420.62,12,0,0,0,0,1,428,0
420.61,12,0,0,0,0,1,428,0
419.45,12,0,0,0,0,1,428,0
424.57,12,0,0,0,0,1,350,0
424.97,12,0,0,0,0,1,350,0
424.59,12,0,0,0,0,1,350,0
424.60,12,0,0,0,0,1,350,0
428.21,24,0,0,0,0,1,700,0
428.21,24,0,0,0,0,1,700,0
426.66,24,0,0,0,0,1,700,0
426.33,24,0,0,0,0,1,700,0
426.39,24,0,0,0,0,1,700,0
426.46,24,0,0,0,0,1,700,0
426.14,24,0,0,0,0,1,700,0
426.30,24,0,0,0,0,1,700,0
426.23,24,0,0,0,0,1,700,0
424.88,24,0,0,0,0,1,700,0
424.88,24,0,0,0,0,1,700,0
424.88,24,0,0,0,0,1,700,0
424.88,24,0,0,0,0,1,700,0
424.88,24,0,0,0,0,1,700,0
429.43,12,0,0,0,0,1,350,0
428.61,12,0,0,0,0,1,350,0
428.62,12,0,0,0,0,1,350,0
428.61,43,0,0,0,0,1,600,0
428.62,43,0,0,0,0,1,600,0
427.07,43,0,0,0,0,1,600,0
426.73,43,0,0,0,0,1,600,0
426.79,43,0,0,0,0,1,600,0
426.86,43,0,0,0,0,1,600,0
426.54,43,0,0,0,0,1,600,0
426.71,43,0,0,0,0,1,600,0
426.64,43,0,0,0,0,1,600,0
425.28,43,0,0,0,0,1,600,0
420.84,24,0,0,0,0,1,450,0
420.38,24,0,0,0,0,1,450,0
420.40,24,0,0,0,0,1,450,0
419.47,24,0,0,0,0,1,450,0
419.13,24,0,0,0,0,1,450,0
419.03,24,0,0,0,0,1,450,0
432.98,12,0,0,0,0,1,350,0
432.52,12,0,0,0,0,1,350,0
432.54,12,0,0,0,0,1,350,0
433.59,12,0,0,0,0,1,350,0
433.14,12,0,0,0,0,1,350,0
433.15,12,0,0,0,0,1,350,0
438.15,12,0,0,0,0,1,350,0
437.78,12,0,0,0,0,1,350,0
437.79,12,0,0,0,0,1,350,0
430.07,12,0,0,0,0,1,360,0
430.34,12,0,0,0,0,1,360,0
429.52,12,0,0,0,0,1,360,0
430.34,12,0,0,0,0,1,350,0
429.52,12,0,0,0,0,1,350,0
429.53,12,0,0,0,0,1,350,0
430.07,12,0,0,0,0,1,317,0
430.34,12,0,0,0,0,1,317,0
429.52,12,0,0,0,0,1,317,0
422.62,23,0,0,0,0,1,217,0
424.31,23,0,0,0,0,1,217,0
427.44,23,0,0,0,0,1,217,0
428.72,23,0,0,0,0,1,217,0
430.07,23,0,0,0,0,1,217,0
430.34,23,0,0,0,0,1,217,0
429.52,23,0,0,0,0,1,217,0
429.53,23,0,0,0,0,1,217,0
432.15,12,0,0,0,0,1,350,0
432.54,12,0,0,0,0,1,350,0
432.17,12,0,0,0,0,1,350,0
432.18,12,0,0,0,0,1,350,0
435.97,12,0,0,0,0,1,350,0
436.38,12,0,0,0,0,1,350,0
435.92,12,0,0,0,0,1,350,0
435.94,12,0,0,0,0,1,350,0
440.52,12,0,0,0,0,1,350,0
440.91,12,0,0,0,0,1,350,0
440.54,12,0,0,0,0,1,350,0
440.55,12,0,0,0,0,1,350,0
431.34,12,0,0,0,0,1,375,0
430.52,12,0,0,0,0,1,375,0
430.53,12,0,0,0,0,1,375,0
428.98,12,0,0,0,0,1,375,0
431.34,12,1,0,0,0,1,360,0
431.35,12,0,0,0,0,1,360,0
423.51,24,0,0,0,0,1,500,0
423.52,24,0,0,0,0,1,500,0
422.59,24,0,0,0,0,1,500,0
422.25,24,0,0,0,0,1,500,0
422.15,24,0,0,0,0,1,500,0
422.21,24,0,0,0,0,1,500,0
427.15,12,0,0,0,0,1,350,0
427.56,12,0,0,0,0,1,350,0
427.11,12,0,0,0,0,1,350,0
427.12,12,0,0,0,0,1,350,0
434.43,12,0,0,0,0,1,350,0
434.80,12,0,0,0,0,1,350,0
434.34,12,0,0,0,0,1,350,0
434.34,12,0,0,0,0,1,350,0
430.37,23,0,0,0,0,1,600,0
430.43,23,0,0,0,0,1,600,0
430.51,23,0,0,0,0,1,600,0
430.18,23,0,0,0,0,1,600,0
429.05,27,0,0,0,0,1,700,0
429.10,27,0,0,0,0,1,700,0
428.78,27,0,0,0,0,1,700,0
429.01,27,0,0,0,0,1,700,0
428.88,27,0,0,0,0,1,700,0
427.45,27,0,0,0,0,1,700,0
439.64,12,0,0,0,0,1,350,0
440.03,12,0,0,0,0,1,350,0
439.66,12,0,0,0,0,1,350,0
439.67,12,0,0,0,0,1,350,0
429.91,23,0,0,0,0,1,217,0
425.81,23,0,0,0,0,1,217,0
427.50,23,0,0,0,0,1,217,0
430.63,23,0,0,0,0,1,217,0
431.91,23,0,0,0,0,1,217,0
433.25,23,0,0,0,0,1,217,0
433.52,23,0,0,0,0,1,217,0
432.71,23,0,0,0,0,1,217,0
432.71,23,0,0,0,0,1,217,0
435.91,23,0,0,0,0,1,380,0
436.32,23,0,0,0,0,1,380,0
435.87,23,0,0,0,0,1,380,0
435.88,23,0,0,0,0,1,380,0
434.95,23,0,0,0,0,1,380,0
432.26,27,0,0,0,0,1,700,0
432.33,27,0,0,0,0,1,700,0
432.00,27,0,0,0,0,1,700,0
432.17,27,0,0,0,0,1,700,0
432.10,27,0,0,0,0,1,700,0
434.07,24,0,0,0,0,1,500,0
434.08,24,0,0,0,0,1,500,0
432.53,24,0,0,0,0,1,500,0
432.20,24,0,0,0,0,1,500,0
432.26,24,0,0,0,0,1,500,0
432.33,24,0,0,0,0,1,500,0
431.27,12,0,0,0,0,1,350,0
430.81,12,0,0,0,0,1,350,0
430.82,12,0,0,0,0,1,350,0
443.99,12,0,0,0,0,1,350,0
444.40,12,0,0,0,0,1,350,0
443.95,12,0,0,0,0,1,350,0
443.96,12,0,0,0,0,1,350,0
448.55,12,0,0,0,0,1,350,0
448.09,12,0,0,0,0,1,350,0
448.11,12,0,0,0,0,1,350,0
439.08,12,0,0,0,0,1,350,0
439.49,12,0,0,0,0,1,350,0
439.04,12,0,0,0,0,1,350,0
439.05,12,0,0,0,0,1,350,0
433.64,12,0,0,0,0,1,350,0
433.27,12,0,0,0,0,1,350,0
433.28,12,0,0,0,0,1,350,0
436.71,23,0,0,0,0,1,392,0
435.89,23,0,0,0,0,1,392,0
435.90,23,0,0,0,0,1,392,0
434.35,23,0,0,0,0,1,392,0
445.32,12,0,0,0,0,1,350,0
445.70,12,0,0,0,0,1,350,0
445.24,12,0,0,0,0,1,350,0
445.24,12,0,0,0,0,1,350,0
434.15,12,0,0,0,0,1,350,0
434.51,12,0,0,0,0,1,350,0
434.14,12,0,0,0,0,1,350,0
434.13,12,0,0,0,0,1,350,0
445.00,12,0,0,0,0,1,350,0
445.40,12,0,0,0,0,1,350,0
445.02,12,0,0,0,0,1,350,0
445.03,12,0,0,0,0,1,350,0
439.14,12,0,0,0,0,1,350,0
439.53,12,0,0,0,0,1,350,0
439.16,12,0,0,0,0,1,350,0
439.17,12,0,0,0,0,1,350,0
434.38,12,0,0,0,0,1,83,0
431.44,12,0,0,0,0,1,83,0
434.70,12,0,0,0,0,1,83,0
437.38,12,0,0,0,0,1,83,0
436.39,12,0,0,0,0,1,250,0
437.32,12,0,0,0,0,1,250,0
438.38,12,0,0,0,0,1,250,0
438.59,12,0,0,0,0,1,250,0
437.93,12,0,0,0,0,1,250,0
436.54,23,0,0,0,0,1,380,0
436.95,23,0,0,0,0,1,380,0
436.49,23,0,0,0,0,1,380,0
436.51,23,0,0,0,0,1,380,0
435.58,23,0,0,0,0,1,380,0
435.24,23,0,0,0,0,1,380,0
431.59,12,0,0,0,0,1,350,0
431.13,12,0,0,0,0,1,350,0
431.15,12,0,0,0,0,1,350,0
435.73,12,0,0,0,0,1,738,0
435.74,12,0,0,0,0,1,738,0
435.04,12,0,0,0,0,1,738,0
434.65,12,0,0,0,0,1,738,0
434.78,12,0,0,0,0,1,738,0
434.82,12,0,0,0,0,1,738,0
434.35,12,0,0,0,0,1,738,0
434.43,12,0,0,0,0,1,738,0
434.39,12,0,0,0,0,1,738,0
433.45,12,0,0,0,0,1,738,0
433.45,12,0,0,0,0,1,738,0
433.45,12,0,0,0,0,1,738,0
433.45,12,0,0,0,0,1,738,0
433.45,12,0,0,0,0,1,738,0
436.62,12,0,0,0,0,1,350,0
436.25,12,0,0,0,0,1,350,0
436.26,12,0,0,0,0,1,350,0
442.56,12,0,0,0,0,1,363,0
442.04,12,0,0,0,0,1,363,0
442.04,12,0,0,0,0,1,363,0
441.07,12,0,0,0,0,1,363,0
439.54,43,0,0,0,0,1,600,0
439.55,43,0,0,0,0,1,600,0
438.00,43,0,0,0,0,1,600,0
437.66,43,0,0,0,0,1,600,0
437.72,43,0,0,0,0,1,600,0
437.79,43,0,0,0,0,1,600,0
437.47,43,0,0,0,0,1,600,0
437.63,43,0,0,0,0,1,600,0
437.57,43,0,0,0,0,1,600,0
436.21,43,0,0,0,0,1,600,0
435.73,12,0,0,0,0,1,350,0
436.15,12,0,0,0,0,1,350,0
435.69,12,0,0,0,0,1,350,0
435.71,12,0,0,0,0,1,350,0
445.05,12,0,0,0,0,1,350,0
444.59,12,0,0,0,0,1,350,0
444.61,12,0,0,0,0,1,350,0
440.20,12,0,0,0,0,1,350,0
440.60,12,0,0,0,0,1,350,0
440.22,12,0,0,0,0,1,350,0
440.23,12,0,0,0,0,1,350,0
438.20,27,0,0,0,0,1,700,0
438.27,27,0,0,0,0,1,700,0
437.94,27,0,0,0,0,1,700,0
438.11,27,0,0,0,0,1,700,0
438.04,27,0,0,0,0,1,700,0
441.27,12,1,0,0,0,1,330,0
440.45,12,0,0,0,0,1,330,0
441.00,23,0,0,0,0,1,380,0
441.27,23,0,0,0,0,1,380,0
440.45,23,0,0,0,0,1,380,0
440.46,23,0,0,0,0,1,380,0
438.91,23,0,0,0,0,1,380,0
438.57,23,0,0,0,0,1,380,0
439.89,43,0,0,0,0,1,600,0
439.89,43,0,0,0,0,1,600,0
438.92,43,0,0,0,0,1,600,0
438.55,43,0,0,0,0,1,600,0
438.40,43,0,0,0,0,1,600,0
438.45,43,0,0,0,0,1,600,0
437.97,43,0,0,0,0,1,600,0
438.04,43,0,0,0,0,1,600,0
438.02,43,0,0,0,0,1,600,0
437.13,43,0,0,0,0,1,600,0
441.36,24,0,0,0,0,1,500,0
441.37,24,0,0,0,0,1,500,0
439.82,24,0,0,0,0,1,500,0
439.48,24,0,0,0,0,1,500,0
439.54,24,0,0,0,0,1,500,0
439.62,24,0,0,0,0,1,500,0
438.43,12,0,0,0,0,1,350,0
438.84,12,0,0,0,0,1,350,0
438.38,12,0,0,0,0,1,350,0
438.40,12,0,0,0,0,1,350,0
428.56,12,0,0,0,0,1,350,0
428.19,12,0,0,0,0,1,350,0
428.20,12,0,0,0,0,1,350,0
443.97,23,0,0,0,0,1,380,0
444.21,23,0,0,0,0,1,380,0
443.63,23,0,0,0,0,1,380,0
443.68,23,0,0,0,0,1,380,0
442.39,23,0,0,0,0,1,380,0
438.08,23,0,0,0,0,1,380,0
437.62,23,0,0,0,0,1,380,0
437.61,23,0,0,0,0,1,380,0
436.71,23,0,0,0,0,1,380,0
436.36,23,0,0,0,0,1,380,0
442.27,12,0,0,0,0,1,467,0
442.28,12,0,0,0,0,1,467,0
440.73,12,0,0,0,0,1,467,0
440.39,12,0,0,0,0,1,467,0
440.45,12,0,0,0,0,1,467,0
442.90,12,0,0,0,0,1,350,0
442.45,12,0,0,0,0,1,350,0
442.46,12,0,0,0,0,1,350,0
450.66,23,0,0,0,0,1,600,0
450.56,23,0,0,0,0,1,600,0
450.62,23,0,0,0,0,1,600,0
450.13,23,0,0,0,0,1,600,0
464.64,12,0,0,0,0,1,350,0
465.02,12,0,0,0,0,1,350,0
464.56,12,0,0,0,0,1,350,0
464.56,12,0,0,0,0,1,350,0
441.46,12,0,0,0,0,1,350,0
441.85,12,0,0,0,0,1,350,0
441.48,12,0,0,0,0,1,350,0
441.49,12,0,0,0,0,1,350,0
442.22,12,0,0,0,0,1,338,0
442.67,12,0,0,0,0,1,338,0
442.15,12,0,0,0,0,1,338,0
442.16,12,0,0,0,0,1,338,0
441.19,12,0,0,0,0,1,338,0
442.45,12,0,0,0,0,1,338,0
442.82,12,0,0,0,0,1,338,0
442.36,12,0,0,0,0,1,338,0
442.36,12,0,0,0,0,1,338,0
443.73,12,0,0,0,0,1,350,0
444.00,12,0,0,0,0,1,350,0
443.18,12,0,0,0,0,1,350,0
443.19,12,0,0,0,0,1,350,0
443.18,43,0,0,0,0,1,600,0
443.19,43,0,0,0,0,1,600,0
441.64,43,0,0,0,0,1,600,0
441.30,43,0,0,0,0,1,600,0
441.36,43,0,0,0,0,1,600,0
441.44,43,0,0,0,0,1,600,0
441.11,43,0,0,0,0,1,600,0
441.28,43,0,0,0,0,1,600,0
441.21,43,0,0,0,0,1,600,0
439.85,43,0,0,0,0,1,600,0
443.18,43,0,0,0,0,1,600,0
443.19,43,0,0,0,0,1,600,0
441.64,43,0,0,0,0,1,600,0
441.30,43,0,0,0,0,1,600,0
441.36,43,0,0,0,0,1,600,0
441.44,43,0,0,0,0,1,600,0
441.11,43,0,0,0,0,1,600,0
441.28,43,0,0,0,0,1,600,0
441.21,43,0,0,0,0,1,600,0
439.85,43,0,0,0,0,1,600,0
452.75,12,0,0,0,0,1,350,0
452.29,12,0,0,0,0,1,350,0
452.31,12,0,0,0,0,1,350,0
439.67,43,0,0,0,0,1,-148,0
440.15,43,0,0,0,0,1,-148,0
440.76,43,0,0,0,0,1,-148,0
437.35,43,0,0,0,0,1,-148,0
439.23,43,0,0,0,0,1,-148,0
440.99,43,0,0,0,0,1,-148,0
437.87,43,0,0,0,0,1,-148,0
442.57,12,0,0,0,0,1,350,0
442.78,12,0,0,0,0,1,350,0
442.13,12,0,0,0,0,1,350,0
442.13,12,0,0,0,0,1,350,0
441.51,12,0,0,0,0,1,350,0
441.86,12,0,0,0,0,1,350,0
441.50,12,0,0,0,0,1,350,0
441.49,12,0,0,0,0,1,350,0
444.75,12,0,0,0,0,1,350,0
445.14,12,0,0,0,0,1,350,0
444.77,12,0,0,0,0,1,350,0
444.78,12,0,0,0,0,1,350,0
440.28,12,0,0,0,0,1,350,0
440.68,12,0,0,0,0,1,350,0
440.30,12,0,0,0,0,1,350,0
440.31,12,0,0,0,0,1,350,0
445.37,43,1,0,0,0,1,345,0
444.55,43,0,0,0,0,1,345,0
445.00,23,0,0,0,0,1,411,0
445.01,23,1,0,0,0,1,411,0
445.12,12,0,0,0,0,1,317,0
446.46,12,0,0,0,0,1,317,0
446.73,12,0,0,0,0,1,317,0
445.91,12,0,0,0,0,1,317,0
445.92,12,0,0,0,0,1,317,0
444.86,12,0,0,0,0,1,350,0
445.28,12,0,0,0,0,1,350,0
444.82,12,0,0,0,0,1,350,0
444.84,12,0,0,0,0,1,350,0
449.38,12,0,0,0,0,1,350,0
449.81,12,0,0,0,0,1,350,0
449.34,12,0,0,0,0,1,350,0
449.36,12,0,0,0,0,1,350,0
445.04,27,0,0,0,0,1,700,0
445.08,27,0,0,0,0,1,700,0
444.61,27,0,0,0,0,1,700,0
444.69,27,0,0,0,0,1,700,0
444.65,27,0,0,0,0,1,700,0
447.37,12,0,0,0,0,1,360,0
447.64,12,0,0,0,0,1,360,0
446.82,12,0,0,0,0,1,360,0
447.64,12,0,0,0,0,1,360,0
446.82,12,1,0,0,0,1,360,0
446.83,12,0,0,0,0,1,360,0
447.37,12,0,0,0,0,1,350,0
447.64,12,0,0,0,0,1,350,0
446.82,12,0,0,0,0,1,350,0
446.83,12,0,0,0,0,1,350,0
445.01,27,0,0,0,0,1,700,0
445.08,27,0,0,0,0,1,700,0
444.75,27,0,0,0,0,1,700,0
444.92,27,0,0,0,0,1,700,0
444.85,27,0,0,0,0,1,700,0
443.49,27,0,0,0,0,1,700,0
445.01,27,0,0,0,0,1,700,0
445.08,27,0,0,0,0,1,700,0
444.75,27,0,0,0,0,1,700,0
444.92,27,0,0,0,0,1,700,0
444.85,27,0,0,0,0,1,700,0
443.49,27,0,0,0,0,1,700,0
448.96,12,0,0,0,0,1,350,0
449.37,12,0,0,0,0,1,350,0
448.92,12,0,0,0,0,1,350,0
448.93,12,0,0,0,0,1,350,0
454.70,12,0,0,0,0,1,350,0
454.33,12,0,0,0,0,1,350,0
454.34,12,0,0,0,0,1,350,0
436.60,12,0,0,0,0,1,350,0
437.00,12,0,0,0,0,1,350,0
436.62,12,0,0,0,0,1,350,0
436.63,12,0,0,0,0,1,350,0
448.30,23,0,0,0,0,1,380,0
447.48,23,0,0,0,0,1,380,0
447.48,23,0,0,0,0,1,380,0
445.93,23,0,0,0,0,1,380,0
445.60,23,0,0,0,0,1,380,0
448.28,12,0,0,0,0,1,350,0
448.55,12,0,0,0,0,1,350,0
447.73,12,0,0,0,0,1,350,0
447.74,12,0,0,0,0,1,350,0
447.62,12,0,0,0,0,1,350,0
448.03,12,0,0,0,0,1,350,0
447.57,12,0,0,0,0,1,350,0
447.59,12,0,0,0,0,1,350,0
450.30,12,0,0,0,0,1,350,0
450.71,12,0,0,0,0,1,350,0
450.25,12,0,0,0,0,1,350,0
450.27,12,0,0,0,0,1,350,0
455.82,12,0,0,0,0,1,350,0
456.24,12,0,0,0,0,1,350,0
455.78,12,0,0,0,0,1,350,0
455.80,12,0,0,0,0,1,350,0
442.99,12,0,0,0,0,1,350,0
443.38,12,0,0,0,0,1,350,0
443.01,12,0,0,0,0,1,350,0
443.02,12,0,0,0,0,1,350,0
454.74,23,0,0,0,0,1,600,0
454.87,23,0,0,0,0,1,600,0
454.91,23,0,0,0,0,1,600,0
454.44,23,0,0,0,0,1,600,0
446.31,12,0,0,0,0,1,550,0
446.37,12,0,0,0,0,1,550,0
446.45,12,0,0,0,0,1,550,0
448.74,23,0,0,0,0,1,380,0
449.01,23,0,0,0,0,1,380,0
448.19,23,0,0,0,0,1,380,0
448.20,23,0,0,0,0,1,380,0
446.65,23,0,0,0,0,1,380,0
449.46,12,0,0,0,0,1,350,0
448.65,12,0,0,0,0,1,350,0
448.65,12,0,0,0,0,1,350,0
460.27,12,0,0,0,0,1,350,0
460.68,12,0,0,0,0,1,350,0
460.22,12,0,0,0,0,1,350,0
460.24,12,0,0,0,0,1,350,0
435.82,27,0,0,0,0,1,700,0
435.34,27,0,0,0,0,1,700,0
435.44,27,0,0,0,0,1,700,0
435.38,27,0,0,0,0,1,700,0
434.47,27,0,0,0,0,1,700,0
447.26,24,0,0,0,0,1,700,0
447.48,24,0,0,0,0,1,700,0
447.35,24,0,0,0,0,1,700,0
447.68,24,0,0,0,0,1,600,0
447.74,24,0,0,0,0,1,600,0
447.81,24,0,0,0,0,1,600,0
447.49,24,0,0,0,0,1,600,0
447.65,24,0,0,0,0,1,600,0
447.74,27,0,0,0,0,1,700,0
447.81,27,0,0,0,0,1,700,0
447.49,27,0,0,0,0,1,700,0
447.65,27,0,0,0,0,1,700,0
447.58,27,0,0,0,0,1,700,0
446.23,27,0,0,0,0,1,700,0
449.56,24,0,0,0,0,1,500,0
449.56,24,0,0,0,0,1,500,0
448.01,24,0,0,0,0,1,500,0
447.68,24,0,0,0,0,1,500,0
447.74,24,0,0,0,0,1,500,0
447.81,24,0,0,0,0,1,500,0
447.33,43,0,0,0,0,1,600,0
447.33,43,0,0,0,0,1,600,0
446.36,43,0,0,0,0,1,600,0
445.99,43,0,0,0,0,1,600,0
445.84,43,0,0,0,0,1,600,0
445.89,43,0,0,0,0,1,600,0
445.41,43,0,0,0,0,1,600,0
445.48,43,0,0,0,0,1,600,0
445.46,43,0,0,0,0,1,600,0
444.57,43,0,0,0,0,1,600,0
457.64,12,0,0,0,0,1,350,0
457.18,12,0,0,0,0,1,350,0
457.20,12,0,0,0,0,1,350,0
455.76,27,0,0,0,0,1,700,0
455.81,27,0,0,0,0,1,700,0
455.33,27,0,0,0,0,1,700,0
455.40,27,0,0,0,0,1,700,0
455.38,27,0,0,0,0,1,700,0
454.49,27,0,0,0,0,1,700,0
450.36,12,0,0,0,0,1,350,0
449.99,12,0,0,0,0,1,350,0
449.99,12,0,0,0,0,1,350,0
441.35,12,0,0,0,0,1,350,0
441.74,12,0,0,0,0,1,350,0
441.37,12,0,0,0,0,1,350,0
441.38,12,0,0,0,0,1,350,0
458.90,12,0,0,0,0,1,350,0
459.26,12,0,0,0,0,1,350,0
458.89,12,0,0,0,0,1,350,0
458.88,12,0,0,0,0,1,350,0
450.83,23,0,0,0,0,1,380,0
450.01,23,0,0,0,0,1,380,0
450.02,23,0,0,0,0,1,380,0
448.47,23,0,0,0,0,1,380,0
448.13,23,0,0,0,0,1,380,0
450.45,12,0,0,0,0,1,650,0
450.55,12,0,0,0,0,1,650,0
450.17,12,0,0,0,0,1,650,0
450.22,12,0,0,0,0,1,650,0
450.47,23,0,0,0,0,1,411,0
450.47,23,1,0,0,0,1,411,0
442.88,27,0,0,0,0,1,700,0
442.94,27,0,0,0,0,1,700,0
442.56,27,0,0,0,0,1,700,0
442.64,27,0,0,0,0,1,700,0
442.57,27,0,0,0,0,1,700,0
441.51,27,0,0,0,0,1,700,0
454.87,12,0,0,0,0,1,350,0
454.50,12,0,0,0,0,1,350,0
454.51,12,0,0,0,0,1,350,0
451.93,12,1,0,0,0,1,318,0
452.20,12,0,0,0,0,1,318,0
451.38,24,0,0,0,0,1,500,0
451.39,24,0,0,0,0,1,500,0
449.84,24,0,0,0,0,1,500,0
449.50,24,0,0,0,0,1,500,0
449.56,24,0,0,0,0,1,500,0
449.63,24,0,0,0,0,1,500,0
440.83,27,0,0,0,0,1,700,0
440.34,27,0,0,0,0,1,700,0
440.38,27,0,0,0,0,1,700,0
440.37,27,0,0,0,0,1,700,0
439.50,27,0,0,0,0,1,700,0
455.84,12,0,0,0,0,1,350,0
456.25,12,0,0,0,0,1,350,0
455.86,12,0,0,0,0,1,350,0
455.85,12,0,0,0,0,1,350,0
459.98,12,0,0,0,0,1,350,0
460.37,12,0,0,0,0,1,350,0
460.00,12,0,0,0,0,1,350,0
460.00,12,0,0,0,0,1,350,0
450.29,12,0,0,0,0,1,584,0
449.96,12,0,0,0,0,1,584,0
450.02,12,0,0,0,0,1,584,0
450.09,12,0,0,0,0,1,584,0
449.76,12,0,0,0,0,1,584,0
449.93,12,0,0,0,0,1,584,0
452.29,24,0,0,0,0,1,500,0
452.30,24,0,0,0,0,1,500,0
450.75,24,0,0,0,0,1,500,0
450.41,24,0,0,0,0,1,500,0
450.47,24,0,0,0,0,1,500,0
450.54,24,0,0,0,0,1,500,0
443.78,27,0,0,0,0,1,500,0
443.78,27,0,0,0,0,1,500,0
442.87,27,0,0,0,0,1,500,0
442.52,27,0,0,0,0,1,500,0
442.41,27,0,0,0,0,1,500,0
466.89,12,0,0,0,0,1,350,0
466.43,12,0,0,0,0,1,350,0
466.45,12,0,0,0,0,1,350,0
449.87,23,0,0,0,0,1,-375,0
449.87,23,0,0,0,0,1,-375,0
451.01,23,0,0,0,0,1,-375,0
451.53,23,0,0,0,0,1,-375,0
450.57,23,0,0,0,0,1,-375,0
450.35,23,0,0,0,0,1,-375,0
451.16,23,0,0,0,0,1,-375,0
453.20,12,0,0,0,0,1,467,0
453.21,12,0,0,0,0,1,467,0
451.66,12,0,0,0,0,1,467,0
451.32,12,0,0,0,0,1,467,0
451.38,12,0,0,0,0,1,467,0
451.38,43,0,0,0,0,1,634,0
451.46,43,0,0,0,0,1,634,0
451.13,43,0,0,0,0,1,634,0
451.30,43,0,0,0,0,1,634,0
453.75,23,0,0,0,0,1,380,0
454.02,23,0,0,0,0,1,380,0
453.20,23,0,0,0,0,1,380,0
453.21,23,0,0,0,0,1,380,0
451.66,23,0,0,0,0,1,380,0
438.71,12,0,0,0,0,1,350,0
438.25,12,0,0,0,0,1,350,0
438.27,12,0,0,0,0,1,350,0
443.67,12,0,0,0,0,1,350,0
443.21,12,0,0,0,0,1,350,0
443.23,12,0,0,0,0,1,350,0
460.96,43,0,0,0,0,1,634,0
461.02,43,0,0,0,0,1,634,0
460.54,43,0,0,0,0,1,634,0
460.57,43,0,0,0,0,1,634,0
462.19,12,0,0,0,0,1,350,0
461.73,12,0,0,0,0,1,350,0
461.75,12,0,0,0,0,1,350,0
444.93,43,1,0,0,0,1,345,0
444.41,43,0,0,0,0,1,345,0
452.57,24,0,0,0,0,1,600,0
452.23,24,0,0,0,0,1,600,0
452.29,24,0,0,0,0,1,600,0
452.37,24,0,0,0,0,1,600,0
452.04,24,0,0,0,0,1,600,0
452.21,24,0,0,0,0,1,600,0
454.66,26,0,0,0,0,1,325,0
454.93,26,1,0,0,0,1,325,0
454.11,26,0,0,0,0,1,325,0
452.23,12,0,0,0,0,1,575,0
452.29,12,0,0,0,0,1,575,0
452.37,12,0,0,0,0,1,575,0
452.04,12,0,0,0,0,1,575,0
457.04,12,0,0,0,0,1,334,0
457.10,12,0,0,0,0,1,334,0
456.57,12,0,0,0,0,1,334,0
456.56,12,0,0,0,0,1,334,0
450.97,12,0,0,0,0,1,350,0
451.38,12,0,0,0,0,1,350,0
450.92,12,0,0,0,0,1,350,0
450.94,12,0,0,0,0,1,350,0
454.45,12,0,0,0,0,1,350,0
454.84,12,0,0,0,0,1,350,0
454.47,12,0,0,0,0,1,350,0
454.48,12,0,0,0,0,1,350,0
455.02,43,0,0,0,0,1,600,0
455.03,43,0,0,0,0,1,600,0
453.48,43,0,0,0,0,1,600,0
453.14,43,0,0,0,0,1,600,0
453.20,43,0,0,0,0,1,600,0
453.28,43,0,0,0,0,1,600,0
452.95,43,0,0,0,0,1,600,0
453.12,43,0,0,0,0,1,600,0
453.05,43,0,0,0,0,1,600,0
451.69,43,0,0,0,0,1,600,0
455.57,24,0,0,0,0,1,374,0
455.84,24,0,0,0,0,1,374,0
455.02,24,0,0,0,0,1,374,0
455.03,24,0,0,0,0,1,374,0
453.48,24,0,0,0,0,1,374,0
453.20,27,0,0,0,0,1,700,0
453.28,27,0,0,0,0,1,700,0
452.95,27,0,0,0,0,1,700,0
453.12,27,0,0,0,0,1,700,0
453.05,27,0,0,0,0,1,700,0
451.69,27,0,0,0,0,1,700,0
457.26,12,0,0,0,0,1,350,0
457.32,12,0,0,0,0,1,350,0
456.79,12,0,0,0,0,1,350,0
456.78,12,0,0,0,0,1,350,0
444.13,12,0,0,0,0,1,275,0
445.60,12,0,0,0,0,1,275,0
447.01,12,0,0,0,0,1,275,0
447.46,12,0,0,0,0,1,275,0
446.94,12,0,0,0,0,1,275,0
453.01,24,0,0,0,0,1,450,0
453.01,24,0,0,0,0,1,450,0
452.04,24,0,0,0,0,1,450,0
451.67,24,0,0,0,0,1,450,0
451.52,24,0,0,0,0,1,450,0
448.32,12,0,0,0,0,1,350,0
447.95,12,0,0,0,0,1,350,0
447.96,12,0,0,0,0,1,350,0
454.64,12,0,0,0,0,1,338,0
455.98,12,0,0,0,0,1,338,0
456.25,12,0,0,0,0,1,338,0
455.43,12,0,0,0,0,1,338,0
455.44,12,0,0,0,0,1,338,0
453.89,12,0,0,0,0,1,338,0
451.13,23,0,0,0,0,1,380,0
451.27,23,0,0,0,0,1,380,0
450.75,23,0,0,0,0,1,380,0
450.78,23,0,0,0,0,1,380,0
449.58,23,0,0,0,0,1,380,0
449.32,23,0,0,0,0,1,380,0
455.93,12,1,0,0,0,1,370,0
456.75,23,0,0,0,0,1,380,0
455.93,23,0,0,0,0,1,380,0
455.94,23,0,0,0,0,1,380,0
454.39,23,0,0,0,0,1,380,0
454.05,23,0,0,0,0,1,380,0
447.21,12,0,0,0,0,1,738,0
447.22,12,0,0,0,0,1,738,0
446.24,12,0,0,0,0,1,738,0
445.87,12,0,0,0,0,1,738,0
445.72,12,0,0,0,0,1,738,0
445.77,12,0,0,0,0,1,738,0
445.29,12,0,0,0,0,1,738,0
445.36,12,0,0,0,0,1,738,0
445.34,12,0,0,0,0,1,738,0
444.45,12,0,0,0,0,1,738,0
444.45,12,0,0,0,0,1,738,0
444.45,12,0,0,0,0,1,738,0
444.45,12,0,0,0,0,1,738,0
444.45,12,0,0,0,0,1,738,0
456.84,23,0,0,0,0,1,411,0
456.85,23,0,0,0,0,1,411,0
455.30,23,0,0,0,0,1,411,0
457.52,12,0,0,0,0,1,350,0
457.94,12,0,0,0,0,1,350,0
457.48,12,0,0,0,0,1,350,0
457.50,12,0,0,0,0,1,350,0
457.62,23,0,0,0,0,1,380,0
457.89,23,0,0,0,0,1,380,0
457.07,23,0,0,0,0,1,380,0
457.08,23,0,0,0,0,1,380,0
455.53,23,0,0,0,0,1,380,0
457.75,23,0,0,0,0,1,411,0
457.76,23,1,0,0,0,1,411,0
456.21,23,0,0,0,0,1,411,0
458.57,23,0,0,0,0,1,380,0
457.75,23,0,0,0,0,1,380,0
457.76,23,0,0,0,0,1,380,0
456.21,23,0,0,0,0,1,380,0
455.88,23,0,0,0,0,1,380,0
459.37,24,0,0,0,0,1,591,0
459.10,24,0,0,0,0,1,591,0
459.21,24,0,0,0,0,1,591,0
459.27,24,0,0,0,0,1,591,0
458.89,24,0,0,0,0,1,591,0
458.97,24,0,0,0,0,1,591,0
459.48,12,0,0,0,0,1,360,0
458.66,12,1,0,0,0,1,360,0
458.67,12,0,0,0,0,1,360,0
459.21,12,0,0,0,0,1,350,0
459.48,12,0,0,0,0,1,350,0
458.66,12,0,0,0,0,1,350,0
458.67,12,0,0,0,0,1,350,0
445.46,12,0,0,0,0,1,350,0
445.87,12,0,0,0,0,1,350,0
445.42,12,0,0,0,0,1,350,0
445.43,12,0,0,0,0,1,350,0
454.37,27,0,0,0,0,1,700,0
453.88,27,0,0,0,0,1,700,0
453.92,27,0,0,0,0,1,700,0
453.92,27,0,0,0,0,1,700,0
453.04,27,0,0,0,0,1,700,0
461.03,23,0,0,0,0,1,380,0
461.45,23,0,0,0,0,1,380,0
460.99,23,0,0,0,0,1,380,0
461.01,23,0,0,0,0,1,380,0
460.08,23,0,0,0,0,1,380,0
459.73,23,0,0,0,0,1,380,0
451.47,12,0,0,0,0,1,363,0
451.86,12,0,0,0,0,1,363,0
451.49,12,0,0,0,0,1,363,0
451.50,12,0,0,0,0,1,363,0
450.80,12,0,0,0,0,1,363,0
457.74,23,0,0,0,0,1,380,0
457.88,23,0,0,0,0,1,380,0
457.35,23,0,0,0,0,1,380,0
457.38,23,0,0,0,0,1,380,0
456.19,23,0,0,0,0,1,380,0
455.92,23,0,0,0,0,1,380,0
467.29,12,0,0,0,0,1,350,0
467.71,12,0,0,0,0,1,350,0
467.25,12,0,0,0,0,1,350,0
467.27,12,0,0,0,0,1,350,0
458.67,43,0,0,0,0,1,634,0
458.74,43,0,0,0,0,1,634,0
458.42,43,0,0,0,0,1,634,0
458.58,43,0,0,0,0,1,634,0
456.70,12,0,0,0,0,1,350,0
457.12,12,0,0,0,0,1,350,0
456.66,12,0,0,0,0,1,350,0
456.68,12,0,0,0,0,1,350,0
457.09,12,0,0,0,0,1,350,0
457.55,12,0,0,0,0,1,350,0
457.03,12,0,0,0,0,1,350,0
457.03,12,0,0,0,0,1,350,0
463.16,12,0,0,0,0,1,334,0
463.62,12,0,0,0,0,1,334,0
463.10,12,0,0,0,0,1,334,0
463.10,12,0,0,0,0,1,334,0
464.51,12,0,0,0,0,1,275,0
465.92,12,0,0,0,0,1,275,0
466.37,12,0,0,0,0,1,275,0
465.85,12,0,0,0,0,1,275,0
459.24,27,0,0,0,0,1,700,0
459.28,27,0,0,0,0,1,700,0
458.81,27,0,0,0,0,1,700,0
458.89,27,0,0,0,0,1,700,0
458.85,27,0,0,0,0,1,700,0
457.92,27,0,0,0,0,1,700,0
464.37,12,0,0,0,0,1,350,0
464.76,12,0,0,0,0,1,350,0
464.39,12,0,0,0,0,1,350,0
464.40,12,0,0,0,0,1,350,0
456.31,43,1,0,0,0,1,380,0
456.30,43,1,0,0,0,1,380,0
458.60,12,0,0,0,0,1,83,0
454.50,12,0,0,0,0,1,83,0
456.19,12,0,0,0,0,1,83,0
459.32,12,0,0,0,0,1,83,0
452.26,27,0,0,0,0,1,700,0
452.31,27,0,0,0,0,1,700,0
451.83,27,0,0,0,0,1,700,0
451.90,27,0,0,0,0,1,700,0
451.88,27,0,0,0,0,1,700,0
450.99,27,0,0,0,0,1,700,0
468.49,23,1,0,0,0,1,283,0
468.90,23,0,0,0,0,1,283,0
462.76,12,0,0,0,0,1,392,0
462.11,12,0,0,0,0,1,392,0
462.11,12,0,0,0,0,1,392,0
460.95,12,0,0,0,0,1,392,0
467.96,12,0,0,0,0,1,350,0
468.35,12,0,0,0,0,1,350,0
467.98,12,0,0,0,0,1,350,0
467.99,12,0,0,0,0,1,350,0
459.21,12,0,0,0,0,1,738,0
459.26,12,0,0,0,0,1,738,0
457.97,12,0,0,0,0,1,738,0
457.71,12,0,0,0,0,1,738,0
457.83,12,0,0,0,0,1,738,0
457.93,12,0,0,0,0,1,738,0
457.55,12,0,0,0,0,1,738,0
457.60,12,0,0,0,0,1,738,0
457.60,12,0,0,0,0,1,738,0
456.40,12,0,0,0,0,1,738,0
456.40,12,0,0,0,0,1,738,0
456.40,12,0,0,0,0,1,738,0
456.40,12,0,0,0,0,1,738,0
456.40,12,0,0,0,0,1,738,0
453.80,12,0,0,0,0,1,350,0
453.35,12,0,0,0,0,1,350,0
453.36,12,0,0,0,0,1,350,0
455.50,12,0,0,0,0,1,350,0
455.95,12,0,0,0,0,1,350,0
455.43,12,0,0,0,0,1,350,0
455.43,12,0,0,0,0,1,350,0
464.75,12,0,0,0,0,1,350,0
464.30,12,0,0,0,0,1,350,0
464.31,12,0,0,0,0,1,350,0
463.70,43,0,0,0,0,1,600,0
463.71,43,0,0,0,0,1,600,0
462.73,43,0,0,0,0,1,600,0
462.36,43,0,0,0,0,1,600,0
462.21,43,0,0,0,0,1,600,0
462.26,43,0,0,0,0,1,600,0
461.78,43,0,0,0,0,1,600,0
461.85,43,0,0,0,0,1,600,0
461.83,43,0,0,0,0,1,600,0
460.94,43,0,0,0,0,1,600,0
463.25,43,0,0,0,0,1,600,0
463.27,43,0,0,0,0,1,600,0
462.34,43,0,0,0,0,1,600,0
462.00,43,0,0,0,0,1,600,0
461.90,43,0,0,0,0,1,600,0
461.96,43,0,0,0,0,1,600,0
461.47,43,0,0,0,0,1,600,0
461.51,43,0,0,0,0,1,600,0
461.50,43,0,0,0,0,1,600,0
460.63,43,0,0,0,0,1,600,0
463.94,12,0,0,0,0,1,250,0
465.17,12,0,0,0,0,1,250,0
466.45,12,0,0,0,0,1,250,0
466.87,12,0,0,0,0,1,250,0
468.50,12,0,0,0,0,1,350,0
468.91,12,0,0,0,0,1,350,0
468.45,12,0,0,0,0,1,350,0
468.47,12,0,0,0,0,1,350,0
466.59,12,0,0,0,0,1,350,0
466.98,12,0,0,0,0,1,350,0
466.61,12,0,0,0,0,1,350,0
466.62,12,0,0,0,0,1,350,0
461.18,24,0,0,0,0,1,591,0
460.84,24,0,0,0,0,1,591,0
460.90,24,0,0,0,0,1,591,0
460.98,24,0,0,0,0,1,591,0
460.65,24,0,0,0,0,1,591,0
461.22,12,0,0,0,0,1,584,0
460.89,12,0,0,0,0,1,584,0
460.94,12,0,0,0,0,1,584,0
461.02,12,0,0,0,0,1,584,0
460.69,12,0,0,0,0,1,584,0
460.86,12,0,0,0,0,1,584,0
459.22,43,0,0,0,0,1,600,0
459.21,43,0,0,0,0,1,600,0
458.05,43,0,0,0,0,1,600,0
457.77,43,0,0,0,0,1,600,0
457.88,43,0,0,0,0,1,600,0
457.94,43,0,0,0,0,1,600,0
457.56,43,0,0,0,0,1,600,0
457.64,43,0,0,0,0,1,600,0
457.57,43,0,0,0,0,1,600,0
456.51,43,0,0,0,0,1,600,0
464.60,12,0,0,0,0,1,350,0
464.81,12,0,0,0,0,1,350,0
464.16,12,0,0,0,0,1,350,0
464.16,12,0,0,0,0,1,350,0
459.88,12,0,0,0,0,1,338,0
461.29,12,0,0,0,0,1,338,0
461.75,12,0,0,0,0,1,338,0
461.23,12,0,0,0,0,1,338,0
461.23,12,0,0,0,0,1,338,0
460.26,12,0,0,0,0,1,338,0
464.68,12,0,0,0,0,1,350,0
464.95,12,0,0,0,0,1,350,0
464.13,12,0,0,0,0,1,350,0
464.14,12,0,0,0,0,1,350,0
464.13,43,0,0,0,0,1,600,0
464.14,43,0,0,0,0,1,600,0
462.59,43,0,0,0,0,1,600,0
462.25,43,0,0,0,0,1,600,0
462.31,43,0,0,0,0,1,600,0
462.39,43,0,0,0,0,1,600,0
462.06,43,0,0,0,0,1,600,0
462.23,43,0,0,0,0,1,600,0
462.16,43,0,0,0,0,1,600,0
460.80,43,0,0,0,0,1,600,0
464.95,23,0,0,0,0,1,392,0
464.13,23,0,0,0,0,1,392,0
464.14,23,0,0,0,0,1,392,0
461.64,27,0,0,0,0,1,700,0
461.69,27,0,0,0,0,1,700,0
461.38,27,0,0,0,0,1,700,0
461.60,27,0,0,0,0,1,700,0
461.48,27,0,0,0,0,1,700,0
467.71,12,0,0,0,0,1,350,0
467.83,12,0,0,0,0,1,350,0
467.36,12,0,0,0,0,1,350,0
467.38,12,0,0,0,0,1,350,0
467.97,12,0,0,0,0,1,338,0
469.38,12,0,0,0,0,1,338,0
469.84,12,0,0,0,0,1,338,0
469.32,12,0,0,0,0,1,338,0
469.32,12,0,0,0,0,1,338,0
468.35,12,0,0,0,0,1,338,0
464.41,24,0,0,0,0,1,600,0
464.07,24,0,0,0,0,1,600,0
464.13,24,0,0,0,0,1,600,0
464.21,24,0,0,0,0,1,600,0
463.88,24,0,0,0,0,1,600,0
464.05,24,0,0,0,0,1,600,0
465.95,24,0,0,0,0,1,500,0
465.96,24,0,0,0,0,1,500,0
464.41,24,0,0,0,0,1,500,0
464.07,24,0,0,0,0,1,500,0
464.13,24,0,0,0,0,1,500,0
464.21,24,0,0,0,0,1,500,0
469.66,12,0,0,0,0,1,350,0
470.07,12,0,0,0,0,1,350,0
469.62,12,0,0,0,0,1,350,0
469.63,12,0,0,0,0,1,350,0
466.18,12,0,0,0,0,1,738,0
466.19,12,0,0,0,0,1,738,0
464.64,12,0,0,0,0,1,738,0
464.30,12,0,0,0,0,1,738,0
464.36,12,0,0,0,0,1,738,0
464.43,12,0,0,0,0,1,738,0
464.11,12,0,0,0,0,1,738,0
464.28,12,0,0,0,0,1,738,0
464.21,12,0,0,0,0,1,738,0
462.85,12,0,0,0,0,1,738,0
462.85,12,0,0,0,0,1,738,0
462.85,12,0,0,0,0,1,738,0
462.85,12,0,0,0,0,1,738,0
462.85,12,0,0,0,0,1,738,0
464.53,12,0,0,0,0,1,553,0
464.59,12,0,0,0,0,1,553,0
464.66,12,0,0,0,0,1,553,0
463.53,23,0,0,0,0,1,-375,0
463.53,23,0,0,0,0,1,-375,0
464.68,23,0,0,0,0,1,-375,0
465.19,23,0,0,0,0,1,-375,0
464.23,23,0,0,0,0,1,-375,0
464.01,23,0,0,0,0,1,-375,0
464.82,23,0,0,0,0,1,-375,0
466.09,23,0,0,0,0,1,-375,0
468.83,12,0,0,0,0,1,350,0
468.89,12,0,0,0,0,1,350,0
468.36,12,0,0,0,0,1,350,0
468.35,12,0,0,0,0,1,350,0
470.81,23,0,0,0,0,1,380,0
471.27,23,0,0,0,0,1,380,0
470.75,23,0,0,0,0,1,380,0
470.75,23,0,0,0,0,1,380,0
469.78,23,0,0,0,0,1,380,0
468.32,12,0,0,0,0,1,350,0
468.59,12,0,0,0,0,1,350,0
467.77,12,0,0,0,0,1,350,0
468.32,12,0,0,0,0,1,375,0
468.59,12,0,0,0,0,1,375,0
467.77,12,0,0,0,0,1,375,0
467.78,12,0,0,0,0,1,375,0
466.23,12,0,0,0,0,1,375,0
465.95,27,0,0,0,0,1,700,0
466.03,27,0,0,0,0,1,700,0
465.70,27,0,0,0,0,1,700,0
465.87,27,0,0,0,0,1,700,0
465.80,27,0,0,0,0,1,700,0
464.44,27,0,0,0,0,1,700,0
473.10,12,0,0,0,0,1,350,0
473.51,12,0,0,0,0,1,350,0
473.05,12,0,0,0,0,1,350,0
473.07,12,0,0,0,0,1,350,0
469.19,12,0,0,0,0,1,350,0
469.58,12,0,0,0,0,1,350,0
469.21,12,0,0,0,0,1,350,0
469.22,12,0,0,0,0,1,350,0
468.58,12,0,0,0,0,1,350,0
467.93,12,0,0,0,0,1,350,0
467.93,12,0,0,0,0,1,350,0
469.50,12,0,0,0,0,1,350,0
468.68,12,0,0,0,0,1,350,0
468.69,12,0,0,0,0,1,350,0
467.89,12,0,0,0,0,1,350,0
467.94,12,0,0,0,0,1,350,0
467.42,12,0,0,0,0,1,350,0
467.41,12,0,0,0,0,1,350,0
466.33,43,0,0,0,0,1,700,0
465.84,43,0,0,0,0,1,700,0
465.90,43,0,0,0,0,1,700,0
465.87,43,0,0,0,0,1,700,0
465.03,43,0,0,0,0,1,700,0
471.36,12,0,0,0,0,1,350,0
471.78,12,0,0,0,0,1,350,0
471.32,12,0,0,0,0,1,350,0
471.33,12,0,0,0,0,1,350,0
474.53,43,0,0,0,0,1,634,0
474.58,43,0,0,0,0,1,634,0
474.10,43,0,0,0,0,1,634,0
461.16,12,0,0,0,0,1,350,0
461.52,12,0,0,0,0,1,350,0
461.15,12,0,0,0,0,1,350,0
461.15,12,0,0,0,0,1,350,0
466.80,27,0,0,0,0,1,124,0
462.70,27,0,0,0,0,1,124,0
464.38,27,0,0,0,0,1,124,0
467.51,27,0,0,0,0,1,124,0
468.80,27,0,0,0,0,1,124,0
470.14,27,0,0,0,0,1,124,0
470.50,12,1,0,0,0,1,370,0
470.51,12,0,0,0,0,1,370,0
470.64,43,0,0,0,0,1,-88,0
468.25,43,0,0,0,0,1,-88,0
469.68,43,0,0,0,0,1,-88,0
470.77,43,0,0,0,0,1,-88,0
468.62,43,0,0,0,0,1,-88,0
477.04,12,0,0,0,0,1,738,0
477.03,12,0,0,0,0,1,738,0
476.37,12,0,0,0,0,1,738,0
475.97,12,0,0,0,0,1,738,0
476.09,12,0,0,0,0,1,738,0
476.13,12,0,0,0,0,1,738,0
475.65,12,0,0,0,0,1,738,0
475.75,12,0,0,0,0,1,738,0
475.69,12,0,0,0,0,1,738,0
474.78,12,0,0,0,0,1,738,0
474.78,12,0,0,0,0,1,738,0
474.78,12,0,0,0,0,1,738,0
474.78,12,0,0,0,0,1,738,0
474.78,12,0,0,0,0,1,738,0
468.47,24,0,0,0,0,1,-548,0
468.47,24,0,0,0,0,1,-548,0
468.47,24,0,0,0,0,1,-548,0
468.47,24,0,0,0,0,1,-548,0
473.14,12,0,0,0,0,1,360,0
472.33,12,1,0,0,0,1,360,0
472.33,12,0,0,0,0,1,360,0
473.14,23,0,0,0,0,1,392,0
472.33,23,0,0,0,0,1,392,0
472.33,23,0,0,0,0,1,392,0
474.79,23,0,0,0,0,1,392,0
474.26,23,0,0,0,0,1,392,0
474.25,23,0,0,0,0,1,392,0
476.69,43,0,0,0,0,1,600,0
476.69,43,0,0,0,0,1,600,0
475.72,43,0,0,0,0,1,600,0
475.34,43,0,0,0,0,1,600,0
475.19,43,0,0,0,0,1,600,0
475.24,43,0,0,0,0,1,600,0
474.76,43,0,0,0,0,1,600,0
474.83,43,0,0,0,0,1,600,0
474.81,43,0,0,0,0,1,600,0
473.92,43,0,0,0,0,1,600,0
473.78,12,0,0,0,0,1,350,0
474.05,12,0,0,0,0,1,350,0
473.24,12,0,0,0,0,1,350,0
473.24,12,0,0,0,0,1,350,0
473.49,12,0,0,0,0,1,350,0
473.03,12,0,0,0,0,1,350,0
473.05,12,0,0,0,0,1,350,0
467.23,43,0,0,0,0,1,350,0
466.77,43,0,0,0,0,1,350,0
466.77,43,0,0,0,0,1,350,0
475.06,43,0,0,0,0,1,600,0
475.07,43,0,0,0,0,1,600,0
473.52,43,0,0,0,0,1,600,0
473.18,43,0,0,0,0,1,600,0
473.24,43,0,0,0,0,1,600,0
473.31,43,0,0,0,0,1,600,0
472.99,43,0,0,0,0,1,600,0
473.16,43,0,0,0,0,1,600,0
473.09,43,0,0,0,0,1,600,0
471.73,43,0,0,0,0,1,600,0
473.31,27,0,0,0,0,1,700,0
472.99,27,0,0,0,0,1,700,0
473.16,27,0,0,0,0,1,700,0
473.09,27,0,0,0,0,1,700,0
471.73,27,0,0,0,0,1,700,0
474.23,27,0,0,0,0,1,700,0
473.90,27,0,0,0,0,1,700,0
474.07,27,0,0,0,0,1,700,0
474.00,27,0,0,0,0,1,700,0
472.64,27,0,0,0,0,1,700,0
472.84,27,0,0,0,0,1,700,0
472.45,27,0,0,0,0,1,700,0
472.50,27,0,0,0,0,1,700,0
472.47,27,0,0,0,0,1,700,0
471.36,27,0,0,0,0,1,700,0
477.70,24,0,0,0,0,1,450,0
476.88,24,0,0,0,0,1,450,0
476.89,24,0,0,0,0,1,450,0
475.34,24,0,0,0,0,1,450,0
475.00,24,0,0,0,0,1,450,0
475.06,24,0,0,0,0,1,450,0
477.70,12,0,0,0,0,1,330,0
476.88,12,1,0,0,0,1,330,0
477.43,12,0,0,0,0,1,350,0
477.70,12,0,0,0,0,1,350,0
476.88,12,0,0,0,0,1,350,0
476.89,12,0,0,0,0,1,350,0
477.34,12,0,0,0,0,1,738,0
477.34,12,0,0,0,0,1,738,0
475.79,12,0,0,0,0,1,738,0
475.46,12,0,0,0,0,1,738,0
475.52,12,0,0,0,0,1,738,0
475.59,12,0,0,0,0,1,738,0
475.27,12,0,0,0,0,1,738,0
475.43,12,0,0,0,0,1,738,0
475.36,12,0,0,0,0,1,738,0
474.01,12,0,0,0,0,1,738,0
474.01,12,0,0,0,0,1,738,0
474.01,12,0,0,0,0,1,738,0
474.01,12,0,0,0,0,1,738,0
474.01,12,0,0,0,0,1,738,0
475.97,27,0,0,0,0,1,700,0
476.05,27,0,0,0,0,1,700,0
475.72,27,0,0,0,0,1,700,0
475.89,27,0,0,0,0,1,700,0
475.82,27,0,0,0,0,1,700,0
474.46,27,0,0,0,0,1,700,0
478.34,23,0,0,0,0,1,380,0
478.61,23,0,0,0,0,1,380,0
477.79,23,0,0,0,0,1,380,0
477.80,23,0,0,0,0,1,380,0
476.25,23,0,0,0,0,1,380,0
475.91,23,0,0,0,0,1,380,0
467.48,12,0,0,0,0,1,350,0
467.89,12,0,0,0,0,1,350,0
467.43,12,0,0,0,0,1,350,0
467.45,12,0,0,0,0,1,350,0
471.28,12,0,0,0,0,1,350,0
470.83,12,0,0,0,0,1,350,0
470.84,12,0,0,0,0,1,350,0
476.34,12,0,0,0,0,1,350,0
476.76,12,0,0,0,0,1,350,0
476.30,12,0,0,0,0,1,350,0
476.31,12,0,0,0,0,1,350,0
478.70,12,0,0,0,0,1,392,0
478.71,12,1,0,0,0,1,392,0
477.16,12,0,0,0,0,1,392,0
479.25,12,0,0,0,0,1,350,0
479.52,12,0,0,0,0,1,350,0
478.70,12,0,0,0,0,1,350,0
478.70,43,0,0,0,0,1,600,0
478.71,43,0,0,0,0,1,600,0
477.16,43,0,0,0,0,1,600,0
476.82,43,0,0,0,0,1,600,0
476.88,43,0,0,0,0,1,600,0
476.96,43,0,0,0,0,1,600,0
476.63,43,0,0,0,0,1,600,0
476.80,43,0,0,0,0,1,600,0
476.73,43,0,0,0,0,1,600,0
475.37,43,0,0,0,0,1,600,0
478.70,12,0,0,0,0,1,738,0
478.71,12,0,0,0,0,1,738,0
477.16,12,0,0,0,0,1,738,0
476.82,12,0,0,0,0,1,738,0
476.88,12,0,0,0,0,1,738,0
476.96,12,0,0,0,0,1,738,0
476.63,12,0,0,0,0,1,738,0
476.80,12,0,0,0,0,1,738,0
476.73,12,0,0,0,0,1,738,0
475.37,12,0,0,0,0,1,738,0
475.37,12,0,0,0,0,1,738,0
475.37,12,0,0,0,0,1,738,0
475.37,12,0,0,0,0,1,738,0
475.37,12,0,0,0,0,1,738,0
472.23,12,0,0,0,0,1,350,0
471.78,12,0,0,0,0,1,350,0
471.79,12,0,0,0,0,1,350,0
484.39,12,0,0,0,0,1,350,0
484.02,12,0,0,0,0,1,350,0
484.03,12,0,0,0,0,1,350,0
476.65,43,0,0,0,0,1,345,0
476.20,43,1,0,0,0,1,345,0
479.75,43,0,0,0,0,1,-88,0
477.36,43,0,0,0,0,1,-88,0
478.78,43,0,0,0,0,1,-88,0
479.88,43,0,0,0,0,1,-88,0
477.73,43,0,0,0,0,1,-88,0
478.71,27,0,0,0,0,1,700,0
478.78,27,0,0,0,0,1,700,0
478.45,27,0,0,0,0,1,700,0
478.62,27,0,0,0,0,1,700,0
478.55,27,0,0,0,0,1,700,0
477.19,27,0,0,0,0,1,700,0
482.16,12,0,0,0,0,1,375,0
481.34,12,0,0,0,0,1,375,0
481.35,12,0,0,0,0,1,375,0
479.80,12,0,0,0,0,1,375,0
481.44,23,0,0,0,0,1,575,0
481.44,23,0,0,0,0,1,575,0
480.77,23,0,0,0,0,1,575,0
480.35,23,0,0,0,0,1,575,0
480.49,23,0,0,0,0,1,575,0
480.52,23,0,0,0,0,1,575,0
480.06,23,0,0,0,0,1,575,0
480.17,23,0,0,0,0,1,575,0
484.06,23,0,0,0,0,1,380,0
484.51,23,0,0,0,0,1,380,0
483.99,23,0,0,0,0,1,380,0
484.00,23,0,0,0,0,1,380,0
483.03,23,0,0,0,0,1,380,0
482.65,23,0,0,0,0,1,380,0
485.80,12,0,0,0,0,1,338,0
486.21,12,0,0,0,0,1,338,0
485.76,12,0,0,0,0,1,338,0
485.77,12,0,0,0,0,1,338,0
483.43,43,0,0,0,0,1,600,0
483.42,43,0,0,0,0,1,600,0
482.52,43,0,0,0,0,1,600,0
482.17,43,0,0,0,0,1,600,0
482.05,43,0,0,0,0,1,600,0
482.10,43,0,0,0,0,1,600,0
481.62,43,0,0,0,0,1,600,0
481.67,43,0,0,0,0,1,600,0
481.64,43,0,0,0,0,1,600,0
480.80,43,0,0,0,0,1,600,0
481.38,23,0,0,0,0,1,600,0
481.44,23,0,0,0,0,1,600,0
481.51,23,0,0,0,0,1,600,0
481.19,23,0,0,0,0,1,600,0
484.07,23,0,0,0,0,1,371,0
483.26,23,1,0,0,0,1,371,0
483.26,23,0,0,0,0,1,371,0
482.64,12,0,0,0,0,1,338,0
483.99,12,0,0,0,0,1,338,0
484.26,12,0,0,0,0,1,338,0
483.44,12,0,0,0,0,1,338,0
483.44,12,0,0,0,0,1,338,0
493.81,12,0,0,0,0,1,350,0
494.20,12,0,0,0,0,1,350,0
493.83,12,0,0,0,0,1,350,0
493.83,12,0,0,0,0,1,350,0
484.30,43,0,0,0,0,1,-88,0
481.91,43,0,0,0,0,1,-88,0
483.34,43,0,0,0,0,1,-88,0
484.44,43,0,0,0,0,1,-88,0
482.28,43,0,0,0,0,1,-88,0
477.06,12,0,0,0,0,1,363,0
476.54,12,0,0,0,0,1,363,0
476.55,12,0,0,0,0,1,363,0
475.57,12,0,0,0,0,1,363,0
490.19,12,0,0,0,0,1,350,0
489.73,12,0,0,0,0,1,350,0
489.75,12,0,0,0,0,1,350,0
490.61,12,0,0,0,0,1,738,0
490.61,12,0,0,0,0,1,738,0
489.94,12,0,0,0,0,1,738,0
489.52,12,0,0,0,0,1,738,0
489.67,12,0,0,0,0,1,738,0
489.70,12,0,0,0,0,1,738,0
489.23,12,0,0,0,0,1,738,0
489.35,12,0,0,0,0,1,738,0
489.28,12,0,0,0,0,1,738,0
488.32,12,0,0,0,0,1,738,0
488.32,12,0,0,0,0,1,738,0
488.32,12,0,0,0,0,1,738,0
488.32,12,0,0,0,0,1,738,0
488.32,12,0,0,0,0,1,738,0
491.08,12,0,0,0,0,1,350,0
490.71,12,0,0,0,0,1,350,0
490.72,12,0,0,0,0,1,350,0
486.99,23,0,0,0,0,1,380,0
487.26,23,0,0,0,0,1,380,0
486.44,23,0,0,0,0,1,380,0
486.45,23,0,0,0,0,1,380,0
484.90,23,0,0,0,0,1,380,0
484.57,23,0,0,0,0,1,380,0
484.35,12,0,0,0,0,1,350,0
484.74,12,0,0,0,0,1,350,0
484.37,12,0,0,0,0,1,350,0
484.38,12,0,0,0,0,1,350,0
487.81,24,0,0,0,0,1,500,0
487.82,24,0,0,0,0,1,500,0
486.27,24,0,0,0,0,1,500,0
485.93,24,0,0,0,0,1,500,0
485.99,24,0,0,0,0,1,500,0
486.07,24,0,0,0,0,1,500,0
486.98,27,0,0,0,0,1,700,0
486.65,27,0,0,0,0,1,700,0
486.82,27,0,0,0,0,1,700,0
486.75,27,0,0,0,0,1,700,0
485.39,27,0,0,0,0,1,700,0
491.46,23,0,0,0,0,1,500,0
489.91,23,0,0,0,0,1,500,0
489.58,23,0,0,0,0,1,500,0
489.63,23,0,0,0,0,1,500,0
489.91,23,0,0,0,0,1,559,0
489.58,23,0,0,0,0,1,559,0
489.63,23,0,0,0,0,1,559,0
489.71,23,0,0,0,0,1,559,0
489.38,23,0,0,0,0,1,559,0
491.28,12,0,0,0,0,1,350,0
490.91,12,0,0,0,0,1,350,0
490.91,12,0,0,0,0,1,350,0
500.47,43,0,0,0,0,1,600,0
500.47,43,0,0,0,0,1,600,0
499.50,43,0,0,0,0,1,600,0
499.13,43,0,0,0,0,1,600,0
498.98,43,0,0,0,0,1,600,0
499.03,43,0,0,0,0,1,600,0
498.55,43,0,0,0,0,1,600,0
498.62,43,0,0,0,0,1,600,0
498.60,43,0,0,0,0,1,600,0
497.70,43,0,0,0,0,1,600,0
497.28,12,0,0,0,0,1,738,0
497.33,12,0,0,0,0,1,738,0
496.03,12,0,0,0,0,1,738,0
495.77,12,0,0,0,0,1,738,0
495.90,12,0,0,0,0,1,738,0
495.99,12,0,0,0,0,1,738,0
495.61,12,0,0,0,0,1,738,0
495.66,12,0,0,0,0,1,738,0
495.66,12,0,0,0,0,1,738,0
494.46,12,0,0,0,0,1,738,0
494.46,12,0,0,0,0,1,738,0
494.46,12,0,0,0,0,1,738,0
494.46,12,0,0,0,0,1,738,0
494.46,12,0,0,0,0,1,738,0
491.49,23,0,0,0,0,1,600,0
491.34,23,0,0,0,0,1,600,0
491.39,23,0,0,0,0,1,600,0
490.91,23,0,0,0,0,1,600,0
497.46,12,1,0,0,0,1,340,0
497.73,12,0,0,0,0,1,340,0
496.92,12,0,0,0,0,1,738,0
496.92,12,0,0,0,0,1,738,0
495.37,12,0,0,0,0,1,738,0
495.04,12,0,0,0,0,1,738,0
495.10,12,0,0,0,0,1,738,0
495.17,12,0,0,0,0,1,738,0
494.85,12,0,0,0,0,1,738,0
495.01,12,0,0,0,0,1,738,0
494.94,12,0,0,0,0,1,738,0
493.59,12,0,0,0,0,1,738,0
493.59,12,0,0,0,0,1,738,0
493.59,12,0,0,0,0,1,738,0
493.59,12,0,0,0,0,1,738,0
493.59,12,0,0,0,0,1,738,0
496.39,27,0,0,0,0,1,700,0
496.44,27,0,0,0,0,1,700,0
495.95,27,0,0,0,0,1,700,0
496.02,27,0,0,0,0,1,700,0
496.00,27,0,0,0,0,1,700,0
499.65,27,0,0,0,0,1,700,0
499.73,27,0,0,0,0,1,700,0
499.40,27,0,0,0,0,1,700,0
499.57,27,0,0,0,0,1,700,0
499.50,27,0,0,0,0,1,700,0
498.14,27,0,0,0,0,1,700,0
499.05,27,0,0,0,0,1,-548,0
499.05,27,0,0,0,0,1,-548,0
499.05,27,0,0,0,0,1,-548,0
499.05,27,0,0,0,0,1,-548,0
504.21,43,0,0,0,0,1,634,0
504.28,43,0,0,0,0,1,634,0
503.95,43,0,0,0,0,1,634,0
501.12,27,0,0,0,0,1,700,0
500.64,27,0,0,0,0,1,700,0
500.71,27,0,0,0,0,1,700,0
500.69,27,0,0,0,0,1,700,0
499.80,27,0,0,0,0,1,700,0
526.05,12,0,0,0,0,1,738,0
526.06,12,0,0,0,0,1,738,0
525.09,12,0,0,0,0,1,738,0
524.71,12,0,0,0,0,1,738,0
524.56,12,0,0,0,0,1,738,0
524.61,12,0,0,0,0,1,738,0
524.13,12,0,0,0,0,1,738,0
524.20,12,0,0,0,0,1,738,0
524.18,12,0,0,0,0,1,738,0
523.29,12,0,0,0,0,1,738,0
523.29,12,0,0,0,0,1,738,0
523.29,12,0,0,0,0,1,738,0
523.29,12,0,0,0,0,1,738,0
523.29,12,0,0,0,0,1,738,0
519.05,12,0,0,0,0,1,584,0
518.72,12,0,0,0,0,1,584,0
518.78,12,0,0,0,0,1,584,0
518.85,12,0,0,0,0,1,584,0
518.53,12,0,0,0,0,1,584,0
518.69,12,0,0,0,0,1,584,0
518.51,12,0,0,0,0,1,738,0
518.50,12,0,0,0,0,1,738,0
517.48,12,0,0,0,0,1,738,0
517.18,12,0,0,0,0,1,738,0
517.44,12,0,0,0,0,1,738,0
517.50,12,0,0,0,0,1,738,0
517.12,12,0,0,0,0,1,738,0
517.23,12,0,0,0,0,1,738,0
517.13,12,0,0,0,0,1,738,0
516.03,12,0,0,0,0,1,738,0
516.03,12,0,0,0,0,1,738,0
516.03,12,0,0,0,0,1,738,0
516.03,12,0,0,0,0,1,738,0
516.03,12,0,0,0,0,1,738,0
365.00,27,1,0,0,0,1,165,0
365.00,27,0,0,0,0,1,165,0
380.60,12,0,0,0,0,1,525,0
380.60,12,0,0,0,0,1,525,0
380.60,12,0,0,0,0,1,525,0
380.60,12,0,0,0,0,1,525,0
385.50,23,0,0,0,0,1,380,0
385.50,23,0,0,0,0,1,380,0
385.50,23,0,0,0,0,1,380,0
385.50,23,0,0,0,0,1,380,0
385.50,23,0,0,0,0,1,380,0
385.50,23,0,0,0,0,1,380,0
390.00,12,0,0,0,0,1,363,0
390.00,12,0,0,0,0,1,363,0
390.00,12,0,0,0,0,1,363,0
390.00,12,0,0,0,0,1,363,0
391.00,12,0,0,0,0,1,350,0
391.00,12,1,0,0,0,1,350,0
391.00,12,0,0,0,0,1,350,0
391.00,12,0,0,0,0,1,350,0
391.00,12,0,0,0,0,1,350,0
391.00,12,0,0,0,0,1,350,0
392.82,43,0,0,0,0,1,350,0
392.82,43,0,0,0,0,1,350,0
392.82,43,0,0,0,0,1,350,0
392.82,43,0,0,0,0,1,350,0
393.00,12,0,0,0,0,1,467,0
393.00,12,0,0,0,0,1,467,0
393.00,12,0,0,0,0,1,467,0
393.00,12,0,0,0,0,1,467,0
393.00,12,0,0,0,0,1,467,0
395.50,12,0,0,0,0,1,363,0
395.50,12,0,0,0,0,1,363,0
395.50,12,0,0,0,0,1,363,0
395.50,12,0,0,0,0,1,363,0
397.00,23,0,0,0,0,1,380,0
397.00,23,0,0,0,0,1,380,0
397.00,23,0,0,0,0,1,380,0
397.00,23,0,0,0,0,1,380,0
397.00,23,0,0,0,0,1,380,0
398.00,12,0,0,0,0,1,467,0
398.00,12,0,0,0,0,1,467,0
398.00,12,0,0,0,0,1,467,0
398.00,12,0,0,0,0,1,467,0
398.00,12,0,0,0,0,1,467,0
400.00,12,0,0,0,0,1,467,0
400.00,12,0,0,0,0,1,467,0
400.00,12,0,0,0,0,1,467,0
400.00,12,0,0,0,0,1,467,0
400.00,12,0,0,0,0,1,467,0
400.50,27,0,0,0,0,1,124,0
400.50,27,0,0,0,0,1,124,0
400.50,27,0,0,0,0,1,124,0
400.50,27,0,0,0,0,1,124,0
400.50,27,0,0,0,0,1,124,0
400.50,27,0,0,0,0,1,124,0
401.00,43,1,0,0,0,1,345,0
401.00,43,0,0,0,0,1,345,0
403.00,12,0,0,0,0,1,44,0
403.00,12,1,0,0,0,1,44,0
404.00,12,0,0,0,0,1,250,0
404.00,12,0,0,0,0,1,250,0
404.00,12,0,0,0,0,1,250,0
404.00,12,0,0,0,0,1,250,0
404.00,12,0,0,0,0,1,250,0
404.00,12,0,0,0,0,1,738,0
404.00,12,0,0,0,0,1,738,0
404.00,12,0,0,0,0,1,738,0
404.00,12,0,0,0,0,1,738,0
404.00,12,0,0,0,0,1,738,0
404.00,12,0,0,0,0,1,738,0
404.00,12,0,0,0,0,1,738,0
404.00,12,0,0,0,0,1,738,0
404.00,12,0,0,0,0,1,738,0
404.00,12,0,0,0,0,1,738,0
404.00,12,0,0,0,0,1,738,0
404.00,12,0,0,0,0,1,738,0
404.00,12,0,0,0,0,1,738,0
404.00,12,0,0,0,0,1,738,0
405.00,12,0,0,0,0,1,392,0
405.00,12,0,0,0,0,1,392,0
405.00,12,0,0,0,0,1,392,0
405.00,12,0,0,0,0,1,392,0
405.00,12,0,0,0,0,1,350,0
405.00,12,0,0,0,0,1,350,0
405.00,12,0,0,0,0,1,350,0
405.00,12,0,0,0,0,1,350,0
406.00,12,0,0,0,0,1,350,0
406.00,12,0,0,0,0,1,350,0
406.00,12,0,0,0,0,1,350,0
406.00,12,0,0,0,0,1,350,0
406.40,12,0,0,0,0,1,338,0
406.40,12,0,0,0,0,1,338,0
406.40,12,0,0,0,0,1,338,0
406.40,12,0,0,0,0,1,338,0
406.40,12,0,0,0,0,1,338,0
407.00,12,0,0,0,0,1,350,0
407.00,12,1,0,0,0,1,350,0
407.00,12,0,0,0,0,1,350,0
407.00,43,0,0,0,0,1,600,0
407.00,43,0,0,0,0,1,600,0
407.00,43,0,0,0,0,1,600,0
407.00,43,0,0,0,0,1,600,0
407.00,43,0,0,0,0,1,600,0
407.00,43,0,0,0,0,1,600,0
407.00,43,0,0,0,0,1,600,0
407.00,43,0,0,0,0,1,600,0
407.00,43,0,0,0,0,1,600,0
407.00,43,0,0,0,0,1,600,0
407.00,12,0,0,0,0,1,350,0
407.00,12,0,0,0,0,1,350,0
407.00,12,0,0,0,0,1,350,0
407.00,43,1,0,0,0,1,380,0
407.00,43,1,0,0,0,1,380,0
407.00,27,0,0,0,0,1,150,0
407.00,27,1,0,0,0,1,150,0
407.38,24,0,0,0,0,1,-373,0
407.38,24,0,0,0,0,1,-373,0
407.38,24,0,0,0,0,1,-373,0
407.38,24,0,0,0,0,1,-373,0
407.38,24,0,0,0,0,1,-373,0
408.00,12,0,0,0,0,1,350,0
408.00,12,0,0,0,0,1,350,0
408.00,12,0,0,0,0,1,350,0
408.00,12,0,0,0,0,1,250,0
408.00,12,0,0,0,0,1,250,0
408.00,12,0,0,0,0,1,250,0
408.00,12,0,0,0,0,1,250,0
408.25,23,0,0,0,0,1,380,0
408.25,23,0,0,0,0,1,380,0
408.25,23,0,0,0,0,1,380,0
408.25,23,0,0,0,0,1,380,0
408.25,23,0,0,0,0,1,380,0
408.39,43,0,0,0,0,1,350,0
408.39,43,0,0,0,0,1,350,0
408.39,43,0,0,0,0,1,350,0
408.39,43,0,0,0,0,1,350,0
409.00,12,0,0,0,0,1,275,0
409.00,12,0,0,0,0,1,275,0
409.00,12,0,0,0,0,1,275,0
409.00,12,0,0,0,0,1,275,0
409.50,12,0,0,0,0,1,363,0
409.50,12,0,0,0,0,1,363,0
409.50,12,0,0,0,0,1,363,0
409.50,12,0,0,0,0,1,363,0
410.00,12,0,0,0,0,1,250,0
410.00,12,0,0,0,0,1,250,0
410.00,12,0,0,0,0,1,250,0
410.00,23,0,0,0,0,1,-423,0
410.00,23,0,0,0,0,1,-423,0
410.00,23,0,0,0,0,1,-423,0
410.00,23,0,0,0,0,1,-423,0
410.00,12,0,0,0,0,1,350,0
410.00,12,0,0,0,0,1,350,0
410.00,12,0,0,0,0,1,350,0
410.00,12,0,0,0,0,1,350,0
410.00,12,0,0,0,0,1,350,0
410.00,12,0,0,0,0,1,350,0
410.00,12,0,0,0,0,1,350,0
410.20,12,0,0,0,0,1,375,0
410.20,12,0,0,0,0,1,375,0
410.20,12,0,0,0,0,1,375,0
410.20,12,0,0,0,0,1,375,0
410.20,12,0,0,0,0,1,375,0
411.00,23,0,0,0,0,1,380,0
411.00,23,0,0,0,0,1,380,0
411.00,23,0,0,0,0,1,380,0
411.00,23,0,0,0,0,1,380,0
411.00,23,0,0,0,0,1,380,0
411.00,23,0,0,0,0,1,380,0
411.00,12,0,0,0,0,1,350,0
411.00,12,0,0,0,0,1,350,0
411.00,12,0,0,0,0,1,350,0
411.00,24,0,0,0,0,1,700,0
411.00,24,0,0,0,0,1,700,0
411.00,24,0,0,0,0,1,700,0
411.00,24,0,0,0,0,1,700,0
411.00,24,0,0,0,0,1,700,0
411.00,24,0,0,0,0,1,700,0
411.00,24,0,0,0,0,1,700,0
411.00,24,0,0,0,0,1,700,0
411.00,24,0,0,0,0,1,700,0
411.00,24,0,0,0,0,1,700,0
411.00,24,0,0,0,0,1,700,0
411.00,24,0,0,0,0,1,700,0
411.00,24,0,0,0,0,1,700,0
411.00,43,1,0,0,0,1,380,0
411.00,43,1,0,0,0,1,380,0
411.00,12,0,0,0,0,1,350,0
411.00,12,0,0,0,0,1,350,0
411.00,12,0,0,0,0,1,350,0
411.00,12,0,0,0,0,1,350,0
412.00,12,0,0,0,0,1,350,0
412.00,12,0,0,0,0,1,350,0
412.00,12,0,0,0,0,1,350,0
412.00,12,0,0,0,0,1,350,0
412.41,23,0,0,0,0,1,-503,0
412.41,23,1,0,0,0,1,-503,0
413.00,12,0,0,0,0,1,250,0
413.00,12,0,0,0,0,1,250,0
413.00,12,0,0,0,0,1,250,0
413.00,12,0,0,0,0,1,250,0
413.00,12,0,0,0,0,1,250,0
413.10,12,0,0,0,0,1,738,0
413.10,12,0,0,0,0,1,738,0
413.10,12,0,0,0,0,1,738,0
413.10,12,0,0,0,0,1,738,0
413.10,12,0,0,0,0,1,738,0
413.10,12,0,0,0,0,1,738,0
413.10,12,0,0,0,0,1,738,0
413.10,12,0,0,0,0,1,738,0
413.10,12,0,0,0,0,1,738,0
413.10,12,0,0,0,0,1,738,0
413.10,12,0,0,0,0,1,738,0
413.10,12,0,0,0,0,1,738,0
413.10,12,0,0,0,0,1,738,0
413.10,12,0,0,0,0,1,738,0
413.41,43,0,0,0,0,1,350,0
413.41,43,0,0,0,0,1,350,0
413.41,43,0,0,0,0,1,350,0
413.41,43,0,0,0,0,1,350,0
413.41,12,0,0,0,0,1,465,0
413.41,12,0,0,0,0,1,465,0
413.41,12,0,0,0,0,1,465,0
413.50,43,1,0,0,0,1,395,0
413.90,12,0,0,0,0,1,338,0
413.90,12,0,0,0,0,1,338,0
413.90,12,0,0,0,0,1,338,0
413.90,12,0,0,0,0,1,338,0
413.90,12,0,0,0,0,1,338,0
414.00,23,0,0,0,0,1,575,0
414.00,23,0,0,0,0,1,575,0
414.00,23,0,0,0,0,1,575,0
414.00,23,0,0,0,0,1,575,0
414.00,23,0,0,0,0,1,575,0
414.00,23,0,0,0,0,1,575,0
414.00,23,0,0,0,0,1,575,0
414.00,23,0,0,0,0,1,575,0
415.00,12,0,0,0,0,1,350,0
415.00,12,1,0,0,0,1,350,0
415.00,12,0,0,0,0,1,350,0
415.00,12,0,0,0,0,1,250,0
415.00,12,0,0,0,0,1,250,0
415.00,12,0,0,0,0,1,250,0
415.00,12,0,0,0,0,1,250,0
415.00,12,0,0,0,0,1,363,0
415.00,12,0,0,0,0,1,363,0
415.00,12,0,0,0,0,1,363,0
415.00,12,0,0,0,0,1,363,0
415.00,12,0,0,0,0,1,363,0
415.25,23,0,0,0,0,1,380,0
415.25,23,0,0,0,0,1,380,0
415.25,23,0,0,0,0,1,380,0
415.25,23,0,0,0,0,1,380,0
415.25,23,0,0,0,0,1,380,0
415.42,24,0,0,0,0,1,450,0
415.42,24,0,0,0,0,1,450,0
415.42,24,0,0,0,0,1,450,0
415.42,24,0,0,0,0,1,450,0
415.42,24,0,0,0,0,1,450,0
415.42,24,0,0,0,0,1,450,0
415.42,24,0,0,0,0,1,-373,0
415.42,24,0,0,0,0,1,-373,0
415.42,24,0,0,0,0,1,-373,0
415.42,24,0,0,0,0,1,-373,0
415.42,24,0,0,0,0,1,-373,0
415.50,12,0,0,0,0,1,44,0
415.50,12,1,0,0,0,1,44,0
416.00,23,0,0,0,0,1,380,0
416.00,23,0,0,0,0,1,380,0
416.00,23,0,0,0,0,1,380,0
416.00,23,0,0,0,0,1,380,0
416.00,23,0,0,0,0,1,380,0
416.00,12,0,0,0,0,1,350,0
416.00,12,0,0,0,0,1,350,0
416.00,12,0,0,0,0,1,350,0
416.00,12,0,0,0,0,1,350,0
416.00,12,0,0,0,0,1,350,0
416.00,12,0,0,0,0,1,350,0
416.00,12,0,0,0,0,1,350,0
416.00,12,0,0,0,0,1,350,0
416.00,12,0,0,0,0,1,350,0
416.00,12,0,0,0,0,1,350,0
416.25,12,0,0,0,0,1,338,0
416.25,12,0,0,0,0,1,338,0
416.25,12,0,0,0,0,1,338,0
416.25,12,0,0,0,0,1,338,0
416.43,12,0,0,0,0,1,465,0
416.43,12,0,0,0,0,1,465,0
416.43,12,0,0,0,0,1,465,0
416.43,43,0,0,0,0,1,350,0
416.43,43,0,0,0,0,1,350,0
416.43,43,0,0,0,0,1,350,0
416.80,12,0,0,0,0,1,338,0
416.80,12,0,0,0,0,1,338,0
416.80,12,0,0,0,0,1,338,0
416.80,12,0,0,0,0,1,338,0
416.80,12,0,0,0,0,1,338,0
417.00,12,0,0,0,0,1,400,0
417.00,12,1,0,0,0,1,400,0
417.00,12,0,0,0,0,1,370,0
417.00,12,1,0,0,0,1,370,0
417.00,12,0,0,0,0,1,738,0
417.00,12,0,0,0,0,1,738,0
417.00,12,0,0,0,0,1,738,0
417.00,12,0,0,0,0,1,738,0
417.00,12,0,0,0,0,1,738,0
417.00,12,0,0,0,0,1,738,0
417.00,12,0,0,0,0,1,738,0
417.00,12,0,0,0,0,1,738,0
417.00,12,0,0,0,0,1,738,0
417.00,12,0,0,0,0,1,738,0
417.00,12,0,0,0,0,1,738,0
417.00,12,0,0,0,0,1,738,0
417.00,12,0,0,0,0,1,738,0
417.00,12,0,0,0,0,1,738,0
417.00,23,0,0,0,0,1,380,0
417.00,23,0,0,0,0,1,380,0
417.00,23,0,0,0,0,1,380,0
417.00,23,0,0,0,0,1,380,0
417.00,23,0,0,0,0,1,380,0
417.30,12,0,0,0,0,1,150,0
417.30,12,0,0,0,0,1,150,0
417.30,12,0,0,0,0,1,150,0
417.50,24,0,0,0,0,1,700,0
417.50,24,0,0,0,0,1,700,0
417.50,24,0,0,0,0,1,700,0
417.50,24,0,0,0,0,1,700,0
417.50,24,0,0,0,0,1,700,0
417.50,24,0,0,0,0,1,700,0
417.50,24,0,0,0,0,1,700,0
417.50,24,0,0,0,0,1,700,0
417.50,24,0,0,0,0,1,700,0
417.50,24,0,0,0,0,1,700,0
417.50,24,0,0,0,0,1,700,0
417.50,24,0,0,0,0,1,700,0
417.50,24,0,0,0,0,1,700,0
417.95,12,1,0,0,0,1,513,0
417.95,12,0,0,0,0,1,513,0
418.00,26,0,0,0,0,1,350,0
418.00,26,0,0,0,0,1,350,0
418.00,26,0,0,0,0,1,350,0
418.00,24,0,0,0,0,1,591,0
418.00,24,0,0,0,0,1,591,0
418.00,24,0,0,0,0,1,591,0
418.00,24,0,0,0,0,1,591,0
418.00,24,0,0,0,0,1,591,0
418.00,24,0,0,0,0,1,591,0
418.00,27,0,0,0,0,1,700,0
418.00,27,0,0,0,0,1,700,0
418.00,27,0,0,0,0,1,700,0
418.00,27,0,0,0,0,1,700,0
418.00,27,0,0,0,0,1,700,0
418.00,12,0,0,0,0,1,44,0
418.00,12,1,0,0,0,1,44,0
418.00,27,0,0,0,0,1,550,0
418.00,27,0,0,0,0,1,550,0
418.00,27,0,0,0,0,1,550,0
418.00,27,0,0,0,0,1,550,0
418.00,27,0,0,0,0,1,700,0
418.00,27,0,0,0,0,1,700,0
418.00,27,0,0,0,0,1,700,0
418.00,27,0,0,0,0,1,700,0
418.00,27,0,0,0,0,1,700,0
418.00,23,0,0,0,0,1,380,0
418.00,23,0,0,0,0,1,380,0
418.00,23,0,0,0,0,1,380,0
418.00,23,0,0,0,0,1,380,0
418.00,23,0,0,0,0,1,380,0
418.50,27,0,0,0,0,1,196,0
418.50,27,0,0,0,0,1,196,0
418.50,27,0,0,0,0,1,196,0
418.50,27,0,0,0,0,1,196,0
418.50,23,0,0,0,0,1,380,0
418.50,23,0,0,0,0,1,380,0
418.50,23,0,0,0,0,1,380,0
418.50,23,0,0,0,0,1,380,0
418.50,23,0,0,0,0,1,380,0
418.50,23,0,0,0,0,1,380,0
419.00,23,0,0,0,0,1,380,0
419.00,23,0,0,0,0,1,380,0
419.00,23,0,0,0,0,1,380,0
419.00,23,0,0,0,0,1,380,0
419.00,23,0,0,0,0,1,380,0
419.00,23,0,0,0,0,1,380,0
419.00,23,0,0,0,0,1,411,0
419.00,23,1,0,0,0,1,411,0
419.00,12,0,0,0,0,1,334,0
419.00,12,0,0,0,0,1,334,0
419.00,12,0,0,0,0,1,334,0
419.00,12,0,0,0,0,1,334,0
419.05,12,0,0,0,0,1,338,0
419.05,12,0,0,0,0,1,338,0
419.05,12,0,0,0,0,1,338,0
419.05,12,0,0,0,0,1,338,0
419.05,12,0,0,0,0,1,338,0
419.25,12,0,0,0,0,1,338,0
419.25,12,0,0,0,0,1,338,0
419.25,12,0,0,0,0,1,338,0
419.25,12,0,0,0,0,1,338,0
419.44,24,0,0,0,0,1,450,0
419.44,24,0,0,0,0,1,450,0
419.44,24,0,0,0,0,1,450,0
419.44,24,0,0,0,0,1,450,0
419.44,24,0,0,0,0,1,450,0
419.50,23,0,0,0,0,1,380,0
419.50,23,0,0,0,0,1,380,0
419.50,23,0,0,0,0,1,380,0
419.50,23,0,0,0,0,1,380,0
419.50,23,0,0,0,0,1,380,0
420.00,12,1,0,0,0,1,35,0
420.00,12,0,0,0,0,1,35,0
420.00,12,0,0,0,0,1,250,0
420.00,12,0,0,0,0,1,250,0
420.00,12,0,0,0,0,1,250,0
420.00,12,0,0,0,0,1,250,0
420.50,12,0,0,0,0,1,44,0
420.50,12,1,0,0,0,1,44,0
421.00,12,0,0,0,0,1,370,0
421.00,12,1,0,0,0,1,370,0
421.00,12,0,0,0,0,1,250,0
421.00,12,0,0,0,0,1,250,0
421.00,12,0,0,0,0,1,250,0
421.00,12,0,0,0,0,1,250,0
421.00,27,0,0,0,0,1,700,0
421.00,27,0,0,0,0,1,700,0
421.00,27,0,0,0,0,1,700,0
421.00,27,0,0,0,0,1,700,0
421.00,27,0,0,0,0,1,700,0
421.05,12,0,0,0,0,1,338,0
421.05,12,0,0,0,0,1,338,0
421.05,12,0,0,0,0,1,338,0
421.05,12,0,0,0,0,1,338,0
421.95,12,0,0,0,0,1,338,0
421.95,12,0,0,0,0,1,338,0
421.95,12,0,0,0,0,1,338,0
421.95,12,0,0,0,0,1,338,0
421.95,43,0,0,0,0,1,350,0
421.95,43,0,0,0,0,1,350,0
421.95,43,0,0,0,0,1,350,0
422.00,12,0,0,0,0,1,250,0
422.00,12,0,0,0,0,1,250,0
422.00,12,0,0,0,0,1,250,0
422.00,12,0,0,0,0,1,400,0
422.00,12,0,0,0,0,1,400,0
422.00,12,0,0,0,0,1,400,0
422.00,12,0,0,0,0,1,400,0
422.00,12,0,0,0,0,1,400,0
422.00,23,0,0,0,0,1,380,0
422.00,23,0,0,0,0,1,380,0
422.00,23,0,0,0,0,1,380,0
422.00,23,0,0,0,0,1,380,0
422.00,23,0,0,0,0,1,380,0
422.00,27,0,0,0,0,1,700,0
422.00,27,0,0,0,0,1,700,0
422.00,27,0,0,0,0,1,700,0
422.00,27,0,0,0,0,1,700,0
422.00,27,0,0,0,0,1,700,0
422.00,23,0,0,0,0,1,380,0
422.00,23,0,0,0,0,1,380,0
422.00,23,0,0,0,0,1,380,0
422.00,23,0,0,0,0,1,380,0
422.00,23,0,0,0,0,1,380,0
422.00,12,0,0,0,0,1,350,0
422.00,12,0,0,0,0,1,350,0
422.00,12,0,0,0,0,1,350,0
422.00,12,0,0,0,0,1,350,0
422.00,12,0,0,0,0,1,350,0
422.00,12,0,0,0,0,1,350,0
422.00,12,0,0,0,0,1,350,0
422.00,23,0,0,0,0,1,600,0
422.00,23,0,0,0,0,1,600,0
422.00,23,0,0,0,0,1,600,0
422.00,23,0,0,0,0,1,600,0
422.25,12,0,0,0,0,1,338,0
422.25,12,0,0,0,0,1,338,0
422.25,12,0,0,0,0,1,338,0
422.25,12,0,0,0,0,1,338,0
422.25,12,0,0,0,0,1,338,0
422.26,12,0,0,0,0,1,650,0
422.26,12,0,0,0,0,1,650,0
422.26,12,0,0,0,0,1,650,0
422.26,12,0,0,0,0,1,650,0
422.50,12,0,0,0,0,1,650,0
422.50,12,0,0,0,0,1,650,0
422.50,12,0,0,0,0,1,650,0
422.50,12,0,0,0,0,1,650,0
423.00,12,0,0,0,0,1,738,0
423.00,12,0,0,0,0,1,738,0
423.00,12,0,0,0,0,1,738,0
423.00,12,0,0,0,0,1,738,0
423.00,12,0,0,0,0,1,738,0
423.00,12,0,0,0,0,1,738,0
423.00,12,0,0,0,0,1,738,0
423.00,12,0,0,0,0,1,738,0
423.00,12,0,0,0,0,1,738,0
423.00,12,0,0,0,0,1,738,0
423.00,12,0,0,0,0,1,738,0
423.00,12,0,0,0,0,1,738,0
423.00,12,0,0,0,0,1,738,0
423.00,12,0,0,0,0,1,738,0
423.00,27,0,0,0,0,1,700,0
423.00,27,0,0,0,0,1,700,0
423.00,27,0,0,0,0,1,700,0
423.00,27,0,0,0,0,1,700,0
423.00,27,0,0,0,0,1,700,0
423.00,27,0,0,0,0,1,700,0
423.00,43,0,0,0,0,1,-88,0
423.00,43,0,0,0,0,1,-88,0
423.00,43,0,0,0,0,1,-88,0
423.00,43,0,0,0,0,1,-88,0
423.46,24,0,0,0,0,1,450,0
423.46,24,0,0,0,0,1,450,0
423.46,24,0,0,0,0,1,450,0
423.46,24,0,0,0,0,1,450,0
423.46,24,0,0,0,0,1,450,0
423.46,24,0,0,0,0,1,450,0
423.46,24,0,0,0,0,1,600,0
423.46,24,0,0,0,0,1,600,0
423.46,24,0,0,0,0,1,600,0
423.46,24,0,0,0,0,1,600,0
423.46,24,0,0,0,0,1,600,0
423.46,24,0,0,0,0,1,600,0
423.96,43,0,0,0,0,1,350,0
423.96,43,0,0,0,0,1,350,0
423.96,43,0,0,0,0,1,350,0
423.96,43,0,0,0,0,1,350,0
424.00,12,0,0,0,0,1,350,0
424.00,12,0,0,0,0,1,350,0
424.00,12,0,0,0,0,1,350,0
424.00,12,0,0,0,0,1,467,0
424.00,12,0,0,0,0,1,467,0
424.00,12,0,0,0,0,1,467,0
424.00,12,0,0,0,0,1,467,0
424.00,12,0,0,0,0,1,467,0
424.00,12,0,0,0,0,1,467,0
424.00,12,0,0,0,0,1,467,0
424.00,12,0,0,0,0,1,467,0
424.00,12,0,0,0,0,1,467,0
424.00,12,0,0,0,0,1,467,0
424.00,27,0,0,0,0,1,700,0
424.00,27,0,0,0,0,1,700,0
424.00,27,0,0,0,0,1,700,0
424.00,27,0,0,0,0,1,700,0
424.00,27,0,0,0,0,1,700,0
424.00,23,0,0,0,0,1,380,0
424.00,23,0,0,0,0,1,380,0
424.00,23,0,0,0,0,1,380,0
424.00,23,0,0,0,0,1,380,0
424.00,23,0,0,0,0,1,380,0
424.00,23,0,0,0,0,1,380,0
424.00,12,0,0,0,0,1,392,0
424.00,12,0,0,0,0,1,392,0
424.00,12,0,0,0,0,1,392,0
424.00,12,0,0,0,0,1,392,0
424.00,27,0,0,0,0,1,700,0
424.00,27,0,0,0,0,1,700,0
424.00,27,0,0,0,0,1,700,0
424.00,27,0,0,0,0,1,700,0
424.00,27,0,0,0,0,1,700,0
424.00,24,0,0,0,0,1,700,0
424.00,24,0,0,0,0,1,700,0
424.00,24,0,0,0,0,1,700,0
424.00,24,0,0,0,0,1,700,0
424.00,24,0,0,0,0,1,700,0
424.00,24,0,0,0,0,1,700,0
424.00,24,0,0,0,0,1,700,0
424.00,24,0,0,0,0,1,700,0
424.00,24,0,0,0,0,1,700,0
424.00,24,0,0,0,0,1,700,0
424.00,24,0,0,0,0,1,700,0
424.00,24,0,0,0,0,1,700,0
424.00,24,0,0,0,0,1,700,0
424.47,24,0,0,0,0,1,450,0
424.47,24,0,0,0,0,1,450,0
424.47,24,0,0,0,0,1,450,0
424.47,24,0,0,0,0,1,450,0
424.47,24,0,0,0,0,1,450,0
424.47,24,0,0,0,0,1,450,0
424.47,24,0,0,0,0,1,450,0
424.47,24,0,0,0,0,1,450,0
424.47,24,0,0,0,0,1,450,0
424.47,24,0,0,0,0,1,450,0
424.50,23,0,0,0,0,1,380,0
424.50,23,0,0,0,0,1,380,0
424.50,23,0,0,0,0,1,380,0
424.50,23,0,0,0,0,1,380,0
424.50,23,0,0,0,0,1,380,0
425.00,12,0,0,0,0,1,467,0
425.00,12,0,0,0,0,1,467,0
425.00,12,0,0,0,0,1,467,0
425.00,12,0,0,0,0,1,467,0
425.00,12,0,0,0,0,1,467,0
425.00,43,0,0,0,0,1,600,0
425.00,43,0,0,0,0,1,600,0
425.00,43,0,0,0,0,1,600,0
425.00,43,0,0,0,0,1,600,0
425.00,43,0,0,0,0,1,600,0
425.00,43,0,0,0,0,1,600,0
425.00,43,0,0,0,0,1,600,0
425.00,43,0,0,0,0,1,600,0
425.00,43,0,0,0,0,1,600,0
425.00,43,0,0,0,0,1,600,0
425.00,12,0,0,0,0,1,392,0
425.00,12,1,0,0,0,1,392,0
425.00,12,0,0,0,0,1,392,0
425.00,12,0,0,0,0,1,275,0
425.00,12,0,0,0,0,1,275,0
425.00,12,0,0,0,0,1,275,0
425.00,12,0,0,0,0,1,275,0
425.00,12,0,0,0,0,1,275,0
425.00,12,0,0,0,0,1,83,0
425.00,12,0,0,0,0,1,83,0
425.00,12,0,0,0,0,1,83,0
425.00,12,0,0,0,0,1,83,0
425.00,43,0,0,0,0,1,600,0
425.00,43,0,0,0,0,1,600,0
425.00,43,0,0,0,0,1,600,0
425.00,43,0,0,0,0,1,600,0
425.00,43,0,0,0,0,1,600,0
425.00,43,0,0,0,0,1,600,0
425.00,43,0,0,0,0,1,600,0
425.00,43,0,0,0,0,1,600,0
425.00,43,0,0,0,0,1,600,0
425.00,43,0,0,0,0,1,600,0
425.00,12,0,0,0,0,1,250,0
425.00,12,0,0,0,0,1,250,0
425.00,12,0,0,0,0,1,250,0
425.00,12,0,0,0,0,1,250,0
425.00,43,1,0,0,0,1,395,0
425.00,43,0,0,0,0,1,395,0
425.00,27,0,0,0,0,1,700,0
425.00,27,0,0,0,0,1,700,0
425.00,27,0,0,0,0,1,700,0
425.00,27,0,0,0,0,1,700,0
425.00,27,0,0,0,0,1,700,0
425.00,24,0,0,0,0,1,591,0
425.00,24,0,0,0,0,1,591,0
425.00,24,0,0,0,0,1,591,0
425.00,24,0,0,0,0,1,591,0
425.00,24,0,0,0,0,1,591,0
425.00,24,0,0,0,0,1,591,0
425.00,12,0,0,0,0,1,738,0
425.00,12,0,0,0,0,1,738,0
425.00,12,0,0,0,0,1,738,0
425.00,12,0,0,0,0,1,738,0
425.00,12,0,0,0,0,1,738,0
425.00,12,0,0,0,0,1,738,0
425.00,12,0,0,0,0,1,738,0
425.00,12,0,0,0,0,1,738,0
425.00,12,0,0,0,0,1,738,0
425.00,12,0,0,0,0,1,738,0
425.00,12,0,0,0,0,1,738,0
425.00,12,0,0,0,0,1,738,0
425.00,12,0,0,0,0,1,738,0
425.00,12,0,0,0,0,1,738,0
425.47,43,0,0,0,0,1,350,0
425.47,43,0,0,0,0,1,350,0
425.47,43,0,0,0,0,1,350,0
425.47,24,0,0,0,0,1,600,0
425.47,24,0,0,0,0,1,600,0
425.47,24,0,0,0,0,1,600,0
425.47,24,0,0,0,0,1,600,0
425.47,24,0,0,0,0,1,600,0
425.47,24,0,0,0,0,1,600,0
425.47,24,0,0,0,0,1,600,0
425.47,24,0,0,0,0,1,600,0
425.47,24,0,0,0,0,1,600,0
425.47,24,0,0,0,0,1,600,0
425.47,43,0,0,0,0,1,350,0
425.47,43,0,0,0,0,1,350,0
425.47,43,0,0,0,0,1,350,0
425.47,43,0,0,0,0,1,350,0
426.00,12,0,0,0,0,1,400,0
426.00,12,1,0,0,0,1,400,0
426.00,12,0,0,0,0,1,363,0
426.00,12,0,0,0,0,1,363,0
426.00,12,0,0,0,0,1,363,0
426.00,12,0,0,0,0,1,363,0
426.00,43,0,0,0,0,1,345,0
426.00,43,1,0,0,0,1,345,0
426.48,24,0,0,0,0,1,600,0
426.48,24,0,0,0,0,1,600,0
426.48,24,0,0,0,0,1,600,0
426.48,24,0,0,0,0,1,600,0
426.48,24,0,0,0,0,1,600,0
426.48,24,0,0,0,0,1,600,0
426.48,24,0,0,0,0,1,600,0
426.48,24,0,0,0,0,1,600,0
426.48,24,0,0,0,0,1,600,0
426.48,24,0,0,0,0,1,600,0
426.50,23,0,0,0,0,1,380,0
426.50,23,0,0,0,0,1,380,0
426.50,23,0,0,0,0,1,380,0
426.50,23,0,0,0,0,1,380,0
426.50,23,0,0,0,0,1,380,0
426.50,12,0,0,0,0,1,363,0
426.50,12,0,0,0,0,1,363,0
426.50,12,0,0,0,0,1,363,0
426.50,12,0,0,0,0,1,363,0
426.65,12,0,0,0,0,1,738,0
426.65,12,0,0,0,0,1,738,0
426.65,12,0,0,0,0,1,738,0
426.65,12,0,0,0,0,1,738,0
426.65,12,0,0,0,0,1,738,0
426.65,12,0,0,0,0,1,738,0
426.65,12,0,0,0,0,1,738,0
426.65,12,0,0,0,0,1,738,0
426.65,12,0,0,0,0,1,738,0
426.65,12,0,0,0,0,1,738,0
426.65,12,0,0,0,0,1,738,0
426.65,12,0,0,0,0,1,738,0
426.65,12,0,0,0,0,1,738,0
426.65,12,0,0,0,0,1,738,0
427.00,12,0,0,0,0,1,400,0
427.00,12,1,0,0,0,1,400,0
427.00,12,0,0,0,0,1,350,0
427.00,12,0,0,0,0,1,350,0
427.00,12,0,0,0,0,1,350,0
427.10,12,0,0,0,0,1,738,0
427.10,12,0,0,0,0,1,738,0
427.10,12,0,0,0,0,1,738,0
427.10,12,0,0,0,0,1,738,0
427.10,12,0,0,0,0,1,738,0
427.10,12,0,0,0,0,1,738,0
427.10,12,0,0,0,0,1,738,0
427.10,12,0,0,0,0,1,738,0
427.10,12,0,0,0,0,1,738,0
427.10,12,0,0,0,0,1,738,0
427.10,12,0,0,0,0,1,738,0
427.10,12,0,0,0,0,1,738,0
427.10,12,0,0,0,0,1,738,0
427.10,12,0,0,0,0,1,738,0
427.48,43,0,0,0,0,1,350,0
427.48,43,0,0,0,0,1,350,0
427.48,43,0,0,0,0,1,350,0
427.48,43,0,0,0,0,1,350,0
427.48,43,0,0,0,0,1,350,0
427.48,43,0,0,0,0,1,350,0
427.48,43,0,0,0,0,1,350,0
427.48,24,0,0,0,0,1,600,0
427.48,24,0,0,0,0,1,600,0
427.48,24,0,0,0,0,1,600,0
427.48,24,0,0,0,0,1,600,0
427.48,24,0,0,0,0,1,600,0
427.75,12,0,0,0,0,1,738,0
427.75,12,0,0,0,0,1,738,0
427.75,12,0,0,0,0,1,738,0
427.75,12,0,0,0,0,1,738,0
427.75,12,0,0,0,0,1,738,0
427.75,12,0,0,0,0,1,738,0
427.75,12,0,0,0,0,1,738,0
427.75,12,0,0,0,0,1,738,0
427.75,12,0,0,0,0,1,738,0
427.75,12,0,0,0,0,1,738,0
427.75,12,0,0,0,0,1,738,0
427.75,12,0,0,0,0,1,738,0
427.75,12,0,0,0,0,1,738,0
427.75,12,0,0,0,0,1,738,0
428.00,24,0,0,0,0,1,374,0
428.00,24,0,0,0,0,1,374,0
428.00,24,0,0,0,0,1,374,0
428.00,24,0,0,0,0,1,374,0
428.00,24,0,0,0,0,1,374,0
428.00,24,0,0,0,0,1,374,0
428.00,12,0,0,0,0,1,350,0
428.00,12,0,0,0,0,1,350,0
428.00,12,0,0,0,0,1,350,0
428.00,12,0,0,0,0,1,350,0
428.00,24,0,0,0,0,1,700,0
428.00,24,0,0,0,0,1,700,0
428.00,24,0,0,0,0,1,700,0
428.00,27,0,0,0,0,1,700,0
428.00,27,0,0,0,0,1,700,0
428.00,27,0,0,0,0,1,700,0
428.00,27,0,0,0,0,1,700,0
428.00,27,0,0,0,0,1,700,0
428.00,12,0,0,0,0,1,363,0
428.00,12,0,0,0,0,1,363,0
428.00,12,0,0,0,0,1,363,0
428.00,12,0,0,0,0,1,363,0
428.00,12,0,0,0,0,1,363,0
428.00,12,0,0,0,0,1,363,0
428.00,12,0,0,0,0,1,363,0
428.00,12,0,0,0,0,1,363,0
428.00,12,0,0,0,0,1,363,0
428.00,12,0,0,0,0,1,392,0
428.00,12,1,0,0,0,1,392,0
428.00,12,0,0,0,0,1,392,0
428.00,12,0,0,0,0,1,885,0
428.00,12,0,0,0,0,1,885,0
428.00,12,0,0,0,0,1,885,0
428.00,12,0,0,0,0,1,885,0
428.00,12,0,0,0,0,1,885,0
428.35,12,0,0,0,0,1,338,0
428.35,12,0,0,0,0,1,338,0
428.35,12,0,0,0,0,1,338,0
428.35,12,0,0,0,0,1,338,0
428.49,43,0,0,0,0,1,350,0
428.49,43,0,0,0,0,1,350,0
428.49,43,0,0,0,0,1,350,0
428.49,43,0,0,0,0,1,350,0
428.49,43,0,0,0,0,1,350,0
428.49,43,0,0,0,0,1,350,0
428.49,43,0,0,0,0,1,350,0
428.49,43,0,0,0,0,1,350,0
428.49,43,0,0,0,0,1,350,0
428.49,43,0,0,0,0,1,350,0
428.49,43,0,0,0,0,1,350,0
428.49,43,0,0,0,0,1,350,0
428.49,23,1,0,0,0,1,-360,0
428.49,23,0,0,0,0,1,-360,0
428.50,43,1,0,0,0,1,380,0
428.50,43,1,0,0,0,1,380,0
428.50,12,0,0,0,0,1,334,0
428.50,12,0,0,0,0,1,334,0
428.50,12,0,0,0,0,1,334,0
428.50,12,0,0,0,0,1,334,0
428.65,12,0,0,0,0,1,738,0
428.65,12,0,0,0,0,1,738,0
428.65,12,0,0,0,0,1,738,0
428.65,12,0,0,0,0,1,738,0
428.65,12,0,0,0,0,1,738,0
428.65,12,0,0,0,0,1,738,0
428.65,12,0,0,0,0,1,738,0
428.65,12,0,0,0,0,1,738,0
428.65,12,0,0,0,0,1,738,0
428.65,12,0,0,0,0,1,738,0
428.65,12,0,0,0,0,1,738,0
428.65,12,0,0,0,0,1,738,0
428.65,12,0,0,0,0,1,738,0
428.65,12,0,0,0,0,1,738,0
428.80,12,0,0,0,0,1,738,0
428.80,12,0,0,0,0,1,738,0
428.80,12,0,0,0,0,1,738,0
428.80,12,0,0,0,0,1,738,0
428.80,12,0,0,0,0,1,738,0
428.80,12,0,0,0,0,1,738,0
428.80,12,0,0,0,0,1,738,0
428.80,12,0,0,0,0,1,738,0
428.80,12,0,0,0,0,1,738,0
428.80,12,0,0,0,0,1,738,0
428.80,12,0,0,0,0,1,738,0
428.80,12,0,0,0,0,1,738,0
428.80,12,0,0,0,0,1,738,0
428.80,12,0,0,0,0,1,738,0
429.00,12,0,0,0,0,1,467,0
429.00,12,0,0,0,0,1,467,0
429.00,12,0,0,0,0,1,467,0
429.00,12,0,0,0,0,1,467,0
429.00,12,0,0,0,0,1,467,0
429.00,23,0,0,0,0,1,380,0
429.00,23,0,0,0,0,1,380,0
429.00,23,0,0,0,0,1,380,0
429.00,23,0,0,0,0,1,380,0
429.00,23,0,0,0,0,1,380,0
429.00,23,0,0,0,0,1,380,0
429.00,27,0,0,0,0,1,700,0
429.00,27,0,0,0,0,1,700,0
429.00,27,0,0,0,0,1,700,0
429.00,27,0,0,0,0,1,700,0
429.00,27,0,0,0,0,1,700,0
429.00,12,0,0,0,0,1,738,0
429.00,12,0,0,0,0,1,738,0
429.00,12,0,0,0,0,1,738,0
429.00,12,0,0,0,0,1,738,0
429.00,12,0,0,0,0,1,738,0
429.00,12,0,0,0,0,1,738,0
429.00,12,0,0,0,0,1,738,0
429.00,12,0,0,0,0,1,738,0
429.00,12,0,0,0,0,1,738,0
429.00,12,0,0,0,0,1,738,0
429.00,12,0,0,0,0,1,738,0
429.00,12,0,0,0,0,1,738,0
429.00,12,0,0,0,0,1,738,0
429.00,12,0,0,0,0,1,738,0
429.00,12,0,0,0,0,1,363,0
429.00,12,0,0,0,0,1,363,0
429.00,12,0,0,0,0,1,363,0
429.00,12,0,0,0,0,1,363,0
429.20,12,0,0,0,0,1,338,0
429.20,12,0,0,0,0,1,338,0
429.20,12,0,0,0,0,1,338,0
429.20,12,0,0,0,0,1,338,0
429.20,12,0,0,0,0,1,338,0
429.49,23,0,0,0,0,1,-423,0
429.49,23,1,0,0,0,1,-423,0
429.50,23,1,0,0,0,1,290,0
429.50,23,0,0,0,0,1,290,0
429.50,12,0,0,0,0,1,44,0
429.50,12,1,0,0,0,1,44,0
429.99,43,0,0,0,0,1,350,0
429.99,43,0,0,0,0,1,350,0
429.99,43,0,0,0,0,1,350,0
429.99,43,0,0,0,0,1,350,0
430.00,12,0,0,0,0,1,360,0
430.00,12,0,0,0,0,1,360,0
430.00,12,0,0,0,0,1,360,0
430.00,12,1,0,0,0,1,400,0
430.00,12,0,0,0,0,1,400,0
430.00,12,0,0,0,0,1,467,0
430.00,12,0,0,0,0,1,467,0
430.00,12,0,0,0,0,1,467,0
430.00,12,0,0,0,0,1,467,0
430.00,12,0,0,0,0,1,467,0
430.00,12,1,0,0,0,1,370,0
430.00,12,0,0,0,0,1,370,0
430.00,27,0,0,0,0,1,700,0
430.00,27,0,0,0,0,1,700,0
430.00,27,0,0,0,0,1,700,0
430.00,27,0,0,0,0,1,700,0
430.00,27,0,0,0,0,1,700,0
430.00,27,0,0,0,0,1,700,0
430.00,12,0,0,0,0,1,363,0
430.00,12,0,0,0,0,1,363,0
430.00,12,0,0,0,0,1,363,0
430.00,12,0,0,0,0,1,363,0
430.00,12,0,0,0,0,1,363,0
430.00,12,0,0,0,0,1,350,0
430.00,12,0,0,0,0,1,350,0
430.00,12,0,0,0,0,1,350,0
430.00,12,0,0,0,0,1,350,0
430.00,12,0,0,0,0,1,350,0
430.00,12,0,0,0,0,1,350,0
430.00,23,1,0,0,0,1,364,0
430.00,23,0,0,0,0,1,364,0
430.00,12,0,0,0,0,1,334,0
430.00,12,0,0,0,0,1,334,0
430.00,12,0,0,0,0,1,334,0
430.00,12,0,0,0,0,1,334,0
430.00,27,0,0,0,0,1,450,0
430.00,27,0,0,0,0,1,450,0
430.00,27,0,0,0,0,1,450,0
430.00,12,0,0,0,0,1,738,0
430.00,12,0,0,0,0,1,738,0
430.00,12,0,0,0,0,1,738,0
430.00,12,0,0,0,0,1,738,0
430.00,12,0,0,0,0,1,738,0
430.00,12,0,0,0,0,1,738,0
430.00,12,0,0,0,0,1,738,0
430.00,12,0,0,0,0,1,738,0
430.00,12,0,0,0,0,1,738,0
430.00,12,0,0,0,0,1,738,0
430.00,12,0,0,0,0,1,738,0
430.00,12,0,0,0,0,1,738,0
430.00,12,0,0,0,0,1,738,0
430.00,12,0,0,0,0,1,738,0
430.20,12,0,0,0,0,1,738,0
430.20,12,0,0,0,0,1,738,0
430.20,12,0,0,0,0,1,738,0
430.20,12,0,0,0,0,1,738,0
430.20,12,0,0,0,0,1,738,0
430.20,12,0,0,0,0,1,738,0
430.20,12,0,0,0,0,1,738,0
430.20,12,0,0,0,0,1,738,0
430.20,12,0,0,0,0,1,738,0
430.20,12,0,0,0,0,1,738,0
430.20,12,0,0,0,0,1,738,0
430.20,12,0,0,0,0,1,738,0
430.20,12,0,0,0,0,1,738,0
430.20,12,0,0,0,0,1,738,0
430.80,12,0,0,0,0,1,738,0
430.80,12,0,0,0,0,1,738,0
430.80,12,0,0,0,0,1,738,0
430.80,12,0,0,0,0,1,738,0
430.80,12,0,0,0,0,1,738,0
430.80,12,0,0,0,0,1,738,0
430.80,12,0,0,0,0,1,738,0
430.80,12,0,0,0,0,1,738,0
430.80,12,0,0,0,0,1,738,0
430.80,12,0,0,0,0,1,738,0
430.80,12,0,0,0,0,1,738,0
430.80,12,0,0,0,0,1,738,0
430.80,12,0,0,0,0,1,738,0
430.80,12,0,0,0,0,1,738,0
430.95,12,0,0,0,0,1,338,0
430.95,12,0,0,0,0,1,338,0
430.95,12,0,0,0,0,1,338,0
430.95,12,0,0,0,0,1,338,0
431.00,43,0,0,0,0,1,350,0
431.00,43,0,0,0,0,1,350,0
431.00,43,0,0,0,0,1,350,0
431.00,43,0,0,0,0,1,350,0
431.00,43,0,0,0,0,1,350,0
431.00,43,0,0,0,0,1,350,0
431.00,43,0,0,0,0,1,350,0
431.00,12,0,0,0,0,1,650,0
431.00,12,0,0,0,0,1,650,0
431.00,12,0,0,0,0,1,650,0
431.00,12,0,0,0,0,1,650,0
431.00,12,0,0,0,0,1,738,0
431.00,12,0,0,0,0,1,738,0
431.00,12,0,0,0,0,1,738,0
431.00,12,0,0,0,0,1,738,0
431.00,12,0,0,0,0,1,738,0
431.00,12,0,0,0,0,1,738,0
431.00,12,0,0,0,0,1,738,0
431.00,12,0,0,0,0,1,738,0
431.00,12,0,0,0,0,1,738,0
431.00,12,0,0,0,0,1,738,0
431.00,12,0,0,0,0,1,738,0
431.00,12,0,0,0,0,1,738,0
431.00,12,0,0,0,0,1,738,0
431.00,12,0,0,0,0,1,738,0
431.00,12,0,0,0,0,1,44,0
431.00,12,1,0,0,0,1,44,0
431.00,12,0,0,0,0,1,738,0
431.00,12,0,0,0,0,1,738,0
431.00,12,0,0,0,0,1,738,0
431.00,12,0,0,0,0,1,738,0
431.00,12,0,0,0,0,1,738,0
431.00,12,0,0,0,0,1,738,0
431.00,12,0,0,0,0,1,738,0
431.00,12,0,0,0,0,1,738,0
431.00,12,0,0,0,0,1,738,0
431.00,12,0,0,0,0,1,738,0
431.00,12,0,0,0,0,1,738,0
431.00,12,0,0,0,0,1,738,0
431.00,12,0,0,0,0,1,738,0
431.00,12,0,0,0,0,1,738,0
431.00,12,0,0,0,0,1,250,0
431.00,12,0,0,0,0,1,250,0
431.00,12,0,0,0,0,1,250,0
431.00,12,0,0,0,0,1,250,0
431.00,27,0,0,0,0,1,700,0
431.00,27,0,0,0,0,1,700,0
431.00,27,0,0,0,0,1,700,0
431.00,27,0,0,0,0,1,700,0
431.00,27,0,0,0,0,1,700,0
431.00,27,0,0,0,0,1,700,0
431.00,24,0,0,0,0,1,500,0
431.00,24,0,0,0,0,1,500,0
431.00,24,0,0,0,0,1,500,0
431.00,24,0,0,0,0,1,500,0
431.00,24,0,0,0,0,1,500,0
431.00,24,0,0,0,0,1,500,0
431.00,12,0,0,0,0,1,83,0
431.00,12,0,0,0,0,1,83,0
431.00,12,0,0,0,0,1,83,0
431.00,12,0,0,0,0,1,350,0
431.00,12,0,0,0,0,1,350,0
431.00,12,0,0,0,0,1,350,0
431.00,12,0,0,0,0,1,392,0
431.00,12,1,0,0,0,1,392,0
431.00,12,0,0,0,0,1,392,0
431.50,43,0,0,0,0,1,350,0
431.50,43,0,0,0,0,1,350,0
431.50,43,0,0,0,0,1,350,0
431.50,43,0,0,0,0,1,350,0
431.50,12,0,0,0,0,1,363,0
431.50,12,0,0,0,0,1,363,0
431.50,12,0,0,0,0,1,363,0
431.50,12,0,0,0,0,1,363,0
431.50,12,0,0,0,0,1,738,0
431.50,12,0,0,0,0,1,738,0
431.50,12,0,0,0,0,1,738,0
431.50,12,0,0,0,0,1,738,0
431.50,12,0,0,0,0,1,738,0
431.50,12,0,0,0,0,1,738,0
431.50,12,0,0,0,0,1,738,0
431.50,12,0,0,0,0,1,738,0
431.50,12,0,0,0,0,1,738,0
431.50,12,0,0,0,0,1,738,0
431.50,12,0,0,0,0,1,738,0
431.50,12,0,0,0,0,1,738,0
431.50,12,0,0,0,0,1,738,0
431.50,12,0,0,0,0,1,738,0
431.65,12,0,0,0,0,1,338,0
431.65,12,0,0,0,0,1,338,0
431.65,12,0,0,0,0,1,338,0
431.65,12,0,0,0,0,1,338,0
432.00,43,0,0,0,0,1,345,0
432.00,43,1,0,0,0,1,345,0
432.00,12,1,0,0,0,1,400,0
432.00,12,1,0,0,0,1,370,0
432.00,12,0,0,0,0,1,370,0
432.00,43,0,0,0,0,1,600,0
432.00,43,0,0,0,0,1,600,0
432.00,43,0,0,0,0,1,600,0
432.00,43,0,0,0,0,1,600,0
432.00,43,0,0,0,0,1,600,0
432.00,43,0,0,0,0,1,600,0
432.00,43,0,0,0,0,1,600,0
432.00,43,0,0,0,0,1,600,0
432.00,43,0,0,0,0,1,600,0
432.00,43,0,0,0,0,1,600,0
432.00,12,0,0,0,0,1,350,0
432.00,12,0,0,0,0,1,350,0
432.00,12,0,0,0,0,1,350,0
432.00,27,0,0,0,0,1,700,0
432.00,27,0,0,0,0,1,700,0
432.00,27,0,0,0,0,1,700,0
432.00,27,0,0,0,0,1,700,0
432.00,27,0,0,0,0,1,700,0
432.00,43,0,0,0,0,1,600,0
432.00,43,0,0,0,0,1,600,0
432.00,43,0,0,0,0,1,600,0
432.00,43,0,0,0,0,1,600,0
432.00,43,0,0,0,0,1,600,0
432.00,43,0,0,0,0,1,600,0
432.00,43,0,0,0,0,1,600,0
432.00,43,0,0,0,0,1,600,0
432.00,43,0,0,0,0,1,600,0
432.00,43,0,0,0,0,1,600,0
432.00,12,0,0,0,0,1,350,0
432.00,12,0,0,0,0,1,350,0
432.00,12,0,0,0,0,1,350,0
432.00,43,1,0,0,0,1,380,0
432.00,43,1,0,0,0,1,380,0
432.00,43,1,0,0,0,1,380,0
432.00,43,1,0,0,0,1,380,0
432.25,12,0,0,0,0,1,200,0
432.25,12,0,0,0,0,1,200,0
432.25,12,0,0,0,0,1,200,0
432.25,12,0,0,0,0,1,200,0
432.25,12,0,0,0,0,1,200,0
432.50,23,0,0,0,0,1,380,0
432.50,23,0,0,0,0,1,380,0
432.50,23,0,0,0,0,1,380,0
432.50,23,0,0,0,0,1,380,0
432.50,23,0,0,0,0,1,380,0
432.50,23,0,0,0,0,1,380,0
432.50,12,0,0,0,0,1,338,0
432.50,12,0,0,0,0,1,338,0
432.50,12,0,0,0,0,1,338,0
432.50,12,0,0,0,0,1,338,0
432.50,12,0,0,0,0,1,338,0
432.50,23,1,0,0,0,1,-360,0
432.50,23,0,0,0,0,1,-360,0
432.50,43,0,0,0,0,1,350,0
432.50,43,0,0,0,0,1,350,0
432.50,43,0,0,0,0,1,350,0
432.50,24,0,0,0,0,1,600,0
432.50,24,0,0,0,0,1,600,0
432.50,24,0,0,0,0,1,600,0
432.50,24,0,0,0,0,1,600,0
432.50,24,0,0,0,0,1,600,0
432.50,43,0,0,0,0,1,350,0
432.50,43,0,0,0,0,1,350,0
432.50,43,0,0,0,0,1,350,0
432.50,43,0,0,0,0,1,350,0
432.50,23,1,0,0,0,1,-360,0
432.50,23,0,0,0,0,1,-360,0
432.70,12,0,0,0,0,1,338,0
432.70,12,0,0,0,0,1,338,0
432.70,12,0,0,0,0,1,338,0
432.70,12,0,0,0,0,1,338,0
433.00,12,0,0,0,0,1,250,0
433.00,12,0,0,0,0,1,250,0
433.00,12,0,0,0,0,1,250,0
433.00,12,0,0,0,0,1,250,0
433.00,12,0,0,0,0,1,392,0
433.00,12,1,0,0,0,1,392,0
433.00,12,0,0,0,0,1,738,0
433.00,12,0,0,0,0,1,738,0
433.00,12,0,0,0,0,1,738,0
433.00,12,0,0,0,0,1,738,0
433.00,12,0,0,0,0,1,738,0
433.00,12,0,0,0,0,1,738,0
433.00,12,0,0,0,0,1,738,0
433.00,12,0,0,0,0,1,738,0
433.00,12,0,0,0,0,1,738,0
433.00,12,0,0,0,0,1,738,0
433.00,12,0,0,0,0,1,738,0
433.00,12,0,0,0,0,1,738,0
433.00,12,0,0,0,0,1,738,0
433.00,12,0,0,0,0,1,738,0
433.00,12,0,0,0,0,1,250,0
433.00,12,0,0,0,0,1,250,0
433.00,12,0,0,0,0,1,250,0
433.00,12,0,0,0,0,1,250,0
433.00,12,0,0,0,0,1,250,0
433.00,12,0,0,0,0,1,350,0
433.00,12,0,0,0,0,1,350,0
433.00,12,0,0,0,0,1,350,0
433.00,12,0,0,0,0,1,350,0
433.00,27,0,0,0,0,1,700,0
433.00,27,0,0,0,0,1,700,0
433.00,27,0,0,0,0,1,700,0
433.00,27,0,0,0,0,1,700,0
433.00,27,0,0,0,0,1,700,0
433.50,43,0,0,0,0,1,700,0
433.50,43,0,0,0,0,1,700,0
433.50,43,0,0,0,0,1,700,0
433.50,43,0,0,0,0,1,700,0
433.50,43,0,0,0,0,1,700,0
433.50,23,0,0,0,0,1,380,0
433.50,23,0,0,0,0,1,380,0
433.50,23,0,0,0,0,1,380,0
433.50,23,0,0,0,0,1,380,0
433.50,23,0,0,0,0,1,380,0
433.51,24,0,0,0,0,1,600,0
433.51,24,0,0,0,0,1,600,0
433.51,24,0,0,0,0,1,600,0
433.51,24,0,0,0,0,1,600,0
433.51,24,0,0,0,0,1,600,0
433.51,24,0,0,0,0,1,600,0
433.51,24,0,0,0,0,1,600,0
433.51,24,0,0,0,0,1,600,0
433.51,24,0,0,0,0,1,600,0
433.51,24,0,0,0,0,1,600,0
433.51,24,0,0,0,0,1,600,0
433.65,12,0,0,0,0,1,338,0
433.65,12,0,0,0,0,1,338,0
433.65,12,0,0,0,0,1,338,0
433.65,12,0,0,0,0,1,338,0
434.00,12,0,0,0,0,1,360,0
434.00,12,0,0,0,0,1,360,0
434.00,12,0,0,0,0,1,360,0
434.00,12,1,0,0,0,1,390,0
434.00,12,0,0,0,0,1,390,0
434.00,12,0,0,0,0,1,467,0
434.00,12,0,0,0,0,1,467,0
434.00,12,0,0,0,0,1,467,0
434.00,12,0,0,0,0,1,467,0
434.00,12,0,0,0,0,1,467,0
434.00,23,0,0,0,0,1,380,0
434.00,23,0,0,0,0,1,380,0
434.00,23,0,0,0,0,1,380,0
434.00,23,0,0,0,0,1,380,0
434.00,23,0,0,0,0,1,380,0
434.00,23,0,0,0,0,1,380,0
434.00,43,0,0,0,0,1,600,0
434.00,43,0,0,0,0,1,600,0
434.00,43,0,0,0,0,1,600,0
434.00,43,0,0,0,0,1,600,0
434.00,43,0,0,0,0,1,600,0
434.00,43,0,0,0,0,1,600,0
434.00,43,0,0,0,0,1,600,0
434.00,43,0,0,0,0,1,600,0
434.00,43,0,0,0,0,1,600,0
434.00,43,0,0,0,0,1,600,0
434.00,12,0,0,0,0,1,350,0
434.00,12,0,0,0,0,1,350,0
434.00,12,0,0,0,0,1,350,0
434.00,23,0,0,0,0,1,380,0
434.00,23,0,0,0,0,1,380,0
434.00,23,0,0,0,0,1,380,0
434.00,23,0,0,0,0,1,380,0
434.00,23,0,0,0,0,1,380,0
434.00,23,0,0,0,0,1,380,0
434.00,12,0,0,0,0,1,350,0
434.00,12,0,0,0,0,1,350,0
434.00,12,0,0,0,0,1,350,0
434.00,12,0,0,0,0,1,350,0
434.00,12,0,0,0,0,1,350,0
434.00,12,0,0,0,0,1,350,0
434.00,12,0,0,0,0,1,350,0
434.00,12,0,0,0,0,1,350,0
434.50,12,0,0,0,0,1,738,0
434.50,12,0,0,0,0,1,738,0
434.50,12,0,0,0,0,1,738,0
434.50,12,0,0,0,0,1,738,0
434.50,12,0,0,0,0,1,738,0
434.50,12,0,0,0,0,1,738,0
434.50,12,0,0,0,0,1,738,0
434.50,12,0,0,0,0,1,738,0
434.50,12,0,0,0,0,1,738,0
434.50,12,0,0,0,0,1,738,0
434.50,12,0,0,0,0,1,738,0
434.50,12,0,0,0,0,1,738,0
434.50,12,0,0,0,0,1,738,0
434.50,12,0,0,0,0,1,738,0
434.51,24,0,0,0,0,1,-373,0
434.51,24,0,0,0,0,1,-373,0
434.51,24,0,0,0,0,1,-373,0
434.51,24,0,0,0,0,1,-373,0
434.51,24,0,0,0,0,1,-373,0
434.51,24,0,0,0,0,1,-373,0
434.75,12,0,0,0,0,1,738,0
434.75,12,0,0,0,0,1,738,0
434.75,12,0,0,0,0,1,738,0
434.75,12,0,0,0,0,1,738,0
434.75,12,0,0,0,0,1,738,0
434.75,12,0,0,0,0,1,738,0
434.75,12,0,0,0,0,1,738,0
434.75,12,0,0,0,0,1,738,0
434.75,12,0,0,0,0,1,738,0
434.75,12,0,0,0,0,1,738,0
434.75,12,0,0,0,0,1,738,0
434.75,12,0,0,0,0,1,738,0
434.75,12,0,0,0,0,1,738,0
434.75,12,0,0,0,0,1,738,0
434.75,12,0,0,0,0,1,338,0
434.75,12,0,0,0,0,1,338,0
434.75,12,0,0,0,0,1,338,0
434.75,12,0,0,0,0,1,338,0
435.00,12,0,0,0,0,1,317,0
435.00,12,0,0,0,0,1,317,0
435.00,12,0,0,0,0,1,317,0
435.00,12,0,0,0,0,1,317,0
435.00,12,0,0,0,0,1,317,0
435.00,12,0,0,0,0,1,317,0
435.00,12,0,0,0,0,1,317,0
435.00,12,0,0,0,0,1,317,0
435.00,12,0,0,0,0,1,317,0
435.00,12,0,0,0,0,1,317,0
435.00,12,1,0,0,0,1,330,0
435.00,12,0,0,0,0,1,330,0
435.00,12,0,0,0,0,1,350,0
435.00,12,1,0,0,0,1,350,0
435.00,12,0,0,0,0,1,350,0
435.00,12,0,0,0,0,1,350,0
435.00,12,0,0,0,0,1,350,0
435.00,12,0,0,0,0,1,350,0
435.00,12,1,0,0,0,1,370,0
435.00,12,0,0,0,0,1,370,0
435.00,43,0,0,0,0,1,600,0
435.00,43,0,0,0,0,1,600,0
435.00,43,0,0,0,0,1,600,0
435.00,43,0,0,0,0,1,600,0
435.00,43,0,0,0,0,1,600,0
435.00,43,0,0,0,0,1,600,0
435.00,43,0,0,0,0,1,600,0
435.00,43,0,0,0,0,1,600,0
435.00,43,0,0,0,0,1,600,0
435.00,43,0,0,0,0,1,600,0
435.00,27,0,0,0,0,1,-373,0
435.00,27,0,0,0,0,1,-373,0
435.00,27,0,0,0,0,1,-373,0
435.00,27,0,0,0,0,1,-373,0
435.00,27,0,0,0,0,1,-373,0
435.00,27,0,0,0,0,1,-373,0
435.00,27,0,0,0,0,1,-373,0
435.00,27,0,0,0,0,1,-373,0
435.00,27,0,0,0,0,1,-373,0
435.00,27,0,0,0,0,1,-373,0
435.00,27,0,0,0,0,1,-373,0
435.00,27,0,0,0,0,1,196,0
435.00,27,0,0,0,0,1,196,0
435.00,27,0,0,0,0,1,196,0
435.00,27,0,0,0,0,1,196,0
435.00,12,0,0,0,0,1,350,0
435.00,12,0,0,0,0,1,350,0
435.00,12,0,0,0,0,1,350,0
435.00,12,0,0,0,0,1,350,0
435.00,43,0,0,0,0,1,600,0
435.00,43,0,0,0,0,1,600,0
435.00,43,0,0,0,0,1,600,0
435.00,43,0,0,0,0,1,600,0
435.00,43,0,0,0,0,1,600,0
435.00,43,0,0,0,0,1,600,0
435.00,43,0,0,0,0,1,600,0
435.00,43,0,0,0,0,1,600,0
435.00,43,0,0,0,0,1,600,0
435.00,43,0,0,0,0,1,600,0
435.00,12,0,0,0,0,1,275,0
435.00,12,0,0,0,0,1,275,0
435.00,12,0,0,0,0,1,275,0
435.00,12,0,0,0,0,1,275,0
435.00,12,0,0,0,0,1,275,0
435.00,12,0,0,0,0,1,338,0
435.00,12,0,0,0,0,1,338,0
435.00,12,0,0,0,0,1,338,0
435.00,12,0,0,0,0,1,338,0
435.00,12,0,0,0,0,1,338,0
435.00,12,0,0,0,0,1,338,0
435.00,22,0,0,0,0,1,-117,0
435.00,22,0,0,0,0,1,-117,0
435.00,22,0,0,0,0,1,-117,0
435.00,22,0,0,0,0,1,-117,0
435.02,43,0,0,0,0,1,350,0
435.02,43,0,0,0,0,1,350,0
435.02,43,0,0,0,0,1,350,0
435.20,12,0,0,0,0,1,150,0
435.20,12,0,0,0,0,1,150,0
435.20,12,0,0,0,0,1,150,0
435.20,12,0,0,0,0,1,738,0
435.20,12,0,0,0,0,1,738,0
435.20,12,0,0,0,0,1,738,0
435.20,12,0,0,0,0,1,738,0
435.20,12,0,0,0,0,1,738,0
435.20,12,0,0,0,0,1,738,0
435.20,12,0,0,0,0,1,738,0
435.20,12,0,0,0,0,1,738,0
435.20,12,0,0,0,0,1,738,0
435.20,12,0,0,0,0,1,738,0
435.20,12,0,0,0,0,1,738,0
435.20,12,0,0,0,0,1,738,0
435.20,12,0,0,0,0,1,738,0
435.20,12,0,0,0,0,1,738,0
435.52,43,0,0,0,0,1,350,0
435.52,43,0,0,0,0,1,350,0
435.52,43,0,0,0,0,1,350,0
435.52,24,0,0,0,0,1,450,0
435.52,24,0,0,0,0,1,450,0
435.52,24,0,0,0,0,1,450,0
435.52,24,0,0,0,0,1,450,0
435.52,24,0,0,0,0,1,450,0
435.52,24,0,0,0,0,1,450,0
435.95,12,0,0,0,0,1,338,0
435.95,12,0,0,0,0,1,338,0
435.95,12,0,0,0,0,1,338,0
435.95,12,0,0,0,0,1,338,0
435.95,12,0,0,0,0,1,338,0
435.95,12,0,0,0,0,1,338,0
436.00,23,0,0,0,0,1,362,0
436.00,23,1,0,0,0,1,362,0
436.00,23,0,0,0,0,1,362,0
436.00,12,1,0,0,0,1,35,0
436.00,12,0,0,0,0,1,35,0
436.00,12,0,0,0,0,1,738,0
436.00,12,0,0,0,0,1,738,0
436.00,12,0,0,0,0,1,738,0
436.00,12,0,0,0,0,1,738,0
436.00,12,0,0,0,0,1,738,0
436.00,12,0,0,0,0,1,738,0
436.00,12,0,0,0,0,1,738,0
436.00,12,0,0,0,0,1,738,0
436.00,12,0,0,0,0,1,738,0
436.00,12,0,0,0,0,1,738,0
436.00,12,0,0,0,0,1,738,0
436.00,12,0,0,0,0,1,738,0
436.00,12,0,0,0,0,1,738,0
436.00,12,0,0,0,0,1,738,0
436.00,12,0,0,0,0,1,738,0
436.00,12,0,0,0,0,1,738,0
436.00,12,0,0,0,0,1,738,0
436.00,12,0,0,0,0,1,738,0
436.00,12,0,0,0,0,1,738,0
436.00,12,0,0,0,0,1,738,0
436.00,12,0,0,0,0,1,738,0
436.00,12,0,0,0,0,1,738,0
436.00,12,0,0,0,0,1,738,0
436.00,12,0,0,0,0,1,738,0
436.00,12,0,0,0,0,1,738,0
436.00,12,0,0,0,0,1,738,0
436.00,12,0,0,0,0,1,738,0
436.00,12,0,0,0,0,1,738,0
436.00,12,0,0,0,0,1,350,0
436.00,12,0,0,0,0,1,350,0
436.00,12,0,0,0,0,1,350,0
436.00,12,0,0,0,0,1,738,0
436.00,12,0,0,0,0,1,738,0
436.00,12,0,0,0,0,1,738,0
436.00,12,0,0,0,0,1,738,0
436.00,12,0,0,0,0,1,738,0
436.00,12,0,0,0,0,1,738,0
436.00,12,0,0,0,0,1,738,0
436.00,12,0,0,0,0,1,738,0
436.00,12,0,0,0,0,1,738,0
436.00,12,0,0,0,0,1,738,0
436.00,12,0,0,0,0,1,738,0
436.00,12,0,0,0,0,1,738,0
436.00,12,0,0,0,0,1,738,0
436.00,12,0,0,0,0,1,738,0
436.10,12,0,0,0,0,1,338,0
436.10,12,0,0,0,0,1,338,0
436.10,12,0,0,0,0,1,338,0
436.10,12,0,0,0,0,1,338,0
436.52,43,0,0,0,0,1,350,0
436.52,43,0,0,0,0,1,350,0
436.52,43,0,0,0,0,1,350,0
436.52,43,0,0,0,0,1,350,0
436.52,43,0,0,0,0,1,350,0
436.52,43,0,0,0,0,1,350,0
436.52,43,0,0,0,0,1,350,0
436.52,43,0,0,0,0,1,350,0
436.52,23,0,0,0,0,1,-270,0
436.52,23,0,0,0,0,1,-270,0
436.52,23,0,0,0,0,1,-270,0
437.00,23,0,0,0,0,1,411,0
437.00,23,0,0,0,0,1,411,0
437.00,23,0,0,0,0,1,411,0
437.00,12,0,0,0,0,1,650,0
437.00,12,0,0,0,0,1,650,0
437.00,12,0,0,0,0,1,650,0
437.00,12,0,0,0,0,1,650,0
437.00,27,0,0,0,0,1,700,0
437.00,27,0,0,0,0,1,700,0
437.00,27,0,0,0,0,1,700,0
437.00,27,0,0,0,0,1,700,0
437.00,27,0,0,0,0,1,700,0
437.00,12,0,0,0,0,1,392,0
437.00,12,1,0,0,0,1,392,0
437.00,12,0,0,0,0,1,392,0
437.00,12,0,0,0,0,1,738,0
437.00,12,0,0,0,0,1,738,0
437.00,12,0,0,0,0,1,738,0
437.00,12,0,0,0,0,1,738,0
437.00,12,0,0,0,0,1,738,0
437.00,12,0,0,0,0,1,738,0
437.00,12,0,0,0,0,1,738,0
437.00,12,0,0,0,0,1,738,0
437.00,12,0,0,0,0,1,738,0
437.00,12,0,0,0,0,1,738,0
437.00,12,0,0,0,0,1,738,0
437.00,12,0,0,0,0,1,738,0
437.00,12,0,0,0,0,1,738,0
437.00,12,0,0,0,0,1,738,0
437.50,12,0,0,0,0,1,363,0
437.50,12,0,0,0,0,1,363,0
437.50,12,0,0,0,0,1,363,0
437.50,12,0,0,0,0,1,363,0
437.50,24,0,0,0,0,1,500,0
437.50,24,0,0,0,0,1,500,0
437.50,24,0,0,0,0,1,500,0
437.50,24,0,0,0,0,1,500,0
437.50,24,0,0,0,0,1,500,0
437.50,24,0,0,0,0,1,500,0
437.90,12,0,0,0,0,1,338,0
437.90,12,0,0,0,0,1,338,0
437.90,12,0,0,0,0,1,338,0
437.90,12,0,0,0,0,1,338,0
438.00,12,0,0,0,0,1,392,0
438.00,12,1,0,0,0,1,392,0
438.00,12,0,0,0,0,1,250,0
438.00,12,0,0,0,0,1,250,0
438.00,12,0,0,0,0,1,250,0
438.00,43,0,0,0,0,1,600,0
438.00,43,0,0,0,0,1,600,0
438.00,43,0,0,0,0,1,600,0
438.00,43,0,0,0,0,1,600,0
438.00,43,0,0,0,0,1,600,0
438.00,43,0,0,0,0,1,600,0
438.00,43,0,0,0,0,1,600,0
438.00,43,0,0,0,0,1,600,0
438.00,43,0,0,0,0,1,600,0
438.00,43,0,0,0,0,1,600,0
438.00,12,0,0,0,0,1,738,0
438.00,12,0,0,0,0,1,738,0
438.00,12,0,0,0,0,1,738,0
438.00,12,0,0,0,0,1,738,0
438.00,12,0,0,0,0,1,738,0
438.00,12,0,0,0,0,1,738,0
438.00,12,0,0,0,0,1,738,0
438.00,12,0,0,0,0,1,738,0
438.00,12,0,0,0,0,1,738,0
438.00,12,0,0,0,0,1,738,0
438.00,12,0,0,0,0,1,738,0
438.00,12,0,0,0,0,1,738,0
438.00,12,0,0,0,0,1,738,0
438.00,12,0,0,0,0,1,738,0
438.00,43,1,0,0,0,1,380,0
438.00,43,1,0,0,0,1,380,0
438.00,23,0,0,0,0,1,600,0
438.00,23,0,0,0,0,1,600,0
438.00,23,0,0,0,0,1,600,0
438.00,23,0,0,0,0,1,600,0
438.00,12,0,0,0,0,1,428,0
438.00,12,0,0,0,0,1,428,0
438.00,12,0,0,0,0,1,428,0
438.00,12,0,0,0,0,1,428,0
438.00,12,0,0,0,0,1,428,0
438.00,23,0,0,0,0,1,-250,0
438.00,23,0,0,0,0,1,-250,0
438.00,23,0,0,0,0,1,-250,0
438.00,23,0,0,0,0,1,-250,0
438.00,23,0,0,0,0,1,-250,0
438.00,23,0,0,0,0,1,-250,0
438.00,23,0,0,0,0,1,-250,0
438.00,23,0,0,0,0,1,-250,0
438.00,23,0,0,0,0,1,-250,0
438.00,23,0,0,0,0,1,-250,0
438.00,23,0,0,0,0,1,-250,0
438.00,12,0,0,0,0,1,392,0
438.00,12,1,0,0,0,1,392,0
438.00,27,0,0,0,0,1,700,0
438.00,27,0,0,0,0,1,700,0
438.00,27,0,0,0,0,1,700,0
438.00,27,0,0,0,0,1,700,0
438.00,27,0,0,0,0,1,700,0
438.00,27,0,0,0,0,1,700,0
438.30,12,0,0,0,0,1,338,0
438.30,12,0,0,0,0,1,338,0
438.30,12,0,0,0,0,1,338,0
438.30,12,0,0,0,0,1,338,0
438.50,43,0,0,0,0,1,634,0
438.50,43,0,0,0,0,1,634,0
438.50,43,0,0,0,0,1,634,0
438.50,43,0,0,0,0,1,634,0
438.50,12,0,0,0,0,1,738,0
438.50,12,0,0,0,0,1,738,0
438.50,12,0,0,0,0,1,738,0
438.50,12,0,0,0,0,1,738,0
438.50,12,0,0,0,0,1,738,0
438.50,12,0,0,0,0,1,738,0
438.50,12,0,0,0,0,1,738,0
438.50,12,0,0,0,0,1,738,0
438.50,12,0,0,0,0,1,738,0
438.50,12,0,0,0,0,1,738,0
438.50,12,0,0,0,0,1,738,0
438.50,12,0,0,0,0,1,738,0
438.50,12,0,0,0,0,1,738,0
438.50,12,0,0,0,0,1,738,0
438.53,43,0,0,0,0,1,625,0
438.53,43,1,0,0,0,1,625,0
438.53,43,0,0,0,0,1,625,0
438.53,24,0,0,0,0,1,700,0
438.53,24,0,0,0,0,1,700,0
438.53,24,0,0,0,0,1,700,0
438.70,12,0,0,0,0,1,338,0
438.70,12,0,0,0,0,1,338,0
438.70,12,0,0,0,0,1,338,0
438.70,12,0,0,0,0,1,338,0
438.90,12,0,0,0,0,1,738,0
438.90,12,0,0,0,0,1,738,0
438.90,12,0,0,0,0,1,738,0
438.90,12,0,0,0,0,1,738,0
438.90,12,0,0,0,0,1,738,0
438.90,12,0,0,0,0,1,738,0
438.90,12,0,0,0,0,1,738,0
438.90,12,0,0,0,0,1,738,0
438.90,12,0,0,0,0,1,738,0
438.90,12,0,0,0,0,1,738,0
438.90,12,0,0,0,0,1,738,0
438.90,12,0,0,0,0,1,738,0
438.90,12,0,0,0,0,1,738,0
438.90,12,0,0,0,0,1,738,0
439.00,12,0,0,0,0,1,350,0
439.00,12,1,0,0,0,1,350,0
439.00,12,0,0,0,0,1,350,0
439.00,24,0,0,0,0,1,500,0
439.00,24,0,0,0,0,1,500,0
439.00,24,0,0,0,0,1,500,0
439.00,24,0,0,0,0,1,500,0
439.00,24,0,0,0,0,1,500,0
439.00,24,0,0,0,0,1,500,0
439.00,12,0,0,0,0,1,350,0
439.00,12,0,0,0,0,1,350,0
439.00,12,0,0,0,0,1,350,0
439.00,12,0,0,0,0,1,392,0
439.00,12,1,0,0,0,1,392,0
439.00,12,0,0,0,0,1,392,0
439.00,12,0,0,0,0,1,650,0
439.00,12,0,0,0,0,1,650,0
439.00,12,0,0,0,0,1,650,0
439.00,12,0,0,0,0,1,650,0
439.00,12,0,0,0,0,1,738,0
439.00,12,0,0,0,0,1,738,0
439.00,12,0,0,0,0,1,738,0
439.00,12,0,0,0,0,1,738,0
439.00,12,0,0,0,0,1,738,0
439.00,12,0,0,0,0,1,738,0
439.00,12,0,0,0,0,1,738,0
439.00,12,0,0,0,0,1,738,0
439.00,12,0,0,0,0,1,738,0
439.00,12,0,0,0,0,1,738,0
439.00,12,0,0,0,0,1,738,0
439.00,12,0,0,0,0,1,738,0
439.00,12,0,0,0,0,1,738,0
439.00,12,0,0,0,0,1,738,0
439.00,12,0,0,0,0,1,350,0
439.00,12,0,0,0,0,1,350,0
439.00,12,0,0,0,0,1,350,0
439.40,12,0,0,0,0,1,738,0
439.40,12,0,0,0,0,1,738,0
439.40,12,0,0,0,0,1,738,0
439.40,12,0,0,0,0,1,738,0
439.40,12,0,0,0,0,1,738,0
439.40,12,0,0,0,0,1,738,0
439.40,12,0,0,0,0,1,738,0
439.40,12,0,0,0,0,1,738,0
439.40,12,0,0,0,0,1,738,0
439.40,12,0,0,0,0,1,738,0
439.40,12,0,0,0,0,1,738,0
439.40,12,0,0,0,0,1,738,0
439.40,12,0,0,0,0,1,738,0
439.40,12,0,0,0,0,1,738,0
439.40,12,0,0,0,0,1,338,0
439.40,12,0,0,0,0,1,338,0
439.40,12,0,0,0,0,1,338,0
439.40,12,0,0,0,0,1,338,0
439.40,12,0,0,0,0,1,338,0
439.40,12,0,0,0,0,1,338,0
439.45,12,0,0,0,0,1,338,0
439.45,12,0,0,0,0,1,338,0
439.45,12,0,0,0,0,1,338,0
439.45,12,0,0,0,0,1,338,0
439.50,43,1,0,0,0,1,395,0
439.50,43,0,0,0,0,1,395,0
439.50,12,0,0,0,0,1,738,0
439.50,12,0,0,0,0,1,738,0
439.50,12,0,0,0,0,1,738,0
439.50,12,0,0,0,0,1,738,0
439.50,12,0,0,0,0,1,738,0
439.50,12,0,0,0,0,1,738,0
439.50,12,0,0,0,0,1,738,0
439.50,12,0,0,0,0,1,738,0
439.50,12,0,0,0,0,1,738,0
439.50,12,0,0,0,0,1,738,0
439.50,12,0,0,0,0,1,738,0
439.50,12,0,0,0,0,1,738,0
439.50,12,0,0,0,0,1,738,0
439.50,12,0,0,0,0,1,738,0
440.00,12,0,0,0,0,1,317,0
440.00,12,0,0,0,0,1,317,0
440.00,12,0,0,0,0,1,317,0
440.00,12,0,0,0,0,1,317,0
440.00,12,0,0,0,0,1,317,0
440.00,23,0,0,0,0,1,-423,0
440.00,23,0,0,0,0,1,-423,0
440.00,23,0,0,0,0,1,-423,0
440.00,23,0,0,0,0,1,-423,0
440.00,12,1,0,0,0,1,320,0
440.00,12,0,0,0,0,1,350,0
440.00,12,1,0,0,0,1,350,0
440.00,12,0,0,0,0,1,350,0
440.00,12,0,0,0,0,1,375,0
440.00,12,0,0,0,0,1,375,0
440.00,12,0,0,0,0,1,375,0
440.00,12,0,0,0,0,1,375,0
440.00,12,0,0,0,0,1,250,0
440.00,12,0,0,0,0,1,250,0
440.00,12,0,0,0,0,1,250,0
440.00,12,0,0,0,0,1,250,0
440.00,12,0,0,0,0,1,467,0
440.00,12,0,0,0,0,1,467,0
440.00,12,0,0,0,0,1,467,0
440.00,12,0,0,0,0,1,467,0
440.00,12,0,0,0,0,1,467,0
440.00,43,0,0,0,0,1,600,0
440.00,43,0,0,0,0,1,600,0
440.00,43,0,0,0,0,1,600,0
440.00,43,0,0,0,0,1,600,0
440.00,43,0,0,0,0,1,600,0
440.00,43,0,0,0,0,1,600,0
440.00,43,0,0,0,0,1,600,0
440.00,43,0,0,0,0,1,600,0
440.00,43,0,0,0,0,1,600,0
440.00,43,0,0,0,0,1,600,0
440.00,27,0,0,0,0,1,700,0
440.00,27,0,0,0,0,1,700,0
440.00,27,0,0,0,0,1,700,0
440.00,27,0,0,0,0,1,700,0
440.00,27,0,0,0,0,1,700,0
440.00,43,0,0,0,0,1,600,0
440.00,43,0,0,0,0,1,600,0
440.00,43,0,0,0,0,1,600,0
440.00,43,0,0,0,0,1,600,0
440.00,43,0,0,0,0,1,600,0
440.00,43,0,0,0,0,1,600,0
440.00,43,0,0,0,0,1,600,0
440.00,43,0,0,0,0,1,600,0
440.00,43,0,0,0,0,1,600,0
440.00,43,0,0,0,0,1,600,0
440.00,12,0,0,0,0,1,392,0
440.00,12,1,0,0,0,1,392,0
440.00,12,0,0,0,0,1,350,0
440.00,12,0,0,0,0,1,350,0
440.00,12,0,0,0,0,1,350,0
440.00,12,0,0,0,0,1,350,0
440.00,26,0,0,0,0,1,638,0
440.00,26,0,0,0,0,1,638,0
440.00,26,0,0,0,0,1,638,0
440.00,26,0,0,0,0,1,638,0
440.00,43,0,0,0,0,1,600,0
440.00,43,0,0,0,0,1,600,0
440.00,43,0,0,0,0,1,600,0
440.00,43,0,0,0,0,1,600,0
440.00,43,0,0,0,0,1,600,0
440.00,43,0,0,0,0,1,600,0
440.00,43,0,0,0,0,1,600,0
440.00,43,0,0,0,0,1,600,0
440.00,43,0,0,0,0,1,600,0
440.00,43,0,0,0,0,1,600,0
440.00,43,0,0,0,0,1,600,0
440.00,43,0,0,0,0,1,600,0
440.00,43,0,0,0,0,1,600,0
440.00,43,0,0,0,0,1,600,0
440.00,43,0,0,0,0,1,600,0
440.00,43,0,0,0,0,1,600,0
440.00,43,0,0,0,0,1,600,0
440.00,43,0,0,0,0,1,600,0
440.00,43,0,0,0,0,1,600,0
440.00,43,0,0,0,0,1,600,0
440.00,43,0,0,0,0,1,345,0
440.00,43,1,0,0,0,1,345,0
440.15,12,0,0,0,0,1,338,0
440.15,12,0,0,0,0,1,338,0
440.15,12,0,0,0,0,1,338,0
440.15,12,0,0,0,0,1,338,0
440.15,12,0,0,0,0,1,338,0
440.15,12,0,0,0,0,1,338,0
440.50,12,0,0,0,0,1,550,0
440.50,12,0,0,0,0,1,550,0
440.50,12,0,0,0,0,1,550,0
440.50,12,0,0,0,0,1,550,0
440.50,12,0,0,0,0,1,550,0
440.50,12,0,0,0,0,1,550,0
440.50,12,0,0,0,0,1,550,0
440.50,12,0,0,0,0,1,550,0
440.50,12,1,0,0,0,1,35,0
440.50,12,0,0,0,0,1,35,0
440.50,12,0,0,0,0,1,650,0
440.50,12,0,0,0,0,1,650,0
440.50,12,0,0,0,0,1,650,0
440.50,12,0,0,0,0,1,650,0
440.50,12,0,0,0,0,1,738,0
440.50,12,0,0,0,0,1,738,0
440.50,12,0,0,0,0,1,738,0
440.50,12,0,0,0,0,1,738,0
440.50,12,0,0,0,0,1,738,0
440.50,12,0,0,0,0,1,738,0
440.50,12,0,0,0,0,1,738,0
440.50,12,0,0,0,0,1,738,0
440.50,12,0,0,0,0,1,738,0
440.50,12,0,0,0,0,1,738,0
440.50,12,0,0,0,0,1,738,0
440.50,12,0,0,0,0,1,738,0
440.50,12,0,0,0,0,1,738,0
440.50,12,0,0,0,0,1,738,0
440.50,12,0,0,0,0,1,738,0
440.50,12,0,0,0,0,1,738,0
440.50,12,0,0,0,0,1,738,0
440.50,12,0,0,0,0,1,738,0
440.50,12,0,0,0,0,1,738,0
440.50,12,0,0,0,0,1,738,0
440.50,12,0,0,0,0,1,738,0
440.50,12,0,0,0,0,1,738,0
440.50,12,0,0,0,0,1,738,0
440.50,12,0,0,0,0,1,738,0
440.50,12,0,0,0,0,1,738,0
440.50,12,0,0,0,0,1,738,0
440.50,12,0,0,0,0,1,738,0
440.50,12,0,0,0,0,1,738,0
440.54,24,0,0,0,0,1,650,0
440.54,24,0,0,0,0,1,650,0
440.54,24,0,0,0,0,1,650,0
440.54,24,0,0,0,0,1,450,0
440.54,24,0,0,0,0,1,450,0
440.54,24,0,0,0,0,1,450,0
440.54,24,0,0,0,0,1,450,0
440.54,24,0,0,0,0,1,450,0
440.54,12,0,0,0,0,1,465,0
440.54,12,1,0,0,0,1,465,0
440.54,12,0,0,0,0,1,465,0
440.54,24,0,0,0,0,1,450,0
440.54,24,0,0,0,0,1,450,0
440.54,24,0,0,0,0,1,450,0
440.54,24,0,0,0,0,1,450,0
440.54,24,0,0,0,0,1,450,0
440.54,24,0,0,0,0,1,450,0
440.60,12,0,0,0,0,1,650,0
440.60,12,0,0,0,0,1,650,0
440.60,12,0,0,0,0,1,650,0
440.60,12,0,0,0,0,1,650,0
441.00,12,0,0,0,0,1,317,0
441.00,12,0,0,0,0,1,317,0
441.00,12,0,0,0,0,1,317,0
441.00,12,0,0,0,0,1,317,0
441.00,12,0,0,0,0,1,317,0
441.00,12,0,0,0,0,1,317,0
441.00,12,0,0,0,0,1,250,0
441.00,12,0,0,0,0,1,250,0
441.00,12,0,0,0,0,1,250,0
441.00,12,0,0,0,0,1,400,0
441.00,12,1,0,0,0,1,400,0
441.00,24,0,0,0,0,1,700,0
441.00,24,0,0,0,0,1,700,0
441.00,24,0,0,0,0,1,700,0
441.00,23,0,0,0,0,1,-84,0
441.00,23,1,0,0,0,1,-84,0
441.00,23,0,0,0,0,1,-84,0
441.00,43,1,0,0,0,1,345,0
441.00,43,0,0,0,0,1,345,0
441.00,12,0,0,0,0,1,250,0
441.00,12,0,0,0,0,1,250,0
441.00,12,0,0,0,0,1,250,0
441.00,12,0,0,0,0,1,250,0
441.00,27,0,0,0,0,1,700,0
441.00,27,0,0,0,0,1,700,0
441.00,27,0,0,0,0,1,700,0
441.00,27,0,0,0,0,1,700,0
441.00,27,0,0,0,0,1,700,0
441.00,27,0,0,0,0,1,700,0
441.00,27,0,0,0,0,1,700,0
441.00,27,0,0,0,0,1,700,0
441.00,27,0,0,0,0,1,700,0
441.00,27,0,0,0,0,1,700,0
441.00,27,0,0,0,0,1,700,0
441.00,27,0,0,0,0,1,700,0
441.00,27,0,0,0,0,1,700,0
441.00,27,0,0,0,0,1,700,0
441.00,27,0,0,0,0,1,700,0
441.00,27,0,0,0,0,1,700,0
441.15,12,0,0,0,0,1,738,0
441.15,12,0,0,0,0,1,738,0
441.15,12,0,0,0,0,1,738,0
441.15,12,0,0,0,0,1,738,0
441.15,12,0,0,0,0,1,738,0
441.15,12,0,0,0,0,1,738,0
441.15,12,0,0,0,0,1,738,0
441.15,12,0,0,0,0,1,738,0
441.15,12,0,0,0,0,1,738,0
441.15,12,0,0,0,0,1,738,0
441.15,12,0,0,0,0,1,738,0
441.15,12,0,0,0,0,1,738,0
441.15,12,0,0,0,0,1,738,0
441.15,12,0,0,0,0,1,738,0
441.25,12,0,0,0,0,1,738,0
441.25,12,0,0,0,0,1,738,0
441.25,12,0,0,0,0,1,738,0
441.25,12,0,0,0,0,1,738,0
441.25,12,0,0,0,0,1,738,0
441.25,12,0,0,0,0,1,738,0
441.25,12,0,0,0,0,1,738,0
441.25,12,0,0,0,0,1,738,0
441.25,12,0,0,0,0,1,738,0
441.25,12,0,0,0,0,1,738,0
441.25,12,0,0,0,0,1,738,0
441.25,12,0,0,0,0,1,738,0
441.25,12,0,0,0,0,1,738,0
441.25,12,0,0,0,0,1,738,0
441.35,12,0,0,0,0,1,338,0
441.35,12,0,0,0,0,1,338,0
441.35,12,0,0,0,0,1,338,0
441.35,12,0,0,0,0,1,338,0
441.50,12,0,0,0,0,1,363,0
441.50,12,0,0,0,0,1,363,0
441.50,12,0,0,0,0,1,363,0
441.50,12,0,0,0,0,1,363,0
441.50,12,0,0,0,0,1,392,0
441.50,12,1,0,0,0,1,392,0
441.50,12,0,0,0,0,1,392,0
441.55,24,0,0,0,0,1,450,0
441.55,24,0,0,0,0,1,450,0
441.55,24,0,0,0,0,1,450,0
441.55,24,0,0,0,0,1,450,0
441.55,24,0,0,0,0,1,450,0
441.55,24,0,0,0,0,1,450,0
441.55,23,0,0,0,0,1,-423,0
441.55,23,1,0,0,0,1,-423,0
441.70,12,0,0,0,0,1,650,0
441.70,12,0,0,0,0,1,650,0
441.70,12,0,0,0,0,1,650,0
441.70,12,0,0,0,0,1,650,0
441.90,12,0,0,0,0,1,338,0
441.90,12,0,0,0,0,1,338,0
441.90,12,0,0,0,0,1,338,0
441.90,12,0,0,0,0,1,338,0
441.90,12,0,0,0,0,1,338,0
441.90,12,0,0,0,0,1,338,0
442.00,12,0,0,0,0,1,250,0
442.00,12,0,0,0,0,1,250,0
442.00,12,0,0,0,0,1,250,0
442.00,12,0,0,0,0,1,250,0
442.00,12,1,0,0,0,1,370,0
442.00,12,0,0,0,0,1,370,0
442.00,12,0,0,0,0,1,467,0
442.00,12,0,0,0,0,1,467,0
442.00,12,0,0,0,0,1,467,0
442.00,12,0,0,0,0,1,467,0
442.00,12,0,0,0,0,1,467,0
442.00,43,0,0,0,0,1,634,0
442.00,43,0,0,0,0,1,634,0
442.00,43,0,0,0,0,1,634,0
442.00,43,0,0,0,0,1,634,0
442.00,23,0,0,0,0,1,600,0
442.00,23,0,0,0,0,1,600,0
442.00,23,0,0,0,0,1,600,0
442.00,23,0,0,0,0,1,600,0
442.00,23,0,0,0,0,1,600,0
442.00,24,0,0,0,0,1,700,0
442.00,24,0,0,0,0,1,700,0
442.00,24,0,0,0,0,1,700,0
442.00,12,0,0,0,0,1,738,0
442.00,12,0,0,0,0,1,738,0
442.00,12,0,0,0,0,1,738,0
442.00,12,0,0,0,0,1,738,0
442.00,12,0,0,0,0,1,738,0
442.00,12,0,0,0,0,1,738,0
442.00,12,0,0,0,0,1,738,0
442.00,12,0,0,0,0,1,738,0
442.00,12,0,0,0,0,1,738,0
442.00,12,0,0,0,0,1,738,0
442.00,12,0,0,0,0,1,738,0
442.00,12,0,0,0,0,1,738,0
442.00,12,0,0,0,0,1,738,0
442.00,12,0,0,0,0,1,738,0
442.00,27,0,0,0,0,1,700,0
442.00,27,0,0,0,0,1,700,0
442.00,27,0,0,0,0,1,700,0
442.00,27,0,0,0,0,1,700,0
442.00,27,0,0,0,0,1,700,0
442.00,12,0,0,0,0,1,350,0
442.00,12,0,0,0,0,1,350,0
442.00,12,0,0,0,0,1,350,0
442.00,12,0,0,0,0,1,350,0
442.00,12,0,0,0,0,1,350,0
442.00,12,0,0,0,0,1,350,0
442.00,12,0,0,0,0,1,650,0
442.00,12,0,0,0,0,1,650,0
442.00,12,0,0,0,0,1,650,0
442.00,12,0,0,0,0,1,650,0
442.10,12,0,0,0,0,1,375,0
442.10,12,0,0,0,0,1,375,0
442.10,12,0,0,0,0,1,375,0
442.10,12,0,0,0,0,1,375,0
442.10,12,0,0,0,0,1,375,0
442.45,12,0,0,0,0,1,338,0
442.45,12,0,0,0,0,1,338,0
442.45,12,0,0,0,0,1,338,0
442.45,12,0,0,0,0,1,338,0
442.45,12,0,0,0,0,1,338,0
442.50,43,0,0,0,0,1,345,0
442.50,43,1,0,0,0,1,345,0
442.50,12,0,0,0,0,1,363,0
442.50,12,0,0,0,0,1,363,0
442.50,12,0,0,0,0,1,363,0
442.50,12,0,0,0,0,1,363,0
442.50,43,1,0,0,0,1,380,0
442.50,43,0,0,0,0,1,380,0
442.50,43,1,0,0,0,1,395,0
442.50,43,0,0,0,0,1,395,0
442.55,12,0,0,0,0,1,338,0
442.55,12,0,0,0,0,1,338,0
442.55,12,0,0,0,0,1,338,0
442.55,12,0,0,0,0,1,338,0
442.55,43,0,0,0,0,1,350,0
442.55,43,0,0,0,0,1,350,0
442.55,43,0,0,0,0,1,350,0
442.55,24,0,0,0,0,1,450,0
442.55,24,0,0,0,0,1,450,0
442.55,24,0,0,0,0,1,450,0
442.55,24,0,0,0,0,1,450,0
442.55,24,0,0,0,0,1,450,0
442.60,12,0,0,0,0,1,338,0
442.60,12,0,0,0,0,1,338,0
442.60,12,0,0,0,0,1,338,0
442.60,12,0,0,0,0,1,338,0
443.00,12,0,0,0,0,1,467,0
443.00,12,0,0,0,0,1,467,0
443.00,12,0,0,0,0,1,467,0
443.00,12,0,0,0,0,1,467,0
443.00,12,0,0,0,0,1,467,0
443.00,12,0,0,0,0,1,467,0
443.00,12,0,0,0,0,1,467,0
443.00,12,0,0,0,0,1,467,0
443.00,12,0,0,0,0,1,467,0
443.00,12,0,0,0,0,1,467,0
443.00,23,0,0,0,0,1,600,0
443.00,23,0,0,0,0,1,600,0
443.00,23,0,0,0,0,1,600,0
443.00,23,0,0,0,0,1,600,0
443.00,12,0,0,0,0,1,250,0
443.00,12,0,0,0,0,1,250,0
443.00,12,0,0,0,0,1,250,0
443.00,12,0,0,0,0,1,250,0
443.00,12,0,0,0,0,1,334,0
443.00,12,0,0,0,0,1,334,0
443.00,12,0,0,0,0,1,334,0
443.00,12,0,0,0,0,1,334,0
443.00,12,0,0,0,0,1,428,0
443.00,12,0,0,0,0,1,428,0
443.00,12,0,0,0,0,1,428,0
443.00,12,0,0,0,0,1,428,0
443.00,12,0,0,0,0,1,428,0
443.00,12,0,0,0,0,1,350,0
443.00,12,0,0,0,0,1,350,0
443.00,12,0,0,0,0,1,350,0
443.00,12,0,0,0,0,1,350,0
443.00,12,0,0,0,0,1,350,0
443.00,12,0,0,0,0,1,350,0
443.00,12,0,0,0,0,1,350,0
443.00,12,0,0,0,0,1,350,0
443.00,12,0,0,0,0,1,350,0
443.00,12,0,0,0,0,1,350,0
443.00,12,0,0,0,0,1,363,0
443.00,12,0,0,0,0,1,363,0
443.00,12,0,0,0,0,1,363,0
443.00,12,0,0,0,0,1,363,0
443.00,43,0,0,0,0,1,345,0
443.00,43,1,0,0,0,1,345,0
443.00,12,0,0,0,0,1,350,0
443.00,12,0,0,0,0,1,350,0
443.00,12,0,0,0,0,1,350,0
443.00,12,0,0,0,0,1,350,0
443.00,12,0,0,0,0,1,363,0
443.00,12,0,0,0,0,1,363,0
443.00,12,0,0,0,0,1,363,0
443.00,23,0,0,0,0,1,392,0
443.00,23,0,0,0,0,1,392,0
443.00,23,0,0,0,0,1,392,0
443.00,23,0,0,0,0,1,380,0
443.00,23,0,0,0,0,1,380,0
443.00,23,0,0,0,0,1,380,0
443.00,23,0,0,0,0,1,380,0
443.00,23,0,0,0,0,1,380,0
443.00,12,0,0,0,0,1,350,0
443.00,12,0,0,0,0,1,350,0
443.00,12,0,0,0,0,1,350,0
443.15,12,0,0,0,0,1,338,0
443.15,12,0,0,0,0,1,338,0
443.15,12,0,0,0,0,1,338,0
443.15,12,0,0,0,0,1,338,0
443.20,12,0,0,0,0,1,338,0
443.20,12,0,0,0,0,1,338,0
443.20,12,0,0,0,0,1,338,0
443.20,12,0,0,0,0,1,338,0
443.20,12,0,0,0,0,1,338,0
443.30,12,0,0,0,0,1,650,0
443.30,12,0,0,0,0,1,650,0
443.30,12,0,0,0,0,1,650,0
443.30,12,0,0,0,0,1,650,0
443.50,12,0,0,0,0,1,275,0
443.50,12,0,0,0,0,1,275,0
443.50,12,0,0,0,0,1,275,0
443.50,12,0,0,0,0,1,275,0
443.50,12,0,0,0,0,1,275,0
443.50,12,0,0,0,0,1,275,0
443.50,12,0,0,0,0,1,275,0
443.50,12,0,0,0,0,1,275,0
443.50,12,0,0,0,0,1,275,0
443.50,12,0,0,0,0,1,275,0
443.55,12,0,0,0,0,1,738,0
443.55,12,0,0,0,0,1,738,0
443.55,12,0,0,0,0,1,738,0
443.55,12,0,0,0,0,1,738,0
443.55,12,0,0,0,0,1,738,0
443.55,12,0,0,0,0,1,738,0
443.55,12,0,0,0,0,1,738,0
443.55,12,0,0,0,0,1,738,0
443.55,12,0,0,0,0,1,738,0
443.55,12,0,0,0,0,1,738,0
443.55,12,0,0,0,0,1,738,0
443.55,12,0,0,0,0,1,738,0
443.55,12,0,0,0,0,1,738,0
443.55,12,0,0,0,0,1,738,0
443.56,24,0,0,0,0,1,-356,0
443.56,24,0,0,0,0,1,-356,0
443.56,24,0,0,0,0,1,-356,0
443.56,24,0,0,0,0,1,-356,0
443.56,24,0,0,0,0,1,-356,0
443.56,24,0,0,0,0,1,-356,0
443.56,24,0,0,0,0,1,450,0
443.56,24,0,0,0,0,1,450,0
443.56,24,0,0,0,0,1,450,0
443.56,24,0,0,0,0,1,450,0
443.56,24,0,0,0,0,1,450,0
443.56,24,0,0,0,0,1,450,0
443.56,24,0,0,0,0,1,450,0
443.56,24,0,0,0,0,1,450,0
443.56,24,0,0,0,0,1,450,0
443.56,24,0,0,0,0,1,450,0
443.56,24,0,0,0,0,1,450,0
443.56,43,0,0,0,0,1,350,0
443.56,43,0,0,0,0,1,350,0
443.56,43,0,0,0,0,1,350,0
443.56,43,0,0,0,0,1,350,0
444.00,12,0,0,0,0,1,340,0
444.00,12,1,0,0,0,1,340,0
444.00,12,0,0,0,0,1,467,0
444.00,12,0,0,0,0,1,467,0
444.00,12,0,0,0,0,1,467,0
444.00,12,0,0,0,0,1,467,0
444.00,12,0,0,0,0,1,467,0
444.00,23,0,0,0,0,1,-250,0
444.00,23,0,0,0,0,1,-250,0
444.00,23,0,0,0,0,1,-250,0
444.00,23,0,0,0,0,1,-250,0
444.00,23,0,0,0,0,1,-250,0
444.00,23,0,0,0,0,1,-250,0
444.00,23,0,0,0,0,1,-250,0
444.00,23,0,0,0,0,1,-250,0
444.00,23,0,0,0,0,1,-250,0
444.00,23,0,0,0,0,1,-250,0
444.00,23,0,0,0,0,1,-250,0
444.00,24,0,0,0,0,1,500,0
444.00,24,0,0,0,0,1,500,0
444.00,24,0,0,0,0,1,500,0
444.00,24,0,0,0,0,1,500,0
444.00,24,0,0,0,0,1,500,0
444.00,24,0,0,0,0,1,500,0
444.00,43,0,0,0,0,1,600,0
444.00,43,0,0,0,0,1,600,0
444.00,43,0,0,0,0,1,600,0
444.00,43,0,0,0,0,1,600,0
444.00,43,0,0,0,0,1,600,0
444.00,43,0,0,0,0,1,600,0
444.00,43,0,0,0,0,1,600,0
444.00,43,0,0,0,0,1,600,0
444.00,43,0,0,0,0,1,600,0
444.00,43,0,0,0,0,1,600,0
444.00,24,0,0,0,0,1,591,0
444.00,24,0,0,0,0,1,591,0
444.00,24,0,0,0,0,1,591,0
444.00,24,0,0,0,0,1,591,0
444.00,24,0,0,0,0,1,591,0
444.00,24,0,0,0,0,1,591,0
444.00,27,0,0,0,0,1,196,0
444.00,27,0,0,0,0,1,196,0
444.00,27,0,0,0,0,1,196,0
444.00,27,0,0,0,0,1,196,0
444.00,12,0,0,0,0,1,363,0
444.00,12,0,0,0,0,1,363,0
444.00,12,0,0,0,0,1,363,0
444.30,12,0,0,0,0,1,250,0
444.30,12,0,0,0,0,1,250,0
444.30,12,0,0,0,0,1,250,0
444.30,12,0,0,0,0,1,250,0
444.50,23,0,0,0,0,1,380,0
444.50,23,0,0,0,0,1,380,0
444.50,23,0,0,0,0,1,380,0
444.50,23,0,0,0,0,1,380,0
444.50,23,0,0,0,0,1,380,0
444.50,43,1,0,0,0,1,380,0
444.50,43,1,0,0,0,1,380,0
444.50,12,0,0,0,0,1,57,0
444.50,12,1,0,0,0,1,57,0
444.50,27,0,0,0,0,1,-548,0
444.50,27,0,0,0,0,1,-548,0
444.50,27,0,0,0,0,1,-548,0
444.50,27,0,0,0,0,1,-548,0
444.50,43,1,0,0,0,1,345,0
444.50,43,0,0,0,0,1,345,0
444.56,23,0,0,0,0,1,475,0
444.56,23,1,0,0,0,1,475,0
444.56,23,0,0,0,0,1,475,0
444.70,12,0,0,0,0,1,338,0
444.70,12,0,0,0,0,1,338,0
444.70,12,0,0,0,0,1,338,0
444.70,12,0,0,0,0,1,338,0
444.70,12,0,0,0,0,1,338,0
445.00,12,0,0,0,0,1,317,0
445.00,12,0,0,0,0,1,317,0
445.00,12,0,0,0,0,1,317,0
445.00,12,0,0,0,0,1,317,0
445.00,12,0,0,0,0,1,317,0
445.00,43,0,0,0,0,1,50,0
445.00,43,1,0,0,0,1,50,0
445.00,12,1,0,0,0,1,400,0
445.00,27,0,0,0,0,1,700,0
445.00,27,0,0,0,0,1,700,0
445.00,27,0,0,0,0,1,700,0
445.00,27,0,0,0,0,1,700,0
445.00,27,0,0,0,0,1,700,0
445.00,43,0,0,0,0,1,600,0
445.00,43,0,0,0,0,1,600,0
445.00,43,0,0,0,0,1,600,0
445.00,43,0,0,0,0,1,600,0
445.00,43,0,0,0,0,1,600,0
445.00,43,0,0,0,0,1,600,0
445.00,43,0,0,0,0,1,600,0
445.00,43,0,0,0,0,1,600,0
445.00,43,0,0,0,0,1,600,0
445.00,43,0,0,0,0,1,600,0
445.00,23,0,0,0,0,1,475,0
445.00,23,1,0,0,0,1,475,0
445.00,23,0,0,0,0,1,475,0
445.00,12,0,0,0,0,1,363,0
445.00,12,0,0,0,0,1,363,0
445.00,12,0,0,0,0,1,363,0
445.00,12,0,0,0,0,1,363,0
445.00,12,0,0,0,0,1,250,0
445.00,12,0,0,0,0,1,250,0
445.00,12,0,0,0,0,1,250,0
445.00,12,0,0,0,0,1,250,0
445.00,12,0,0,0,0,1,350,0
445.00,12,0,0,0,0,1,350,0
445.00,12,0,0,0,0,1,350,0
445.00,12,0,0,0,0,1,350,0
445.00,43,0,0,0,0,1,600,0
445.00,43,0,0,0,0,1,600,0
445.00,43,0,0,0,0,1,600,0
445.00,43,0,0,0,0,1,600,0
445.00,43,0,0,0,0,1,600,0
445.00,43,0,0,0,0,1,600,0
445.00,43,0,0,0,0,1,600,0
445.00,43,0,0,0,0,1,600,0
445.00,43,0,0,0,0,1,600,0
445.00,43,0,0,0,0,1,600,0
445.00,12,0,0,0,0,1,392,0
445.00,12,0,0,0,0,1,392,0
445.00,12,0,0,0,0,1,392,0
445.00,12,0,0,0,0,1,392,0
445.00,12,0,0,0,0,1,363,0
445.00,12,0,0,0,0,1,363,0
445.00,12,0,0,0,0,1,363,0
445.00,12,0,0,0,0,1,363,0
445.05,12,0,0,0,0,1,338,0
445.05,12,0,0,0,0,1,338,0
445.05,12,0,0,0,0,1,338,0
445.05,12,0,0,0,0,1,338,0
445.45,12,0,0,0,0,1,338,0
445.45,12,0,0,0,0,1,338,0
445.45,12,0,0,0,0,1,338,0
445.45,12,0,0,0,0,1,338,0
445.45,12,0,0,0,0,1,338,0
445.57,24,0,0,0,0,1,450,0
445.57,24,0,0,0,0,1,450,0
445.57,24,0,0,0,0,1,450,0
445.57,24,0,0,0,0,1,450,0
445.57,24,0,0,0,0,1,450,0
445.57,24,0,0,0,0,1,450,0
445.57,23,0,0,0,0,1,-423,0
445.57,23,1,0,0,0,1,-423,0
445.57,23,0,0,0,0,1,-375,0
445.57,23,0,0,0,0,1,-375,0
445.57,23,0,0,0,0,1,-375,0
445.57,23,0,0,0,0,1,-375,0
445.57,23,0,0,0,0,1,-375,0
445.57,23,0,0,0,0,1,-375,0
445.57,23,0,0,0,0,1,-375,0
445.57,23,0,0,0,0,1,-375,0
445.70,12,0,0,0,0,1,338,0
445.70,12,0,0,0,0,1,338,0
445.70,12,0,0,0,0,1,338,0
445.70,12,0,0,0,0,1,338,0
445.70,12,0,0,0,0,1,338,0
445.80,12,0,0,0,0,1,338,0
445.80,12,0,0,0,0,1,338,0
445.80,12,0,0,0,0,1,338,0
445.80,12,0,0,0,0,1,338,0
445.80,12,0,0,0,0,1,338,0
445.85,12,0,0,0,0,1,338,0
445.85,12,0,0,0,0,1,338,0
445.85,12,0,0,0,0,1,338,0
445.85,12,0,0,0,0,1,338,0
445.85,12,0,0,0,0,1,338,0
446.00,24,0,0,0,0,1,591,0
446.00,24,0,0,0,0,1,591,0
446.00,24,0,0,0,0,1,591,0
446.00,24,0,0,0,0,1,591,0
446.00,24,0,0,0,0,1,591,0
446.00,23,0,0,0,0,1,380,0
446.00,23,0,0,0,0,1,380,0
446.00,23,0,0,0,0,1,380,0
446.00,23,0,0,0,0,1,380,0
446.00,23,0,0,0,0,1,380,0
446.00,23,0,0,0,0,1,380,0
446.00,12,0,0,0,0,1,738,0
446.00,12,0,0,0,0,1,738,0
446.00,12,0,0,0,0,1,738,0
446.00,12,0,0,0,0,1,738,0
446.00,12,0,0,0,0,1,738,0
446.00,12,0,0,0,0,1,738,0
446.00,12,0,0,0,0,1,738,0
446.00,12,0,0,0,0,1,738,0
446.00,12,0,0,0,0,1,738,0
446.00,12,0,0,0,0,1,738,0
446.00,12,0,0,0,0,1,738,0
446.00,12,0,0,0,0,1,738,0
446.00,12,0,0,0,0,1,738,0
446.00,12,0,0,0,0,1,738,0
446.00,43,0,0,0,0,1,634,0
446.00,43,0,0,0,0,1,634,0
446.00,43,0,0,0,0,1,634,0
446.00,12,0,0,0,0,1,350,0
446.00,12,0,0,0,0,1,350,0
446.00,12,0,0,0,0,1,350,0
446.00,43,1,0,0,0,1,345,0
446.00,43,0,0,0,0,1,345,0
446.00,12,0,0,0,0,1,350,0
446.00,12,0,0,0,0,1,350,0
446.00,12,0,0,0,0,1,350,0
446.00,12,0,0,0,0,1,350,0
446.00,23,0,0,0,0,1,217,0
446.00,23,0,0,0,0,1,217,0
446.00,23,0,0,0,0,1,217,0
446.00,23,0,0,0,0,1,217,0
446.00,23,0,0,0,0,1,217,0
446.00,23,0,0,0,0,1,217,0
446.00,23,0,0,0,0,1,217,0
446.00,23,0,0,0,0,1,217,0
446.00,23,0,0,0,0,1,217,0
446.00,12,0,0,0,0,1,334,0
446.00,12,0,0,0,0,1,334,0
446.00,12,0,0,0,0,1,334,0
446.00,12,0,0,0,0,1,334,0
446.00,43,0,0,0,0,1,345,0
446.00,43,1,0,0,0,1,345,0
446.00,26,1,0,0,0,1,600,0
446.00,26,0,0,0,0,1,600,0
446.00,12,0,0,0,0,1,738,0
446.00,12,0,0,0,0,1,738,0
446.00,12,0,0,0,0,1,738,0
446.00,12,0,0,0,0,1,738,0
446.00,12,0,0,0,0,1,738,0
446.00,12,0,0,0,0,1,738,0
446.00,12,0,0,0,0,1,738,0
446.00,12,0,0,0,0,1,738,0
446.00,12,0,0,0,0,1,738,0
446.00,12,0,0,0,0,1,738,0
446.00,12,0,0,0,0,1,738,0
446.00,12,0,0,0,0,1,738,0
446.00,12,0,0,0,0,1,738,0
446.00,12,0,0,0,0,1,738,0
446.00,23,0,0,0,0,1,600,0
446.00,23,0,0,0,0,1,600,0
446.00,23,0,0,0,0,1,600,0
446.00,23,0,0,0,0,1,600,0
446.15,12,0,0,0,0,1,338,0
446.15,12,0,0,0,0,1,338,0
446.15,12,0,0,0,0,1,338,0
446.15,12,0,0,0,0,1,338,0
446.15,12,0,0,0,0,1,338,0
446.15,12,0,0,0,0,1,338,0
446.15,12,0,0,0,0,1,338,0
446.15,12,0,0,0,0,1,338,0
446.20,12,0,0,0,0,1,338,0
446.20,12,0,0,0,0,1,338,0
446.20,12,0,0,0,0,1,338,0
446.20,12,0,0,0,0,1,338,0
446.50,12,0,0,0,0,1,650,0
446.50,12,0,0,0,0,1,650,0
446.50,12,0,0,0,0,1,650,0
446.50,12,0,0,0,0,1,650,0
446.50,23,0,0,0,0,1,380,0
446.50,23,0,0,0,0,1,380,0
446.50,23,0,0,0,0,1,380,0
446.50,23,0,0,0,0,1,380,0
446.50,23,0,0,0,0,1,380,0
446.50,43,1,0,0,0,1,380,0
446.50,43,0,0,0,0,1,380,0
446.57,23,0,0,0,0,1,-360,0
446.57,23,1,0,0,0,1,-360,0
446.57,23,1,0,0,0,1,-360,0
446.57,23,0,0,0,0,1,-360,0
446.57,23,0,0,0,0,1,-360,0
446.57,23,1,0,0,0,1,-360,0
446.57,23,0,0,0,0,1,-360,0
446.57,23,0,0,0,0,1,-423,0
446.57,23,1,0,0,0,1,-423,0
446.57,24,0,0,0,0,1,600,0
446.57,24,0,0,0,0,1,600,0
446.57,24,0,0,0,0,1,600,0
446.57,24,0,0,0,0,1,600,0
446.57,24,0,0,0,0,1,600,0
446.57,24,0,0,0,0,1,600,0
446.57,24,0,0,0,0,1,600,0
446.57,24,0,0,0,0,1,600,0
446.57,24,0,0,0,0,1,600,0
446.57,24,0,0,0,0,1,600,0
446.70,12,0,0,0,0,1,650,0
446.70,12,0,0,0,0,1,650,0
446.70,12,0,0,0,0,1,650,0
446.70,12,0,0,0,0,1,650,0
446.80,12,0,0,0,0,1,338,0
446.80,12,0,0,0,0,1,338,0
446.80,12,0,0,0,0,1,338,0
446.80,12,0,0,0,0,1,338,0
446.80,12,0,0,0,0,1,338,0
446.80,12,0,0,0,0,1,338,0
446.80,12,0,0,0,0,1,338,0
446.80,12,0,0,0,0,1,338,0
446.80,12,0,0,0,0,1,338,0
446.90,12,0,0,0,0,1,650,0
446.90,12,0,0,0,0,1,650,0
446.90,12,0,0,0,0,1,650,0
446.90,12,0,0,0,0,1,650,0
446.90,12,0,0,0,0,1,338,0
446.90,12,0,0,0,0,1,338,0
446.90,12,0,0,0,0,1,338,0
446.90,12,0,0,0,0,1,338,0
447.00,12,0,0,0,0,1,370,0
447.00,12,1,0,0,0,1,370,0
447.00,12,0,0,0,0,1,370,0
447.00,23,0,0,0,0,1,600,0
447.00,23,0,0,0,0,1,600,0
447.00,23,0,0,0,0,1,600,0
447.00,23,0,0,0,0,1,600,0
447.00,24,0,0,0,0,1,500,0
447.00,24,0,0,0,0,1,500,0
447.00,24,0,0,0,0,1,500,0
447.00,24,0,0,0,0,1,500,0
447.00,24,0,0,0,0,1,500,0
447.00,24,0,0,0,0,1,500,0
447.00,12,0,0,0,0,1,738,0
447.00,12,0,0,0,0,1,738,0
447.00,12,0,0,0,0,1,738,0
447.00,12,0,0,0,0,1,738,0
447.00,12,0,0,0,0,1,738,0
447.00,12,0,0,0,0,1,738,0
447.00,12,0,0,0,0,1,738,0
447.00,12,0,0,0,0,1,738,0
447.00,12,0,0,0,0,1,738,0
447.00,12,0,0,0,0,1,738,0
447.00,12,0,0,0,0,1,738,0
447.00,12,0,0,0,0,1,738,0
447.00,12,0,0,0,0,1,738,0
447.00,12,0,0,0,0,1,738,0
447.00,12,0,0,0,0,1,738,0
447.00,12,0,0,0,0,1,738,0
447.00,12,0,0,0,0,1,738,0
447.00,12,0,0,0,0,1,738,0
447.00,12,0,0,0,0,1,738,0
447.00,12,0,0,0,0,1,738,0
447.00,12,0,0,0,0,1,738,0
447.00,12,0,0,0,0,1,738,0
447.00,12,0,0,0,0,1,738,0
447.00,12,0,0,0,0,1,738,0
447.00,12,0,0,0,0,1,738,0
447.00,12,0,0,0,0,1,738,0
447.00,12,0,0,0,0,1,738,0
447.00,12,0,0,0,0,1,738,0
447.00,43,1,0,0,0,1,395,0
447.00,43,0,0,0,0,1,600,0
447.00,43,0,0,0,0,1,600,0
447.00,43,0,0,0,0,1,600,0
447.00,43,0,0,0,0,1,600,0
447.00,43,0,0,0,0,1,600,0
447.00,43,0,0,0,0,1,600,0
447.00,43,0,0,0,0,1,600,0
447.00,43,0,0,0,0,1,600,0
447.00,43,0,0,0,0,1,600,0
447.00,43,0,0,0,0,1,600,0
447.00,12,0,0,0,0,1,325,0
447.00,12,0,0,0,0,1,325,0
447.00,12,0,0,0,0,1,325,0
447.00,12,0,0,0,0,1,325,0
447.00,12,0,0,0,0,1,392,0
447.00,12,1,0,0,0,1,392,0
447.00,12,0,0,0,0,1,392,0
447.00,12,0,0,0,0,1,550,0
447.00,12,0,0,0,0,1,550,0
447.00,12,0,0,0,0,1,550,0
447.00,12,0,0,0,0,1,550,0
447.00,12,0,0,0,0,1,550,0
447.00,12,0,0,0,0,1,550,0
447.00,12,0,0,0,0,1,550,0
447.00,12,0,0,0,0,1,550,0
447.00,27,0,0,0,0,1,700,0
447.00,27,0,0,0,0,1,700,0
447.00,27,0,0,0,0,1,700,0
447.00,27,0,0,0,0,1,700,0
447.00,27,0,0,0,0,1,700,0
447.00,12,0,0,0,0,1,392,0
447.00,12,1,0,0,0,1,392,0
447.00,12,0,0,0,0,1,392,0
447.00,43,1,0,0,0,1,395,0
447.00,12,0,0,0,0,1,738,0
447.00,12,0,0,0,0,1,738,0
447.00,12,0,0,0,0,1,738,0
447.00,12,0,0,0,0,1,738,0
447.00,12,0,0,0,0,1,738,0
447.00,12,0,0,0,0,1,738,0
447.00,12,0,0,0,0,1,738,0
447.00,12,0,0,0,0,1,738,0
447.00,12,0,0,0,0,1,738,0
447.00,12,0,0,0,0,1,738,0
447.00,12,0,0,0,0,1,738,0
447.00,12,0,0,0,0,1,738,0
447.00,12,0,0,0,0,1,738,0
447.00,12,0,0,0,0,1,738,0
447.05,12,0,0,0,0,1,338,0
447.05,12,0,0,0,0,1,338,0
447.05,12,0,0,0,0,1,338,0
447.05,12,0,0,0,0,1,338,0
447.07,43,0,0,0,0,1,350,0
447.07,43,0,0,0,0,1,350,0
447.07,43,0,0,0,0,1,350,0
447.07,43,0,0,0,0,1,350,0
447.07,43,0,0,0,0,1,625,0
447.07,43,1,0,0,0,1,625,0
447.07,43,0,0,0,0,1,625,0
447.07,43,0,0,0,0,1,350,0
447.07,43,0,0,0,0,1,350,0
447.07,43,0,0,0,0,1,350,0
447.07,43,0,0,0,0,1,350,0
447.07,43,0,0,0,0,1,350,0
447.07,43,0,0,0,0,1,350,0
447.07,43,0,0,0,0,1,350,0
447.07,43,0,0,0,0,1,350,0
447.40,12,0,0,0,0,1,338,0
447.40,12,0,0,0,0,1,338,0
447.40,12,0,0,0,0,1,338,0
447.40,12,0,0,0,0,1,338,0
447.50,12,0,0,0,0,1,48,0
447.50,12,1,0,0,0,1,48,0
447.50,24,0,0,0,0,1,800,0
447.50,24,0,0,0,0,1,800,0
447.50,24,0,0,0,0,1,800,0
447.50,24,0,0,0,0,1,800,0
447.50,24,0,0,0,0,1,800,0
447.50,24,0,0,0,0,1,800,0
447.50,24,0,0,0,0,1,800,0
447.50,24,0,0,0,0,1,800,0
447.50,24,0,0,0,0,1,800,0
447.58,24,0,0,0,0,1,600,0
447.58,24,0,0,0,0,1,600,0
447.58,24,0,0,0,0,1,600,0
447.58,24,0,0,0,0,1,600,0
447.58,24,0,0,0,0,1,600,0
447.58,24,0,0,0,0,1,600,0
447.58,24,0,0,0,0,1,600,0
447.58,24,0,0,0,0,1,600,0
447.58,24,0,0,0,0,1,600,0
447.58,24,0,0,0,0,1,600,0
447.90,12,0,0,0,0,1,650,0
447.90,12,0,0,0,0,1,650,0
447.90,12,0,0,0,0,1,650,0
447.90,12,0,0,0,0,1,650,0
448.00,12,0,0,0,0,1,250,0
448.00,12,0,0,0,0,1,250,0
448.00,12,0,0,0,0,1,250,0
448.00,12,0,0,0,0,1,400,0
448.00,12,1,0,0,0,1,400,0
448.00,12,0,0,0,0,1,584,0
448.00,12,0,0,0,0,1,584,0
448.00,12,0,0,0,0,1,584,0
448.00,12,0,0,0,0,1,584,0
448.00,12,0,0,0,0,1,584,0
448.00,12,0,0,0,0,1,584,0
448.00,24,0,0,0,0,1,700,0
448.00,24,0,0,0,0,1,700,0
448.00,24,0,0,0,0,1,700,0
448.00,12,0,0,0,0,1,738,0
448.00,12,0,0,0,0,1,738,0
448.00,12,0,0,0,0,1,738,0
448.00,12,0,0,0,0,1,738,0
448.00,12,0,0,0,0,1,738,0
448.00,12,0,0,0,0,1,738,0
448.00,12,0,0,0,0,1,738,0
448.00,12,0,0,0,0,1,738,0
448.00,12,0,0,0,0,1,738,0
448.00,12,0,0,0,0,1,738,0
448.00,12,0,0,0,0,1,738,0
448.00,12,0,0,0,0,1,738,0
448.00,12,0,0,0,0,1,738,0
448.00,12,0,0,0,0,1,738,0
448.00,12,0,0,0,0,1,738,0
448.00,12,0,0,0,0,1,738,0
448.00,12,0,0,0,0,1,738,0
448.00,12,0,0,0,0,1,738,0
448.00,12,0,0,0,0,1,738,0
448.00,12,0,0,0,0,1,738,0
448.00,12,0,0,0,0,1,738,0
448.00,12,0,0,0,0,1,738,0
448.00,12,0,0,0,0,1,738,0
448.00,12,0,0,0,0,1,738,0
448.00,12,0,0,0,0,1,738,0
448.00,12,0,0,0,0,1,738,0
448.00,12,0,0,0,0,1,738,0
448.00,12,0,0,0,0,1,738,0
448.00,23,0,0,0,0,1,-250,0
448.00,23,0,0,0,0,1,-250,0
448.00,23,0,0,0,0,1,-250,0
448.00,23,0,0,0,0,1,-250,0
448.00,23,0,0,0,0,1,-250,0
448.00,23,0,0,0,0,1,-250,0
448.00,23,0,0,0,0,1,-250,0
448.00,23,0,0,0,0,1,-250,0
448.00,23,0,0,0,0,1,-250,0
448.00,23,0,0,0,0,1,-250,0
448.00,23,0,0,0,0,1,-250,0
448.00,12,0,0,0,0,1,363,0
448.00,12,0,0,0,0,1,363,0
448.00,12,0,0,0,0,1,363,0
448.00,12,0,0,0,0,1,363,0
448.00,12,0,0,0,0,1,350,0
448.00,12,0,0,0,0,1,350,0
448.00,12,0,0,0,0,1,350,0
448.00,12,0,0,0,0,1,350,0
448.00,27,0,0,0,0,1,700,0
448.00,27,0,0,0,0,1,700,0
448.00,27,0,0,0,0,1,700,0
448.00,27,0,0,0,0,1,700,0
448.00,27,0,0,0,0,1,700,0
448.00,12,0,0,0,0,1,350,0
448.00,12,0,0,0,0,1,350,0
448.00,12,0,0,0,0,1,350,0
448.00,12,0,0,0,0,1,350,0
448.00,12,0,0,0,0,1,738,0
448.00,12,0,0,0,0,1,738,0
448.00,12,0,0,0,0,1,738,0
448.00,12,0,0,0,0,1,738,0
448.00,12,0,0,0,0,1,738,0
448.00,12,0,0,0,0,1,738,0
448.00,12,0,0,0,0,1,738,0
448.00,12,0,0,0,0,1,738,0
448.00,12,0,0,0,0,1,738,0
448.00,12,0,0,0,0,1,738,0
448.00,12,0,0,0,0,1,738,0
448.00,12,0,0,0,0,1,738,0
448.00,12,0,0,0,0,1,738,0
448.00,12,0,0,0,0,1,738,0
448.00,12,0,0,0,0,1,250,0
448.00,12,0,0,0,0,1,250,0
448.00,12,0,0,0,0,1,250,0
448.00,12,0,0,0,0,1,250,0
448.00,12,0,0,0,0,1,250,0
448.00,12,0,0,0,0,1,450,0
448.00,12,0,0,0,0,1,450,0
448.00,12,0,0,0,0,1,450,0
448.00,12,0,0,0,0,1,450,0
448.00,12,0,0,0,0,1,450,0
448.00,12,0,0,0,0,1,450,0
448.00,12,0,0,0,0,1,350,0
448.00,12,0,0,0,0,1,350,0
448.00,12,0,0,0,0,1,350,0
448.00,12,0,0,0,0,1,350,0
448.30,12,0,0,0,0,1,338,0
448.30,12,0,0,0,0,1,338,0
448.30,12,0,0,0,0,1,338,0
448.30,12,0,0,0,0,1,338,0
448.50,12,0,0,0,0,1,250,0
448.50,12,0,0,0,0,1,250,0
448.50,12,0,0,0,0,1,250,0
448.50,12,0,0,0,0,1,738,0
448.50,12,0,0,0,0,1,738,0
448.50,12,0,0,0,0,1,738,0
448.50,12,0,0,0,0,1,738,0
448.50,12,0,0,0,0,1,738,0
448.50,12,0,0,0,0,1,738,0
448.50,12,0,0,0,0,1,738,0
448.50,12,0,0,0,0,1,738,0
448.50,12,0,0,0,0,1,738,0
448.50,12,0,0,0,0,1,738,0
448.50,12,0,0,0,0,1,738,0
448.50,12,0,0,0,0,1,738,0
448.50,12,0,0,0,0,1,738,0
448.50,12,0,0,0,0,1,738,0
448.58,24,0,0,0,0,1,-88,0
448.58,24,0,0,0,0,1,-88,0
448.58,24,0,0,0,0,1,-88,0
448.58,24,0,0,0,0,1,-88,0
448.58,24,0,0,0,0,1,-88,0
448.58,23,0,0,0,0,1,-360,0
448.58,23,1,0,0,0,1,-360,0
448.58,23,0,0,0,0,1,-360,0
448.90,12,0,0,0,0,1,338,0
448.90,12,0,0,0,0,1,338,0
448.90,12,0,0,0,0,1,338,0
448.90,12,0,0,0,0,1,338,0
449.00,43,0,0,0,0,1,345,0
449.00,43,1,0,0,0,1,345,0
449.00,12,0,0,0,0,1,250,0
449.00,12,0,0,0,0,1,250,0
449.00,12,0,0,0,0,1,250,0
449.00,43,0,0,0,0,1,600,0
449.00,43,0,0,0,0,1,600,0
449.00,43,0,0,0,0,1,600,0
449.00,43,0,0,0,0,1,600,0
449.00,43,0,0,0,0,1,600,0
449.00,43,0,0,0,0,1,600,0
449.00,43,0,0,0,0,1,600,0
449.00,43,0,0,0,0,1,600,0
449.00,43,0,0,0,0,1,600,0
449.00,43,0,0,0,0,1,600,0
449.00,12,0,0,0,0,1,350,0
449.00,12,0,0,0,0,1,350,0
449.00,12,0,0,0,0,1,350,0
449.00,27,0,0,0,0,1,196,0
449.00,27,0,0,0,0,1,196,0
449.00,27,0,0,0,0,1,196,0
449.00,27,0,0,0,0,1,196,0
449.00,12,0,0,0,0,1,738,0
449.00,12,0,0,0,0,1,738,0
449.00,12,0,0,0,0,1,738,0
449.00,12,0,0,0,0,1,738,0
449.00,12,0,0,0,0,1,738,0
449.00,12,0,0,0,0,1,738,0
449.00,12,0,0,0,0,1,738,0
449.00,12,0,0,0,0,1,738,0
449.00,12,0,0,0,0,1,738,0
449.00,12,0,0,0,0,1,738,0
449.00,12,0,0,0,0,1,738,0
449.00,12,0,0,0,0,1,738,0
449.00,12,0,0,0,0,1,738,0
449.00,12,0,0,0,0,1,738,0
449.00,23,0,0,0,0,1,411,0
449.00,23,1,0,0,0,1,411,0
449.00,23,0,0,0,0,1,411,0
449.00,27,0,0,0,0,1,500,0
449.00,27,0,0,0,0,1,500,0
449.00,27,0,0,0,0,1,500,0
449.00,27,0,0,0,0,1,500,0
449.00,27,0,0,0,0,1,500,0
449.20,12,0,0,0,0,1,650,0
449.20,12,0,0,0,0,1,650,0
449.20,12,0,0,0,0,1,650,0
449.20,12,0,0,0,0,1,650,0
449.45,12,0,0,0,0,1,338,0
449.45,12,0,0,0,0,1,338,0
449.45,12,0,0,0,0,1,338,0
449.45,12,0,0,0,0,1,338,0
449.45,12,0,0,0,0,1,338,0
449.50,12,0,0,0,0,1,57,0
449.50,12,1,0,0,0,1,57,0
449.50,12,0,0,0,0,1,363,0
449.50,12,0,0,0,0,1,363,0
449.50,12,0,0,0,0,1,363,0
449.50,12,0,0,0,0,1,363,0
449.50,12,0,0,0,0,1,363,0
449.50,43,1,0,0,0,1,380,0
449.50,43,0,0,0,0,1,380,0
449.59,43,0,0,0,0,1,350,0
449.59,43,0,0,0,0,1,350,0
449.59,43,0,0,0,0,1,350,0
449.59,43,0,0,0,0,1,350,0
449.59,24,0,0,0,0,1,600,0
449.59,24,0,0,0,0,1,600,0
449.59,24,0,0,0,0,1,600,0
449.59,24,0,0,0,0,1,600,0
449.59,24,0,0,0,0,1,600,0
449.90,12,0,0,0,0,1,650,0
449.90,12,0,0,0,0,1,650,0
449.90,12,0,0,0,0,1,650,0
449.90,12,0,0,0,0,1,650,0
450.00,12,0,0,0,0,1,317,0
450.00,12,0,0,0,0,1,317,0
450.00,12,0,0,0,0,1,317,0
450.00,12,0,0,0,0,1,317,0
450.00,12,0,0,0,0,1,317,0
450.00,12,0,0,0,0,1,317,0
450.00,12,0,0,0,0,1,317,0
450.00,12,0,0,0,0,1,317,0
450.00,12,0,0,0,0,1,317,0
450.00,12,0,0,0,0,1,317,0
450.00,12,0,0,0,0,1,317,0
450.00,23,0,0,0,0,1,-423,0
450.00,23,0,0,0,0,1,-423,0
450.00,23,0,0,0,0,1,-423,0
450.00,23,0,0,0,0,1,-423,0
450.00,12,0,0,0,0,1,350,0
450.00,12,0,0,0,0,1,350,0
450.00,12,0,0,0,0,1,350,0
450.00,12,0,0,0,0,1,350,0
450.00,12,1,0,0,0,1,350,0
450.00,12,0,0,0,0,1,350,0
450.00,12,1,0,0,0,1,400,0
450.00,43,0,0,0,0,1,600,0
450.00,43,0,0,0,0,1,600,0
450.00,43,0,0,0,0,1,600,0
450.00,43,0,0,0,0,1,600,0
450.00,43,0,0,0,0,1,600,0
450.00,43,0,0,0,0,1,600,0
450.00,43,0,0,0,0,1,600,0
450.00,43,0,0,0,0,1,600,0
450.00,43,0,0,0,0,1,600,0
450.00,43,0,0,0,0,1,600,0
450.00,27,0,0,0,0,1,700,0
450.00,27,0,0,0,0,1,700,0
450.00,27,0,0,0,0,1,700,0
450.00,27,0,0,0,0,1,700,0
450.00,27,0,0,0,0,1,700,0
450.00,27,0,0,0,0,1,700,0
450.00,12,0,0,0,0,1,250,0
450.00,12,0,0,0,0,1,250,0
450.00,12,0,0,0,0,1,250,0
450.00,12,0,0,0,0,1,250,0
450.00,12,0,0,0,0,1,250,0
450.00,43,0,0,0,0,1,600,0
450.00,43,0,0,0,0,1,600,0
450.00,43,0,0,0,0,1,600,0
450.00,43,0,0,0,0,1,600,0
450.00,43,0,0,0,0,1,600,0
450.00,43,0,0,0,0,1,600,0
450.00,43,0,0,0,0,1,600,0
450.00,43,0,0,0,0,1,600,0
450.00,43,0,0,0,0,1,600,0
450.00,43,0,0,0,0,1,600,0
450.00,23,0,0,0,0,1,411,0
450.00,23,1,0,0,0,1,411,0
450.00,23,0,0,0,0,1,411,0
450.00,12,0,0,0,0,1,240,0
450.00,12,0,0,0,0,1,240,0
450.00,12,0,0,0,0,1,240,0
450.00,12,0,0,0,0,1,240,0
450.00,12,0,0,0,0,1,350,0
450.00,12,0,0,0,0,1,350,0
450.00,12,0,0,0,0,1,350,0
450.00,12,0,0,0,0,1,350,0
450.00,12,0,0,0,0,1,350,0
450.00,12,0,0,0,0,1,350,0
450.00,12,0,0,0,0,1,350,0
450.00,12,0,0,0,0,1,350,0
450.00,12,0,0,0,0,1,350,0
450.00,12,0,0,0,0,1,350,0
450.00,12,0,0,0,0,1,350,0
450.00,12,0,0,0,0,1,350,0
450.00,12,0,0,0,0,1,350,0
450.00,12,0,0,0,0,1,350,0
450.00,12,0,0,0,0,1,350,0
450.00,12,0,0,0,0,1,363,0
450.00,12,0,0,0,0,1,363,0
450.00,12,0,0,0,0,1,363,0
450.00,12,0,0,0,0,1,363,0
450.00,12,0,0,0,0,1,363,0
450.00,27,0,0,0,0,1,700,0
450.00,27,0,0,0,0,1,700,0
450.00,27,0,0,0,0,1,700,0
450.00,27,0,0,0,0,1,700,0
450.00,27,0,0,0,0,1,700,0
450.00,12,0,0,0,0,1,325,0
450.00,12,0,0,0,0,1,325,0
450.00,12,0,0,0,0,1,325,0
450.00,12,0,0,0,0,1,325,0
450.00,12,0,0,0,0,1,350,0
450.00,12,0,0,0,0,1,350,0
450.00,12,0,0,0,0,1,350,0
450.00,12,0,0,0,0,1,350,0
450.00,12,0,0,0,0,1,350,0
450.00,12,0,0,0,0,1,350,0
450.00,12,0,0,0,0,1,738,0
450.00,12,0,0,0,0,1,738,0
450.00,12,0,0,0,0,1,738,0
450.00,12,0,0,0,0,1,738,0
450.00,12,0,0,0,0,1,738,0
450.00,12,0,0,0,0,1,738,0
450.00,12,0,0,0,0,1,738,0
450.00,12,0,0,0,0,1,738,0
450.00,12,0,0,0,0,1,738,0
450.00,12,0,0,0,0,1,738,0
450.00,12,0,0,0,0,1,738,0
450.00,12,0,0,0,0,1,738,0
450.00,12,0,0,0,0,1,738,0
450.00,12,0,0,0,0,1,738,0
450.00,27,0,0,0,0,1,450,0
450.00,27,0,0,0,0,1,450,0
450.00,27,0,0,0,0,1,450,0
450.00,12,0,0,0,0,1,350,0
450.00,12,0,0,0,0,1,350,0
450.00,12,0,0,0,0,1,350,0
450.00,12,0,0,0,0,1,350,0
450.10,12,0,0,0,0,1,338,0
450.10,12,0,0,0,0,1,338,0
450.10,12,0,0,0,0,1,338,0
450.10,12,0,0,0,0,1,338,0
450.10,12,0,0,0,0,1,338,0
450.25,23,0,0,0,0,1,380,0
450.25,23,0,0,0,0,1,380,0
450.25,23,0,0,0,0,1,380,0
450.25,23,0,0,0,0,1,380,0
450.25,23,0,0,0,0,1,380,0
450.25,23,0,0,0,0,1,380,0
450.59,24,0,0,0,0,1,650,0
450.59,24,0,0,0,0,1,650,0
450.59,24,0,0,0,0,1,650,0
450.59,24,0,0,0,0,1,450,0
450.59,24,0,0,0,0,1,450,0
450.59,24,0,0,0,0,1,450,0
450.59,24,0,0,0,0,1,450,0
450.59,24,0,0,0,0,1,450,0
450.59,24,0,0,0,0,1,450,0
450.60,12,0,0,0,0,1,338,0
450.60,12,0,0,0,0,1,338,0
450.60,12,0,0,0,0,1,338,0
450.60,12,0,0,0,0,1,338,0
450.65,12,0,0,0,0,1,338,0
450.65,12,0,0,0,0,1,338,0
450.65,12,0,0,0,0,1,338,0
450.65,12,0,0,0,0,1,338,0
450.80,12,0,0,0,0,1,513,0
450.80,12,1,0,0,0,1,513,0
450.80,12,0,0,0,0,1,513,0
451.00,12,0,0,0,0,1,467,0
451.00,12,0,0,0,0,1,467,0
451.00,12,0,0,0,0,1,467,0
451.00,12,0,0,0,0,1,467,0
451.00,12,0,0,0,0,1,467,0
451.00,12,0,0,0,0,1,295,0
451.00,12,1,0,0,0,1,295,0
451.00,12,0,0,0,0,1,295,0
451.00,27,0,0,0,0,1,-548,0
451.00,27,0,0,0,0,1,-548,0
451.00,27,0,0,0,0,1,-548,0
451.00,27,0,0,0,0,1,-548,0
451.00,43,0,0,0,0,1,600,0
451.00,43,0,0,0,0,1,600,0
451.00,43,0,0,0,0,1,600,0
451.00,43,0,0,0,0,1,600,0
451.00,43,0,0,0,0,1,600,0
451.00,43,0,0,0,0,1,600,0
451.00,43,0,0,0,0,1,600,0
451.00,43,0,0,0,0,1,600,0
451.00,43,0,0,0,0,1,600,0
451.00,43,0,0,0,0,1,600,0
451.00,12,0,0,0,0,1,250,0
451.00,12,0,0,0,0,1,250,0
451.00,12,0,0,0,0,1,250,0
451.00,12,0,0,0,0,1,250,0
451.00,12,0,0,0,0,1,250,0
451.00,12,0,0,0,0,1,250,0
451.00,12,0,0,0,0,1,250,0
451.00,12,0,0,0,0,1,250,0
451.00,12,0,0,0,0,1,250,0
451.00,12,0,0,0,0,1,350,0
451.00,12,0,0,0,0,1,350,0
451.00,12,0,0,0,0,1,350,0
451.00,12,0,0,0,0,1,350,0
451.00,27,0,0,0,0,1,700,0
451.00,27,0,0,0,0,1,700,0
451.00,27,0,0,0,0,1,700,0
451.00,27,0,0,0,0,1,700,0
451.00,27,0,0,0,0,1,700,0
451.00,27,0,0,0,0,1,700,0
451.00,27,0,0,0,0,1,700,0
451.00,27,0,0,0,0,1,700,0
451.00,27,0,0,0,0,1,700,0
451.00,27,0,0,0,0,1,700,0
451.09,43,0,0,0,0,1,350,0
451.09,43,0,0,0,0,1,350,0
451.09,43,0,0,0,0,1,350,0
451.09,43,0,0,0,0,1,350,0
451.09,43,0,0,0,0,1,350,0
451.09,43,0,0,0,0,1,350,0
451.09,43,0,0,0,0,1,350,0
451.09,43,0,0,0,0,1,350,0
451.40,12,0,0,0,0,1,738,0
451.40,12,0,0,0,0,1,738,0
451.40,12,0,0,0,0,1,738,0
451.40,12,0,0,0,0,1,738,0
451.40,12,0,0,0,0,1,738,0
451.40,12,0,0,0,0,1,738,0
451.40,12,0,0,0,0,1,738,0
451.40,12,0,0,0,0,1,738,0
451.40,12,0,0,0,0,1,738,0
451.40,12,0,0,0,0,1,738,0
451.40,12,0,0,0,0,1,738,0
451.40,12,0,0,0,0,1,738,0
451.40,12,0,0,0,0,1,738,0
451.40,12,0,0,0,0,1,738,0
451.50,26,0,0,0,0,1,600,0
451.50,26,0,0,0,0,1,600,0
451.50,26,0,0,0,0,1,600,0
451.50,12,0,0,0,0,1,300,0
451.50,12,0,0,0,0,1,300,0
451.50,12,0,0,0,0,1,300,0
451.50,12,0,0,0,0,1,300,0
451.50,12,0,0,0,0,1,300,0
451.50,12,0,0,0,0,1,300,0
451.50,12,0,0,0,0,1,300,0
451.50,12,0,0,0,0,1,300,0
451.50,12,0,0,0,0,1,300,0
451.60,24,0,0,0,0,1,-373,0
451.60,24,0,0,0,0,1,-373,0
451.60,24,0,0,0,0,1,-373,0
451.60,24,0,0,0,0,1,-373,0
451.60,24,0,0,0,0,1,-373,0
451.60,24,0,0,0,0,1,-373,0
451.60,23,1,0,0,0,1,-423,0
451.60,23,0,0,0,0,1,-423,0
451.60,12,0,0,0,0,1,738,0
451.60,12,0,0,0,0,1,738,0
451.60,12,0,0,0,0,1,738,0
451.60,12,0,0,0,0,1,738,0
451.60,12,0,0,0,0,1,738,0
451.60,12,0,0,0,0,1,738,0
451.60,12,0,0,0,0,1,738,0
451.60,12,0,0,0,0,1,738,0
451.60,12,0,0,0,0,1,738,0
451.60,12,0,0,0,0,1,738,0
451.60,12,0,0,0,0,1,738,0
451.60,12,0,0,0,0,1,738,0
451.60,12,0,0,0,0,1,738,0
451.60,12,0,0,0,0,1,738,0
451.85,12,0,0,0,0,1,338,0
451.85,12,0,0,0,0,1,338,0
451.85,12,0,0,0,0,1,338,0
451.85,12,0,0,0,0,1,338,0
452.00,12,1,0,0,0,1,340,0
452.00,12,1,0,0,0,1,340,0
452.00,12,0,0,0,0,1,467,0
452.00,12,0,0,0,0,1,467,0
452.00,12,0,0,0,0,1,467,0
452.00,12,0,0,0,0,1,467,0
452.00,12,0,0,0,0,1,467,0
452.00,12,1,0,0,0,1,370,0
452.00,12,0,0,0,0,1,370,0
452.00,12,1,0,0,0,1,370,0
452.00,12,0,0,0,0,1,370,0
452.00,43,0,0,0,0,1,600,0
452.00,43,0,0,0,0,1,600,0
452.00,43,0,0,0,0,1,600,0
452.00,43,0,0,0,0,1,600,0
452.00,43,0,0,0,0,1,600,0
452.00,43,0,0,0,0,1,600,0
452.00,43,0,0,0,0,1,600,0
452.00,43,0,0,0,0,1,600,0
452.00,43,0,0,0,0,1,600,0
452.00,43,0,0,0,0,1,600,0
452.00,43,0,0,0,0,1,700,0
452.00,43,0,0,0,0,1,700,0
452.00,43,0,0,0,0,1,700,0
452.00,43,0,0,0,0,1,700,0
452.00,43,0,0,0,0,1,700,0
452.00,12,0,0,0,0,1,553,0
452.00,12,0,0,0,0,1,553,0
452.00,12,0,0,0,0,1,553,0
452.00,23,1,0,0,0,1,411,0
452.00,23,0,0,0,0,1,411,0
452.00,12,0,0,0,0,1,650,0
452.00,12,0,0,0,0,1,650,0
452.00,12,0,0,0,0,1,650,0
452.00,12,0,0,0,0,1,44,0
452.00,12,1,0,0,0,1,44,0
452.00,12,0,0,0,0,1,44,0
452.00,12,1,0,0,0,1,44,0
452.00,12,0,0,0,0,1,350,0
452.00,12,0,0,0,0,1,350,0
452.00,12,0,0,0,0,1,350,0
452.00,12,0,0,0,0,1,350,0
452.00,12,0,0,0,0,1,350,0
452.00,12,0,0,0,0,1,350,0
452.00,12,0,0,0,0,1,350,0
452.00,12,0,0,0,0,1,350,0
452.00,12,0,0,0,0,1,350,0
452.00,12,0,0,0,0,1,350,0
452.00,12,0,0,0,0,1,350,0
452.00,27,1,0,0,0,1,400,0
452.00,27,0,0,0,0,1,400,0
452.00,23,0,0,0,0,1,380,0
452.00,23,0,0,0,0,1,380,0
452.00,23,0,0,0,0,1,380,0
452.00,23,0,0,0,0,1,380,0
452.00,23,0,0,0,0,1,380,0
452.00,43,1,0,0,0,1,345,0
452.00,43,0,0,0,0,1,345,0
452.00,12,0,0,0,0,1,363,0
452.00,12,0,0,0,0,1,363,0
452.00,12,0,0,0,0,1,363,0
452.00,12,0,0,0,0,1,363,0
452.00,27,0,0,0,0,1,700,0
452.00,27,0,0,0,0,1,700,0
452.00,27,0,0,0,0,1,700,0
452.00,27,0,0,0,0,1,700,0
452.00,27,0,0,0,0,1,700,0
452.00,23,0,0,0,0,1,600,0
452.00,23,0,0,0,0,1,600,0
452.00,23,0,0,0,0,1,600,0
452.00,23,0,0,0,0,1,600,0
452.05,12,0,0,0,0,1,338,0
452.05,12,0,0,0,0,1,338,0
452.05,12,0,0,0,0,1,338,0
452.05,12,0,0,0,0,1,338,0
452.05,12,0,0,0,0,1,338,0
452.05,12,0,0,0,0,1,338,0
452.10,24,0,0,0,0,1,-373,0
452.10,24,0,0,0,0,1,-373,0
452.10,24,0,0,0,0,1,-373,0
452.10,24,0,0,0,0,1,-373,0
452.10,24,0,0,0,0,1,-373,0
452.10,24,0,0,0,0,1,-373,0
452.25,12,0,0,0,0,1,738,0
452.25,12,0,0,0,0,1,738,0
452.25,12,0,0,0,0,1,738,0
452.25,12,0,0,0,0,1,738,0
452.25,12,0,0,0,0,1,738,0
452.25,12,0,0,0,0,1,738,0
452.25,12,0,0,0,0,1,738,0
452.25,12,0,0,0,0,1,738,0
452.25,12,0,0,0,0,1,738,0
452.25,12,0,0,0,0,1,738,0
452.25,12,0,0,0,0,1,738,0
452.25,12,0,0,0,0,1,738,0
452.25,12,0,0,0,0,1,738,0
452.25,12,0,0,0,0,1,738,0
452.30,12,0,0,0,0,1,338,0
452.30,12,0,0,0,0,1,338,0
452.30,12,0,0,0,0,1,338,0
452.30,12,0,0,0,0,1,338,0
452.50,43,1,0,0,0,1,380,0
452.50,43,0,0,0,0,1,380,0
452.60,12,0,0,0,0,1,338,0
452.60,12,0,0,0,0,1,338,0
452.60,12,0,0,0,0,1,338,0
452.60,12,0,0,0,0,1,338,0
452.60,12,0,0,0,0,1,338,0
452.80,12,0,0,0,0,1,650,0
452.80,12,0,0,0,0,1,650,0
452.80,12,0,0,0,0,1,650,0
452.80,12,0,0,0,0,1,650,0
453.00,12,0,0,0,0,1,250,0
453.00,12,0,0,0,0,1,250,0
453.00,12,0,0,0,0,1,250,0
453.00,12,0,0,0,0,1,250,0
453.00,12,1,0,0,0,1,400,0
453.00,12,1,0,0,0,1,370,0
453.00,12,0,0,0,0,1,370,0
453.00,43,0,0,0,0,1,600,0
453.00,43,0,0,0,0,1,600,0
453.00,43,0,0,0,0,1,600,0
453.00,43,0,0,0,0,1,600,0
453.00,43,0,0,0,0,1,600,0
453.00,43,0,0,0,0,1,600,0
453.00,43,0,0,0,0,1,600,0
453.00,43,0,0,0,0,1,600,0
453.00,43,0,0,0,0,1,600,0
453.00,43,0,0,0,0,1,600,0
453.00,23,0,0,0,0,1,575,0
453.00,23,0,0,0,0,1,575,0
453.00,23,0,0,0,0,1,575,0
453.00,23,0,0,0,0,1,575,0
453.00,23,0,0,0,0,1,575,0
453.00,23,0,0,0,0,1,575,0
453.00,23,0,0,0,0,1,575,0
453.00,23,0,0,0,0,1,575,0
453.00,12,0,0,0,0,1,350,0
453.00,12,0,0,0,0,1,350,0
453.00,12,0,0,0,0,1,350,0
453.00,12,0,0,0,0,1,350,0
453.00,23,0,0,0,0,1,600,0
453.00,23,0,0,0,0,1,600,0
453.00,23,0,0,0,0,1,600,0
453.00,23,0,0,0,0,1,600,0
453.00,23,0,0,0,0,1,600,0
453.00,12,0,0,0,0,1,350,0
453.00,12,0,0,0,0,1,350,0
453.00,12,0,0,0,0,1,350,0
453.00,12,0,0,0,0,1,738,0
453.00,12,0,0,0,0,1,738,0
453.00,12,0,0,0,0,1,738,0
453.00,12,0,0,0,0,1,738,0
453.00,12,0,0,0,0,1,738,0
453.00,12,0,0,0,0,1,738,0
453.00,12,0,0,0,0,1,738,0
453.00,12,0,0,0,0,1,738,0
453.00,12,0,0,0,0,1,738,0
453.00,12,0,0,0,0,1,738,0
453.00,12,0,0,0,0,1,738,0
453.00,12,0,0,0,0,1,738,0
453.00,12,0,0,0,0,1,738,0
453.00,12,0,0,0,0,1,738,0
453.00,12,0,0,0,0,1,738,0
453.00,12,0,0,0,0,1,738,0
453.00,12,0,0,0,0,1,738,0
453.00,12,0,0,0,0,1,738,0
453.00,12,0,0,0,0,1,738,0
453.00,12,0,0,0,0,1,738,0
453.00,12,0,0,0,0,1,738,0
453.00,12,0,0,0,0,1,738,0
453.00,12,0,0,0,0,1,738,0
453.00,12,0,0,0,0,1,738,0
453.00,12,0,0,0,0,1,738,0
453.00,12,0,0,0,0,1,738,0
453.00,12,0,0,0,0,1,738,0
453.00,12,0,0,0,0,1,738,0
453.00,23,0,0,0,0,1,-250,0
453.00,23,0,0,0,0,1,-250,0
453.00,23,0,0,0,0,1,-250,0
453.00,23,0,0,0,0,1,-250,0
453.00,23,0,0,0,0,1,-250,0
453.00,23,0,0,0,0,1,-250,0
453.00,23,0,0,0,0,1,-250,0
453.00,23,0,0,0,0,1,-250,0
453.00,23,0,0,0,0,1,-250,0
453.00,23,0,0,0,0,1,-250,0
453.00,23,0,0,0,0,1,-250,0
453.00,12,0,0,0,0,1,350,0
453.00,12,0,0,0,0,1,350,0
453.00,12,0,0,0,0,1,350,0
453.00,12,0,0,0,0,1,350,0
453.00,12,0,0,0,0,1,392,0
453.00,12,1,0,0,0,1,392,0
453.00,12,0,0,0,0,1,392,0
453.00,12,0,0,0,0,1,350,0
453.00,12,0,0,0,0,1,350,0
453.00,12,0,0,0,0,1,350,0
453.00,24,0,0,0,0,1,591,0
453.00,24,0,0,0,0,1,591,0
453.00,24,0,0,0,0,1,591,0
453.00,24,0,0,0,0,1,591,0
453.00,24,0,0,0,0,1,591,0
453.00,24,0,0,0,0,1,591,0
453.00,12,0,0,0,0,1,738,0
453.00,12,0,0,0,0,1,738,0
453.00,12,0,0,0,0,1,738,0
453.00,12,0,0,0,0,1,738,0
453.00,12,0,0,0,0,1,738,0
453.00,12,0,0,0,0,1,738,0
453.00,12,0,0,0,0,1,738,0
453.00,12,0,0,0,0,1,738,0
453.00,12,0,0,0,0,1,738,0
453.00,12,0,0,0,0,1,738,0
453.00,12,0,0,0,0,1,738,0
453.00,12,0,0,0,0,1,738,0
453.00,12,0,0,0,0,1,738,0
453.00,12,0,0,0,0,1,738,0
453.00,24,0,0,0,0,1,700,0
453.00,24,0,0,0,0,1,700,0
453.00,24,0,0,0,0,1,700,0
453.00,24,0,0,0,0,1,700,0
453.00,24,0,0,0,0,1,700,0
453.00,24,0,0,0,0,1,700,0
453.00,24,0,0,0,0,1,700,0
453.00,24,0,0,0,0,1,700,0
453.00,24,0,0,0,0,1,700,0
453.00,24,0,0,0,0,1,700,0
453.00,24,0,0,0,0,1,700,0
453.00,24,0,0,0,0,1,700,0
453.00,24,0,0,0,0,1,700,0
453.00,24,0,0,0,0,1,700,0
453.00,12,0,0,0,0,1,738,0
453.00,12,0,0,0,0,1,738,0
453.00,12,0,0,0,0,1,738,0
453.00,12,0,0,0,0,1,738,0
453.00,12,0,0,0,0,1,738,0
453.00,12,0,0,0,0,1,738,0
453.00,12,0,0,0,0,1,738,0
453.00,12,0,0,0,0,1,738,0
453.00,12,0,0,0,0,1,738,0
453.00,12,0,0,0,0,1,738,0
453.00,12,0,0,0,0,1,738,0
453.00,12,0,0,0,0,1,738,0
453.00,12,0,0,0,0,1,738,0
453.00,12,0,0,0,0,1,738,0
453.10,12,0,0,0,0,1,338,0
453.10,12,0,0,0,0,1,338,0
453.10,12,0,0,0,0,1,338,0
453.10,12,0,0,0,0,1,338,0
453.25,12,0,0,0,0,1,738,0
453.25,12,0,0,0,0,1,738,0
453.25,12,0,0,0,0,1,738,0
453.25,12,0,0,0,0,1,738,0
453.25,12,0,0,0,0,1,738,0
453.25,12,0,0,0,0,1,738,0
453.25,12,0,0,0,0,1,738,0
453.25,12,0,0,0,0,1,738,0
453.25,12,0,0,0,0,1,738,0
453.25,12,0,0,0,0,1,738,0
453.25,12,0,0,0,0,1,738,0
453.25,12,0,0,0,0,1,738,0
453.25,12,0,0,0,0,1,738,0
453.25,12,0,0,0,0,1,738,0
453.50,12,0,0,0,0,1,738,0
453.50,12,0,0,0,0,1,738,0
453.50,12,0,0,0,0,1,738,0
453.50,12,0,0,0,0,1,738,0
453.50,12,0,0,0,0,1,738,0
453.50,12,0,0,0,0,1,738,0
453.50,12,0,0,0,0,1,738,0
453.50,12,0,0,0,0,1,738,0
453.50,12,0,0,0,0,1,738,0
453.50,12,0,0,0,0,1,738,0
453.50,12,0,0,0,0,1,738,0
453.50,12,0,0,0,0,1,738,0
453.50,12,0,0,0,0,1,738,0
453.50,12,0,0,0,0,1,738,0
453.60,12,0,0,0,0,1,338,0
453.60,12,0,0,0,0,1,338,0
453.60,12,0,0,0,0,1,338,0
453.60,12,0,0,0,0,1,338,0
453.60,12,0,0,0,0,1,338,0
453.60,43,0,0,0,0,1,350,0
453.60,43,0,0,0,0,1,350,0
453.60,43,0,0,0,0,1,350,0
453.60,43,0,0,0,0,1,350,0
453.60,24,0,0,0,0,1,450,0
453.60,24,0,0,0,0,1,450,0
453.60,24,0,0,0,0,1,450,0
453.60,24,0,0,0,0,1,450,0
453.60,24,0,0,0,0,1,450,0
453.60,24,0,0,0,0,1,450,0
453.60,24,0,0,0,0,1,450,0
453.60,24,0,0,0,0,1,450,0
453.60,24,0,0,0,0,1,450,0
453.60,24,0,0,0,0,1,450,0
454.00,43,0,0,0,0,1,392,0
454.00,43,1,0,0,0,1,392,0
454.00,24,0,0,0,0,1,591,0
454.00,24,0,0,0,0,1,591,0
454.00,24,0,0,0,0,1,591,0
454.00,24,0,0,0,0,1,591,0
454.00,24,0,0,0,0,1,591,0
454.00,24,0,0,0,0,1,591,0
454.00,24,0,0,0,0,1,500,0
454.00,24,0,0,0,0,1,500,0
454.00,24,0,0,0,0,1,500,0
454.00,24,0,0,0,0,1,500,0
454.00,24,0,0,0,0,1,500,0
454.00,24,0,0,0,0,1,500,0
454.00,27,0,0,0,0,1,700,0
454.00,27,0,0,0,0,1,700,0
454.00,27,0,0,0,0,1,700,0
454.00,27,0,0,0,0,1,700,0
454.00,27,0,0,0,0,1,700,0
454.00,12,0,0,0,0,1,738,0
454.00,12,0,0,0,0,1,738,0
454.00,12,0,0,0,0,1,738,0
454.00,12,0,0,0,0,1,738,0
454.00,12,0,0,0,0,1,738,0
454.00,12,0,0,0,0,1,738,0
454.00,12,0,0,0,0,1,738,0
454.00,12,0,0,0,0,1,738,0
454.00,12,0,0,0,0,1,738,0
454.00,12,0,0,0,0,1,738,0
454.00,12,0,0,0,0,1,738,0
454.00,12,0,0,0,0,1,738,0
454.00,12,0,0,0,0,1,738,0
454.00,12,0,0,0,0,1,738,0
454.00,12,0,0,0,0,1,738,0
454.00,12,0,0,0,0,1,738,0
454.00,12,0,0,0,0,1,738,0
454.00,12,0,0,0,0,1,738,0
454.00,12,0,0,0,0,1,738,0
454.00,12,0,0,0,0,1,738,0
454.00,12,0,0,0,0,1,738,0
454.00,12,0,0,0,0,1,738,0
454.00,12,0,0,0,0,1,738,0
454.00,12,0,0,0,0,1,738,0
454.00,12,0,0,0,0,1,738,0
454.00,12,0,0,0,0,1,738,0
454.00,12,0,0,0,0,1,738,0
454.00,12,0,0,0,0,1,738,0
454.00,12,0,0,0,0,1,350,0
454.00,12,0,0,0,0,1,350,0
454.00,12,0,0,0,0,1,350,0
454.00,12,0,0,0,0,1,350,0
454.00,23,0,0,0,0,1,380,0
454.00,23,0,0,0,0,1,380,0
454.00,23,0,0,0,0,1,380,0
454.00,23,0,0,0,0,1,380,0
454.00,23,0,0,0,0,1,380,0
454.00,23,0,0,0,0,1,380,0
454.00,12,0,0,0,0,1,250,0
454.00,12,0,0,0,0,1,250,0
454.00,12,0,0,0,0,1,250,0
454.00,12,0,0,0,0,1,250,0
454.00,43,1,0,0,0,1,380,0
454.00,43,0,0,0,0,1,380,0
454.00,12,0,0,0,0,1,350,0
454.00,12,0,0,0,0,1,350,0
454.00,12,0,0,0,0,1,350,0
454.00,12,0,0,0,0,1,350,0
454.00,12,0,0,0,0,1,350,0
454.00,12,0,0,0,0,1,350,0
454.00,12,0,0,0,0,1,350,0
454.00,24,0,0,0,0,1,500,0
454.00,24,0,0,0,0,1,500,0
454.00,24,0,0,0,0,1,500,0
454.00,24,0,0,0,0,1,500,0
454.00,24,0,0,0,0,1,500,0
454.00,24,0,0,0,0,1,500,0
454.00,23,0,0,0,0,1,575,0
454.00,23,0,0,0,0,1,575,0
454.00,23,0,0,0,0,1,575,0
454.00,23,0,0,0,0,1,575,0
454.00,23,0,0,0,0,1,575,0
454.00,23,0,0,0,0,1,575,0
454.00,23,0,0,0,0,1,575,0
454.00,23,0,0,0,0,1,575,0
454.15,12,0,0,0,0,1,338,0
454.15,12,0,0,0,0,1,338,0
454.15,12,0,0,0,0,1,338,0
454.15,12,0,0,0,0,1,338,0
454.15,12,0,0,0,0,1,338,0
454.25,12,0,0,0,0,1,513,0
454.25,12,1,0,0,0,1,513,0
454.25,12,0,0,0,0,1,513,0
454.50,12,0,0,0,0,1,513,0
454.50,12,1,0,0,0,1,513,0
454.50,12,0,0,0,0,1,513,0
454.50,12,0,0,0,0,1,44,0
454.50,12,1,0,0,0,1,44,0
454.50,43,1,0,0,0,1,345,0
454.50,43,0,0,0,0,1,345,0
454.61,24,0,0,0,0,1,-373,0
454.61,24,0,0,0,0,1,-373,0
454.61,24,0,0,0,0,1,-373,0
454.61,24,0,0,0,0,1,-373,0
454.61,24,0,0,0,0,1,-373,0
454.61,24,0,0,0,0,1,-373,0
454.61,43,0,0,0,0,1,350,0
454.61,43,1,0,0,0,1,350,0
454.61,43,0,0,0,0,1,350,0
454.61,43,0,0,0,0,1,350,0
454.61,43,0,0,0,0,1,350,0
454.61,43,0,0,0,0,1,350,0
454.61,43,0,0,0,0,1,350,0
454.61,23,0,0,0,0,1,-360,0
454.61,23,0,0,0,0,1,-360,0
454.61,23,0,0,0,0,1,-360,0
454.61,23,0,0,0,0,1,-360,0
455.00,12,0,0,0,0,1,317,0
455.00,12,0,0,0,0,1,317,0
455.00,12,0,0,0,0,1,317,0
455.00,12,0,0,0,0,1,317,0
455.00,12,0,0,0,0,1,317,0
455.00,12,0,0,0,0,1,350,0
455.00,12,1,0,0,0,1,350,0
455.00,12,0,0,0,0,1,350,0
455.00,12,0,0,0,0,1,467,0
455.00,12,0,0,0,0,1,467,0
455.00,12,0,0,0,0,1,467,0
455.00,12,0,0,0,0,1,467,0
455.00,12,0,0,0,0,1,467,0
455.00,12,0,0,0,0,1,738,0
455.00,12,0,0,0,0,1,738,0
455.00,12,0,0,0,0,1,738,0
455.00,12,0,0,0,0,1,738,0
455.00,12,0,0,0,0,1,738,0
455.00,12,0,0,0,0,1,738,0
455.00,12,0,0,0,0,1,738,0
455.00,12,0,0,0,0,1,738,0
455.00,12,0,0,0,0,1,738,0
455.00,12,0,0,0,0,1,738,0
455.00,12,0,0,0,0,1,738,0
455.00,12,0,0,0,0,1,738,0
455.00,12,0,0,0,0,1,738,0
455.00,12,0,0,0,0,1,738,0
455.00,12,0,0,0,0,1,350,0
455.00,12,0,0,0,0,1,350,0
455.00,12,0,0,0,0,1,350,0
455.00,23,0,0,0,0,1,217,0
455.00,23,0,0,0,0,1,217,0
455.00,23,0,0,0,0,1,217,0
455.00,23,0,0,0,0,1,217,0
455.00,23,0,0,0,0,1,217,0
455.00,23,0,0,0,0,1,217,0
455.00,23,0,0,0,0,1,217,0
455.00,23,0,0,0,0,1,217,0
455.00,23,0,0,0,0,1,217,0
455.00,12,0,0,0,0,1,392,0
455.00,12,1,0,0,0,1,392,0
455.00,12,0,0,0,0,1,392,0
455.00,27,0,0,0,0,1,700,0
455.00,27,0,0,0,0,1,700,0
455.00,27,0,0,0,0,1,700,0
455.00,27,0,0,0,0,1,700,0
455.00,27,0,0,0,0,1,700,0
455.00,12,0,0,0,0,1,363,0
455.00,12,0,0,0,0,1,363,0
455.00,12,0,0,0,0,1,363,0
455.00,12,0,0,0,0,1,363,0
455.00,12,0,0,0,0,1,350,0
455.00,12,0,0,0,0,1,350,0
455.00,12,0,0,0,0,1,350,0
455.00,12,0,0,0,0,1,350,0
455.00,27,0,0,0,0,1,700,0
455.00,27,0,0,0,0,1,700,0
455.00,27,0,0,0,0,1,700,0
455.00,27,0,0,0,0,1,700,0
455.00,27,0,0,0,0,1,700,0
455.00,27,0,0,0,0,1,700,0
455.00,12,0,0,0,0,1,650,0
455.00,12,0,0,0,0,1,650,0
455.00,12,0,0,0,0,1,650,0
455.00,12,0,0,0,0,1,650,0
455.00,12,0,0,0,0,1,250,0
455.00,12,0,0,0,0,1,250,0
455.00,12,0,0,0,0,1,250,0
455.00,12,0,0,0,0,1,250,0
455.00,12,0,0,0,0,1,363,0
455.00,12,0,0,0,0,1,363,0
455.00,12,0,0,0,0,1,363,0
455.00,12,0,0,0,0,1,350,0
455.00,12,0,0,0,0,1,350,0
455.00,12,0,0,0,0,1,350,0
455.00,27,0,0,0,0,1,500,0
455.00,27,0,0,0,0,1,500,0
455.00,27,0,0,0,0,1,500,0
455.00,27,0,0,0,0,1,500,0
455.00,27,0,0,0,0,1,500,0
455.00,27,0,0,0,0,1,500,0
455.00,27,0,0,0,0,1,700,0
455.00,27,0,0,0,0,1,700,0
455.00,27,0,0,0,0,1,700,0
455.00,27,0,0,0,0,1,700,0
455.00,27,0,0,0,0,1,700,0
455.00,43,0,0,0,0,1,600,0
455.00,43,0,0,0,0,1,600,0
455.00,43,0,0,0,0,1,600,0
455.00,43,0,0,0,0,1,600,0
455.00,43,0,0,0,0,1,600,0
455.00,43,0,0,0,0,1,600,0
455.00,43,0,0,0,0,1,600,0
455.00,43,0,0,0,0,1,600,0
455.00,43,0,0,0,0,1,600,0
455.00,43,0,0,0,0,1,600,0
455.10,12,0,0,0,0,1,250,0
455.10,12,0,0,0,0,1,250,0
455.10,12,0,0,0,0,1,250,0
455.10,12,0,0,0,0,1,250,0
455.10,12,0,0,0,0,1,250,0
455.10,12,0,0,0,0,1,250,0
455.10,12,0,0,0,0,1,250,0
455.10,12,0,0,0,0,1,338,0
455.10,12,0,0,0,0,1,338,0
455.10,12,0,0,0,0,1,338,0
455.10,12,0,0,0,0,1,338,0
455.10,12,0,0,0,0,1,338,0
455.11,43,0,0,0,0,1,350,0
455.11,43,0,0,0,0,1,350,0
455.11,43,0,0,0,0,1,350,0
455.11,43,0,0,0,0,1,350,0
455.15,12,0,0,0,0,1,338,0
455.15,12,0,0,0,0,1,338,0
455.15,12,0,0,0,0,1,338,0
455.15,12,0,0,0,0,1,338,0
455.15,12,0,0,0,0,1,338,0
455.25,12,0,0,0,0,1,650,0
455.25,12,0,0,0,0,1,650,0
455.25,12,0,0,0,0,1,650,0
455.25,12,0,0,0,0,1,650,0
455.50,24,0,0,0,0,1,500,0
455.50,24,0,0,0,0,1,500,0
455.50,24,0,0,0,0,1,500,0
455.50,24,0,0,0,0,1,500,0
455.50,24,0,0,0,0,1,500,0
455.50,24,0,0,0,0,1,500,0
455.50,12,0,0,0,0,1,44,0
455.50,12,1,0,0,0,1,44,0
455.50,43,0,0,0,0,1,634,0
455.50,43,0,0,0,0,1,634,0
455.50,43,0,0,0,0,1,634,0
455.50,12,0,0,0,0,1,738,0
455.50,12,0,0,0,0,1,738,0
455.50,12,0,0,0,0,1,738,0
455.50,12,0,0,0,0,1,738,0
455.50,12,0,0,0,0,1,738,0
455.50,12,0,0,0,0,1,738,0
455.50,12,0,0,0,0,1,738,0
455.50,12,0,0,0,0,1,738,0
455.50,12,0,0,0,0,1,738,0
455.50,12,0,0,0,0,1,738,0
455.50,12,0,0,0,0,1,738,0
455.50,12,0,0,0,0,1,738,0
455.50,12,0,0,0,0,1,738,0
455.50,12,0,0,0,0,1,738,0
455.55,12,0,0,0,0,1,338,0
455.55,12,0,0,0,0,1,338,0
455.55,12,0,0,0,0,1,338,0
455.55,12,0,0,0,0,1,338,0
455.55,12,0,0,0,0,1,338,0
455.60,12,0,0,0,0,1,338,0
455.60,12,0,0,0,0,1,338,0
455.60,12,0,0,0,0,1,338,0
455.60,12,0,0,0,0,1,338,0
455.61,23,1,0,0,0,1,-423,0
455.61,23,0,0,0,0,1,-423,0
455.75,23,0,0,0,0,1,380,0
455.75,23,0,0,0,0,1,380,0
455.75,23,0,0,0,0,1,380,0
455.75,23,0,0,0,0,1,380,0
455.75,23,0,0,0,0,1,380,0
455.75,23,0,0,0,0,1,380,0
455.75,12,0,0,0,0,1,738,0
455.75,12,0,0,0,0,1,738,0
455.75,12,0,0,0,0,1,738,0
455.75,12,0,0,0,0,1,738,0
455.75,12,0,0,0,0,1,738,0
455.75,12,0,0,0,0,1,738,0
455.75,12,0,0,0,0,1,738,0
455.75,12,0,0,0,0,1,738,0
455.75,12,0,0,0,0,1,738,0
455.75,12,0,0,0,0,1,738,0
455.75,12,0,0,0,0,1,738,0
455.75,12,0,0,0,0,1,738,0
455.75,12,0,0,0,0,1,738,0
455.75,12,0,0,0,0,1,738,0
456.00,23,0,0,0,0,1,500,0
456.00,23,0,0,0,0,1,500,0
456.00,23,0,0,0,0,1,500,0
456.00,23,0,0,0,0,1,500,0
456.00,12,0,0,0,0,1,317,0
456.00,12,0,0,0,0,1,317,0
456.00,12,0,0,0,0,1,317,0
456.00,12,0,0,0,0,1,317,0
456.00,12,0,0,0,0,1,317,0
456.00,12,0,0,0,0,1,317,0
456.00,12,1,0,0,0,1,350,0
456.00,12,0,0,0,0,1,350,0
456.00,12,0,0,0,0,1,467,0
456.00,12,0,0,0,0,1,467,0
456.00,12,0,0,0,0,1,467,0
456.00,12,0,0,0,0,1,467,0
456.00,12,0,0,0,0,1,467,0
456.00,43,0,0,0,0,1,700,0
456.00,43,0,0,0,0,1,700,0
456.00,43,0,0,0,0,1,700,0
456.00,43,0,0,0,0,1,700,0
456.00,43,0,0,0,0,1,700,0
456.00,23,0,0,0,0,1,559,0
456.00,23,0,0,0,0,1,559,0
456.00,23,0,0,0,0,1,559,0
456.00,23,0,0,0,0,1,559,0
456.00,23,0,0,0,0,1,559,0
456.00,23,0,0,0,0,1,475,0
456.00,23,1,0,0,0,1,475,0
456.00,23,0,0,0,0,1,475,0
456.00,24,0,0,0,0,1,500,0
456.00,24,0,0,0,0,1,500,0
456.00,24,0,0,0,0,1,500,0
456.00,24,0,0,0,0,1,500,0
456.00,24,0,0,0,0,1,500,0
456.00,24,0,0,0,0,1,500,0
456.00,12,0,0,0,0,1,738,0
456.00,12,0,0,0,0,1,738,0
456.00,12,0,0,0,0,1,738,0
456.00,12,0,0,0,0,1,738,0
456.00,12,0,0,0,0,1,738,0
456.00,12,0,0,0,0,1,738,0
456.00,12,0,0,0,0,1,738,0
456.00,12,0,0,0,0,1,738,0
456.00,12,0,0,0,0,1,738,0
456.00,12,0,0,0,0,1,738,0
456.00,12,0,0,0,0,1,738,0
456.00,12,0,0,0,0,1,738,0
456.00,12,0,0,0,0,1,738,0
456.00,12,0,0,0,0,1,738,0
456.00,12,0,0,0,0,1,350,0
456.00,12,0,0,0,0,1,350,0
456.00,12,0,0,0,0,1,350,0
456.00,12,0,0,0,0,1,350,0
456.00,12,0,0,0,0,1,392,0
456.00,12,0,0,0,0,1,392,0
456.00,12,0,0,0,0,1,392,0
456.00,12,0,0,0,0,1,392,0
456.00,12,1,0,0,0,1,35,0
456.00,12,0,0,0,0,1,35,0
456.00,12,1,0,0,0,1,35,0
456.00,12,0,0,0,0,1,35,0
456.00,12,0,0,0,0,1,738,0
456.00,12,0,0,0,0,1,738,0
456.00,12,0,0,0,0,1,738,0
456.00,12,0,0,0,0,1,738,0
456.00,12,0,0,0,0,1,738,0
456.00,12,0,0,0,0,1,738,0
456.00,12,0,0,0,0,1,738,0
456.00,12,0,0,0,0,1,738,0
456.00,12,0,0,0,0,1,738,0
456.00,12,0,0,0,0,1,738,0
456.00,12,0,0,0,0,1,738,0
456.00,12,0,0,0,0,1,738,0
456.00,12,0,0,0,0,1,738,0
456.00,12,0,0,0,0,1,738,0
456.00,12,0,0,0,0,1,350,0
456.00,12,0,0,0,0,1,350,0
456.00,12,0,0,0,0,1,350,0
456.00,12,0,0,0,0,1,350,0
456.00,43,0,0,0,0,1,634,0
456.00,43,0,0,0,0,1,634,0
456.00,43,0,0,0,0,1,634,0
456.00,43,0,0,0,0,1,634,0
456.00,24,0,0,0,0,1,700,0
456.00,24,0,0,0,0,1,700,0
456.00,24,0,0,0,0,1,700,0
456.00,24,0,0,0,0,1,700,0
456.00,24,0,0,0,0,1,700,0
456.00,24,0,0,0,0,1,700,0
456.00,24,0,0,0,0,1,700,0
456.00,24,0,0,0,0,1,700,0
456.00,24,0,0,0,0,1,700,0
456.00,24,0,0,0,0,1,700,0
456.00,24,0,0,0,0,1,700,0
456.00,24,0,0,0,0,1,700,0
456.00,24,0,0,0,0,1,700,0
456.00,23,0,0,0,0,1,380,0
456.00,23,0,0,0,0,1,380,0
456.00,23,0,0,0,0,1,380,0
456.00,23,0,0,0,0,1,380,0
456.00,23,0,0,0,0,1,380,0
456.00,23,0,0,0,0,1,600,0
456.00,23,0,0,0,0,1,600,0
456.00,23,0,0,0,0,1,600,0
456.00,23,0,0,0,0,1,600,0
456.00,12,0,0,0,0,1,363,0
456.00,12,0,0,0,0,1,363,0
456.00,12,0,0,0,0,1,363,0
456.00,12,0,0,0,0,1,363,0
456.00,27,0,0,0,0,1,400,0
456.00,27,1,0,0,0,1,400,0
456.00,27,0,0,0,0,1,400,0
456.00,12,0,0,0,0,1,738,0
456.00,12,0,0,0,0,1,738,0
456.00,12,0,0,0,0,1,738,0
456.00,12,0,0,0,0,1,738,0
456.00,12,0,0,0,0,1,738,0
456.00,12,0,0,0,0,1,738,0
456.00,12,0,0,0,0,1,738,0
456.00,12,0,0,0,0,1,738,0
456.00,12,0,0,0,0,1,738,0
456.00,12,0,0,0,0,1,738,0
456.00,12,0,0,0,0,1,738,0
456.00,12,0,0,0,0,1,738,0
456.00,12,0,0,0,0,1,738,0
456.00,12,0,0,0,0,1,738,0
456.35,12,0,0,0,0,1,338,0
456.35,12,0,0,0,0,1,338,0
456.35,12,0,0,0,0,1,338,0
456.35,12,0,0,0,0,1,338,0
456.35,12,0,0,0,0,1,338,0
456.40,12,0,0,0,0,1,338,0
456.40,12,0,0,0,0,1,338,0
456.40,12,0,0,0,0,1,338,0
456.40,12,0,0,0,0,1,338,0
456.40,12,0,0,0,0,1,338,0
456.40,12,0,0,0,0,1,338,0
456.50,12,0,0,0,0,1,550,0
456.50,12,0,0,0,0,1,550,0
456.50,12,0,0,0,0,1,550,0
456.50,12,0,0,0,0,1,534,0
456.50,12,0,0,0,0,1,534,0
456.50,12,0,0,0,0,1,534,0
456.50,12,0,0,0,0,1,534,0
456.50,12,0,0,0,0,1,650,0
456.50,12,0,0,0,0,1,650,0
456.50,12,0,0,0,0,1,650,0
456.50,12,0,0,0,0,1,650,0
456.62,43,0,0,0,0,1,350,0
456.62,43,0,0,0,0,1,350,0
456.62,43,0,0,0,0,1,350,0
456.62,43,0,0,0,0,1,350,0
456.62,43,0,0,0,0,1,350,0
456.62,43,0,0,0,0,1,350,0
456.62,43,0,0,0,0,1,350,0
456.62,43,0,0,0,0,1,350,0
456.75,12,0,0,0,0,1,650,0
456.75,12,0,0,0,0,1,650,0
456.75,12,0,0,0,0,1,650,0
456.75,12,0,0,0,0,1,650,0
456.80,12,0,0,0,0,1,338,0
456.80,12,0,0,0,0,1,338,0
456.80,12,0,0,0,0,1,338,0
456.80,12,0,0,0,0,1,338,0
456.80,12,0,0,0,0,1,338,0
456.80,12,0,0,0,0,1,338,0
456.85,12,0,0,0,0,1,150,0
456.85,12,0,0,0,0,1,150,0
456.85,12,0,0,0,0,1,150,0
457.00,12,0,0,0,0,1,317,0
457.00,12,0,0,0,0,1,317,0
457.00,12,0,0,0,0,1,317,0
457.00,12,0,0,0,0,1,317,0
457.00,12,0,0,0,0,1,317,0
457.00,12,1,0,0,0,1,370,0
457.00,12,0,0,0,0,1,370,0
457.00,23,0,0,0,0,1,380,0
457.00,23,0,0,0,0,1,380,0
457.00,23,0,0,0,0,1,380,0
457.00,23,0,0,0,0,1,380,0
457.00,23,0,0,0,0,1,380,0
457.00,23,0,0,0,0,1,380,0
457.00,27,0,0,0,0,1,700,0
457.00,27,0,0,0,0,1,700,0
457.00,27,0,0,0,0,1,700,0
457.00,27,0,0,0,0,1,700,0
457.00,27,0,0,0,0,1,700,0
457.00,43,1,0,0,0,1,380,0
457.00,43,0,0,0,0,1,380,0
457.00,43,0,0,0,0,1,600,0
457.00,43,0,0,0,0,1,600,0
457.00,43,0,0,0,0,1,600,0
457.00,43,0,0,0,0,1,600,0
457.00,43,0,0,0,0,1,600,0
457.00,43,0,0,0,0,1,600,0
457.00,43,0,0,0,0,1,600,0
457.00,43,0,0,0,0,1,600,0
457.00,43,0,0,0,0,1,600,0
457.00,43,0,0,0,0,1,600,0
457.00,43,0,0,0,0,1,634,0
457.00,43,0,0,0,0,1,634,0
457.00,43,0,0,0,0,1,634,0
457.00,43,0,0,0,0,1,634,0
457.00,12,0,0,0,0,1,350,0
457.00,12,0,0,0,0,1,350,0
457.00,12,0,0,0,0,1,350,0
457.00,12,0,0,0,0,1,350,0
457.00,12,0,0,0,0,1,350,0
457.00,12,0,0,0,0,1,350,0
457.00,12,0,0,0,0,1,350,0
457.00,12,0,0,0,0,1,350,0
457.00,43,0,0,0,0,1,634,0
457.00,43,0,0,0,0,1,634,0
457.00,43,0,0,0,0,1,634,0
457.00,12,0,0,0,0,1,350,0
457.00,12,0,0,0,0,1,350,0
457.00,12,0,0,0,0,1,350,0
457.00,23,0,0,0,0,1,600,0
457.00,23,0,0,0,0,1,600,0
457.00,23,0,0,0,0,1,600,0
457.00,23,0,0,0,0,1,600,0
457.00,12,0,0,0,0,1,738,0
457.00,12,0,0,0,0,1,738,0
457.00,12,0,0,0,0,1,738,0
457.00,12,0,0,0,0,1,738,0
457.00,12,0,0,0,0,1,738,0
457.00,12,0,0,0,0,1,738,0
457.00,12,0,0,0,0,1,738,0
457.00,12,0,0,0,0,1,738,0
457.00,12,0,0,0,0,1,738,0
457.00,12,0,0,0,0,1,738,0
457.00,12,0,0,0,0,1,738,0
457.00,12,0,0,0,0,1,738,0
457.00,12,0,0,0,0,1,738,0
457.00,12,0,0,0,0,1,738,0
457.10,12,0,0,0,0,1,650,0
457.10,12,0,0,0,0,1,650,0
457.10,12,0,0,0,0,1,650,0
457.10,12,0,0,0,0,1,650,0
457.50,12,0,0,0,0,1,738,0
457.50,12,0,0,0,0,1,738,0
457.50,12,0,0,0,0,1,738,0
457.50,12,0,0,0,0,1,738,0
457.50,12,0,0,0,0,1,738,0
457.50,12,0,0,0,0,1,738,0
457.50,12,0,0,0,0,1,738,0
457.50,12,0,0,0,0,1,738,0
457.50,12,0,0,0,0,1,738,0
457.50,12,0,0,0,0,1,738,0
457.50,12,0,0,0,0,1,738,0
457.50,12,0,0,0,0,1,738,0
457.50,12,0,0,0,0,1,738,0
457.50,12,0,0,0,0,1,738,0
457.60,12,0,0,0,0,1,650,0
457.60,12,0,0,0,0,1,650,0
457.60,12,0,0,0,0,1,650,0
457.60,12,0,0,0,0,1,650,0
457.62,24,0,0,0,0,1,600,0
457.62,24,0,0,0,0,1,600,0
457.62,24,0,0,0,0,1,600,0
457.62,24,0,0,0,0,1,600,0
457.62,24,0,0,0,0,1,600,0
457.62,43,0,0,0,0,1,350,0
457.62,43,0,0,0,0,1,350,0
457.62,43,0,0,0,0,1,350,0
457.62,24,0,0,0,0,1,-373,0
457.62,24,0,0,0,0,1,-373,0
457.62,24,0,0,0,0,1,-373,0
457.62,24,0,0,0,0,1,-373,0
457.62,24,0,0,0,0,1,-373,0
458.00,26,0,0,0,0,1,350,0
458.00,26,0,0,0,0,1,350,0
458.00,26,0,0,0,0,1,350,0
458.00,26,0,0,0,0,1,350,0
458.00,12,0,0,0,0,1,392,0
458.00,12,1,0,0,0,1,392,0
458.00,12,0,0,0,0,1,392,0
458.00,12,0,0,0,0,1,350,0
458.00,12,0,0,0,0,1,350,0
458.00,12,0,0,0,0,1,350,0
458.00,43,0,0,0,0,1,600,0
458.00,43,0,0,0,0,1,600,0
458.00,43,0,0,0,0,1,600,0
458.00,43,0,0,0,0,1,600,0
458.00,43,0,0,0,0,1,600,0
458.00,43,0,0,0,0,1,600,0
458.00,43,0,0,0,0,1,600,0
458.00,43,0,0,0,0,1,600,0
458.00,43,0,0,0,0,1,600,0
458.00,43,0,0,0,0,1,600,0
458.00,27,0,0,0,0,1,-548,0
458.00,27,0,0,0,0,1,-548,0
458.00,27,0,0,0,0,1,-548,0
458.00,27,0,0,0,0,1,-548,0
458.00,12,0,0,0,0,1,338,0
458.00,12,0,0,0,0,1,338,0
458.00,12,0,0,0,0,1,338,0
458.00,12,0,0,0,0,1,338,0
458.00,12,0,0,0,0,1,350,0
458.00,12,0,0,0,0,1,350,0
458.00,12,0,0,0,0,1,350,0
458.00,27,0,0,0,0,1,-373,0
458.00,27,0,0,0,0,1,-373,0
458.00,27,0,0,0,0,1,-373,0
458.00,27,0,0,0,0,1,-373,0
458.00,27,0,0,0,0,1,-373,0
458.10,12,0,0,0,0,1,338,0
458.10,12,0,0,0,0,1,338,0
458.10,12,0,0,0,0,1,338,0
458.10,12,0,0,0,0,1,338,0
458.10,12,0,0,0,0,1,338,0
458.13,43,0,0,0,0,1,350,0
458.13,43,0,0,0,0,1,350,0
458.13,43,0,0,0,0,1,350,0
458.13,43,0,0,0,0,1,350,0
458.50,12,0,0,0,0,1,363,0
458.50,12,0,0,0,0,1,363,0
458.50,12,0,0,0,0,1,363,0
458.50,12,0,0,0,0,1,363,0
458.50,43,1,0,0,0,1,380,0
458.50,43,0,0,0,0,1,380,0
458.63,24,0,0,0,0,1,-373,0
458.63,24,0,0,0,0,1,-373,0
458.63,24,0,0,0,0,1,-373,0
458.63,24,0,0,0,0,1,-373,0
458.63,24,0,0,0,0,1,-373,0
458.63,24,0,0,0,0,1,-373,0
458.90,12,0,0,0,0,1,338,0
458.90,12,0,0,0,0,1,338,0
458.90,12,0,0,0,0,1,338,0
458.90,12,0,0,0,0,1,338,0
459.00,27,0,0,0,0,1,-250,0
459.00,27,0,0,0,0,1,-250,0
459.00,27,0,0,0,0,1,-250,0
459.00,27,0,0,0,0,1,-250,0
459.00,27,0,0,0,0,1,-250,0
459.00,27,0,0,0,0,1,-250,0
459.00,27,0,0,0,0,1,-250,0
459.00,27,0,0,0,0,1,-250,0
459.00,27,0,0,0,0,1,-250,0
459.00,27,0,0,0,0,1,-250,0
459.00,27,0,0,0,0,1,-250,0
459.00,12,0,0,0,0,1,44,0
459.00,12,1,0,0,0,1,44,0
459.00,12,0,0,0,0,1,44,0
459.00,12,1,0,0,0,1,44,0
459.00,23,0,0,0,0,1,-250,0
459.00,23,0,0,0,0,1,-250,0
459.00,23,0,0,0,0,1,-250,0
459.00,23,0,0,0,0,1,-250,0
459.00,23,0,0,0,0,1,-250,0
459.00,23,0,0,0,0,1,-250,0
459.00,23,0,0,0,0,1,-250,0
459.00,23,0,0,0,0,1,-250,0
459.00,23,0,0,0,0,1,-250,0
459.00,23,0,0,0,0,1,-250,0
459.00,23,0,0,0,0,1,-250,0
459.00,27,0,0,0,0,1,700,0
459.00,27,0,0,0,0,1,700,0
459.00,27,0,0,0,0,1,700,0
459.00,27,0,0,0,0,1,700,0
459.00,27,0,0,0,0,1,700,0
459.00,27,0,0,0,0,1,196,0
459.00,27,0,0,0,0,1,196,0
459.00,27,0,0,0,0,1,196,0
459.00,27,0,0,0,0,1,196,0
459.00,24,0,0,0,0,1,-297,0
459.00,24,0,0,0,0,1,-297,0
459.00,24,0,0,0,0,1,-297,0
459.00,24,0,0,0,0,1,-297,0
459.00,24,0,0,0,0,1,-297,0
459.00,24,0,0,0,0,1,-297,0
459.00,24,0,0,0,0,1,-297,0
459.00,24,0,0,0,0,1,-297,0
459.00,24,0,0,0,0,1,-297,0
459.00,27,0,0,0,0,1,500,0
459.00,27,0,0,0,0,1,500,0
459.00,27,0,0,0,0,1,500,0
459.00,27,0,0,0,0,1,500,0
459.00,27,0,0,0,0,1,500,0
459.00,27,0,0,0,0,1,500,0
459.00,12,0,0,0,0,1,738,0
459.00,12,0,0,0,0,1,738,0
459.00,12,0,0,0,0,1,738,0
459.00,12,0,0,0,0,1,738,0
459.00,12,0,0,0,0,1,738,0
459.00,12,0,0,0,0,1,738,0
459.00,12,0,0,0,0,1,738,0
459.00,12,0,0,0,0,1,738,0
459.00,12,0,0,0,0,1,738,0
459.00,12,0,0,0,0,1,738,0
459.00,12,0,0,0,0,1,738,0
459.00,12,0,0,0,0,1,738,0
459.00,12,0,0,0,0,1,738,0
459.00,12,0,0,0,0,1,738,0
459.05,12,0,0,0,0,1,338,0
459.05,12,0,0,0,0,1,338,0
459.05,12,0,0,0,0,1,338,0
459.05,12,0,0,0,0,1,338,0
459.05,12,0,0,0,0,1,338,0
459.20,12,0,0,0,0,1,338,0
459.20,12,0,0,0,0,1,338,0
459.20,12,0,0,0,0,1,338,0
459.20,12,0,0,0,0,1,338,0
459.20,12,0,0,0,0,1,338,0
459.50,12,0,0,0,0,1,363,0
459.50,12,0,0,0,0,1,363,0
459.50,12,0,0,0,0,1,363,0
459.50,12,0,0,0,0,1,363,0
459.50,43,0,0,0,0,1,-88,0
459.50,43,0,0,0,0,1,-88,0
459.50,43,0,0,0,0,1,-88,0
459.50,43,0,0,0,0,1,-88,0
459.50,43,0,0,0,0,1,-88,0
459.50,12,0,0,0,0,1,392,0
459.50,12,1,0,0,0,1,392,0
459.50,12,0,0,0,0,1,392,0
459.50,12,0,0,0,0,1,738,0
459.50,12,0,0,0,0,1,738,0
459.50,12,0,0,0,0,1,738,0
459.50,12,0,0,0,0,1,738,0
459.50,12,0,0,0,0,1,738,0
459.50,12,0,0,0,0,1,738,0
459.50,12,0,0,0,0,1,738,0
459.50,12,0,0,0,0,1,738,0
459.50,12,0,0,0,0,1,738,0
459.50,12,0,0,0,0,1,738,0
459.50,12,0,0,0,0,1,738,0
459.50,12,0,0,0,0,1,738,0
459.50,12,0,0,0,0,1,738,0
459.50,12,0,0,0,0,1,738,0
459.50,12,0,0,0,0,1,650,0
459.50,12,0,0,0,0,1,650,0
459.50,12,0,0,0,0,1,650,0
459.50,12,0,0,0,0,1,650,0
460.00,12,0,0,0,0,1,317,0
460.00,12,0,0,0,0,1,317,0
460.00,12,0,0,0,0,1,317,0
460.00,12,0,0,0,0,1,317,0
460.00,12,0,0,0,0,1,317,0
460.00,12,0,0,0,0,1,317,0
460.00,12,0,0,0,0,1,317,0
460.00,12,0,0,0,0,1,317,0
460.00,12,0,0,0,0,1,317,0
460.00,12,0,0,0,0,1,317,0
460.00,12,0,0,0,0,1,317,0
460.00,12,0,0,0,0,1,330,0
460.00,12,1,0,0,0,1,330,0
460.00,27,0,0,0,0,1,700,0
460.00,27,0,0,0,0,1,700,0
460.00,27,0,0,0,0,1,700,0
460.00,27,0,0,0,0,1,700,0
460.00,27,0,0,0,0,1,700,0
460.00,12,0,0,0,0,1,428,0
460.00,12,0,0,0,0,1,428,0
460.00,12,0,0,0,0,1,428,0
460.00,12,0,0,0,0,1,428,0
460.00,12,0,0,0,0,1,428,0
460.00,27,0,0,0,0,1,500,0
460.00,27,0,0,0,0,1,500,0
460.00,27,0,0,0,0,1,500,0
460.00,27,0,0,0,0,1,500,0
460.00,27,0,0,0,0,1,500,0
460.00,12,0,0,0,0,1,250,0
460.00,12,0,0,0,0,1,250,0
460.00,12,0,0,0,0,1,250,0
460.00,12,0,0,0,0,1,250,0
460.00,27,0,0,0,0,1,150,0
460.00,27,1,0,0,0,1,150,0
460.00,12,0,0,0,0,1,44,0
460.00,12,1,0,0,0,1,44,0
460.00,12,1,0,0,0,1,35,0
460.00,12,0,0,0,0,1,35,0
460.00,12,0,0,0,0,1,250,0
460.00,12,0,0,0,0,1,250,0
460.00,12,0,0,0,0,1,250,0
460.00,12,0,0,0,0,1,250,0
460.00,12,0,0,0,0,1,738,0
460.00,12,0,0,0,0,1,738,0
460.00,12,0,0,0,0,1,738,0
460.00,12,0,0,0,0,1,738,0
460.00,12,0,0,0,0,1,738,0
460.00,12,0,0,0,0,1,738,0
460.00,12,0,0,0,0,1,738,0
460.00,12,0,0,0,0,1,738,0
460.00,12,0,0,0,0,1,738,0
460.00,12,0,0,0,0,1,738,0
460.00,12,0,0,0,0,1,738,0
460.00,12,0,0,0,0,1,738,0
460.00,12,0,0,0,0,1,738,0
460.00,12,0,0,0,0,1,738,0
460.00,12,0,0,0,0,1,650,0
460.00,12,0,0,0,0,1,650,0
460.00,12,0,0,0,0,1,650,0
460.00,12,0,0,0,0,1,650,0
460.00,23,0,0,0,0,1,380,0
460.00,23,0,0,0,0,1,380,0
460.00,23,0,0,0,0,1,380,0
460.00,23,0,0,0,0,1,380,0
460.00,23,0,0,0,0,1,380,0
460.00,23,0,0,0,0,1,380,0
460.00,43,0,0,0,0,1,634,0
460.00,43,0,0,0,0,1,634,0
460.00,43,0,0,0,0,1,634,0
460.00,43,0,0,0,0,1,634,0
460.00,12,0,0,0,0,1,350,0
460.00,12,0,0,0,0,1,350,0
460.00,12,0,0,0,0,1,350,0
460.00,12,0,0,0,0,1,350,0
460.00,12,0,0,0,0,1,738,0
460.00,12,0,0,0,0,1,738,0
460.00,12,0,0,0,0,1,738,0
460.00,12,0,0,0,0,1,738,0
460.00,12,0,0,0,0,1,738,0
460.00,12,0,0,0,0,1,738,0
460.00,12,0,0,0,0,1,738,0
460.00,12,0,0,0,0,1,738,0
460.00,12,0,0,0,0,1,738,0
460.00,12,0,0,0,0,1,738,0
460.00,12,0,0,0,0,1,738,0
460.00,12,0,0,0,0,1,738,0
460.00,12,0,0,0,0,1,738,0
460.00,12,0,0,0,0,1,738,0
460.40,12,0,0,0,0,1,475,0
460.40,12,1,0,0,0,1,475,0
460.40,12,0,0,0,0,1,475,0
460.40,12,1,0,0,0,1,475,0
460.40,12,0,0,0,0,1,475,0
460.40,12,0,0,0,0,1,338,0
460.40,12,0,0,0,0,1,338,0
460.40,12,0,0,0,0,1,338,0
460.40,12,0,0,0,0,1,338,0
460.40,12,0,0,0,0,1,338,0
460.40,12,0,0,0,0,1,338,0
460.50,12,0,0,0,0,1,600,0
460.50,12,0,0,0,0,1,600,0
460.50,12,0,0,0,0,1,600,0
460.50,12,0,0,0,0,1,600,0
460.50,12,0,0,0,0,1,600,0
460.50,12,0,0,0,0,1,650,0
460.50,12,0,0,0,0,1,650,0
460.50,12,0,0,0,0,1,650,0
460.50,12,0,0,0,0,1,650,0
460.50,43,0,0,0,0,1,634,0
460.50,43,0,0,0,0,1,634,0
460.50,43,0,0,0,0,1,634,0
460.50,43,0,0,0,0,1,634,0
460.50,43,0,0,0,0,1,345,0
460.50,43,1,0,0,0,1,345,0
460.50,12,0,0,0,0,1,835,0
460.50,12,0,0,0,0,1,835,0
460.50,12,0,0,0,0,1,835,0
460.50,12,0,0,0,0,1,835,0
460.50,12,0,0,0,0,1,835,0
460.50,12,0,0,0,0,1,835,0
460.64,43,0,0,0,0,1,350,0
460.64,43,0,0,0,0,1,350,0
460.64,43,0,0,0,0,1,350,0
460.64,43,0,0,0,0,1,350,0
460.64,43,0,0,0,0,1,350,0
460.64,43,0,0,0,0,1,350,0
460.64,43,0,0,0,0,1,350,0
460.64,43,0,0,0,0,1,350,0
460.64,43,0,0,0,0,1,350,0
460.64,43,0,0,0,0,1,350,0
460.64,43,0,0,0,0,1,350,0
460.64,23,0,0,0,0,1,-270,0
460.64,23,0,0,0,0,1,-270,0
460.64,23,0,0,0,0,1,-270,0
460.80,12,0,0,0,0,1,300,0
460.80,12,0,0,0,0,1,300,0
460.80,12,0,0,0,0,1,300,0
460.80,12,0,0,0,0,1,300,0
460.80,12,0,0,0,0,1,300,0
460.95,12,0,0,0,0,1,650,0
460.95,12,0,0,0,0,1,650,0
460.95,12,0,0,0,0,1,650,0
460.95,12,0,0,0,0,1,650,0
461.00,12,0,0,0,0,1,317,0
461.00,12,0,0,0,0,1,317,0
461.00,12,0,0,0,0,1,317,0
461.00,12,0,0,0,0,1,317,0
461.00,12,0,0,0,0,1,317,0
461.00,12,0,0,0,0,1,250,0
461.00,12,0,0,0,0,1,250,0
461.00,12,0,0,0,0,1,250,0
461.00,12,0,0,0,0,1,350,0
461.00,12,1,0,0,0,1,350,0
461.00,12,0,0,0,0,1,350,0
461.00,43,0,0,0,0,1,600,0
461.00,43,0,0,0,0,1,600,0
461.00,43,0,0,0,0,1,600,0
461.00,43,0,0,0,0,1,600,0
461.00,43,0,0,0,0,1,600,0
461.00,43,0,0,0,0,1,600,0
461.00,43,0,0,0,0,1,600,0
461.00,43,0,0,0,0,1,600,0
461.00,43,0,0,0,0,1,600,0
461.00,43,0,0,0,0,1,600,0
461.00,43,0,0,0,0,1,600,0
461.00,43,0,0,0,0,1,600,0
461.00,43,0,0,0,0,1,600,0
461.00,43,0,0,0,0,1,600,0
461.00,43,0,0,0,0,1,600,0
461.00,43,0,0,0,0,1,600,0
461.00,43,0,0,0,0,1,600,0
461.00,43,0,0,0,0,1,600,0
461.00,43,0,0,0,0,1,600,0
461.00,43,0,0,0,0,1,600,0
461.00,23,0,0,0,0,1,380,0
461.00,23,0,0,0,0,1,380,0
461.00,23,0,0,0,0,1,380,0
461.00,23,0,0,0,0,1,380,0
461.00,23,0,0,0,0,1,380,0
461.00,23,0,0,0,0,1,380,0
461.00,23,0,0,0,0,1,380,0
461.00,23,0,0,0,0,1,380,0
461.00,23,0,0,0,0,1,380,0
461.00,23,0,0,0,0,1,380,0
461.00,23,0,0,0,0,1,380,0
461.00,27,0,0,0,0,1,550,0
461.00,27,0,0,0,0,1,550,0
461.00,27,0,0,0,0,1,550,0
461.00,27,0,0,0,0,1,550,0
461.00,12,0,0,0,0,1,44,0
461.00,12,1,0,0,0,1,44,0
461.00,27,0,0,0,0,1,-373,0
461.00,27,0,0,0,0,1,-373,0
461.00,27,0,0,0,0,1,-373,0
461.00,27,0,0,0,0,1,-373,0
461.00,27,0,0,0,0,1,-373,0
461.00,43,0,0,0,0,1,600,0
461.00,43,0,0,0,0,1,600,0
461.00,43,0,0,0,0,1,600,0
461.00,43,0,0,0,0,1,600,0
461.00,43,0,0,0,0,1,600,0
461.00,43,0,0,0,0,1,600,0
461.00,43,0,0,0,0,1,600,0
461.00,43,0,0,0,0,1,600,0
461.00,43,0,0,0,0,1,600,0
461.00,43,0,0,0,0,1,600,0
461.00,27,0,0,0,0,1,196,0
461.00,27,0,0,0,0,1,196,0
461.00,27,0,0,0,0,1,196,0
461.00,27,0,0,0,0,1,196,0
461.00,27,0,0,0,0,1,700,0
461.00,27,0,0,0,0,1,700,0
461.00,27,0,0,0,0,1,700,0
461.00,27,0,0,0,0,1,700,0
461.00,27,0,0,0,0,1,700,0
461.00,12,0,0,0,0,1,738,0
461.00,12,0,0,0,0,1,738,0
461.00,12,0,0,0,0,1,738,0
461.00,12,0,0,0,0,1,738,0
461.00,12,0,0,0,0,1,738,0
461.00,12,0,0,0,0,1,738,0
461.00,12,0,0,0,0,1,738,0
461.00,12,0,0,0,0,1,738,0
461.00,12,0,0,0,0,1,738,0
461.00,12,0,0,0,0,1,738,0
461.00,12,0,0,0,0,1,738,0
461.00,12,0,0,0,0,1,738,0
461.00,12,0,0,0,0,1,738,0
461.00,12,0,0,0,0,1,738,0
461.00,43,0,0,0,0,1,600,0
461.00,43,0,0,0,0,1,600,0
461.00,43,0,0,0,0,1,600,0
461.00,43,0,0,0,0,1,600,0
461.00,43,0,0,0,0,1,600,0
461.00,43,0,0,0,0,1,600,0
461.00,43,0,0,0,0,1,600,0
461.00,43,0,0,0,0,1,600,0
461.00,43,0,0,0,0,1,600,0
461.00,43,0,0,0,0,1,600,0
461.00,43,0,0,0,0,1,600,0
461.00,43,0,0,0,0,1,600,0
461.00,43,0,0,0,0,1,600,0
461.00,43,0,0,0,0,1,600,0
461.00,43,0,0,0,0,1,600,0
461.00,43,0,0,0,0,1,600,0
461.00,43,0,0,0,0,1,600,0
461.00,43,0,0,0,0,1,600,0
461.00,43,0,0,0,0,1,600,0
461.00,43,0,0,0,0,1,600,0
461.14,43,0,0,0,0,1,350,0
461.14,43,0,0,0,0,1,350,0
461.14,43,0,0,0,0,1,350,0
461.14,43,0,0,0,0,1,350,0
461.50,12,0,0,0,0,1,363,0
461.50,12,0,0,0,0,1,363,0
461.50,12,0,0,0,0,1,363,0
461.50,12,0,0,0,0,1,363,0
461.50,43,1,0,0,0,1,395,0
461.50,43,0,0,0,0,1,395,0
461.64,43,0,0,0,0,1,350,0
461.64,43,0,0,0,0,1,350,0
461.64,43,0,0,0,0,1,350,0
461.64,43,0,0,0,0,1,350,0
461.64,43,0,0,0,0,1,350,0
461.64,43,0,0,0,0,1,350,0
461.64,43,0,0,0,0,1,350,0
461.64,43,0,0,0,0,1,350,0
461.64,23,0,0,0,0,1,-375,0
461.64,23,0,0,0,0,1,-375,0
461.64,23,0,0,0,0,1,-375,0
461.64,23,0,0,0,0,1,-375,0
461.64,23,0,0,0,0,1,-375,0
461.64,23,0,0,0,0,1,-375,0
461.64,23,0,0,0,0,1,-375,0
461.64,23,0,0,0,0,1,-375,0
461.65,12,0,0,0,0,1,338,0
461.65,12,0,0,0,0,1,338,0
461.65,12,0,0,0,0,1,338,0
461.65,12,0,0,0,0,1,338,0
461.80,12,0,0,0,0,1,338,0
461.80,12,0,0,0,0,1,338,0
461.80,12,0,0,0,0,1,338,0
461.80,12,0,0,0,0,1,338,0
461.80,12,0,0,0,0,1,338,0
461.80,12,0,0,0,0,1,338,0
462.00,12,1,0,0,0,1,400,0
462.00,12,0,0,0,0,1,467,0
462.00,12,0,0,0,0,1,467,0
462.00,12,0,0,0,0,1,467,0
462.00,12,0,0,0,0,1,467,0
462.00,12,0,0,0,0,1,467,0
462.00,43,0,0,0,0,1,600,0
462.00,43,0,0,0,0,1,600,0
462.00,43,0,0,0,0,1,600,0
462.00,43,0,0,0,0,1,600,0
462.00,43,0,0,0,0,1,600,0
462.00,43,0,0,0,0,1,600,0
462.00,43,0,0,0,0,1,600,0
462.00,43,0,0,0,0,1,600,0
462.00,43,0,0,0,0,1,600,0
462.00,43,0,0,0,0,1,600,0
462.00,23,0,0,0,0,1,559,0
462.00,23,0,0,0,0,1,559,0
462.00,23,0,0,0,0,1,559,0
462.00,23,0,0,0,0,1,559,0
462.00,27,0,0,0,0,1,700,0
462.00,27,0,0,0,0,1,700,0
462.00,27,0,0,0,0,1,700,0
462.00,27,0,0,0,0,1,700,0
462.00,27,0,0,0,0,1,700,0
462.00,23,0,0,0,0,1,500,0
462.00,23,0,0,0,0,1,500,0
462.00,23,0,0,0,0,1,500,0
462.00,23,0,0,0,0,1,500,0
462.00,43,0,0,0,0,1,700,0
462.00,43,0,0,0,0,1,700,0
462.00,43,0,0,0,0,1,700,0
462.00,43,0,0,0,0,1,700,0
462.00,43,0,0,0,0,1,700,0
462.00,43,0,0,0,0,1,700,0
462.00,23,0,0,0,0,1,-250,0
462.00,23,0,0,0,0,1,-250,0
462.00,23,0,0,0,0,1,-250,0
462.00,23,0,0,0,0,1,-250,0
462.00,23,0,0,0,0,1,-250,0
462.00,23,0,0,0,0,1,-250,0
462.00,23,0,0,0,0,1,-250,0
462.00,23,0,0,0,0,1,-250,0
462.00,23,0,0,0,0,1,-250,0
462.00,23,0,0,0,0,1,-250,0
462.00,23,0,0,0,0,1,-250,0
462.00,43,0,0,0,0,1,700,0
462.00,43,0,0,0,0,1,700,0
462.00,43,0,0,0,0,1,700,0
462.00,43,0,0,0,0,1,700,0
462.00,43,0,0,0,0,1,700,0
462.00,43,0,0,0,0,1,600,0
462.00,43,0,0,0,0,1,600,0
462.00,43,0,0,0,0,1,600,0
462.00,43,0,0,0,0,1,600,0
462.00,43,0,0,0,0,1,600,0
462.00,43,0,0,0,0,1,600,0
462.00,43,0,0,0,0,1,600,0
462.00,43,0,0,0,0,1,600,0
462.00,43,0,0,0,0,1,600,0
462.00,43,0,0,0,0,1,600,0
462.00,12,0,0,0,0,1,350,0
462.00,12,0,0,0,0,1,350,0
462.00,12,0,0,0,0,1,350,0
462.00,12,0,0,0,0,1,350,0
462.00,12,0,0,0,0,1,350,0
462.00,12,0,0,0,0,1,350,0
462.00,12,0,0,0,0,1,350,0
462.00,43,0,0,0,0,1,600,0
462.00,43,0,0,0,0,1,600,0
462.00,43,0,0,0,0,1,600,0
462.00,43,0,0,0,0,1,600,0
462.00,43,0,0,0,0,1,600,0
462.00,43,0,0,0,0,1,600,0
462.00,43,0,0,0,0,1,600,0
462.00,43,0,0,0,0,1,600,0
462.00,43,0,0,0,0,1,600,0
462.00,43,0,0,0,0,1,600,0
462.00,12,0,0,0,0,1,363,0
462.00,12,0,0,0,0,1,363,0
462.00,12,0,0,0,0,1,363,0
462.00,12,0,0,0,0,1,363,0
462.00,12,0,0,0,0,1,350,0
462.00,12,0,0,0,0,1,350,0
462.00,12,0,0,0,0,1,350,0
462.00,27,0,0,0,0,1,700,0
462.00,27,0,0,0,0,1,700,0
462.00,27,0,0,0,0,1,700,0
462.00,27,0,0,0,0,1,700,0
462.00,27,0,0,0,0,1,700,0
462.00,27,0,0,0,0,1,500,0
462.00,27,0,0,0,0,1,500,0
462.00,27,0,0,0,0,1,500,0
462.00,27,0,0,0,0,1,500,0
462.00,27,0,0,0,0,1,500,0
462.00,43,0,0,0,0,1,600,0
462.00,43,0,0,0,0,1,600,0
462.00,43,0,0,0,0,1,600,0
462.00,43,0,0,0,0,1,600,0
462.00,43,0,0,0,0,1,600,0
462.00,43,0,0,0,0,1,600,0
462.00,43,0,0,0,0,1,600,0
462.00,43,0,0,0,0,1,600,0
462.00,43,0,0,0,0,1,600,0
462.00,43,0,0,0,0,1,600,0
462.00,24,0,0,0,0,1,700,0
462.00,24,0,0,0,0,1,700,0
462.00,24,0,0,0,0,1,700,0
462.00,24,0,0,0,0,1,700,0
462.00,24,0,0,0,0,1,700,0
462.00,24,0,0,0,0,1,700,0
462.00,24,0,0,0,0,1,700,0
462.00,24,0,0,0,0,1,700,0
462.00,24,0,0,0,0,1,700,0
462.00,24,0,0,0,0,1,700,0
462.00,24,0,0,0,0,1,700,0
462.00,24,0,0,0,0,1,700,0
462.00,24,0,0,0,0,1,700,0
462.25,12,0,0,0,0,1,338,0
462.25,12,0,0,0,0,1,338,0
462.25,12,0,0,0,0,1,338,0
462.25,12,0,0,0,0,1,338,0
462.25,12,0,0,0,0,1,338,0
462.25,12,0,0,0,0,1,338,0
462.25,12,0,0,0,0,1,338,0
462.25,12,0,0,0,0,1,338,0
462.35,12,0,0,0,0,1,738,0
462.35,12,0,0,0,0,1,738,0
462.35,12,0,0,0,0,1,738,0
462.35,12,0,0,0,0,1,738,0
462.35,12,0,0,0,0,1,738,0
462.35,12,0,0,0,0,1,738,0
462.35,12,0,0,0,0,1,738,0
462.35,12,0,0,0,0,1,738,0
462.35,12,0,0,0,0,1,738,0
462.35,12,0,0,0,0,1,738,0
462.35,12,0,0,0,0,1,738,0
462.35,12,0,0,0,0,1,738,0
462.35,12,0,0,0,0,1,738,0
462.35,12,0,0,0,0,1,738,0
462.45,12,0,0,0,0,1,338,0
462.45,12,0,0,0,0,1,338,0
462.45,12,0,0,0,0,1,338,0
462.45,12,0,0,0,0,1,338,0
462.50,12,0,0,0,0,1,338,0
462.50,12,0,0,0,0,1,338,0
462.50,12,0,0,0,0,1,338,0
462.50,12,0,0,0,0,1,338,0
462.50,12,0,0,0,0,1,338,0
462.50,12,0,0,0,0,1,338,0
462.50,12,0,0,0,0,1,338,0
462.50,12,0,0,0,0,1,338,0
462.55,12,0,0,0,0,1,338,0
462.55,12,0,0,0,0,1,338,0
462.55,12,0,0,0,0,1,338,0
462.55,12,0,0,0,0,1,338,0
462.60,12,0,0,0,0,1,338,0
462.60,12,0,0,0,0,1,338,0
462.60,12,0,0,0,0,1,338,0
462.60,12,0,0,0,0,1,338,0
462.60,12,0,0,0,0,1,338,0
462.60,12,0,0,0,0,1,338,0
462.65,23,0,0,0,0,1,-360,0
462.65,23,0,0,0,0,1,-360,0
462.65,23,0,0,0,0,1,-360,0
462.65,23,0,0,0,0,1,-360,0
462.65,23,0,0,0,0,1,-423,0
462.65,23,1,0,0,0,1,-423,0
462.80,12,0,0,0,0,1,738,0
462.80,12,0,0,0,0,1,738,0
462.80,12,0,0,0,0,1,738,0
462.80,12,0,0,0,0,1,738,0
462.80,12,0,0,0,0,1,738,0
462.80,12,0,0,0,0,1,738,0
462.80,12,0,0,0,0,1,738,0
462.80,12,0,0,0,0,1,738,0
462.80,12,0,0,0,0,1,738,0
462.80,12,0,0,0,0,1,738,0
462.80,12,0,0,0,0,1,738,0
462.80,12,0,0,0,0,1,738,0
462.80,12,0,0,0,0,1,738,0
462.80,12,0,0,0,0,1,738,0
463.00,12,0,0,0,0,1,330,0
463.00,12,1,0,0,0,1,330,0
463.00,12,0,0,0,0,1,360,0
463.00,12,0,0,0,0,1,360,0
463.00,12,0,0,0,0,1,360,0
463.00,12,0,0,0,0,1,400,0
463.00,12,1,0,0,0,1,400,0
463.00,23,0,0,0,0,1,380,0
463.00,23,0,0,0,0,1,380,0
463.00,23,0,0,0,0,1,380,0
463.00,23,0,0,0,0,1,380,0
463.00,23,0,0,0,0,1,380,0
463.00,23,0,0,0,0,1,380,0
463.00,43,0,0,0,0,1,600,0
463.00,43,0,0,0,0,1,600,0
463.00,43,0,0,0,0,1,600,0
463.00,43,0,0,0,0,1,600,0
463.00,43,0,0,0,0,1,600,0
463.00,43,0,0,0,0,1,600,0
463.00,43,0,0,0,0,1,600,0
463.00,43,0,0,0,0,1,600,0
463.00,43,0,0,0,0,1,600,0
463.00,43,0,0,0,0,1,600,0
463.00,43,1,0,0,0,1,345,0
463.00,43,0,0,0,0,1,345,0
463.00,23,1,0,0,0,1,384,0
463.00,23,0,0,0,0,1,384,0
463.00,12,0,0,0,0,1,350,0
463.00,12,0,0,0,0,1,350,0
463.00,12,0,0,0,0,1,350,0
463.00,12,0,0,0,0,1,350,0
463.00,12,0,0,0,0,1,350,0
463.00,12,0,0,0,0,1,350,0
463.00,12,0,0,0,0,1,350,0
463.00,12,0,0,0,0,1,738,0
463.00,12,0,0,0,0,1,738,0
463.00,12,0,0,0,0,1,738,0
463.00,12,0,0,0,0,1,738,0
463.00,12,0,0,0,0,1,738,0
463.00,12,0,0,0,0,1,738,0
463.00,12,0,0,0,0,1,738,0
463.00,12,0,0,0,0,1,738,0
463.00,12,0,0,0,0,1,738,0
463.00,12,0,0,0,0,1,738,0
463.00,12,0,0,0,0,1,738,0
463.00,12,0,0,0,0,1,738,0
463.00,12,0,0,0,0,1,738,0
463.00,12,0,0,0,0,1,738,0
463.00,27,0,0,0,0,1,700,0
463.00,27,0,0,0,0,1,700,0
463.00,27,0,0,0,0,1,700,0
463.00,27,0,0,0,0,1,700,0
463.00,27,0,0,0,0,1,700,0
463.00,12,0,0,0,0,1,350,0
463.00,12,0,0,0,0,1,350,0
463.00,12,0,0,0,0,1,350,0
463.00,12,0,0,0,0,1,350,0
463.00,12,0,0,0,0,1,428,0
463.00,12,0,0,0,0,1,428,0
463.00,12,0,0,0,0,1,428,0
463.00,12,0,0,0,0,1,428,0
463.00,12,0,0,0,0,1,420,0
463.00,12,0,0,0,0,1,420,0
463.00,12,0,0,0,0,1,420,0
463.00,12,0,0,0,0,1,420,0
463.00,12,0,0,0,0,1,420,0
463.00,23,0,0,0,0,1,600,0
463.00,23,0,0,0,0,1,600,0
463.00,23,0,0,0,0,1,600,0
463.00,23,0,0,0,0,1,600,0
463.15,43,0,0,0,0,1,350,0
463.15,43,0,0,0,0,1,350,0
463.15,43,0,0,0,0,1,350,0
463.50,12,0,0,0,0,1,738,0
463.50,12,0,0,0,0,1,738,0
463.50,12,0,0,0,0,1,738,0
463.50,12,0,0,0,0,1,738,0
463.50,12,0,0,0,0,1,738,0
463.50,12,0,0,0,0,1,738,0
463.50,12,0,0,0,0,1,738,0
463.50,12,0,0,0,0,1,738,0
463.50,12,0,0,0,0,1,738,0
463.50,12,0,0,0,0,1,738,0
463.50,12,0,0,0,0,1,738,0
463.50,12,0,0,0,0,1,738,0
463.50,12,0,0,0,0,1,738,0
463.50,12,0,0,0,0,1,738,0
463.55,12,0,0,0,0,1,650,0
463.55,12,0,0,0,0,1,650,0
463.55,12,0,0,0,0,1,650,0
463.55,12,0,0,0,0,1,650,0
463.65,24,0,0,0,0,1,600,0
463.65,24,0,0,0,0,1,600,0
463.65,24,0,0,0,0,1,600,0
463.65,24,0,0,0,0,1,600,0
463.65,24,0,0,0,0,1,600,0
463.65,24,0,0,0,0,1,600,0
463.65,24,0,0,0,0,1,450,0
463.65,24,0,0,0,0,1,450,0
463.65,24,0,0,0,0,1,450,0
463.65,24,0,0,0,0,1,450,0
463.65,24,0,0,0,0,1,450,0
463.65,24,0,0,0,0,1,450,0
463.65,24,0,0,0,0,1,600,0
463.65,24,0,0,0,0,1,600,0
463.65,24,0,0,0,0,1,600,0
463.65,24,0,0,0,0,1,600,0
463.65,24,0,0,0,0,1,600,0
463.75,12,0,0,0,0,1,650,0
463.75,12,0,0,0,0,1,650,0
463.75,12,0,0,0,0,1,650,0
463.75,12,0,0,0,0,1,650,0
463.85,12,0,0,0,0,1,338,0
463.85,12,0,0,0,0,1,338,0
463.85,12,0,0,0,0,1,338,0
463.85,12,0,0,0,0,1,338,0
463.85,12,0,0,0,0,1,338,0
463.90,12,0,0,0,0,1,338,0
463.90,12,0,0,0,0,1,338,0
463.90,12,0,0,0,0,1,338,0
463.90,12,0,0,0,0,1,338,0
463.90,12,0,0,0,0,1,338,0
463.95,12,0,0,0,0,1,338,0
463.95,12,0,0,0,0,1,338,0
463.95,12,0,0,0,0,1,338,0
463.95,12,0,0,0,0,1,338,0
464.00,12,0,0,0,0,1,317,0
464.00,12,0,0,0,0,1,317,0
464.00,12,0,0,0,0,1,317,0
464.00,12,0,0,0,0,1,317,0
464.00,12,0,0,0,0,1,317,0
464.00,12,0,0,0,0,1,317,0
464.00,12,0,0,0,0,1,317,0
464.00,12,0,0,0,0,1,317,0
464.00,12,0,0,0,0,1,317,0
464.00,12,0,0,0,0,1,317,0
464.00,12,0,0,0,0,1,317,0
464.00,12,0,0,0,0,1,400,0
464.00,12,1,0,0,0,1,400,0
464.00,43,0,0,0,0,1,600,0
464.00,43,0,0,0,0,1,600,0
464.00,43,0,0,0,0,1,600,0
464.00,43,0,0,0,0,1,600,0
464.00,43,0,0,0,0,1,600,0
464.00,43,0,0,0,0,1,600,0
464.00,43,0,0,0,0,1,600,0
464.00,43,0,0,0,0,1,600,0
464.00,43,0,0,0,0,1,600,0
464.00,43,0,0,0,0,1,600,0
464.00,43,0,0,0,0,1,634,0
464.00,43,0,0,0,0,1,634,0
464.00,43,0,0,0,0,1,634,0
464.00,23,0,0,0,0,1,335,0
464.00,23,0,0,0,0,1,335,0
464.00,23,0,0,0,0,1,335,0
464.00,23,0,0,0,0,1,335,0
464.00,43,0,0,0,0,1,600,0
464.00,43,0,0,0,0,1,600,0
464.00,43,0,0,0,0,1,600,0
464.00,43,0,0,0,0,1,600,0
464.00,43,0,0,0,0,1,600,0
464.00,43,0,0,0,0,1,600,0
464.00,43,0,0,0,0,1,600,0
464.00,43,0,0,0,0,1,600,0
464.00,43,0,0,0,0,1,600,0
464.00,43,0,0,0,0,1,600,0
464.00,43,0,0,0,0,1,600,0
464.00,43,0,0,0,0,1,600,0
464.00,43,0,0,0,0,1,600,0
464.00,43,0,0,0,0,1,600,0
464.00,43,0,0,0,0,1,600,0
464.00,43,0,0,0,0,1,600,0
464.00,43,0,0,0,0,1,600,0
464.00,43,0,0,0,0,1,600,0
464.00,43,0,0,0,0,1,600,0
464.00,43,0,0,0,0,1,600,0
464.00,12,0,0,0,0,1,250,0
464.00,12,0,0,0,0,1,250,0
464.00,12,0,0,0,0,1,250,0
464.00,12,0,0,0,0,1,250,0
464.00,12,0,0,0,0,1,250,0
464.00,27,0,0,0,0,1,700,0
464.00,27,0,0,0,0,1,700,0
464.00,27,0,0,0,0,1,700,0
464.00,27,0,0,0,0,1,700,0
464.00,27,0,0,0,0,1,700,0
464.00,12,0,0,0,0,1,350,0
464.00,12,0,0,0,0,1,350,0
464.00,12,0,0,0,0,1,350,0
464.00,12,0,0,0,0,1,350,0
464.00,23,0,0,0,0,1,600,0
464.00,23,0,0,0,0,1,600,0
464.00,23,0,0,0,0,1,600,0
464.00,23,0,0,0,0,1,600,0
464.00,12,0,0,0,0,1,738,0
464.00,12,0,0,0,0,1,738,0
464.00,12,0,0,0,0,1,738,0
464.00,12,0,0,0,0,1,738,0
464.00,12,0,0,0,0,1,738,0
464.00,12,0,0,0,0,1,738,0
464.00,12,0,0,0,0,1,738,0
464.00,12,0,0,0,0,1,738,0
464.00,12,0,0,0,0,1,738,0
464.00,12,0,0,0,0,1,738,0
464.00,12,0,0,0,0,1,738,0
464.00,12,0,0,0,0,1,738,0
464.00,12,0,0,0,0,1,738,0
464.00,12,0,0,0,0,1,738,0
464.00,24,0,0,0,0,1,374,0
464.00,24,0,0,0,0,1,374,0
464.00,24,0,0,0,0,1,374,0
464.00,24,0,0,0,0,1,374,0
464.00,24,0,0,0,0,1,374,0
464.00,24,0,0,0,0,1,374,0
464.10,12,0,0,0,0,1,338,0
464.10,12,0,0,0,0,1,338,0
464.10,12,0,0,0,0,1,338,0
464.10,12,0,0,0,0,1,338,0
464.15,12,0,0,0,0,1,650,0
464.15,12,0,0,0,0,1,650,0
464.15,12,0,0,0,0,1,650,0
464.15,12,0,0,0,0,1,650,0
464.16,43,0,0,0,0,1,350,0
464.16,43,0,0,0,0,1,350,0
464.16,43,0,0,0,0,1,350,0
464.16,43,0,0,0,0,1,350,0
464.25,12,0,0,0,0,1,738,0
464.25,12,0,0,0,0,1,738,0
464.25,12,0,0,0,0,1,738,0
464.25,12,0,0,0,0,1,738,0
464.25,12,0,0,0,0,1,738,0
464.25,12,0,0,0,0,1,738,0
464.25,12,0,0,0,0,1,738,0
464.25,12,0,0,0,0,1,738,0
464.25,12,0,0,0,0,1,738,0
464.25,12,0,0,0,0,1,738,0
464.25,12,0,0,0,0,1,738,0
464.25,12,0,0,0,0,1,738,0
464.25,12,0,0,0,0,1,738,0
464.25,12,0,0,0,0,1,738,0
464.50,12,0,0,0,0,1,650,0
464.50,12,0,0,0,0,1,650,0
464.50,12,0,0,0,0,1,650,0
464.50,12,0,0,0,0,1,584,0
464.50,12,0,0,0,0,1,584,0
464.50,12,0,0,0,0,1,584,0
464.50,12,0,0,0,0,1,584,0
464.50,12,0,0,0,0,1,584,0
464.50,12,0,0,0,0,1,584,0
464.50,23,0,0,0,0,1,380,0
464.50,23,0,0,0,0,1,380,0
464.50,23,0,0,0,0,1,380,0
464.50,23,0,0,0,0,1,380,0
464.50,23,0,0,0,0,1,380,0
464.50,23,0,0,0,0,1,380,0
464.50,43,0,0,0,0,1,345,0
464.50,43,1,0,0,0,1,345,0
464.50,27,0,0,0,0,1,196,0
464.50,27,0,0,0,0,1,196,0
464.50,27,0,0,0,0,1,196,0
464.50,27,0,0,0,0,1,196,0
464.50,12,0,0,0,0,1,738,0
464.50,12,0,0,0,0,1,738,0
464.50,12,0,0,0,0,1,738,0
464.50,12,0,0,0,0,1,738,0
464.50,12,0,0,0,0,1,738,0
464.50,12,0,0,0,0,1,738,0
464.50,12,0,0,0,0,1,738,0
464.50,12,0,0,0,0,1,738,0
464.50,12,0,0,0,0,1,738,0
464.50,12,0,0,0,0,1,738,0
464.50,12,0,0,0,0,1,738,0
464.50,12,0,0,0,0,1,738,0
464.50,12,0,0,0,0,1,738,0
464.50,12,0,0,0,0,1,738,0
464.66,23,0,0,0,0,1,-423,0
464.66,23,1,0,0,0,1,-423,0
464.66,23,0,0,0,0,1,-270,0
464.66,23,0,0,0,0,1,-270,0
464.66,23,0,0,0,0,1,-270,0
464.66,23,0,0,0,0,1,-270,0
464.66,23,0,0,0,0,1,-270,0
464.66,23,0,0,0,0,1,-270,0
464.66,23,0,0,0,0,1,-270,0
464.70,12,0,0,0,0,1,338,0
464.70,12,0,0,0,0,1,338,0
464.70,12,0,0,0,0,1,338,0
464.70,12,0,0,0,0,1,338,0
464.70,12,0,0,0,0,1,338,0
464.70,12,0,0,0,0,1,338,0
464.70,12,0,0,0,0,1,338,0
464.70,12,0,0,0,0,1,338,0
464.75,12,0,0,0,0,1,338,0
464.75,12,0,0,0,0,1,338,0
464.75,12,0,0,0,0,1,338,0
464.75,12,0,0,0,0,1,338,0
464.90,12,0,0,0,0,1,738,0
464.90,12,0,0,0,0,1,738,0
464.90,12,0,0,0,0,1,738,0
464.90,12,0,0,0,0,1,738,0
464.90,12,0,0,0,0,1,738,0
464.90,12,0,0,0,0,1,738,0
464.90,12,0,0,0,0,1,738,0
464.90,12,0,0,0,0,1,738,0
464.90,12,0,0,0,0,1,738,0
464.90,12,0,0,0,0,1,738,0
464.90,12,0,0,0,0,1,738,0
464.90,12,0,0,0,0,1,738,0
464.90,12,0,0,0,0,1,738,0
464.90,12,0,0,0,0,1,738,0
464.95,12,0,0,0,0,1,338,0
464.95,12,0,0,0,0,1,338,0
464.95,12,0,0,0,0,1,338,0
464.95,12,0,0,0,0,1,338,0
465.00,12,0,0,0,0,1,392,0
465.00,12,1,0,0,0,1,392,0
465.00,12,0,0,0,0,1,392,0
465.00,12,0,0,0,0,1,340,0
465.00,12,1,0,0,0,1,340,0
465.00,12,0,0,0,0,1,340,0
465.00,12,0,0,0,0,1,360,0
465.00,12,1,0,0,0,1,360,0
465.00,12,0,0,0,0,1,360,0
465.00,43,0,0,0,0,1,600,0
465.00,43,0,0,0,0,1,600,0
465.00,43,0,0,0,0,1,600,0
465.00,43,0,0,0,0,1,600,0
465.00,43,0,0,0,0,1,600,0
465.00,43,0,0,0,0,1,600,0
465.00,43,0,0,0,0,1,600,0
465.00,43,0,0,0,0,1,600,0
465.00,43,0,0,0,0,1,600,0
465.00,43,0,0,0,0,1,600,0
465.00,12,0,0,0,0,1,350,0
465.00,12,0,0,0,0,1,350,0
465.00,12,0,0,0,0,1,350,0
465.00,12,0,0,0,0,1,350,0
465.00,12,0,0,0,0,1,350,0
465.00,12,0,0,0,0,1,738,0
465.00,12,0,0,0,0,1,738,0
465.00,12,0,0,0,0,1,738,0
465.00,12,0,0,0,0,1,738,0
465.00,12,0,0,0,0,1,738,0
465.00,12,0,0,0,0,1,738,0
465.00,12,0,0,0,0,1,738,0
465.00,12,0,0,0,0,1,738,0
465.00,12,0,0,0,0,1,738,0
465.00,12,0,0,0,0,1,738,0
465.00,12,0,0,0,0,1,738,0
465.00,12,0,0,0,0,1,738,0
465.00,12,0,0,0,0,1,738,0
465.00,12,0,0,0,0,1,738,0
465.00,22,0,0,0,0,1,-117,0
465.00,22,0,0,0,0,1,-117,0
465.00,22,0,0,0,0,1,-117,0
465.00,22,0,0,0,0,1,-117,0
465.00,12,0,0,0,0,1,738,0
465.00,12,0,0,0,0,1,738,0
465.00,12,0,0,0,0,1,738,0
465.00,12,0,0,0,0,1,738,0
465.00,12,0,0,0,0,1,738,0
465.00,12,0,0,0,0,1,738,0
465.00,12,0,0,0,0,1,738,0
465.00,12,0,0,0,0,1,738,0
465.00,12,0,0,0,0,1,738,0
465.00,12,0,0,0,0,1,738,0
465.00,12,0,0,0,0,1,738,0
465.00,12,0,0,0,0,1,738,0
465.00,12,0,0,0,0,1,738,0
465.00,12,0,0,0,0,1,738,0
465.00,27,0,0,0,0,1,700,0
465.00,27,0,0,0,0,1,700,0
465.00,27,0,0,0,0,1,700,0
465.00,27,0,0,0,0,1,700,0
465.00,27,0,0,0,0,1,700,0
465.00,43,1,0,0,0,1,395,0
465.00,43,0,0,0,0,1,395,0
465.00,12,0,0,0,0,1,392,0
465.00,12,0,0,0,0,1,392,0
465.00,12,0,0,0,0,1,392,0
465.00,12,0,0,0,0,1,392,0
465.00,26,0,0,0,0,1,650,0
465.00,26,0,0,0,0,1,650,0
465.00,26,0,0,0,0,1,650,0
465.00,26,0,0,0,0,1,650,0
465.00,12,0,0,0,0,1,350,0
465.00,12,0,0,0,0,1,350,0
465.00,12,0,0,0,0,1,350,0
465.00,12,0,0,0,0,1,350,0
465.00,12,0,0,0,0,1,350,0
465.00,12,0,0,0,0,1,350,0
465.00,12,0,0,0,0,1,350,0
465.00,12,0,0,0,0,1,350,0
465.00,23,0,0,0,0,1,600,0
465.00,23,0,0,0,0,1,600,0
465.00,23,0,0,0,0,1,600,0
465.50,12,0,0,0,0,1,738,0
465.50,12,0,0,0,0,1,738,0
465.50,12,0,0,0,0,1,738,0
465.50,12,0,0,0,0,1,738,0
465.50,12,0,0,0,0,1,738,0
465.50,12,0,0,0,0,1,738,0
465.50,12,0,0,0,0,1,738,0
465.50,12,0,0,0,0,1,738,0
465.50,12,0,0,0,0,1,738,0
465.50,12,0,0,0,0,1,738,0
465.50,12,0,0,0,0,1,738,0
465.50,12,0,0,0,0,1,738,0
465.50,12,0,0,0,0,1,738,0
465.50,12,0,0,0,0,1,738,0
465.60,12,0,0,0,0,1,338,0
465.60,12,0,0,0,0,1,338,0
465.60,12,0,0,0,0,1,338,0
465.60,12,0,0,0,0,1,338,0
465.60,12,0,0,0,0,1,338,0
465.60,12,0,0,0,0,1,650,0
465.60,12,0,0,0,0,1,650,0
465.60,12,0,0,0,0,1,650,0
465.60,12,0,0,0,0,1,650,0
465.66,23,0,0,0,0,1,-360,0
465.66,23,1,0,0,0,1,-360,0
465.66,23,0,0,0,0,1,-360,0
465.66,43,0,0,0,0,1,350,0
465.66,43,1,0,0,0,1,350,0
465.66,43,0,0,0,0,1,350,0
466.00,12,0,0,0,0,1,467,0
466.00,12,0,0,0,0,1,467,0
466.00,12,0,0,0,0,1,467,0
466.00,12,0,0,0,0,1,467,0
466.00,12,0,0,0,0,1,467,0
466.00,12,0,0,0,0,1,400,0
466.00,12,0,0,0,0,1,400,0
466.00,12,0,0,0,0,1,400,0
466.00,12,0,0,0,0,1,400,0
466.00,12,0,0,0,0,1,400,0
466.00,43,0,0,0,0,1,600,0
466.00,43,0,0,0,0,1,600,0
466.00,43,0,0,0,0,1,600,0
466.00,43,0,0,0,0,1,600,0
466.00,43,0,0,0,0,1,600,0
466.00,43,0,0,0,0,1,600,0
466.00,43,0,0,0,0,1,600,0
466.00,43,0,0,0,0,1,600,0
466.00,43,0,0,0,0,1,600,0
466.00,43,0,0,0,0,1,600,0
466.00,43,0,0,0,0,1,634,0
466.00,43,0,0,0,0,1,634,0
466.00,43,0,0,0,0,1,634,0
466.00,24,0,0,0,0,1,500,0
466.00,24,0,0,0,0,1,500,0
466.00,24,0,0,0,0,1,500,0
466.00,24,0,0,0,0,1,500,0
466.00,24,0,0,0,0,1,500,0
466.00,24,0,0,0,0,1,500,0
466.00,23,0,0,0,0,1,380,0
466.00,23,0,0,0,0,1,380,0
466.00,23,0,0,0,0,1,380,0
466.00,23,0,0,0,0,1,380,0
466.00,23,0,0,0,0,1,380,0
466.00,23,0,0,0,0,1,380,0
466.00,12,0,0,0,0,1,738,0
466.00,12,0,0,0,0,1,738,0
466.00,12,0,0,0,0,1,738,0
466.00,12,0,0,0,0,1,738,0
466.00,12,0,0,0,0,1,738,0
466.00,12,0,0,0,0,1,738,0
466.00,12,0,0,0,0,1,738,0
466.00,12,0,0,0,0,1,738,0
466.00,12,0,0,0,0,1,738,0
466.00,12,0,0,0,0,1,738,0
466.00,12,0,0,0,0,1,738,0
466.00,12,0,0,0,0,1,738,0
466.00,12,0,0,0,0,1,738,0
466.00,12,0,0,0,0,1,738,0
466.00,12,0,0,0,0,1,738,0
466.00,12,0,0,0,0,1,738,0
466.00,12,0,0,0,0,1,738,0
466.00,12,0,0,0,0,1,738,0
466.00,12,0,0,0,0,1,738,0
466.00,12,0,0,0,0,1,738,0
466.00,12,0,0,0,0,1,738,0
466.00,12,0,0,0,0,1,738,0
466.00,12,0,0,0,0,1,738,0
466.00,12,0,0,0,0,1,738,0
466.00,12,0,0,0,0,1,738,0
466.00,12,0,0,0,0,1,738,0
466.00,12,0,0,0,0,1,738,0
466.00,12,0,0,0,0,1,738,0
466.00,12,0,0,0,0,1,738,0
466.00,12,0,0,0,0,1,738,0
466.00,12,0,0,0,0,1,738,0
466.00,12,0,0,0,0,1,738,0
466.00,12,0,0,0,0,1,738,0
466.00,12,0,0,0,0,1,738,0
466.00,12,0,0,0,0,1,738,0
466.00,12,0,0,0,0,1,738,0
466.00,12,0,0,0,0,1,738,0
466.00,12,0,0,0,0,1,738,0
466.00,12,0,0,0,0,1,738,0
466.00,12,0,0,0,0,1,738,0
466.00,12,0,0,0,0,1,738,0
466.00,12,0,0,0,0,1,738,0
466.00,12,0,0,0,0,1,738,0
466.00,12,0,0,0,0,1,738,0
466.00,12,0,0,0,0,1,738,0
466.00,12,0,0,0,0,1,738,0
466.00,12,0,0,0,0,1,738,0
466.00,12,0,0,0,0,1,738,0
466.00,12,0,0,0,0,1,738,0
466.00,12,0,0,0,0,1,738,0
466.00,12,0,0,0,0,1,738,0
466.00,12,0,0,0,0,1,738,0
466.00,12,0,0,0,0,1,738,0
466.00,12,0,0,0,0,1,738,0
466.00,12,0,0,0,0,1,738,0
466.00,12,0,0,0,0,1,738,0
466.00,12,0,0,0,0,1,350,0
466.00,12,0,0,0,0,1,350,0
466.00,12,0,0,0,0,1,350,0
466.00,12,0,0,0,0,1,350,0
466.00,27,0,0,0,0,1,700,0
466.00,27,0,0,0,0,1,700,0
466.00,27,0,0,0,0,1,700,0
466.00,27,0,0,0,0,1,700,0
466.00,27,0,0,0,0,1,700,0
466.00,12,0,0,0,0,1,350,0
466.00,12,0,0,0,0,1,350,0
466.00,12,0,0,0,0,1,350,0
466.00,12,0,0,0,0,1,350,0
466.00,12,0,0,0,0,1,350,0
466.00,12,0,0,0,0,1,350,0
466.00,12,0,0,0,0,1,350,0
466.00,27,0,0,0,0,1,700,0
466.00,27,0,0,0,0,1,700,0
466.00,27,0,0,0,0,1,700,0
466.00,27,0,0,0,0,1,700,0
466.00,27,0,0,0,0,1,700,0
466.00,27,0,0,0,0,1,700,0
466.00,43,0,0,0,0,1,345,0
466.00,43,1,0,0,0,1,345,0
466.00,12,0,0,0,0,1,350,0
466.00,12,0,0,0,0,1,350,0
466.00,12,0,0,0,0,1,350,0
466.25,12,0,0,0,0,1,738,0
466.25,12,0,0,0,0,1,738,0
466.25,12,0,0,0,0,1,738,0
466.25,12,0,0,0,0,1,738,0
466.25,12,0,0,0,0,1,738,0
466.25,12,0,0,0,0,1,738,0
466.25,12,0,0,0,0,1,738,0
466.25,12,0,0,0,0,1,738,0
466.25,12,0,0,0,0,1,738,0
466.25,12,0,0,0,0,1,738,0
466.25,12,0,0,0,0,1,738,0
466.25,12,0,0,0,0,1,738,0
466.25,12,0,0,0,0,1,738,0
466.25,12,0,0,0,0,1,738,0
466.40,12,0,0,0,0,1,738,0
466.40,12,0,0,0,0,1,738,0
466.40,12,0,0,0,0,1,738,0
466.40,12,0,0,0,0,1,738,0
466.40,12,0,0,0,0,1,738,0
466.40,12,0,0,0,0,1,738,0
466.40,12,0,0,0,0,1,738,0
466.40,12,0,0,0,0,1,738,0
466.40,12,0,0,0,0,1,738,0
466.40,12,0,0,0,0,1,738,0
466.40,12,0,0,0,0,1,738,0
466.40,12,0,0,0,0,1,738,0
466.40,12,0,0,0,0,1,738,0
466.40,12,0,0,0,0,1,738,0
466.50,12,0,0,0,0,1,392,0
466.50,12,1,0,0,0,1,392,0
466.60,12,0,0,0,0,1,650,0
466.60,12,0,0,0,0,1,650,0
466.60,12,0,0,0,0,1,650,0
466.60,12,0,0,0,0,1,650,0
466.67,24,0,0,0,0,1,374,0
466.67,24,0,0,0,0,1,374,0
466.67,24,0,0,0,0,1,374,0
466.67,24,0,0,0,0,1,374,0
466.67,24,0,0,0,0,1,374,0
466.67,24,0,0,0,0,1,374,0
466.67,23,1,0,0,0,1,-460,0
466.67,23,1,0,0,0,1,-460,0
466.67,23,0,0,0,0,1,-360,0
466.67,23,1,0,0,0,1,-360,0
466.67,23,0,0,0,0,1,-360,0
466.67,24,0,0,0,0,1,450,0
466.67,24,0,0,0,0,1,450,0
466.67,24,0,0,0,0,1,450,0
466.67,24,0,0,0,0,1,450,0
466.67,24,0,0,0,0,1,450,0
466.67,24,0,0,0,0,1,450,0
466.70,12,0,0,0,0,1,738,0
466.70,12,0,0,0,0,1,738,0
466.70,12,0,0,0,0,1,738,0
466.70,12,0,0,0,0,1,738,0
466.70,12,0,0,0,0,1,738,0
466.70,12,0,0,0,0,1,738,0
466.70,12,0,0,0,0,1,738,0
466.70,12,0,0,0,0,1,738,0
466.70,12,0,0,0,0,1,738,0
466.70,12,0,0,0,0,1,738,0
466.70,12,0,0,0,0,1,738,0
466.70,12,0,0,0,0,1,738,0
466.70,12,0,0,0,0,1,738,0
466.70,12,0,0,0,0,1,738,0
466.75,23,0,0,0,0,1,380,0
466.75,23,0,0,0,0,1,380,0
466.75,23,0,0,0,0,1,380,0
466.75,23,0,0,0,0,1,380,0
466.75,23,0,0,0,0,1,380,0
466.75,23,0,0,0,0,1,380,0
467.00,12,0,0,0,0,1,317,0
467.00,12,0,0,0,0,1,317,0
467.00,12,0,0,0,0,1,317,0
467.00,12,0,0,0,0,1,317,0
467.00,12,0,0,0,0,1,317,0
467.00,23,0,0,0,0,1,-84,0
467.00,23,1,0,0,0,1,-84,0
467.00,23,0,0,0,0,1,-84,0
467.00,23,0,0,0,0,1,217,0
467.00,23,0,0,0,0,1,217,0
467.00,23,0,0,0,0,1,217,0
467.00,23,0,0,0,0,1,217,0
467.00,23,0,0,0,0,1,217,0
467.00,23,0,0,0,0,1,217,0
467.00,23,0,0,0,0,1,217,0
467.00,23,0,0,0,0,1,217,0
467.00,23,0,0,0,0,1,217,0
467.00,43,0,0,0,0,1,600,0
467.00,43,0,0,0,0,1,600,0
467.00,43,0,0,0,0,1,600,0
467.00,43,0,0,0,0,1,600,0
467.00,43,0,0,0,0,1,600,0
467.00,43,0,0,0,0,1,600,0
467.00,43,0,0,0,0,1,600,0
467.00,43,0,0,0,0,1,600,0
467.00,43,0,0,0,0,1,600,0
467.00,43,0,0,0,0,1,600,0
467.00,12,0,0,0,0,1,738,0
467.00,12,0,0,0,0,1,738,0
467.00,12,0,0,0,0,1,738,0
467.00,12,0,0,0,0,1,738,0
467.00,12,0,0,0,0,1,738,0
467.00,12,0,0,0,0,1,738,0
467.00,12,0,0,0,0,1,738,0
467.00,12,0,0,0,0,1,738,0
467.00,12,0,0,0,0,1,738,0
467.00,12,0,0,0,0,1,738,0
467.00,12,0,0,0,0,1,738,0
467.00,12,0,0,0,0,1,738,0
467.00,12,0,0,0,0,1,738,0
467.00,12,0,0,0,0,1,738,0
467.00,12,0,0,0,0,1,44,0
467.00,12,1,0,0,0,1,44,0
467.00,12,0,0,0,0,1,250,0
467.00,12,0,0,0,0,1,250,0
467.00,12,0,0,0,0,1,250,0
467.00,12,0,0,0,0,1,250,0
467.00,12,0,0,0,0,1,250,0
467.00,23,0,0,0,0,1,380,0
467.00,23,0,0,0,0,1,380,0
467.00,23,0,0,0,0,1,380,0
467.00,23,0,0,0,0,1,380,0
467.00,23,0,0,0,0,1,380,0
467.00,43,0,0,0,0,1,600,0
467.00,43,0,0,0,0,1,600,0
467.00,43,0,0,0,0,1,600,0
467.00,43,0,0,0,0,1,600,0
467.00,43,0,0,0,0,1,600,0
467.00,43,0,0,0,0,1,600,0
467.00,43,0,0,0,0,1,600,0
467.00,43,0,0,0,0,1,600,0
467.00,43,0,0,0,0,1,600,0
467.00,43,0,0,0,0,1,600,0
467.00,43,0,0,0,0,1,700,0
467.00,43,0,0,0,0,1,700,0
467.00,43,0,0,0,0,1,700,0
467.00,43,0,0,0,0,1,700,0
467.00,43,0,0,0,0,1,700,0
467.00,12,0,0,0,0,1,350,0
467.00,12,0,0,0,0,1,350,0
467.00,12,0,0,0,0,1,350,0
467.00,12,0,0,0,0,1,738,0
467.00,12,0,0,0,0,1,738,0
467.00,12,0,0,0,0,1,738,0
467.00,12,0,0,0,0,1,738,0
467.00,12,0,0,0,0,1,738,0
467.00,12,0,0,0,0,1,738,0
467.00,12,0,0,0,0,1,738,0
467.00,12,0,0,0,0,1,738,0
467.00,12,0,0,0,0,1,738,0
467.00,12,0,0,0,0,1,738,0
467.00,12,0,0,0,0,1,738,0
467.00,12,0,0,0,0,1,738,0
467.00,12,0,0,0,0,1,738,0
467.00,12,0,0,0,0,1,738,0
467.00,27,0,0,0,0,1,484,0
467.00,27,0,0,0,0,1,484,0
467.00,27,0,0,0,0,1,484,0
467.00,27,0,0,0,0,1,484,0
467.00,27,0,0,0,0,1,484,0
467.00,27,0,0,0,0,1,484,0
467.00,27,0,0,0,0,1,484,0
467.40,12,0,0,0,0,1,338,0
467.40,12,0,0,0,0,1,338,0
467.40,12,0,0,0,0,1,338,0
467.40,12,0,0,0,0,1,338,0
467.40,12,0,0,0,0,1,338,0
467.50,12,0,0,0,0,1,392,0
467.50,12,1,0,0,0,1,392,0
467.50,12,0,0,0,0,1,392,0
467.50,43,0,0,0,0,1,345,0
467.50,43,1,0,0,0,1,345,0
467.50,43,1,0,0,0,1,380,0
467.50,43,0,0,0,0,1,380,0
468.00,12,0,0,0,0,1,250,0
468.00,12,0,0,0,0,1,250,0
468.00,12,0,0,0,0,1,250,0
468.00,12,0,0,0,0,1,250,0
468.00,12,1,0,0,0,1,400,0
468.00,12,0,0,0,0,1,400,0
468.00,12,0,0,0,0,1,400,0
468.00,12,1,0,0,0,1,400,0
468.00,12,0,0,0,0,1,467,0
468.00,12,0,0,0,0,1,467,0
468.00,12,0,0,0,0,1,467,0
468.00,12,0,0,0,0,1,467,0
468.00,12,0,0,0,0,1,467,0
468.00,12,0,0,0,0,1,370,0
468.00,12,1,0,0,0,1,370,0
468.00,24,0,0,0,0,1,200,0
468.00,24,0,0,0,0,1,200,0
468.00,24,0,0,0,0,1,200,0
468.00,24,0,0,0,0,1,200,0
468.00,24,0,0,0,0,1,200,0
468.00,23,0,0,0,0,1,-84,0
468.00,23,1,0,0,0,1,-84,0
468.00,23,0,0,0,0,1,-84,0
468.00,12,0,0,0,0,1,790,0
468.00,12,0,0,0,0,1,790,0
468.00,12,0,0,0,0,1,790,0
468.00,12,0,0,0,0,1,790,0
468.00,12,0,0,0,0,1,790,0
468.00,26,0,0,0,0,1,325,0
468.00,26,1,0,0,0,1,325,0
468.00,43,0,0,0,0,1,634,0
468.00,43,0,0,0,0,1,634,0
468.00,43,0,0,0,0,1,634,0
468.00,43,0,0,0,0,1,634,0
468.00,43,0,0,0,0,1,-638,0
468.00,43,0,0,0,0,1,-638,0
468.00,43,0,0,0,0,1,-638,0
468.00,43,0,0,0,0,1,-638,0
468.00,43,0,0,0,0,1,-638,0
468.00,43,0,0,0,0,1,-638,0
468.00,43,0,0,0,0,1,-638,0
468.00,43,0,0,0,0,1,-638,0
468.00,12,0,0,0,0,1,350,0
468.00,12,0,0,0,0,1,350,0
468.00,12,0,0,0,0,1,350,0
468.00,12,0,0,0,0,1,350,0
468.00,27,0,0,0,0,1,700,0
468.00,27,0,0,0,0,1,700,0
468.00,27,0,0,0,0,1,700,0
468.00,27,0,0,0,0,1,700,0
468.00,27,0,0,0,0,1,700,0
468.00,43,0,0,0,0,1,634,0
468.00,43,0,0,0,0,1,634,0
468.00,43,0,0,0,0,1,634,0
468.00,43,0,0,0,0,1,634,0
468.00,12,0,0,0,0,1,738,0
468.00,12,0,0,0,0,1,738,0
468.00,12,0,0,0,0,1,738,0
468.00,12,0,0,0,0,1,738,0
468.00,12,0,0,0,0,1,738,0
468.00,12,0,0,0,0,1,738,0
468.00,12,0,0,0,0,1,738,0
468.00,12,0,0,0,0,1,738,0
468.00,12,0,0,0,0,1,738,0
468.00,12,0,0,0,0,1,738,0
468.00,12,0,0,0,0,1,738,0
468.00,12,0,0,0,0,1,738,0
468.00,12,0,0,0,0,1,738,0
468.00,12,0,0,0,0,1,738,0
468.15,12,0,0,0,0,1,650,0
468.15,12,0,0,0,0,1,650,0
468.15,12,0,0,0,0,1,650,0
468.15,12,0,0,0,0,1,650,0
468.25,23,0,0,0,0,1,380,0
468.25,23,0,0,0,0,1,380,0
468.25,23,0,0,0,0,1,380,0
468.25,23,0,0,0,0,1,380,0
468.25,23,0,0,0,0,1,380,0
468.25,23,0,0,0,0,1,380,0
468.25,12,0,0,0,0,1,650,0
468.25,12,0,0,0,0,1,650,0
468.25,12,0,0,0,0,1,650,0
468.25,12,0,0,0,0,1,650,0
468.50,24,0,0,0,0,1,700,0
468.50,24,0,0,0,0,1,700,0
468.50,24,0,0,0,0,1,700,0
468.50,24,0,0,0,0,1,700,0
468.50,24,0,0,0,0,1,700,0
468.50,24,0,0,0,0,1,700,0
468.50,24,0,0,0,0,1,700,0
468.50,24,0,0,0,0,1,700,0
468.50,24,0,0,0,0,1,700,0
468.50,24,0,0,0,0,1,700,0
468.50,24,0,0,0,0,1,700,0
468.50,24,0,0,0,0,1,700,0
468.50,24,0,0,0,0,1,700,0
468.55,12,0,0,0,0,1,738,0
468.55,12,0,0,0,0,1,738,0
468.55,12,0,0,0,0,1,738,0
468.55,12,0,0,0,0,1,738,0
468.55,12,0,0,0,0,1,738,0
468.55,12,0,0,0,0,1,738,0
468.55,12,0,0,0,0,1,738,0
468.55,12,0,0,0,0,1,738,0
468.55,12,0,0,0,0,1,738,0
468.55,12,0,0,0,0,1,738,0
468.55,12,0,0,0,0,1,738,0
468.55,12,0,0,0,0,1,738,0
468.55,12,0,0,0,0,1,738,0
468.55,12,0,0,0,0,1,738,0
468.68,43,0,0,0,0,1,350,0
468.68,43,0,0,0,0,1,350,0
468.68,43,0,0,0,0,1,350,0
468.68,43,0,0,0,0,1,350,0
468.68,23,0,0,0,0,1,-423,0
468.68,23,1,0,0,0,1,-423,0
468.68,24,1,0,0,0,1,-170,0
468.68,24,0,0,0,0,1,-170,0
468.75,12,0,0,0,0,1,738,0
468.75,12,0,0,0,0,1,738,0
468.75,12,0,0,0,0,1,738,0
468.75,12,0,0,0,0,1,738,0
468.75,12,0,0,0,0,1,738,0
468.75,12,0,0,0,0,1,738,0
468.75,12,0,0,0,0,1,738,0
468.75,12,0,0,0,0,1,738,0
468.75,12,0,0,0,0,1,738,0
468.75,12,0,0,0,0,1,738,0
468.75,12,0,0,0,0,1,738,0
468.75,12,0,0,0,0,1,738,0
468.75,12,0,0,0,0,1,738,0
468.75,12,0,0,0,0,1,738,0
469.00,12,0,0,0,0,1,360,0
469.00,12,1,0,0,0,1,360,0
469.00,12,0,0,0,0,1,360,0
469.00,12,0,0,0,0,1,650,0
469.00,12,0,0,0,0,1,650,0
469.00,12,0,0,0,0,1,650,0
469.00,12,0,0,0,0,1,650,0
469.00,12,0,0,0,0,1,738,0
469.00,12,0,0,0,0,1,738,0
469.00,12,0,0,0,0,1,738,0
469.00,12,0,0,0,0,1,738,0
469.00,12,0,0,0,0,1,738,0
469.00,12,0,0,0,0,1,738,0
469.00,12,0,0,0,0,1,738,0
469.00,12,0,0,0,0,1,738,0
469.00,12,0,0,0,0,1,738,0
469.00,12,0,0,0,0,1,738,0
469.00,12,0,0,0,0,1,738,0
469.00,12,0,0,0,0,1,738,0
469.00,12,0,0,0,0,1,738,0
469.00,12,0,0,0,0,1,738,0
469.00,43,0,0,0,0,1,600,0
469.00,43,0,0,0,0,1,600,0
469.00,43,0,0,0,0,1,600,0
469.00,43,0,0,0,0,1,600,0
469.00,43,0,0,0,0,1,600,0
469.00,43,0,0,0,0,1,600,0
469.00,43,0,0,0,0,1,600,0
469.00,43,0,0,0,0,1,600,0
469.00,43,0,0,0,0,1,600,0
469.00,43,0,0,0,0,1,600,0
469.00,27,0,0,0,0,1,700,0
469.00,27,0,0,0,0,1,700,0
469.00,27,0,0,0,0,1,700,0
469.00,27,0,0,0,0,1,700,0
469.00,27,0,0,0,0,1,700,0
469.00,27,0,0,0,0,1,196,0
469.00,27,0,0,0,0,1,196,0
469.00,27,0,0,0,0,1,196,0
469.00,27,0,0,0,0,1,196,0
469.00,24,0,0,0,0,1,700,0
469.00,24,0,0,0,0,1,700,0
469.00,24,0,0,0,0,1,700,0
469.00,23,0,0,0,0,1,411,0
469.00,23,0,0,0,0,1,411,0
469.00,23,0,0,0,0,1,411,0
469.00,43,0,0,0,0,1,600,0
469.00,43,0,0,0,0,1,600,0
469.00,43,0,0,0,0,1,600,0
469.00,43,0,0,0,0,1,600,0
469.00,43,0,0,0,0,1,600,0
469.00,43,0,0,0,0,1,600,0
469.00,43,0,0,0,0,1,600,0
469.00,43,0,0,0,0,1,600,0
469.00,43,0,0,0,0,1,600,0
469.00,43,0,0,0,0,1,600,0
469.20,12,0,0,0,0,1,338,0
469.20,12,0,0,0,0,1,338,0
469.20,12,0,0,0,0,1,338,0
469.20,12,0,0,0,0,1,338,0
469.20,12,0,0,0,0,1,338,0
469.30,12,0,0,0,0,1,738,0
469.30,12,0,0,0,0,1,738,0
469.30,12,0,0,0,0,1,738,0
469.30,12,0,0,0,0,1,738,0
469.30,12,0,0,0,0,1,738,0
469.30,12,0,0,0,0,1,738,0
469.30,12,0,0,0,0,1,738,0
469.30,12,0,0,0,0,1,738,0
469.30,12,0,0,0,0,1,738,0
469.30,12,0,0,0,0,1,738,0
469.30,12,0,0,0,0,1,738,0
469.30,12,0,0,0,0,1,738,0
469.30,12,0,0,0,0,1,738,0
469.30,12,0,0,0,0,1,738,0
469.40,12,0,0,0,0,1,650,0
469.40,12,0,0,0,0,1,650,0
469.40,12,0,0,0,0,1,650,0
469.40,12,0,0,0,0,1,650,0
469.50,23,0,0,0,0,1,380,0
469.50,23,0,0,0,0,1,380,0
469.50,23,0,0,0,0,1,380,0
469.50,23,0,0,0,0,1,380,0
469.50,23,0,0,0,0,1,380,0
469.50,23,0,0,0,0,1,380,0
469.50,12,0,0,0,0,1,363,0
469.50,12,0,0,0,0,1,363,0
469.50,12,0,0,0,0,1,363,0
469.50,12,0,0,0,0,1,363,0
469.50,12,0,0,0,0,1,738,0
469.50,12,0,0,0,0,1,738,0
469.50,12,0,0,0,0,1,738,0
469.50,12,0,0,0,0,1,738,0
469.50,12,0,0,0,0,1,738,0
469.50,12,0,0,0,0,1,738,0
469.50,12,0,0,0,0,1,738,0
469.50,12,0,0,0,0,1,738,0
469.50,12,0,0,0,0,1,738,0
469.50,12,0,0,0,0,1,738,0
469.50,12,0,0,0,0,1,738,0
469.50,12,0,0,0,0,1,738,0
469.50,12,0,0,0,0,1,738,0
469.50,12,0,0,0,0,1,738,0
469.68,43,0,0,0,0,1,350,0
469.68,43,0,0,0,0,1,350,0
469.68,43,0,0,0,0,1,350,0
469.68,43,0,0,0,0,1,350,0
469.95,12,0,0,0,0,1,338,0
469.95,12,0,0,0,0,1,338,0
469.95,12,0,0,0,0,1,338,0
469.95,12,0,0,0,0,1,338,0
469.95,12,0,0,0,0,1,338,0
470.00,12,0,0,0,0,1,340,0
470.00,12,1,0,0,0,1,340,0
470.00,12,0,0,0,0,1,340,0
470.00,12,0,0,0,0,1,360,0
470.00,12,0,0,0,0,1,360,0
470.00,12,0,0,0,0,1,360,0
470.00,12,1,0,0,0,1,400,0
470.00,43,0,0,0,0,1,600,0
470.00,43,0,0,0,0,1,600,0
470.00,43,0,0,0,0,1,600,0
470.00,43,0,0,0,0,1,600,0
470.00,43,0,0,0,0,1,600,0
470.00,43,0,0,0,0,1,600,0
470.00,43,0,0,0,0,1,600,0
470.00,43,0,0,0,0,1,600,0
470.00,43,0,0,0,0,1,600,0
470.00,43,0,0,0,0,1,600,0
470.00,23,0,0,0,0,1,380,0
470.00,23,0,0,0,0,1,380,0
470.00,23,0,0,0,0,1,380,0
470.00,23,0,0,0,0,1,380,0
470.00,23,0,0,0,0,1,380,0
470.00,23,0,0,0,0,1,380,0
470.00,22,0,0,0,0,1,-117,0
470.00,22,0,0,0,0,1,-117,0
470.00,22,0,0,0,0,1,-117,0
470.00,22,0,0,0,0,1,-117,0
470.00,43,0,0,0,0,1,600,0
470.00,43,0,0,0,0,1,600,0
470.00,43,0,0,0,0,1,600,0
470.00,43,0,0,0,0,1,600,0
470.00,43,0,0,0,0,1,600,0
470.00,43,0,0,0,0,1,600,0
470.00,43,0,0,0,0,1,600,0
470.00,43,0,0,0,0,1,600,0
470.00,43,0,0,0,0,1,600,0
470.00,43,0,0,0,0,1,600,0
470.00,12,0,0,0,0,1,350,0
470.00,12,0,0,0,0,1,350,0
470.00,12,0,0,0,0,1,350,0
470.00,12,0,0,0,0,1,350,0
470.00,23,0,0,0,0,1,600,0
470.00,23,0,0,0,0,1,600,0
470.00,23,0,0,0,0,1,600,0
470.00,23,0,0,0,0,1,600,0
470.00,12,0,0,0,0,1,350,0
470.00,12,0,0,0,0,1,350,0
470.00,12,0,0,0,0,1,350,0
470.00,24,0,0,0,0,1,591,0
470.00,24,0,0,0,0,1,591,0
470.00,24,0,0,0,0,1,591,0
470.00,24,0,0,0,0,1,591,0
470.00,24,0,0,0,0,1,591,0
470.00,24,0,0,0,0,1,591,0
470.00,23,0,0,0,0,1,354,0
470.00,23,0,0,0,0,1,354,0
470.00,23,0,0,0,0,1,354,0
470.00,27,0,0,0,0,1,700,0
470.00,27,0,0,0,0,1,700,0
470.00,27,0,0,0,0,1,700,0
470.00,27,0,0,0,0,1,700,0
470.00,27,0,0,0,0,1,700,0
470.00,27,0,0,0,0,1,700,0
470.00,27,0,0,0,0,1,700,0
470.00,27,0,0,0,0,1,700,0
470.00,27,0,0,0,0,1,700,0
470.00,27,0,0,0,0,1,700,0
470.00,12,0,0,0,0,1,363,0
470.00,12,0,0,0,0,1,363,0
470.00,12,0,0,0,0,1,363,0
470.00,12,0,0,0,0,1,363,0
470.00,12,0,0,0,0,1,363,0
470.00,43,0,0,0,0,1,600,0
470.00,43,0,0,0,0,1,600,0
470.00,43,0,0,0,0,1,600,0
470.00,43,0,0,0,0,1,600,0
470.00,43,0,0,0,0,1,600,0
470.00,43,0,0,0,0,1,600,0
470.00,43,0,0,0,0,1,600,0
470.00,43,0,0,0,0,1,600,0
470.00,43,0,0,0,0,1,600,0
470.00,43,0,0,0,0,1,600,0
470.10,12,0,0,0,0,1,375,0
470.10,12,0,0,0,0,1,375,0
470.10,12,0,0,0,0,1,375,0
470.10,12,0,0,0,0,1,375,0
470.69,24,0,0,0,0,1,450,0
470.69,24,0,0,0,0,1,450,0
470.69,24,0,0,0,0,1,450,0
470.69,24,0,0,0,0,1,450,0
470.69,24,0,0,0,0,1,450,0
470.69,24,0,0,0,0,1,600,0
470.69,24,0,0,0,0,1,600,0
470.69,24,0,0,0,0,1,600,0
470.69,24,0,0,0,0,1,600,0
470.69,24,0,0,0,0,1,600,0
470.69,24,0,0,0,0,1,600,0
470.69,24,0,0,0,0,1,600,0
470.69,24,0,0,0,0,1,600,0
470.69,24,0,0,0,0,1,600,0
470.69,24,0,0,0,0,1,600,0
470.75,12,0,0,0,0,1,738,0
470.75,12,0,0,0,0,1,738,0
470.75,12,0,0,0,0,1,738,0
470.75,12,0,0,0,0,1,738,0
470.75,12,0,0,0,0,1,738,0
470.75,12,0,0,0,0,1,738,0
470.75,12,0,0,0,0,1,738,0
470.75,12,0,0,0,0,1,738,0
470.75,12,0,0,0,0,1,738,0
470.75,12,0,0,0,0,1,738,0
470.75,12,0,0,0,0,1,738,0
470.75,12,0,0,0,0,1,738,0
470.75,12,0,0,0,0,1,738,0
470.75,12,0,0,0,0,1,738,0
470.95,12,0,0,0,0,1,338,0
470.95,12,0,0,0,0,1,338,0
470.95,12,0,0,0,0,1,338,0
470.95,12,0,0,0,0,1,338,0
470.95,12,0,0,0,0,1,338,0
471.00,12,0,0,0,0,1,467,0
471.00,12,0,0,0,0,1,467,0
471.00,12,0,0,0,0,1,467,0
471.00,12,0,0,0,0,1,467,0
471.00,12,0,0,0,0,1,467,0
471.00,12,1,0,0,0,1,370,0
471.00,12,0,0,0,0,1,370,0
471.00,43,0,0,0,0,1,700,0
471.00,43,0,0,0,0,1,700,0
471.00,43,0,0,0,0,1,700,0
471.00,43,0,0,0,0,1,700,0
471.00,43,0,0,0,0,1,700,0
471.00,12,0,0,0,0,1,738,0
471.00,12,0,0,0,0,1,738,0
471.00,12,0,0,0,0,1,738,0
471.00,12,0,0,0,0,1,738,0
471.00,12,0,0,0,0,1,738,0
471.00,12,0,0,0,0,1,738,0
471.00,12,0,0,0,0,1,738,0
471.00,12,0,0,0,0,1,738,0
471.00,12,0,0,0,0,1,738,0
471.00,12,0,0,0,0,1,738,0
471.00,12,0,0,0,0,1,738,0
471.00,12,0,0,0,0,1,738,0
471.00,12,0,0,0,0,1,738,0
471.00,12,0,0,0,0,1,738,0
471.00,23,0,0,0,0,1,600,0
471.00,23,0,0,0,0,1,600,0
471.00,23,0,0,0,0,1,600,0
471.00,23,0,0,0,0,1,600,0
471.00,12,0,0,0,0,1,738,0
471.00,12,0,0,0,0,1,738,0
471.00,12,0,0,0,0,1,738,0
471.00,12,0,0,0,0,1,738,0
471.00,12,0,0,0,0,1,738,0
471.00,12,0,0,0,0,1,738,0
471.00,12,0,0,0,0,1,738,0
471.00,12,0,0,0,0,1,738,0
471.00,12,0,0,0,0,1,738,0
471.00,12,0,0,0,0,1,738,0
471.00,12,0,0,0,0,1,738,0
471.00,12,0,0,0,0,1,738,0
471.00,12,0,0,0,0,1,738,0
471.00,12,0,0,0,0,1,738,0
471.00,43,1,0,0,0,1,380,0
471.00,43,0,0,0,0,1,380,0
471.00,12,0,0,0,0,1,350,0
471.00,12,0,0,0,0,1,350,0
471.00,12,0,0,0,0,1,350,0
471.00,12,0,0,0,0,1,350,0
471.00,12,0,0,0,0,1,350,0
471.00,12,0,0,0,0,1,350,0
471.00,12,0,0,0,0,1,350,0
471.00,12,0,0,0,0,1,350,0
471.00,43,0,0,0,0,1,600,0
471.00,43,0,0,0,0,1,600,0
471.00,43,0,0,0,0,1,600,0
471.00,43,0,0,0,0,1,600,0
471.00,43,0,0,0,0,1,600,0
471.00,43,0,0,0,0,1,600,0
471.00,43,0,0,0,0,1,600,0
471.00,43,0,0,0,0,1,600,0
471.00,43,0,0,0,0,1,600,0
471.00,43,0,0,0,0,1,600,0
471.00,23,0,0,0,0,1,600,0
471.00,23,0,0,0,0,1,600,0
471.00,23,0,0,0,0,1,600,0
471.00,23,0,0,0,0,1,600,0
471.00,27,0,0,0,0,1,500,0
471.00,27,0,0,0,0,1,500,0
471.00,27,0,0,0,0,1,500,0
471.00,27,0,0,0,0,1,500,0
471.00,27,0,0,0,0,1,500,0
471.00,27,0,0,0,0,1,500,0
471.19,43,0,0,0,0,1,350,0
471.19,43,0,0,0,0,1,350,0
471.19,43,0,0,0,0,1,350,0
471.19,43,0,0,0,0,1,350,0
471.35,12,0,0,0,0,1,338,0
471.35,12,0,0,0,0,1,338,0
471.35,12,0,0,0,0,1,338,0
471.35,12,0,0,0,0,1,338,0
471.35,12,0,0,0,0,1,338,0
471.40,12,0,0,0,0,1,650,0
471.40,12,0,0,0,0,1,650,0
471.40,12,0,0,0,0,1,650,0
471.40,12,0,0,0,0,1,650,0
471.40,12,0,0,0,0,1,650,0
471.40,12,0,0,0,0,1,650,0
471.40,12,0,0,0,0,1,650,0
471.40,12,0,0,0,0,1,650,0
471.50,43,1,0,0,0,1,345,0
471.50,43,0,0,0,0,1,345,0
471.50,12,0,0,0,0,1,392,0
471.50,12,1,0,0,0,1,392,0
471.60,12,0,0,0,0,1,738,0
471.60,12,0,0,0,0,1,738,0
471.60,12,0,0,0,0,1,738,0
471.60,12,0,0,0,0,1,738,0
471.60,12,0,0,0,0,1,738,0
471.60,12,0,0,0,0,1,738,0
471.60,12,0,0,0,0,1,738,0
471.60,12,0,0,0,0,1,738,0
471.60,12,0,0,0,0,1,738,0
471.60,12,0,0,0,0,1,738,0
471.60,12,0,0,0,0,1,738,0
471.60,12,0,0,0,0,1,738,0
471.60,12,0,0,0,0,1,738,0
471.60,12,0,0,0,0,1,738,0
471.69,23,0,0,0,0,1,-310,0
471.69,23,0,0,0,0,1,-310,0
471.69,23,0,0,0,0,1,-310,0
471.69,23,0,0,0,0,1,-310,0
471.69,23,0,0,0,0,1,-310,0
471.69,12,0,0,0,0,1,465,0
471.69,12,1,0,0,0,1,465,0
471.69,12,0,0,0,0,1,465,0
471.69,23,0,0,0,0,1,-270,0
471.69,23,0,0,0,0,1,-270,0
471.69,23,0,0,0,0,1,-270,0
471.69,24,0,0,0,0,1,600,0
471.69,24,0,0,0,0,1,600,0
471.69,24,0,0,0,0,1,600,0
471.69,24,0,0,0,0,1,600,0
471.69,24,0,0,0,0,1,600,0
471.69,24,0,0,0,0,1,600,0
471.69,24,0,0,0,0,1,600,0
471.69,24,0,0,0,0,1,600,0
471.69,24,0,0,0,0,1,600,0
471.69,24,0,0,0,0,1,600,0
471.90,12,0,0,0,0,1,338,0
471.90,12,0,0,0,0,1,338,0
471.90,12,0,0,0,0,1,338,0
471.90,12,0,0,0,0,1,338,0
472.00,12,1,0,0,0,1,325,0
472.00,12,0,0,0,0,1,325,0
472.00,12,1,0,0,0,1,400,0
472.00,24,0,0,0,0,1,374,0
472.00,24,0,0,0,0,1,374,0
472.00,24,0,0,0,0,1,374,0
472.00,24,0,0,0,0,1,374,0
472.00,24,0,0,0,0,1,374,0
472.00,24,0,0,0,0,1,374,0
472.00,12,0,0,0,0,1,350,0
472.00,12,0,0,0,0,1,350,0
472.00,12,0,0,0,0,1,350,0
472.00,24,0,0,0,0,1,700,0
472.00,24,0,0,0,0,1,700,0
472.00,24,0,0,0,0,1,700,0
472.00,27,0,0,0,0,1,700,0
472.00,27,0,0,0,0,1,700,0
472.00,27,0,0,0,0,1,700,0
472.00,27,0,0,0,0,1,700,0
472.00,27,0,0,0,0,1,700,0
472.00,23,0,0,0,0,1,600,0
472.00,23,0,0,0,0,1,600,0
472.00,23,0,0,0,0,1,600,0
472.00,23,0,0,0,0,1,600,0
472.00,23,0,0,0,0,1,600,0
472.00,23,0,0,0,0,1,600,0
472.00,23,0,0,0,0,1,600,0
472.00,23,0,0,0,0,1,600,0
472.00,27,0,0,0,0,1,575,0
472.00,27,1,0,0,0,1,575,0
472.05,12,0,0,0,0,1,650,0
472.05,12,0,0,0,0,1,650,0
472.05,12,0,0,0,0,1,650,0
472.05,12,0,0,0,0,1,650,0
472.15,12,0,0,0,0,1,338,0
472.15,12,0,0,0,0,1,338,0
472.15,12,0,0,0,0,1,338,0
472.15,12,0,0,0,0,1,338,0
472.15,12,0,0,0,0,1,338,0
472.15,12,0,0,0,0,1,338,0
472.15,12,0,0,0,0,1,338,0
472.15,12,0,0,0,0,1,338,0
472.15,12,0,0,0,0,1,338,0
472.30,12,0,0,0,0,1,338,0
472.30,12,0,0,0,0,1,338,0
472.30,12,0,0,0,0,1,338,0
472.30,12,0,0,0,0,1,338,0
472.30,12,0,0,0,0,1,338,0
472.50,12,0,0,0,0,1,738,0
472.50,12,0,0,0,0,1,738,0
472.50,12,0,0,0,0,1,738,0
472.50,12,0,0,0,0,1,738,0
472.50,12,0,0,0,0,1,738,0
472.50,12,0,0,0,0,1,738,0
472.50,12,0,0,0,0,1,738,0
472.50,12,0,0,0,0,1,738,0
472.50,12,0,0,0,0,1,738,0
472.50,12,0,0,0,0,1,738,0
472.50,12,0,0,0,0,1,738,0
472.50,12,0,0,0,0,1,738,0
472.50,12,0,0,0,0,1,738,0
472.50,12,0,0,0,0,1,738,0
472.70,43,0,0,0,0,1,350,0
472.70,43,0,0,0,0,1,350,0
472.70,43,0,0,0,0,1,350,0
472.70,43,0,0,0,0,1,350,0
473.00,12,1,0,0,0,1,400,0
473.00,12,1,0,0,0,1,405,0
473.00,12,0,0,0,0,1,467,0
473.00,12,0,0,0,0,1,467,0
473.00,12,0,0,0,0,1,467,0
473.00,12,0,0,0,0,1,467,0
473.00,12,0,0,0,0,1,467,0
473.00,12,0,0,0,0,1,650,0
473.00,12,0,0,0,0,1,650,0
473.00,12,0,0,0,0,1,650,0
473.00,27,0,0,0,0,1,700,0
473.00,27,0,0,0,0,1,700,0
473.00,27,0,0,0,0,1,700,0
473.00,27,0,0,0,0,1,700,0
473.00,27,0,0,0,0,1,700,0
473.00,27,0,0,0,0,1,700,0
473.00,12,0,0,0,0,1,738,0
473.00,12,0,0,0,0,1,738,0
473.00,12,0,0,0,0,1,738,0
473.00,12,0,0,0,0,1,738,0
473.00,12,0,0,0,0,1,738,0
473.00,12,0,0,0,0,1,738,0
473.00,12,0,0,0,0,1,738,0
473.00,12,0,0,0,0,1,738,0
473.00,12,0,0,0,0,1,738,0
473.00,12,0,0,0,0,1,738,0
473.00,12,0,0,0,0,1,738,0
473.00,12,0,0,0,0,1,738,0
473.00,12,0,0,0,0,1,738,0
473.00,12,0,0,0,0,1,738,0
473.00,24,0,0,0,0,1,700,0
473.00,24,0,0,0,0,1,700,0
473.00,24,0,0,0,0,1,700,0
473.00,12,0,0,0,0,1,350,0
473.00,12,0,0,0,0,1,350,0
473.00,12,0,0,0,0,1,350,0
473.00,12,0,0,0,0,1,350,0
473.00,27,0,0,0,0,1,196,0
473.00,27,0,0,0,0,1,196,0
473.00,27,0,0,0,0,1,196,0
473.00,27,0,0,0,0,1,196,0
473.70,43,0,0,0,0,1,350,0
473.70,43,0,0,0,0,1,350,0
473.70,43,0,0,0,0,1,350,0
473.70,43,0,0,0,0,1,350,0
473.70,24,0,0,0,0,1,600,0
473.70,24,0,0,0,0,1,600,0
473.70,24,0,0,0,0,1,600,0
473.70,24,0,0,0,0,1,600,0
473.70,24,0,0,0,0,1,600,0
473.70,24,0,0,0,0,1,600,0
473.70,24,0,0,0,0,1,600,0
473.70,24,0,0,0,0,1,600,0
473.70,24,0,0,0,0,1,600,0
473.70,24,0,0,0,0,1,600,0
473.70,24,0,0,0,0,1,600,0
473.70,24,0,0,0,0,1,600,0
473.70,24,0,0,0,0,1,600,0
473.70,24,0,0,0,0,1,600,0
473.70,24,0,0,0,0,1,600,0
473.70,24,0,0,0,0,1,600,0
473.70,24,0,0,0,0,1,600,0
473.70,24,0,0,0,0,1,600,0
473.70,24,0,0,0,0,1,600,0
473.70,24,0,0,0,0,1,600,0
473.70,24,0,0,0,0,1,600,0
473.70,24,0,0,0,0,1,600,0
473.70,24,0,0,0,0,1,600,0
473.70,24,0,0,0,0,1,600,0
473.70,24,0,0,0,0,1,600,0
473.70,24,0,0,0,0,1,600,0
473.75,12,0,0,0,0,1,338,0
473.75,12,0,0,0,0,1,338,0
473.75,12,0,0,0,0,1,338,0
473.75,12,0,0,0,0,1,338,0
473.75,12,0,0,0,0,1,338,0
473.80,12,0,0,0,0,1,738,0
473.80,12,0,0,0,0,1,738,0
473.80,12,0,0,0,0,1,738,0
473.80,12,0,0,0,0,1,738,0
473.80,12,0,0,0,0,1,738,0
473.80,12,0,0,0,0,1,738,0
473.80,12,0,0,0,0,1,738,0
473.80,12,0,0,0,0,1,738,0
473.80,12,0,0,0,0,1,738,0
473.80,12,0,0,0,0,1,738,0
473.80,12,0,0,0,0,1,738,0
473.80,12,0,0,0,0,1,738,0
473.80,12,0,0,0,0,1,738,0
473.80,12,0,0,0,0,1,738,0
474.00,12,0,0,0,0,1,375,0
474.00,12,0,0,0,0,1,375,0
474.00,12,0,0,0,0,1,375,0
474.00,12,0,0,0,0,1,375,0
474.00,12,0,0,0,0,1,375,0
474.00,27,0,0,0,0,1,700,0
474.00,27,0,0,0,0,1,700,0
474.00,27,0,0,0,0,1,700,0
474.00,27,0,0,0,0,1,700,0
474.00,27,0,0,0,0,1,700,0
474.00,27,0,0,0,0,1,700,0
474.00,12,0,0,0,0,1,392,0
474.00,12,1,0,0,0,1,392,0
474.00,12,0,0,0,0,1,392,0
474.00,12,0,0,0,0,1,350,0
474.00,12,0,0,0,0,1,350,0
474.00,12,0,0,0,0,1,350,0
474.00,12,0,0,0,0,1,350,0
474.00,27,0,0,0,0,1,150,0
474.00,27,0,0,0,0,1,150,0
474.00,27,0,0,0,0,1,150,0
474.00,43,0,0,0,0,1,392,0
474.00,43,1,0,0,0,1,392,0
474.00,12,0,0,0,0,1,550,0
474.00,12,0,0,0,0,1,550,0
474.00,12,0,0,0,0,1,550,0
474.00,12,0,0,0,0,1,550,0
474.00,12,0,0,0,0,1,550,0
474.00,12,0,0,0,0,1,550,0
474.00,12,0,0,0,0,1,550,0
474.00,12,0,0,0,0,1,550,0
474.55,12,0,0,0,0,1,738,0
474.55,12,0,0,0,0,1,738,0
474.55,12,0,0,0,0,1,738,0
474.55,12,0,0,0,0,1,738,0
474.55,12,0,0,0,0,1,738,0
474.55,12,0,0,0,0,1,738,0
474.55,12,0,0,0,0,1,738,0
474.55,12,0,0,0,0,1,738,0
474.55,12,0,0,0,0,1,738,0
474.55,12,0,0,0,0,1,738,0
474.55,12,0,0,0,0,1,738,0
474.55,12,0,0,0,0,1,738,0
474.55,12,0,0,0,0,1,738,0
474.55,12,0,0,0,0,1,738,0
474.71,43,0,0,0,0,1,350,0
474.71,43,0,0,0,0,1,350,0
474.71,43,0,0,0,0,1,350,0
474.80,24,0,0,0,0,1,700,0
474.80,24,0,0,0,0,1,700,0
474.80,24,0,0,0,0,1,700,0
474.80,24,0,0,0,0,1,700,0
474.80,24,0,0,0,0,1,700,0
474.80,24,0,0,0,0,1,700,0
474.80,24,0,0,0,0,1,700,0
474.80,24,0,0,0,0,1,700,0
474.80,24,0,0,0,0,1,700,0
474.80,24,0,0,0,0,1,700,0
474.80,24,0,0,0,0,1,700,0
474.80,24,0,0,0,0,1,700,0
475.00,27,0,0,0,0,1,700,0
475.00,27,0,0,0,0,1,700,0
475.00,27,0,0,0,0,1,700,0
475.00,27,0,0,0,0,1,700,0
475.00,27,0,0,0,0,1,700,0
475.00,27,0,0,0,0,1,700,0
475.00,12,0,0,0,0,1,275,0
475.00,12,0,0,0,0,1,275,0
475.00,12,0,0,0,0,1,275,0
475.00,12,0,0,0,0,1,275,0
475.00,12,0,0,0,0,1,275,0
475.00,12,0,0,0,0,1,188,0
475.00,12,0,0,0,0,1,188,0
475.00,12,0,0,0,0,1,188,0
475.00,12,0,0,0,0,1,188,0
475.00,12,0,0,0,0,1,188,0
475.00,12,0,0,0,0,1,350,0
475.00,12,0,0,0,0,1,350,0
475.00,12,0,0,0,0,1,350,0
475.00,12,0,0,0,0,1,350,0
475.00,12,0,0,0,0,1,738,0
475.00,12,0,0,0,0,1,738,0
475.00,12,0,0,0,0,1,738,0
475.00,12,0,0,0,0,1,738,0
475.00,12,0,0,0,0,1,738,0
475.00,12,0,0,0,0,1,738,0
475.00,12,0,0,0,0,1,738,0
475.00,12,0,0,0,0,1,738,0
475.00,12,0,0,0,0,1,738,0
475.00,12,0,0,0,0,1,738,0
475.00,12,0,0,0,0,1,738,0
475.00,12,0,0,0,0,1,738,0
475.00,12,0,0,0,0,1,738,0
475.00,12,0,0,0,0,1,738,0
475.00,23,0,0,0,0,1,200,0
475.00,23,0,0,0,0,1,200,0
475.00,23,0,0,0,0,1,200,0
475.00,23,0,0,0,0,1,200,0
475.00,23,0,0,0,0,1,200,0
475.00,23,0,0,0,0,1,200,0
475.00,23,0,0,0,0,1,200,0
475.00,23,0,0,0,0,1,200,0
475.00,23,0,0,0,0,1,200,0
475.00,23,0,0,0,0,1,200,0
475.00,43,0,0,0,0,1,392,0
475.00,43,1,0,0,0,1,392,0
475.00,12,0,0,0,0,1,350,0
475.00,12,0,0,0,0,1,350,0
475.00,12,0,0,0,0,1,350,0
475.00,12,0,0,0,0,1,350,0
475.00,12,0,0,0,0,1,350,0
475.00,12,0,0,0,0,1,350,0
475.00,12,0,0,0,0,1,350,0
475.00,12,0,0,0,0,1,363,0
475.00,12,0,0,0,0,1,363,0
475.00,12,0,0,0,0,1,363,0
475.00,12,0,0,0,0,1,363,0
475.00,24,0,0,0,0,1,591,0
475.00,24,0,0,0,0,1,591,0
475.00,24,0,0,0,0,1,591,0
475.00,24,0,0,0,0,1,591,0
475.00,24,0,0,0,0,1,591,0
475.00,24,0,0,0,0,1,591,0
475.50,23,0,0,0,0,1,350,0
475.50,23,0,0,0,0,1,350,0
475.50,23,0,0,0,0,1,350,0
475.50,23,0,0,0,0,1,350,0
475.55,12,0,0,0,0,1,738,0
475.55,12,0,0,0,0,1,738,0
475.55,12,0,0,0,0,1,738,0
475.55,12,0,0,0,0,1,738,0
475.55,12,0,0,0,0,1,738,0
475.55,12,0,0,0,0,1,738,0
475.55,12,0,0,0,0,1,738,0
475.55,12,0,0,0,0,1,738,0
475.55,12,0,0,0,0,1,738,0
475.55,12,0,0,0,0,1,738,0
475.55,12,0,0,0,0,1,738,0
475.55,12,0,0,0,0,1,738,0
475.55,12,0,0,0,0,1,738,0
475.55,12,0,0,0,0,1,738,0
475.70,12,0,0,0,0,1,738,0
475.70,12,0,0,0,0,1,738,0
475.70,12,0,0,0,0,1,738,0
475.70,12,0,0,0,0,1,738,0
475.70,12,0,0,0,0,1,738,0
475.70,12,0,0,0,0,1,738,0
475.70,12,0,0,0,0,1,738,0
475.70,12,0,0,0,0,1,738,0
475.70,12,0,0,0,0,1,738,0
475.70,12,0,0,0,0,1,738,0
475.70,12,0,0,0,0,1,738,0
475.70,12,0,0,0,0,1,738,0
475.70,12,0,0,0,0,1,738,0
475.70,12,0,0,0,0,1,738,0
475.71,23,0,0,0,0,1,536,0
475.71,23,0,0,0,0,1,536,0
475.71,23,0,0,0,0,1,536,0
475.71,23,0,0,0,0,1,536,0
475.71,23,0,0,0,0,1,536,0
475.71,23,0,0,0,0,1,536,0
475.71,23,0,0,0,0,1,536,0
475.71,23,0,0,0,0,1,536,0
475.71,24,0,0,0,0,1,-373,0
475.71,24,0,0,0,0,1,-373,0
475.71,24,0,0,0,0,1,-373,0
475.71,24,0,0,0,0,1,-373,0
475.71,24,0,0,0,0,1,-373,0
475.71,24,0,0,0,0,1,-373,0
476.00,12,0,0,0,0,1,467,0
476.00,12,0,0,0,0,1,467,0
476.00,12,0,0,0,0,1,467,0
476.00,12,0,0,0,0,1,467,0
476.00,12,0,0,0,0,1,467,0
476.00,43,0,0,0,0,1,700,0
476.00,43,0,0,0,0,1,700,0
476.00,43,0,0,0,0,1,700,0
476.00,43,0,0,0,0,1,700,0
476.00,43,0,0,0,0,1,700,0
476.00,24,0,0,0,0,1,591,0
476.00,24,0,0,0,0,1,591,0
476.00,24,0,0,0,0,1,591,0
476.00,24,0,0,0,0,1,591,0
476.00,24,0,0,0,0,1,591,0
476.00,24,0,0,0,0,1,700,0
476.00,24,0,0,0,0,1,700,0
476.00,24,0,0,0,0,1,700,0
476.00,12,0,0,0,0,1,738,0
476.00,12,0,0,0,0,1,738,0
476.00,12,0,0,0,0,1,738,0
476.00,12,0,0,0,0,1,738,0
476.00,12,0,0,0,0,1,738,0
476.00,12,0,0,0,0,1,738,0
476.00,12,0,0,0,0,1,738,0
476.00,12,0,0,0,0,1,738,0
476.00,12,0,0,0,0,1,738,0
476.00,12,0,0,0,0,1,738,0
476.00,12,0,0,0,0,1,738,0
476.00,12,0,0,0,0,1,738,0
476.00,12,0,0,0,0,1,738,0
476.00,12,0,0,0,0,1,738,0
476.00,27,0,0,0,0,1,700,0
476.00,27,0,0,0,0,1,700,0
476.00,27,0,0,0,0,1,700,0
476.00,27,0,0,0,0,1,700,0
476.00,27,0,0,0,0,1,700,0
476.00,26,0,0,0,0,1,650,0
476.00,26,0,0,0,0,1,650,0
476.00,26,0,0,0,0,1,650,0
476.05,12,0,0,0,0,1,650,0
476.05,12,0,0,0,0,1,650,0
476.05,12,0,0,0,0,1,650,0
476.05,12,0,0,0,0,1,650,0
476.20,12,0,0,0,0,1,375,0
476.20,12,0,0,0,0,1,375,0
476.20,12,0,0,0,0,1,375,0
476.20,12,0,0,0,0,1,375,0
476.20,12,0,0,0,0,1,375,0
476.30,12,0,0,0,0,1,338,0
476.30,12,0,0,0,0,1,338,0
476.30,12,0,0,0,0,1,338,0
476.30,12,0,0,0,0,1,338,0
476.30,12,0,0,0,0,1,338,0
476.40,12,0,0,0,0,1,513,0
476.40,12,1,0,0,0,1,513,0
476.40,12,0,0,0,0,1,513,0
476.45,12,0,0,0,0,1,650,0
476.45,12,0,0,0,0,1,650,0
476.45,12,0,0,0,0,1,650,0
476.45,12,0,0,0,0,1,650,0
476.72,12,0,0,0,0,1,465,0
476.72,12,1,0,0,0,1,465,0
476.72,12,0,0,0,0,1,465,0
476.72,43,0,0,0,0,1,350,0
476.72,43,0,0,0,0,1,350,0
476.72,43,0,0,0,0,1,350,0
476.72,43,0,0,0,0,1,350,0
476.75,12,0,0,0,0,1,650,0
476.75,12,0,0,0,0,1,650,0
476.75,12,0,0,0,0,1,650,0
476.75,12,0,0,0,0,1,650,0
477.00,23,0,0,0,0,1,500,0
477.00,23,0,0,0,0,1,500,0
477.00,23,0,0,0,0,1,500,0
477.00,23,0,0,0,0,1,500,0
477.00,43,0,0,0,0,1,600,0
477.00,43,0,0,0,0,1,600,0
477.00,43,0,0,0,0,1,600,0
477.00,43,0,0,0,0,1,600,0
477.00,43,0,0,0,0,1,600,0
477.00,43,0,0,0,0,1,600,0
477.00,43,0,0,0,0,1,600,0
477.00,43,0,0,0,0,1,600,0
477.00,43,0,0,0,0,1,600,0
477.00,43,0,0,0,0,1,600,0
477.00,23,0,0,0,0,1,559,0
477.00,23,0,0,0,0,1,559,0
477.00,23,0,0,0,0,1,559,0
477.00,23,0,0,0,0,1,559,0
477.00,23,0,0,0,0,1,559,0
477.00,12,0,0,0,0,1,350,0
477.00,12,0,0,0,0,1,350,0
477.00,12,0,0,0,0,1,350,0
477.00,12,0,0,0,0,1,350,0
477.00,27,0,0,0,0,1,450,0
477.00,27,0,0,0,0,1,450,0
477.00,27,0,0,0,0,1,450,0
477.00,12,0,0,0,0,1,295,0
477.00,12,1,0,0,0,1,295,0
477.00,12,0,0,0,0,1,44,0
477.00,12,1,0,0,0,1,44,0
477.00,12,0,0,0,0,1,350,0
477.00,12,0,0,0,0,1,350,0
477.00,12,0,0,0,0,1,350,0
477.00,12,0,0,0,0,1,350,0
477.00,23,0,0,0,0,1,380,0
477.00,23,0,0,0,0,1,380,0
477.00,23,0,0,0,0,1,380,0
477.00,23,0,0,0,0,1,380,0
477.00,23,0,0,0,0,1,380,0
477.00,12,0,0,0,0,1,392,0
477.00,12,1,0,0,0,1,392,0
477.00,12,0,0,0,0,1,392,0
477.00,27,0,0,0,0,1,700,0
477.00,27,0,0,0,0,1,700,0
477.00,27,0,0,0,0,1,700,0
477.00,27,0,0,0,0,1,700,0
477.00,27,0,0,0,0,1,700,0
477.00,27,0,0,0,0,1,196,0
477.00,27,0,0,0,0,1,196,0
477.00,27,0,0,0,0,1,196,0
477.00,27,0,0,0,0,1,196,0
477.22,24,0,0,0,0,1,-373,0
477.22,24,0,0,0,0,1,-373,0
477.22,24,0,0,0,0,1,-373,0
477.22,24,0,0,0,0,1,-373,0
477.22,24,0,0,0,0,1,-373,0
477.22,24,0,0,0,0,1,-373,0
477.50,12,0,0,0,0,1,363,0
477.50,12,0,0,0,0,1,363,0
477.50,12,0,0,0,0,1,363,0
477.50,12,0,0,0,0,1,363,0
477.50,12,0,0,0,0,1,363,0
477.50,12,0,0,0,0,1,363,0
477.50,12,0,0,0,0,1,363,0
477.50,12,0,0,0,0,1,363,0
477.60,12,0,0,0,0,1,338,0
477.60,12,0,0,0,0,1,338,0
477.60,12,0,0,0,0,1,338,0
477.60,12,0,0,0,0,1,338,0
477.60,12,0,0,0,0,1,338,0
477.75,12,0,0,0,0,1,738,0
477.75,12,0,0,0,0,1,738,0
477.75,12,0,0,0,0,1,738,0
477.75,12,0,0,0,0,1,738,0
477.75,12,0,0,0,0,1,738,0
477.75,12,0,0,0,0,1,738,0
477.75,12,0,0,0,0,1,738,0
477.75,12,0,0,0,0,1,738,0
477.75,12,0,0,0,0,1,738,0
477.75,12,0,0,0,0,1,738,0
477.75,12,0,0,0,0,1,738,0
477.75,12,0,0,0,0,1,738,0
477.75,12,0,0,0,0,1,738,0
477.75,12,0,0,0,0,1,738,0
478.00,23,0,0,0,0,1,575,0
478.00,23,0,0,0,0,1,575,0
478.00,23,0,0,0,0,1,575,0
478.00,23,0,0,0,0,1,575,0
478.00,23,0,0,0,0,1,575,0
478.00,23,0,0,0,0,1,575,0
478.00,23,0,0,0,0,1,575,0
478.00,23,0,0,0,0,1,575,0
478.00,12,0,0,0,0,1,738,0
478.00,12,0,0,0,0,1,738,0
478.00,12,0,0,0,0,1,738,0
478.00,12,0,0,0,0,1,738,0
478.00,12,0,0,0,0,1,738,0
478.00,12,0,0,0,0,1,738,0
478.00,12,0,0,0,0,1,738,0
478.00,12,0,0,0,0,1,738,0
478.00,12,0,0,0,0,1,738,0
478.00,12,0,0,0,0,1,738,0
478.00,12,0,0,0,0,1,738,0
478.00,12,0,0,0,0,1,738,0
478.00,12,0,0,0,0,1,738,0
478.00,12,0,0,0,0,1,738,0
478.00,43,0,0,0,0,1,700,0
478.00,43,0,0,0,0,1,700,0
478.00,43,0,0,0,0,1,700,0
478.00,43,0,0,0,0,1,700,0
478.00,43,0,0,0,0,1,700,0
478.00,12,0,0,0,0,1,650,0
478.00,12,0,0,0,0,1,650,0
478.00,12,0,0,0,0,1,650,0
478.00,12,0,0,0,0,1,650,0
478.00,27,0,0,0,0,1,700,0
478.00,27,0,0,0,0,1,700,0
478.00,27,0,0,0,0,1,700,0
478.00,27,0,0,0,0,1,700,0
478.00,27,0,0,0,0,1,700,0
478.00,27,0,0,0,0,1,500,0
478.00,27,0,0,0,0,1,500,0
478.00,27,0,0,0,0,1,500,0
478.00,27,0,0,0,0,1,500,0
478.00,27,0,0,0,0,1,500,0
478.00,27,0,0,0,0,1,700,0
478.00,27,0,0,0,0,1,700,0
478.00,27,0,0,0,0,1,700,0
478.00,27,0,0,0,0,1,700,0
478.00,27,0,0,0,0,1,700,0
478.25,12,0,0,0,0,1,738,0
478.25,12,0,0,0,0,1,738,0
478.25,12,0,0,0,0,1,738,0
478.25,12,0,0,0,0,1,738,0
478.25,12,0,0,0,0,1,738,0
478.25,12,0,0,0,0,1,738,0
478.25,12,0,0,0,0,1,738,0
478.25,12,0,0,0,0,1,738,0
478.25,12,0,0,0,0,1,738,0
478.25,12,0,0,0,0,1,738,0
478.25,12,0,0,0,0,1,738,0
478.25,12,0,0,0,0,1,738,0
478.25,12,0,0,0,0,1,738,0
478.25,12,0,0,0,0,1,738,0
479.00,27,0,0,0,0,1,700,0
479.00,27,0,0,0,0,1,700,0
479.00,27,0,0,0,0,1,700,0
479.00,27,0,0,0,0,1,700,0
479.00,27,0,0,0,0,1,700,0
479.00,27,0,0,0,0,1,700,0
479.00,27,0,0,0,0,1,700,0
479.00,27,0,0,0,0,1,700,0
479.00,27,0,0,0,0,1,700,0
479.00,27,0,0,0,0,1,700,0
479.00,27,0,0,0,0,1,700,0
479.00,27,0,0,0,0,1,700,0
479.00,12,0,0,0,0,1,738,0
479.00,12,0,0,0,0,1,738,0
479.00,12,0,0,0,0,1,738,0
479.00,12,0,0,0,0,1,738,0
479.00,12,0,0,0,0,1,738,0
479.00,12,0,0,0,0,1,738,0
479.00,12,0,0,0,0,1,738,0
479.00,12,0,0,0,0,1,738,0
479.00,12,0,0,0,0,1,738,0
479.00,12,0,0,0,0,1,738,0
479.00,12,0,0,0,0,1,738,0
479.00,12,0,0,0,0,1,738,0
479.00,12,0,0,0,0,1,738,0
479.00,12,0,0,0,0,1,738,0
479.00,43,1,0,0,0,1,345,0
479.00,43,0,0,0,0,1,345,0
479.00,27,0,0,0,0,1,700,0
479.00,27,0,0,0,0,1,700,0
479.00,27,0,0,0,0,1,700,0
479.00,27,0,0,0,0,1,700,0
479.00,27,0,0,0,0,1,700,0
479.00,43,0,0,0,0,1,600,0
479.00,43,0,0,0,0,1,600,0
479.00,43,0,0,0,0,1,600,0
479.00,43,0,0,0,0,1,600,0
479.00,43,0,0,0,0,1,600,0
479.00,43,0,0,0,0,1,600,0
479.00,43,0,0,0,0,1,600,0
479.00,43,0,0,0,0,1,600,0
479.00,43,0,0,0,0,1,600,0
479.00,43,0,0,0,0,1,600,0
479.00,27,0,0,0,0,1,700,0
479.00,27,0,0,0,0,1,700,0
479.00,27,0,0,0,0,1,700,0
479.00,27,0,0,0,0,1,700,0
479.00,27,0,0,0,0,1,700,0
479.00,12,0,0,0,0,1,325,0
479.00,12,0,0,0,0,1,325,0
479.00,12,0,0,0,0,1,325,0
479.00,12,0,0,0,0,1,325,0
479.00,27,0,0,0,0,1,700,0
479.00,27,0,0,0,0,1,700,0
479.00,27,0,0,0,0,1,700,0
479.00,27,0,0,0,0,1,700,0
479.00,27,0,0,0,0,1,700,0
479.25,12,0,0,0,0,1,738,0
479.25,12,0,0,0,0,1,738,0
479.25,12,0,0,0,0,1,738,0
479.25,12,0,0,0,0,1,738,0
479.25,12,0,0,0,0,1,738,0
479.25,12,0,0,0,0,1,738,0
479.25,12,0,0,0,0,1,738,0
479.25,12,0,0,0,0,1,738,0
479.25,12,0,0,0,0,1,738,0
479.25,12,0,0,0,0,1,738,0
479.25,12,0,0,0,0,1,738,0
479.25,12,0,0,0,0,1,738,0
479.25,12,0,0,0,0,1,738,0
479.25,12,0,0,0,0,1,738,0
479.50,12,0,0,0,0,1,738,0
479.50,12,0,0,0,0,1,738,0
479.50,12,0,0,0,0,1,738,0
479.50,12,0,0,0,0,1,738,0
479.50,12,0,0,0,0,1,738,0
479.50,12,0,0,0,0,1,738,0
479.50,12,0,0,0,0,1,738,0
479.50,12,0,0,0,0,1,738,0
479.50,12,0,0,0,0,1,738,0
479.50,12,0,0,0,0,1,738,0
479.50,12,0,0,0,0,1,738,0
479.50,12,0,0,0,0,1,738,0
479.50,12,0,0,0,0,1,738,0
479.50,12,0,0,0,0,1,738,0
479.50,43,1,0,0,0,1,400,0
479.50,43,0,0,0,0,1,400,0
479.50,23,0,0,0,0,1,380,0
479.50,23,0,0,0,0,1,380,0
479.50,23,0,0,0,0,1,380,0
479.50,23,0,0,0,0,1,380,0
479.50,23,0,0,0,0,1,380,0
479.75,12,0,0,0,0,1,738,0
479.75,12,0,0,0,0,1,738,0
479.75,12,0,0,0,0,1,738,0
479.75,12,0,0,0,0,1,738,0
479.75,12,0,0,0,0,1,738,0
479.75,12,0,0,0,0,1,738,0
479.75,12,0,0,0,0,1,738,0
479.75,12,0,0,0,0,1,738,0
479.75,12,0,0,0,0,1,738,0
479.75,12,0,0,0,0,1,738,0
479.75,12,0,0,0,0,1,738,0
479.75,12,0,0,0,0,1,738,0
479.75,12,0,0,0,0,1,738,0
479.75,12,0,0,0,0,1,738,0
480.00,12,0,0,0,0,1,250,0
480.00,12,0,0,0,0,1,250,0
480.00,12,0,0,0,0,1,250,0
480.00,23,0,0,0,0,1,-423,0
480.00,23,0,0,0,0,1,-423,0
480.00,23,0,0,0,0,1,-423,0
480.00,23,0,0,0,0,1,-423,0
480.00,12,0,0,0,0,1,360,0
480.00,12,0,0,0,0,1,360,0
480.00,12,0,0,0,0,1,360,0
480.00,12,0,0,0,0,1,350,0
480.00,12,1,0,0,0,1,350,0
480.00,12,0,0,0,0,1,400,0
480.00,12,1,0,0,0,1,400,0
480.00,12,0,0,0,0,1,370,0
480.00,12,1,0,0,0,1,370,0
480.00,43,0,0,0,0,1,600,0
480.00,43,0,0,0,0,1,600,0
480.00,43,0,0,0,0,1,600,0
480.00,43,0,0,0,0,1,600,0
480.00,43,0,0,0,0,1,600,0
480.00,43,0,0,0,0,1,600,0
480.00,43,0,0,0,0,1,600,0
480.00,43,0,0,0,0,1,600,0
480.00,43,0,0,0,0,1,600,0
480.00,43,0,0,0,0,1,600,0
480.00,27,0,0,0,0,1,700,0
480.00,27,0,0,0,0,1,700,0
480.00,27,0,0,0,0,1,700,0
480.00,27,0,0,0,0,1,700,0
480.00,27,0,0,0,0,1,700,0
480.00,27,0,0,0,0,1,700,0
480.00,27,0,0,0,0,1,700,0
480.00,27,0,0,0,0,1,700,0
480.00,27,0,0,0,0,1,700,0
480.00,27,0,0,0,0,1,700,0
480.00,27,0,0,0,0,1,700,0
480.00,43,0,0,0,0,1,345,0
480.00,43,1,0,0,0,1,345,0
480.00,24,0,0,0,0,1,374,0
480.00,24,0,0,0,0,1,374,0
480.00,24,0,0,0,0,1,374,0
480.00,24,0,0,0,0,1,374,0
480.00,24,0,0,0,0,1,374,0
480.00,24,0,0,0,0,1,374,0
480.00,27,0,0,0,0,1,700,0
480.00,27,0,0,0,0,1,700,0
480.00,27,0,0,0,0,1,700,0
480.00,27,0,0,0,0,1,700,0
480.00,27,0,0,0,0,1,700,0
480.00,12,1,0,0,0,1,617,0
480.00,27,0,0,0,0,1,196,0
480.00,27,0,0,0,0,1,196,0
480.00,27,0,0,0,0,1,196,0
480.00,27,0,0,0,0,1,196,0
480.00,27,0,0,0,0,1,700,0
480.00,27,0,0,0,0,1,700,0
480.00,27,0,0,0,0,1,700,0
480.00,27,0,0,0,0,1,700,0
480.00,27,0,0,0,0,1,700,0
480.65,12,0,0,0,0,1,738,0
480.65,12,0,0,0,0,1,738,0
480.65,12,0,0,0,0,1,738,0
480.65,12,0,0,0,0,1,738,0
480.65,12,0,0,0,0,1,738,0
480.65,12,0,0,0,0,1,738,0
480.65,12,0,0,0,0,1,738,0
480.65,12,0,0,0,0,1,738,0
480.65,12,0,0,0,0,1,738,0
480.65,12,0,0,0,0,1,738,0
480.65,12,0,0,0,0,1,738,0
480.65,12,0,0,0,0,1,738,0
480.65,12,0,0,0,0,1,738,0
480.65,12,0,0,0,0,1,738,0
480.75,12,0,0,0,0,1,738,0
480.75,12,0,0,0,0,1,738,0
480.75,12,0,0,0,0,1,738,0
480.75,12,0,0,0,0,1,738,0
480.75,12,0,0,0,0,1,738,0
480.75,12,0,0,0,0,1,738,0
480.75,12,0,0,0,0,1,738,0
480.75,12,0,0,0,0,1,738,0
480.75,12,0,0,0,0,1,738,0
480.75,12,0,0,0,0,1,738,0
480.75,12,0,0,0,0,1,738,0
480.75,12,0,0,0,0,1,738,0
480.75,12,0,0,0,0,1,738,0
480.75,12,0,0,0,0,1,738,0
481.00,12,0,0,0,0,1,400,0
481.00,12,0,0,0,0,1,400,0
481.00,12,0,0,0,0,1,400,0
481.00,12,0,0,0,0,1,400,0
481.00,12,0,0,0,0,1,400,0
481.00,12,0,0,0,0,1,738,0
481.00,12,0,0,0,0,1,738,0
481.00,12,0,0,0,0,1,738,0
481.00,12,0,0,0,0,1,738,0
481.00,12,0,0,0,0,1,738,0
481.00,12,0,0,0,0,1,738,0
481.00,12,0,0,0,0,1,738,0
481.00,12,0,0,0,0,1,738,0
481.00,12,0,0,0,0,1,738,0
481.00,12,0,0,0,0,1,738,0
481.00,12,0,0,0,0,1,738,0
481.00,12,0,0,0,0,1,738,0
481.00,12,0,0,0,0,1,738,0
481.00,12,0,0,0,0,1,738,0
481.00,27,0,0,0,0,1,-548,0
481.00,27,0,0,0,0,1,-548,0
481.00,27,0,0,0,0,1,-548,0
481.00,27,0,0,0,0,1,-548,0
481.00,12,0,0,0,0,1,738,0
481.00,12,0,0,0,0,1,738,0
481.00,12,0,0,0,0,1,738,0
481.00,12,0,0,0,0,1,738,0
481.00,12,0,0,0,0,1,738,0
481.00,12,0,0,0,0,1,738,0
481.00,12,0,0,0,0,1,738,0
481.00,12,0,0,0,0,1,738,0
481.00,12,0,0,0,0,1,738,0
481.00,12,0,0,0,0,1,738,0
481.00,12,0,0,0,0,1,738,0
481.00,12,0,0,0,0,1,738,0
481.00,12,0,0,0,0,1,738,0
481.00,12,0,0,0,0,1,738,0
481.50,12,0,0,0,0,1,534,0
481.50,12,0,0,0,0,1,534,0
481.50,12,0,0,0,0,1,534,0
481.50,12,0,0,0,0,1,534,0
481.50,12,0,0,0,0,1,650,0
481.50,12,0,0,0,0,1,650,0
481.50,12,0,0,0,0,1,650,0
481.50,12,0,0,0,0,1,650,0
481.50,12,0,0,0,0,1,650,0
481.50,12,0,0,0,0,1,650,0
481.74,24,0,0,0,0,1,450,0
481.74,24,0,0,0,0,1,450,0
481.74,24,0,0,0,0,1,450,0
481.74,24,0,0,0,0,1,450,0
481.74,24,0,0,0,0,1,450,0
482.00,12,1,0,0,0,1,400,0
482.00,12,0,0,0,0,1,400,0
482.00,43,0,0,0,0,1,600,0
482.00,43,0,0,0,0,1,600,0
482.00,43,0,0,0,0,1,600,0
482.00,43,0,0,0,0,1,600,0
482.00,43,0,0,0,0,1,600,0
482.00,43,0,0,0,0,1,600,0
482.00,43,0,0,0,0,1,600,0
482.00,43,0,0,0,0,1,600,0
482.00,43,0,0,0,0,1,600,0
482.00,43,0,0,0,0,1,600,0
482.00,24,0,0,0,0,1,374,0
482.00,24,0,0,0,0,1,374,0
482.00,24,0,0,0,0,1,374,0
482.00,24,0,0,0,0,1,374,0
482.00,24,0,0,0,0,1,374,0
482.00,27,0,0,0,0,1,700,0
482.00,27,0,0,0,0,1,700,0
482.00,27,0,0,0,0,1,700,0
482.00,27,0,0,0,0,1,700,0
482.00,27,0,0,0,0,1,700,0
482.00,27,0,0,0,0,1,700,0
482.00,12,0,0,0,0,1,738,0
482.00,12,0,0,0,0,1,738,0
482.00,12,0,0,0,0,1,738,0
482.00,12,0,0,0,0,1,738,0
482.00,12,0,0,0,0,1,738,0
482.00,12,0,0,0,0,1,738,0
482.00,12,0,0,0,0,1,738,0
482.00,12,0,0,0,0,1,738,0
482.00,12,0,0,0,0,1,738,0
482.00,12,0,0,0,0,1,738,0
482.00,12,0,0,0,0,1,738,0
482.00,12,0,0,0,0,1,738,0
482.00,12,0,0,0,0,1,738,0
482.00,12,0,0,0,0,1,738,0
482.00,12,0,0,0,0,1,350,0
482.00,12,0,0,0,0,1,350,0
482.00,12,0,0,0,0,1,350,0
482.00,12,0,0,0,0,1,350,0
482.00,23,0,0,0,0,1,380,0
482.00,23,0,0,0,0,1,380,0
482.00,23,0,0,0,0,1,380,0
482.00,23,0,0,0,0,1,380,0
482.00,23,0,0,0,0,1,380,0
482.00,43,0,0,0,0,1,634,0
482.00,43,0,0,0,0,1,634,0
482.00,43,0,0,0,0,1,634,0
482.00,43,0,0,0,0,1,634,0
482.00,27,0,0,0,0,1,700,0
482.00,27,0,0,0,0,1,700,0
482.00,27,0,0,0,0,1,700,0
482.00,27,0,0,0,0,1,700,0
482.00,27,0,0,0,0,1,700,0
482.00,27,0,0,0,0,1,700,0
482.00,27,0,0,0,0,1,700,0
482.00,27,0,0,0,0,1,700,0
482.00,27,0,0,0,0,1,700,0
482.00,27,0,0,0,0,1,700,0
482.00,12,0,0,0,0,1,350,0
482.00,12,0,0,0,0,1,350,0
482.00,12,0,0,0,0,1,350,0
482.00,12,0,0,0,0,1,350,0
482.10,12,0,0,0,0,1,338,0
482.10,12,0,0,0,0,1,338,0
482.10,12,0,0,0,0,1,338,0
482.10,12,0,0,0,0,1,338,0
482.10,12,0,0,0,0,1,338,0
482.10,12,0,0,0,0,1,338,0
482.50,12,0,0,0,0,1,650,0
482.50,12,0,0,0,0,1,650,0
482.50,12,0,0,0,0,1,650,0
482.50,12,0,0,0,0,1,650,0
482.50,12,0,0,0,0,1,738,0
482.50,12,0,0,0,0,1,738,0
482.50,12,0,0,0,0,1,738,0
482.50,12,0,0,0,0,1,738,0
482.50,12,0,0,0,0,1,738,0
482.50,12,0,0,0,0,1,738,0
482.50,12,0,0,0,0,1,738,0
482.50,12,0,0,0,0,1,738,0
482.50,12,0,0,0,0,1,738,0
482.50,12,0,0,0,0,1,738,0
482.50,12,0,0,0,0,1,738,0
482.50,12,0,0,0,0,1,738,0
482.50,12,0,0,0,0,1,738,0
482.50,12,0,0,0,0,1,738,0
482.74,43,0,0,0,0,1,350,0
482.74,43,0,0,0,0,1,350,0
482.74,43,0,0,0,0,1,350,0
482.74,43,0,0,0,0,1,350,0
483.00,12,1,0,0,0,1,360,0
483.00,12,0,0,0,0,1,360,0
483.00,27,0,0,0,0,1,196,0
483.00,27,0,0,0,0,1,196,0
483.00,27,0,0,0,0,1,196,0
483.00,27,0,0,0,0,1,196,0
483.00,43,0,0,0,0,1,634,0
483.00,43,0,0,0,0,1,634,0
483.00,43,0,0,0,0,1,634,0
483.00,43,0,0,0,0,1,634,0
483.00,27,0,0,0,0,1,700,0
483.00,27,0,0,0,0,1,700,0
483.00,27,0,0,0,0,1,700,0
483.00,27,0,0,0,0,1,700,0
483.00,27,0,0,0,0,1,700,0
483.00,27,0,0,0,0,1,700,0
483.00,43,0,0,0,0,1,600,0
483.00,43,0,0,0,0,1,600,0
483.00,43,0,0,0,0,1,600,0
483.00,43,0,0,0,0,1,600,0
483.00,43,0,0,0,0,1,600,0
483.00,43,0,0,0,0,1,600,0
483.00,43,0,0,0,0,1,600,0
483.00,43,0,0,0,0,1,600,0
483.00,43,0,0,0,0,1,600,0
483.00,43,0,0,0,0,1,600,0
483.00,12,0,0,0,0,1,738,0
483.00,12,0,0,0,0,1,738,0
483.00,12,0,0,0,0,1,738,0
483.00,12,0,0,0,0,1,738,0
483.00,12,0,0,0,0,1,738,0
483.00,12,0,0,0,0,1,738,0
483.00,12,0,0,0,0,1,738,0
483.00,12,0,0,0,0,1,738,0
483.00,12,0,0,0,0,1,738,0
483.00,12,0,0,0,0,1,738,0
483.00,12,0,0,0,0,1,738,0
483.00,12,0,0,0,0,1,738,0
483.00,12,0,0,0,0,1,738,0
483.00,12,0,0,0,0,1,738,0
483.00,12,0,0,0,0,1,350,0
483.00,12,0,0,0,0,1,350,0
483.00,12,0,0,0,0,1,350,0
483.00,12,0,0,0,0,1,350,0
483.05,12,0,0,0,0,1,338,0
483.05,12,0,0,0,0,1,338,0
483.05,12,0,0,0,0,1,338,0
483.05,12,0,0,0,0,1,338,0
483.25,43,0,0,0,0,1,350,0
483.25,43,0,0,0,0,1,350,0
483.25,43,0,0,0,0,1,350,0
483.25,43,0,0,0,0,1,350,0
483.35,12,0,0,0,0,1,650,0
483.35,12,0,0,0,0,1,650,0
483.35,12,0,0,0,0,1,650,0
483.35,12,0,0,0,0,1,650,0
483.60,12,0,0,0,0,1,338,0
483.60,12,0,0,0,0,1,338,0
483.60,12,0,0,0,0,1,338,0
483.60,12,0,0,0,0,1,338,0
483.75,24,0,0,0,0,1,374,0
483.75,24,0,0,0,0,1,374,0
483.75,24,0,0,0,0,1,374,0
483.75,24,0,0,0,0,1,374,0
483.75,24,0,0,0,0,1,374,0
483.75,24,0,0,0,0,1,600,0
483.75,24,0,0,0,0,1,600,0
483.75,24,0,0,0,0,1,600,0
483.75,24,0,0,0,0,1,600,0
483.75,24,0,0,0,0,1,600,0
483.75,43,0,0,0,0,1,350,0
483.75,43,0,0,0,0,1,350,0
483.75,43,0,0,0,0,1,350,0
483.75,43,0,0,0,0,1,350,0
483.75,43,0,0,0,0,1,350,0
483.75,43,0,0,0,0,1,350,0
483.75,43,0,0,0,0,1,350,0
483.75,23,0,0,0,0,1,-270,0
483.75,23,0,0,0,0,1,-270,0
483.75,23,0,0,0,0,1,-270,0
483.75,24,0,0,0,0,1,450,0
483.75,24,0,0,0,0,1,450,0
483.75,24,0,0,0,0,1,450,0
483.75,24,0,0,0,0,1,450,0
483.75,24,0,0,0,0,1,450,0
484.00,27,0,0,0,0,1,700,0
484.00,27,0,0,0,0,1,700,0
484.00,27,0,0,0,0,1,700,0
484.00,27,0,0,0,0,1,700,0
484.00,27,0,0,0,0,1,700,0
484.00,27,0,0,0,0,1,700,0
484.00,12,0,0,0,0,1,250,0
484.00,12,0,0,0,0,1,250,0
484.00,12,0,0,0,0,1,250,0
484.00,12,0,0,0,0,1,250,0
484.00,43,1,0,0,0,1,380,0
484.00,43,0,0,0,0,1,380,0
484.00,43,0,0,0,0,1,600,0
484.00,43,0,0,0,0,1,600,0
484.00,43,0,0,0,0,1,600,0
484.00,43,0,0,0,0,1,600,0
484.00,43,0,0,0,0,1,600,0
484.00,43,0,0,0,0,1,600,0
484.00,43,0,0,0,0,1,600,0
484.00,43,0,0,0,0,1,600,0
484.00,43,0,0,0,0,1,600,0
484.00,43,0,0,0,0,1,600,0
484.00,43,0,0,0,0,1,600,0
484.00,43,0,0,0,0,1,600,0
484.00,43,0,0,0,0,1,600,0
484.00,43,0,0,0,0,1,600,0
484.00,43,0,0,0,0,1,600,0
484.00,43,0,0,0,0,1,600,0
484.00,43,0,0,0,0,1,600,0
484.00,43,0,0,0,0,1,600,0
484.00,43,0,0,0,0,1,600,0
484.00,43,0,0,0,0,1,600,0
484.00,12,0,0,0,0,1,738,0
484.00,12,0,0,0,0,1,738,0
484.00,12,0,0,0,0,1,738,0
484.00,12,0,0,0,0,1,738,0
484.00,12,0,0,0,0,1,738,0
484.00,12,0,0,0,0,1,738,0
484.00,12,0,0,0,0,1,738,0
484.00,12,0,0,0,0,1,738,0
484.00,12,0,0,0,0,1,738,0
484.00,12,0,0,0,0,1,738,0
484.00,12,0,0,0,0,1,738,0
484.00,12,0,0,0,0,1,738,0
484.00,12,0,0,0,0,1,738,0
484.00,12,0,0,0,0,1,738,0
484.25,43,0,0,0,0,1,350,0
484.25,43,0,0,0,0,1,350,0
484.25,43,0,0,0,0,1,350,0
484.75,24,0,0,0,0,1,450,0
484.75,24,0,0,0,0,1,450,0
484.75,24,0,0,0,0,1,450,0
484.75,24,0,0,0,0,1,450,0
484.75,24,0,0,0,0,1,450,0
484.75,24,0,0,0,0,1,450,0
485.00,24,0,0,0,0,1,374,0
485.00,24,0,0,0,0,1,374,0
485.00,24,0,0,0,0,1,374,0
485.00,24,0,0,0,0,1,374,0
485.00,24,0,0,0,0,1,374,0
485.00,24,0,0,0,0,1,374,0
485.00,12,0,0,0,0,1,188,0
485.00,12,0,0,0,0,1,188,0
485.00,12,0,0,0,0,1,188,0
485.00,12,0,0,0,0,1,188,0
485.00,12,0,0,0,0,1,188,0
485.00,43,0,0,0,0,1,634,0
485.00,43,0,0,0,0,1,634,0
485.00,43,0,0,0,0,1,634,0
485.00,43,0,0,0,0,1,634,0
485.00,27,0,0,0,0,1,700,0
485.00,27,0,0,0,0,1,700,0
485.00,27,0,0,0,0,1,700,0
485.00,27,0,0,0,0,1,700,0
485.00,27,0,0,0,0,1,700,0
485.00,12,0,0,0,0,1,392,0
485.00,12,0,0,0,0,1,392,0
485.00,12,0,0,0,0,1,392,0
485.00,12,0,0,0,0,1,392,0
485.00,26,0,0,0,0,1,650,0
485.00,26,0,0,0,0,1,650,0
485.00,26,0,0,0,0,1,650,0
485.25,12,0,0,0,0,1,738,0
485.25,12,0,0,0,0,1,738,0
485.25,12,0,0,0,0,1,738,0
485.25,12,0,0,0,0,1,738,0
485.25,12,0,0,0,0,1,738,0
485.25,12,0,0,0,0,1,738,0
485.25,12,0,0,0,0,1,738,0
485.25,12,0,0,0,0,1,738,0
485.25,12,0,0,0,0,1,738,0
485.25,12,0,0,0,0,1,738,0
485.25,12,0,0,0,0,1,738,0
485.25,12,0,0,0,0,1,738,0
485.25,12,0,0,0,0,1,738,0
485.25,12,0,0,0,0,1,738,0
485.50,23,0,0,0,0,1,380,0
485.50,23,0,0,0,0,1,380,0
485.50,23,0,0,0,0,1,380,0
485.50,23,0,0,0,0,1,380,0
485.50,23,0,0,0,0,1,380,0
485.50,23,0,0,0,0,1,380,0
485.55,12,0,0,0,0,1,338,0
485.55,12,0,0,0,0,1,338,0
485.55,12,0,0,0,0,1,338,0
485.55,12,0,0,0,0,1,338,0
485.55,12,0,0,0,0,1,650,0
485.55,12,0,0,0,0,1,650,0
485.55,12,0,0,0,0,1,650,0
485.55,12,0,0,0,0,1,650,0
485.76,24,0,0,0,0,1,450,0
485.76,24,0,0,0,0,1,450,0
485.76,24,0,0,0,0,1,450,0
485.76,24,0,0,0,0,1,450,0
485.76,24,0,0,0,0,1,450,0
485.96,12,0,0,0,0,1,738,0
485.96,12,0,0,0,0,1,738,0
485.96,12,0,0,0,0,1,738,0
485.96,12,0,0,0,0,1,738,0
485.96,12,0,0,0,0,1,738,0
485.96,12,0,0,0,0,1,738,0
485.96,12,0,0,0,0,1,738,0
485.96,12,0,0,0,0,1,738,0
485.96,12,0,0,0,0,1,738,0
485.96,12,0,0,0,0,1,738,0
485.96,12,0,0,0,0,1,738,0
485.96,12,0,0,0,0,1,738,0
485.96,12,0,0,0,0,1,738,0
485.96,12,0,0,0,0,1,738,0
486.00,23,0,0,0,0,1,380,0
486.00,23,0,0,0,0,1,380,0
486.00,23,0,0,0,0,1,380,0
486.00,23,0,0,0,0,1,380,0
486.00,23,0,0,0,0,1,380,0
486.00,23,0,0,0,0,1,380,0
486.00,43,0,0,0,0,1,600,0
486.00,43,0,0,0,0,1,600,0
486.00,43,0,0,0,0,1,600,0
486.00,43,0,0,0,0,1,600,0
486.00,43,0,0,0,0,1,600,0
486.00,43,0,0,0,0,1,600,0
486.00,43,0,0,0,0,1,600,0
486.00,43,0,0,0,0,1,600,0
486.00,43,0,0,0,0,1,600,0
486.00,43,0,0,0,0,1,600,0
486.00,23,1,0,0,0,1,384,0
486.00,23,0,0,0,0,1,384,0
486.00,23,0,0,0,0,1,475,0
486.00,23,1,0,0,0,1,475,0
486.00,23,0,0,0,0,1,475,0
486.00,12,0,0,0,0,1,738,0
486.00,12,0,0,0,0,1,738,0
486.00,12,0,0,0,0,1,738,0
486.00,12,0,0,0,0,1,738,0
486.00,12,0,0,0,0,1,738,0
486.00,12,0,0,0,0,1,738,0
486.00,12,0,0,0,0,1,738,0
486.00,12,0,0,0,0,1,738,0
486.00,12,0,0,0,0,1,738,0
486.00,12,0,0,0,0,1,738,0
486.00,12,0,0,0,0,1,738,0
486.00,12,0,0,0,0,1,738,0
486.00,12,0,0,0,0,1,738,0
486.00,12,0,0,0,0,1,738,0
486.00,12,0,0,0,0,1,350,0
486.00,12,0,0,0,0,1,350,0
486.00,12,0,0,0,0,1,350,0
486.00,27,0,0,0,0,1,700,0
486.00,27,0,0,0,0,1,700,0
486.00,27,0,0,0,0,1,700,0
486.00,27,0,0,0,0,1,700,0
486.00,27,0,0,0,0,1,700,0
486.00,23,0,0,0,0,1,600,0
486.00,23,0,0,0,0,1,600,0
486.00,23,0,0,0,0,1,600,0
486.00,23,0,0,0,0,1,600,0
486.00,43,0,0,0,0,1,600,0
486.00,43,0,0,0,0,1,600,0
486.00,43,0,0,0,0,1,600,0
486.00,43,0,0,0,0,1,600,0
486.00,43,0,0,0,0,1,600,0
486.00,43,0,0,0,0,1,600,0
486.00,43,0,0,0,0,1,600,0
486.00,43,0,0,0,0,1,600,0
486.00,43,0,0,0,0,1,600,0
486.00,43,0,0,0,0,1,600,0
486.50,12,0,0,0,0,1,338,0
486.50,12,0,0,0,0,1,338,0
486.50,12,0,0,0,0,1,338,0
486.50,12,0,0,0,0,1,338,0
486.76,23,1,0,0,0,1,-423,0
486.76,23,0,0,0,0,1,-423,0
486.76,24,0,0,0,0,1,600,0
486.76,24,0,0,0,0,1,600,0
486.76,24,0,0,0,0,1,600,0
486.76,24,0,0,0,0,1,600,0
486.76,24,0,0,0,0,1,600,0
486.76,24,0,0,0,0,1,600,0
486.76,24,0,0,0,0,1,600,0
486.76,24,0,0,0,0,1,600,0
486.76,24,0,0,0,0,1,600,0
486.76,24,0,0,0,0,1,600,0
487.00,12,0,0,0,0,1,400,0
487.00,12,1,0,0,0,1,400,0
487.00,12,0,0,0,0,1,467,0
487.00,12,0,0,0,0,1,467,0
487.00,12,0,0,0,0,1,467,0
487.00,12,0,0,0,0,1,467,0
487.00,12,0,0,0,0,1,467,0
487.00,12,0,0,0,0,1,738,0
487.00,12,0,0,0,0,1,738,0
487.00,12,0,0,0,0,1,738,0
487.00,12,0,0,0,0,1,738,0
487.00,12,0,0,0,0,1,738,0
487.00,12,0,0,0,0,1,738,0
487.00,12,0,0,0,0,1,738,0
487.00,12,0,0,0,0,1,738,0
487.00,12,0,0,0,0,1,738,0
487.00,12,0,0,0,0,1,738,0
487.00,12,0,0,0,0,1,738,0
487.00,12,0,0,0,0,1,738,0
487.00,12,0,0,0,0,1,738,0
487.00,12,0,0,0,0,1,738,0
487.00,26,0,0,0,0,1,138,0
487.00,26,0,0,0,0,1,138,0
487.00,26,0,0,0,0,1,138,0
487.00,26,0,0,0,0,1,138,0
487.00,23,0,0,0,0,1,380,0
487.00,23,0,0,0,0,1,380,0
487.00,23,0,0,0,0,1,380,0
487.00,23,0,0,0,0,1,380,0
487.00,23,0,0,0,0,1,380,0
487.00,27,0,0,0,0,1,125,0
487.00,27,1,0,0,0,1,125,0
487.00,23,0,0,0,0,1,-250,0
487.00,23,0,0,0,0,1,-250,0
487.00,23,0,0,0,0,1,-250,0
487.00,23,0,0,0,0,1,-250,0
487.00,23,0,0,0,0,1,-250,0
487.00,23,0,0,0,0,1,-250,0
487.00,23,0,0,0,0,1,-250,0
487.00,23,0,0,0,0,1,-250,0
487.00,23,0,0,0,0,1,-250,0
487.00,23,0,0,0,0,1,-250,0
487.00,23,0,0,0,0,1,-250,0
487.00,23,1,0,0,0,1,323,0
487.00,43,0,0,0,0,1,600,0
487.00,43,0,0,0,0,1,600,0
487.00,43,0,0,0,0,1,600,0
487.00,43,0,0,0,0,1,600,0
487.00,43,0,0,0,0,1,600,0
487.00,43,0,0,0,0,1,600,0
487.00,43,0,0,0,0,1,600,0
487.00,43,0,0,0,0,1,600,0
487.00,43,0,0,0,0,1,600,0
487.00,43,0,0,0,0,1,600,0
487.00,27,0,0,0,0,1,-548,0
487.00,27,0,0,0,0,1,-548,0
487.00,27,0,0,0,0,1,-548,0
487.00,27,0,0,0,0,1,-548,0
487.00,27,0,0,0,0,1,-548,0
487.75,12,0,0,0,0,1,738,0
487.75,12,0,0,0,0,1,738,0
487.75,12,0,0,0,0,1,738,0
487.75,12,0,0,0,0,1,738,0
487.75,12,0,0,0,0,1,738,0
487.75,12,0,0,0,0,1,738,0
487.75,12,0,0,0,0,1,738,0
487.75,12,0,0,0,0,1,738,0
487.75,12,0,0,0,0,1,738,0
487.75,12,0,0,0,0,1,738,0
487.75,12,0,0,0,0,1,738,0
487.75,12,0,0,0,0,1,738,0
487.75,12,0,0,0,0,1,738,0
487.75,12,0,0,0,0,1,738,0
488.00,12,0,0,0,0,1,400,0
488.00,12,0,0,0,0,1,400,0
488.00,12,0,0,0,0,1,400,0
488.00,12,0,0,0,0,1,400,0
488.00,12,0,0,0,0,1,400,0
488.00,27,0,0,0,0,1,700,0
488.00,27,0,0,0,0,1,700,0
488.00,27,0,0,0,0,1,700,0
488.00,27,0,0,0,0,1,700,0
488.00,27,0,0,0,0,1,700,0
488.00,43,0,0,0,0,1,600,0
488.00,43,0,0,0,0,1,600,0
488.00,43,0,0,0,0,1,600,0
488.00,43,0,0,0,0,1,600,0
488.00,43,0,0,0,0,1,600,0
488.00,43,0,0,0,0,1,600,0
488.00,43,0,0,0,0,1,600,0
488.00,43,0,0,0,0,1,600,0
488.00,43,0,0,0,0,1,600,0
488.00,43,0,0,0,0,1,600,0
488.00,12,0,0,0,0,1,350,0
488.00,12,0,0,0,0,1,350,0
488.00,12,0,0,0,0,1,350,0
488.00,27,0,0,0,0,1,492,0
488.00,27,1,0,0,0,1,492,0
488.00,27,0,0,0,0,1,492,0
488.00,12,0,0,0,0,1,350,0
488.00,12,0,0,0,0,1,350,0
488.00,12,0,0,0,0,1,350,0
488.00,12,0,0,0,0,1,350,0
488.00,27,0,0,0,0,1,700,0
488.00,27,0,0,0,0,1,700,0
488.00,27,0,0,0,0,1,700,0
488.00,27,0,0,0,0,1,700,0
488.00,27,0,0,0,0,1,700,0
488.00,27,0,0,0,0,1,700,0
488.00,27,0,0,0,0,1,700,0
488.00,27,0,0,0,0,1,700,0
488.00,27,0,0,0,0,1,700,0
488.00,27,0,0,0,0,1,700,0
488.00,27,0,0,0,0,1,700,0
488.00,27,0,0,0,0,1,700,0
488.00,27,0,0,0,0,1,700,0
488.00,27,0,0,0,0,1,700,0
488.00,27,0,0,0,0,1,700,0
488.00,27,0,0,0,0,1,575,0
488.00,27,1,0,0,0,1,575,0
488.10,12,0,0,0,0,1,738,0
488.10,12,0,0,0,0,1,738,0
488.10,12,0,0,0,0,1,738,0
488.10,12,0,0,0,0,1,738,0
488.10,12,0,0,0,0,1,738,0
488.10,12,0,0,0,0,1,738,0
488.10,12,0,0,0,0,1,738,0
488.10,12,0,0,0,0,1,738,0
488.10,12,0,0,0,0,1,738,0
488.10,12,0,0,0,0,1,738,0
488.10,12,0,0,0,0,1,738,0
488.10,12,0,0,0,0,1,738,0
488.10,12,0,0,0,0,1,738,0
488.10,12,0,0,0,0,1,738,0
488.50,12,0,0,0,0,1,738,0
488.50,12,0,0,0,0,1,738,0
488.50,12,0,0,0,0,1,738,0
488.50,12,0,0,0,0,1,738,0
488.50,12,0,0,0,0,1,738,0
488.50,12,0,0,0,0,1,738,0
488.50,12,0,0,0,0,1,738,0
488.50,12,0,0,0,0,1,738,0
488.50,12,0,0,0,0,1,738,0
488.50,12,0,0,0,0,1,738,0
488.50,12,0,0,0,0,1,738,0
488.50,12,0,0,0,0,1,738,0
488.50,12,0,0,0,0,1,738,0
488.50,12,0,0,0,0,1,738,0
488.50,43,0,0,0,0,1,634,0
488.50,43,0,0,0,0,1,634,0
488.50,43,0,0,0,0,1,634,0
488.50,43,0,0,0,0,1,634,0
488.77,24,0,0,0,0,1,450,0
488.77,24,0,0,0,0,1,450,0
488.77,24,0,0,0,0,1,450,0
488.77,24,0,0,0,0,1,450,0
488.77,24,0,0,0,0,1,450,0
488.77,24,0,0,0,0,1,600,0
488.77,24,0,0,0,0,1,600,0
488.77,24,0,0,0,0,1,600,0
488.77,24,0,0,0,0,1,600,0
488.77,24,0,0,0,0,1,600,0
488.77,24,0,0,0,0,1,600,0
488.77,24,0,0,0,0,1,600,0
488.77,24,0,0,0,0,1,600,0
488.77,24,0,0,0,0,1,600,0
488.77,24,0,0,0,0,1,600,0
489.00,12,0,0,0,0,1,392,0
489.00,12,0,0,0,0,1,392,0
489.00,12,0,0,0,0,1,392,0
489.00,27,0,0,0,0,1,700,0
489.00,27,0,0,0,0,1,700,0
489.00,27,0,0,0,0,1,700,0
489.00,27,0,0,0,0,1,700,0
489.00,27,0,0,0,0,1,700,0
489.00,12,0,0,0,0,1,250,0
489.00,12,0,0,0,0,1,250,0
489.00,12,0,0,0,0,1,250,0
489.00,12,0,0,0,0,1,250,0
489.00,27,0,0,0,0,1,484,0
489.00,27,0,0,0,0,1,484,0
489.00,27,0,0,0,0,1,484,0
489.00,27,0,0,0,0,1,484,0
489.00,27,0,0,0,0,1,484,0
489.00,27,0,0,0,0,1,484,0
489.00,43,0,0,0,0,1,600,0
489.00,43,0,0,0,0,1,600,0
489.00,43,0,0,0,0,1,600,0
489.00,43,0,0,0,0,1,600,0
489.00,43,0,0,0,0,1,600,0
489.00,43,0,0,0,0,1,600,0
489.00,43,0,0,0,0,1,600,0
489.00,43,0,0,0,0,1,600,0
489.00,43,0,0,0,0,1,600,0
489.00,43,0,0,0,0,1,600,0
489.00,27,0,0,0,0,1,196,0
489.00,27,0,0,0,0,1,196,0
489.00,27,0,0,0,0,1,196,0
489.00,27,0,0,0,0,1,196,0
489.25,12,0,0,0,0,1,738,0
489.25,12,0,0,0,0,1,738,0
489.25,12,0,0,0,0,1,738,0
489.25,12,0,0,0,0,1,738,0
489.25,12,0,0,0,0,1,738,0
489.25,12,0,0,0,0,1,738,0
489.25,12,0,0,0,0,1,738,0
489.25,12,0,0,0,0,1,738,0
489.25,12,0,0,0,0,1,738,0
489.25,12,0,0,0,0,1,738,0
489.25,12,0,0,0,0,1,738,0
489.25,12,0,0,0,0,1,738,0
489.25,12,0,0,0,0,1,738,0
489.25,12,0,0,0,0,1,738,0
489.45,12,0,0,0,0,1,650,0
489.45,12,0,0,0,0,1,650,0
489.45,12,0,0,0,0,1,650,0
489.45,12,0,0,0,0,1,650,0
489.90,12,0,0,0,0,1,338,0
489.90,12,0,0,0,0,1,338,0
489.90,12,0,0,0,0,1,338,0
489.90,12,0,0,0,0,1,338,0
490.00,12,1,0,0,0,1,400,0
490.00,12,0,0,0,0,1,400,0
490.00,43,0,0,0,0,1,634,0
490.00,43,0,0,0,0,1,634,0
490.00,43,0,0,0,0,1,634,0
490.00,23,0,0,0,0,1,380,0
490.00,23,0,0,0,0,1,380,0
490.00,23,0,0,0,0,1,380,0
490.00,23,0,0,0,0,1,380,0
490.00,23,0,0,0,0,1,380,0
490.00,23,0,0,0,0,1,380,0
490.00,12,0,0,0,0,1,250,0
490.00,12,0,0,0,0,1,250,0
490.00,12,0,0,0,0,1,250,0
490.00,12,0,0,0,0,1,250,0
490.00,23,0,0,0,0,1,600,0
490.00,23,0,0,0,0,1,600,0
490.00,23,0,0,0,0,1,600,0
490.00,23,0,0,0,0,1,600,0
490.00,23,0,0,0,0,1,217,0
490.00,23,0,0,0,0,1,217,0
490.00,23,0,0,0,0,1,217,0
490.00,23,0,0,0,0,1,217,0
490.00,23,0,0,0,0,1,217,0
490.00,23,0,0,0,0,1,217,0
490.00,23,0,0,0,0,1,217,0
490.00,23,0,0,0,0,1,217,0
490.00,23,0,0,0,0,1,217,0
490.00,23,0,0,0,0,1,600,0
490.00,23,0,0,0,0,1,600,0
490.00,23,0,0,0,0,1,600,0
490.00,23,0,0,0,0,1,600,0
490.80,12,0,0,0,0,1,650,0
490.80,12,0,0,0,0,1,650,0
490.80,12,0,0,0,0,1,650,0
490.80,12,0,0,0,0,1,650,0
491.00,27,0,0,0,0,1,700,0
491.00,27,0,0,0,0,1,700,0
491.00,27,0,0,0,0,1,700,0
491.00,27,0,0,0,0,1,700,0
491.00,27,0,0,0,0,1,700,0
491.00,27,0,0,0,0,1,700,0
491.50,12,0,0,0,0,1,738,0
491.50,12,0,0,0,0,1,738,0
491.50,12,0,0,0,0,1,738,0
491.50,12,0,0,0,0,1,738,0
491.50,12,0,0,0,0,1,738,0
491.50,12,0,0,0,0,1,738,0
491.50,12,0,0,0,0,1,738,0
491.50,12,0,0,0,0,1,738,0
491.50,12,0,0,0,0,1,738,0
491.50,12,0,0,0,0,1,738,0
491.50,12,0,0,0,0,1,738,0
491.50,12,0,0,0,0,1,738,0
491.50,12,0,0,0,0,1,738,0
491.50,12,0,0,0,0,1,738,0
492.00,12,0,0,0,0,1,317,0
492.00,12,0,0,0,0,1,317,0
492.00,12,0,0,0,0,1,317,0
492.00,12,0,0,0,0,1,317,0
492.00,12,0,0,0,0,1,317,0
492.00,12,0,0,0,0,1,317,0
492.00,12,1,0,0,0,1,400,0
492.00,12,0,0,0,0,1,400,0
492.00,26,0,0,0,0,1,563,0
492.00,26,1,0,0,0,1,563,0
492.00,27,0,0,0,0,1,500,0
492.00,27,1,0,0,0,1,500,0
492.00,23,0,0,0,0,1,354,0
492.00,23,0,0,0,0,1,354,0
492.00,23,0,0,0,0,1,354,0
492.00,43,0,0,0,0,1,600,0
492.00,43,0,0,0,0,1,600,0
492.00,43,0,0,0,0,1,600,0
492.00,43,0,0,0,0,1,600,0
492.00,43,0,0,0,0,1,600,0
492.00,43,0,0,0,0,1,600,0
492.00,43,0,0,0,0,1,600,0
492.00,43,0,0,0,0,1,600,0
492.00,43,0,0,0,0,1,600,0
492.00,43,0,0,0,0,1,600,0
492.50,12,0,0,0,0,1,738,0
492.50,12,0,0,0,0,1,738,0
492.50,12,0,0,0,0,1,738,0
492.50,12,0,0,0,0,1,738,0
492.50,12,0,0,0,0,1,738,0
492.50,12,0,0,0,0,1,738,0
492.50,12,0,0,0,0,1,738,0
492.50,12,0,0,0,0,1,738,0
492.50,12,0,0,0,0,1,738,0
492.50,12,0,0,0,0,1,738,0
492.50,12,0,0,0,0,1,738,0
492.50,12,0,0,0,0,1,738,0
492.50,12,0,0,0,0,1,738,0
492.50,12,0,0,0,0,1,738,0
493.00,12,0,0,0,0,1,738,0
493.00,12,0,0,0,0,1,738,0
493.00,12,0,0,0,0,1,738,0
493.00,12,0,0,0,0,1,738,0
493.00,12,0,0,0,0,1,738,0
493.00,12,0,0,0,0,1,738,0
493.00,12,0,0,0,0,1,738,0
493.00,12,0,0,0,0,1,738,0
493.00,12,0,0,0,0,1,738,0
493.00,12,0,0,0,0,1,738,0
493.00,12,0,0,0,0,1,738,0
493.00,12,0,0,0,0,1,738,0
493.00,12,0,0,0,0,1,738,0
493.00,12,0,0,0,0,1,738,0
493.00,12,0,0,0,0,1,250,0
493.00,12,0,0,0,0,1,250,0
493.00,12,0,0,0,0,1,250,0
493.00,12,0,0,0,0,1,250,0
493.00,12,0,0,0,0,1,738,0
493.00,12,0,0,0,0,1,738,0
493.00,12,0,0,0,0,1,738,0
493.00,12,0,0,0,0,1,738,0
493.00,12,0,0,0,0,1,738,0
493.00,12,0,0,0,0,1,738,0
493.00,12,0,0,0,0,1,738,0
493.00,12,0,0,0,0,1,738,0
493.00,12,0,0,0,0,1,738,0
493.00,12,0,0,0,0,1,738,0
493.00,12,0,0,0,0,1,738,0
493.00,12,0,0,0,0,1,738,0
493.00,12,0,0,0,0,1,738,0
493.00,12,0,0,0,0,1,738,0
493.00,27,0,0,0,0,1,450,0
493.00,27,0,0,0,0,1,450,0
493.00,27,0,0,0,0,1,450,0
493.00,12,0,0,0,0,1,334,0
493.00,12,0,0,0,0,1,334,0
493.00,12,0,0,0,0,1,334,0
493.00,12,0,0,0,0,1,334,0
493.00,12,0,0,0,0,1,350,0
493.00,12,0,0,0,0,1,350,0
493.00,12,0,0,0,0,1,350,0
493.00,12,0,0,0,0,1,350,0
493.00,43,1,0,0,0,1,345,0
493.00,43,0,0,0,0,1,345,0
493.25,12,0,0,0,0,1,650,0
493.25,12,0,0,0,0,1,650,0
493.25,12,0,0,0,0,1,650,0
493.25,12,0,0,0,0,1,650,0
493.25,23,0,0,0,0,1,380,0
493.25,23,0,0,0,0,1,380,0
493.25,23,0,0,0,0,1,380,0
493.25,23,0,0,0,0,1,380,0
493.25,23,0,0,0,0,1,380,0
493.25,23,0,0,0,0,1,380,0
493.80,24,0,0,0,0,1,600,0
493.80,24,0,0,0,0,1,600,0
493.80,24,0,0,0,0,1,600,0
493.80,24,0,0,0,0,1,600,0
493.80,24,0,0,0,0,1,600,0
493.80,24,0,0,0,0,1,600,0
493.80,24,0,0,0,0,1,600,0
493.80,24,0,0,0,0,1,600,0
493.80,24,0,0,0,0,1,600,0
493.80,24,0,0,0,0,1,600,0
493.80,24,0,0,0,0,1,600,0
493.80,43,0,0,0,0,1,350,0
493.80,43,0,0,0,0,1,350,0
493.80,43,0,0,0,0,1,350,0
493.80,43,0,0,0,0,1,350,0
494.00,43,0,0,0,0,1,600,0
494.00,43,0,0,0,0,1,600,0
494.00,43,0,0,0,0,1,600,0
494.00,43,0,0,0,0,1,600,0
494.00,43,0,0,0,0,1,600,0
494.00,43,0,0,0,0,1,600,0
494.00,43,0,0,0,0,1,600,0
494.00,43,0,0,0,0,1,600,0
494.00,43,0,0,0,0,1,600,0
494.00,43,0,0,0,0,1,600,0
494.10,12,0,0,0,0,1,513,0
494.10,12,1,0,0,0,1,513,0
494.10,12,0,0,0,0,1,513,0
494.50,43,1,0,0,0,1,380,0
494.50,43,0,0,0,0,1,380,0
495.00,26,1,0,0,0,1,584,0
495.00,26,0,0,0,0,1,584,0
495.00,12,0,0,0,0,1,44,0
495.00,12,1,0,0,0,1,44,0
495.00,12,0,0,0,0,1,350,0
495.00,12,0,0,0,0,1,350,0
495.00,12,0,0,0,0,1,350,0
495.00,12,0,0,0,0,1,350,0
495.00,27,0,0,0,0,1,700,0
495.00,27,0,0,0,0,1,700,0
495.00,27,0,0,0,0,1,700,0
495.00,27,0,0,0,0,1,700,0
495.00,27,0,0,0,0,1,700,0
495.00,43,0,0,0,0,1,600,0
495.00,43,0,0,0,0,1,600,0
495.00,43,0,0,0,0,1,600,0
495.00,43,0,0,0,0,1,600,0
495.00,43,0,0,0,0,1,600,0
495.00,43,0,0,0,0,1,600,0
495.00,43,0,0,0,0,1,600,0
495.00,43,0,0,0,0,1,600,0
495.00,43,0,0,0,0,1,600,0
495.00,43,0,0,0,0,1,600,0
495.30,43,0,0,0,0,1,350,0
495.30,43,0,0,0,0,1,350,0
495.30,43,0,0,0,0,1,350,0
495.30,43,0,0,0,0,1,350,0
496.00,43,0,0,0,0,1,600,0
496.00,43,0,0,0,0,1,600,0
496.00,43,0,0,0,0,1,600,0
496.00,43,0,0,0,0,1,600,0
496.00,43,0,0,0,0,1,600,0
496.00,43,0,0,0,0,1,600,0
496.00,43,0,0,0,0,1,600,0
496.00,43,0,0,0,0,1,600,0
496.00,43,0,0,0,0,1,600,0
496.00,43,0,0,0,0,1,600,0
496.00,43,0,0,0,0,1,392,0
496.00,43,1,0,0,0,1,392,0
496.81,43,0,0,0,0,1,350,0
496.81,43,0,0,0,0,1,350,0
496.81,43,0,0,0,0,1,350,0
496.81,43,0,0,0,0,1,350,0
497.00,12,0,0,0,0,1,363,0
497.00,12,0,0,0,0,1,363,0
497.00,12,0,0,0,0,1,363,0
497.00,12,0,0,0,0,1,363,0
497.00,27,0,0,0,0,1,700,0
497.00,27,0,0,0,0,1,700,0
497.00,27,0,0,0,0,1,700,0
497.00,27,0,0,0,0,1,700,0
497.00,27,0,0,0,0,1,700,0
497.00,27,0,0,0,0,1,700,0
497.00,27,0,0,0,0,1,700,0
497.00,27,0,0,0,0,1,700,0
497.00,27,0,0,0,0,1,700,0
497.00,27,0,0,0,0,1,700,0
497.00,27,0,0,0,0,1,700,0
497.82,43,0,0,0,0,1,350,0
497.82,43,0,0,0,0,1,350,0
497.82,43,0,0,0,0,1,350,0
497.82,43,0,0,0,0,1,350,0
498.00,12,0,0,0,0,1,360,0
498.00,12,1,0,0,0,1,360,0
498.00,12,0,0,0,0,1,360,0
498.00,43,0,0,0,0,1,700,0
498.00,43,0,0,0,0,1,700,0
498.00,43,0,0,0,0,1,700,0
498.00,43,0,0,0,0,1,700,0
498.00,43,0,0,0,0,1,700,0
498.00,43,0,0,0,0,1,700,0
498.00,27,0,0,0,0,1,700,0
498.00,27,0,0,0,0,1,700,0
498.00,27,0,0,0,0,1,700,0
498.00,27,0,0,0,0,1,700,0
498.00,27,0,0,0,0,1,700,0
498.00,43,0,0,0,0,1,345,0
498.00,43,1,0,0,0,1,345,0
498.00,26,0,0,0,0,1,650,0
498.00,26,0,0,0,0,1,650,0
498.00,26,0,0,0,0,1,650,0
498.05,12,0,0,0,0,1,738,0
498.05,12,0,0,0,0,1,738,0
498.05,12,0,0,0,0,1,738,0
498.05,12,0,0,0,0,1,738,0
498.05,12,0,0,0,0,1,738,0
498.05,12,0,0,0,0,1,738,0
498.05,12,0,0,0,0,1,738,0
498.05,12,0,0,0,0,1,738,0
498.05,12,0,0,0,0,1,738,0
498.05,12,0,0,0,0,1,738,0
498.05,12,0,0,0,0,1,738,0
498.05,12,0,0,0,0,1,738,0
498.05,12,0,0,0,0,1,738,0
498.05,12,0,0,0,0,1,738,0
498.50,12,0,0,0,0,1,584,0
498.50,12,0,0,0,0,1,584,0
498.50,12,0,0,0,0,1,584,0
498.50,12,0,0,0,0,1,584,0
498.50,12,0,0,0,0,1,584,0
498.50,12,0,0,0,0,1,584,0
498.50,43,0,0,0,0,1,800,0
498.50,43,0,0,0,0,1,800,0
498.50,43,0,0,0,0,1,800,0
498.50,43,0,0,0,0,1,800,0
498.50,43,0,0,0,0,1,800,0
498.50,43,0,0,0,0,1,800,0
498.70,12,0,0,0,0,1,338,0
498.70,12,0,0,0,0,1,338,0
498.70,12,0,0,0,0,1,338,0
498.70,12,0,0,0,0,1,338,0
498.75,12,0,0,0,0,1,650,0
498.75,12,0,0,0,0,1,650,0
498.75,12,0,0,0,0,1,650,0
498.75,12,0,0,0,0,1,650,0
499.00,23,0,0,0,0,1,600,0
499.00,23,0,0,0,0,1,600,0
499.00,23,0,0,0,0,1,600,0
499.00,23,0,0,0,0,1,600,0
499.50,43,1,0,0,0,1,395,0
499.50,43,0,0,0,0,1,395,0
499.83,24,0,0,0,0,1,450,0
499.83,24,0,0,0,0,1,450,0
499.83,24,0,0,0,0,1,450,0
499.83,24,0,0,0,0,1,450,0
499.83,24,0,0,0,0,1,450,0
500.00,43,0,0,0,0,1,600,0
500.00,43,0,0,0,0,1,600,0
500.00,43,0,0,0,0,1,600,0
500.00,43,0,0,0,0,1,600,0
500.00,43,0,0,0,0,1,600,0
500.00,43,0,0,0,0,1,600,0
500.00,43,0,0,0,0,1,600,0
500.00,43,0,0,0,0,1,600,0
500.00,43,0,0,0,0,1,600,0
500.00,43,0,0,0,0,1,600,0
500.00,43,1,0,0,0,1,380,0
500.00,43,1,0,0,0,1,380,0
500.00,27,0,0,0,0,1,700,0
500.00,27,0,0,0,0,1,700,0
500.00,27,0,0,0,0,1,700,0
500.00,27,0,0,0,0,1,700,0
500.00,27,0,0,0,0,1,700,0
500.25,12,0,0,0,0,1,738,0
500.25,12,0,0,0,0,1,738,0
500.25,12,0,0,0,0,1,738,0
500.25,12,0,0,0,0,1,738,0
500.25,12,0,0,0,0,1,738,0
500.25,12,0,0,0,0,1,738,0
500.25,12,0,0,0,0,1,738,0
500.25,12,0,0,0,0,1,738,0
500.25,12,0,0,0,0,1,738,0
500.25,12,0,0,0,0,1,738,0
500.25,12,0,0,0,0,1,738,0
500.25,12,0,0,0,0,1,738,0
500.25,12,0,0,0,0,1,738,0
500.25,12,0,0,0,0,1,738,0
500.35,12,0,0,0,0,1,738,0
500.35,12,0,0,0,0,1,738,0
500.35,12,0,0,0,0,1,738,0
500.35,12,0,0,0,0,1,738,0
500.35,12,0,0,0,0,1,738,0
500.35,12,0,0,0,0,1,738,0
500.35,12,0,0,0,0,1,738,0
500.35,12,0,0,0,0,1,738,0
500.35,12,0,0,0,0,1,738,0
500.35,12,0,0,0,0,1,738,0
500.35,12,0,0,0,0,1,738,0
500.35,12,0,0,0,0,1,738,0
500.35,12,0,0,0,0,1,738,0
500.35,12,0,0,0,0,1,738,0
500.70,12,0,0,0,0,1,338,0
500.70,12,0,0,0,0,1,338,0
500.70,12,0,0,0,0,1,338,0
500.70,12,0,0,0,0,1,338,0
500.70,12,0,0,0,0,1,338,0
501.00,12,0,0,0,0,1,350,0
501.00,12,0,0,0,0,1,350,0
501.00,12,0,0,0,0,1,350,0
501.00,12,0,0,0,0,1,350,0
501.00,24,0,0,0,0,1,591,0
501.00,24,0,0,0,0,1,591,0
501.00,24,0,0,0,0,1,591,0
501.00,24,0,0,0,0,1,591,0
501.00,24,0,0,0,0,1,591,0
501.00,24,0,0,0,0,1,591,0
502.00,43,1,0,0,0,1,345,0
502.00,43,0,0,0,0,1,345,0
502.50,26,0,0,0,0,1,138,0
502.50,26,0,0,0,0,1,138,0
502.50,26,0,0,0,0,1,138,0
502.50,26,0,0,0,0,1,138,0
502.50,26,0,0,0,0,1,138,0
503.00,43,0,0,0,0,1,-88,0
503.00,43,0,0,0,0,1,-88,0
503.00,43,0,0,0,0,1,-88,0
503.00,43,0,0,0,0,1,-88,0
503.00,43,0,0,0,0,1,-88,0
503.00,12,0,0,0,0,1,738,0
503.00,12,0,0,0,0,1,738,0
503.00,12,0,0,0,0,1,738,0
503.00,12,0,0,0,0,1,738,0
503.00,12,0,0,0,0,1,738,0
503.00,12,0,0,0,0,1,738,0
503.00,12,0,0,0,0,1,738,0
503.00,12,0,0,0,0,1,738,0
503.00,12,0,0,0,0,1,738,0
503.00,12,0,0,0,0,1,738,0
503.00,12,0,0,0,0,1,738,0
503.00,12,0,0,0,0,1,738,0
503.00,12,0,0,0,0,1,738,0
503.00,12,0,0,0,0,1,738,0
503.50,43,0,0,0,0,1,392,0
503.50,43,1,0,0,0,1,392,0
503.84,24,0,0,0,0,1,-297,0
503.84,24,0,0,0,0,1,-297,0
503.84,24,0,0,0,0,1,-297,0
503.84,24,0,0,0,0,1,-297,0
503.84,24,0,0,0,0,1,-297,0
503.84,24,0,0,0,0,1,-297,0
503.84,24,0,0,0,0,1,-297,0
503.84,24,0,0,0,0,1,-297,0
503.84,24,0,0,0,0,1,-297,0
503.84,24,0,0,0,0,1,600,0
503.84,24,0,0,0,0,1,600,0
503.84,24,0,0,0,0,1,600,0
503.84,24,0,0,0,0,1,600,0
503.84,24,0,0,0,0,1,600,0
503.84,24,0,0,0,0,1,600,0
503.84,24,0,0,0,0,1,600,0
503.84,24,0,0,0,0,1,600,0
503.84,24,0,0,0,0,1,600,0
503.84,24,0,0,0,0,1,600,0
504.00,43,0,0,0,0,1,600,0
504.00,43,0,0,0,0,1,600,0
504.00,43,0,0,0,0,1,600,0
504.00,43,0,0,0,0,1,600,0
504.00,43,0,0,0,0,1,600,0
504.00,43,0,0,0,0,1,600,0
504.00,43,0,0,0,0,1,600,0
504.00,43,0,0,0,0,1,600,0
504.00,43,0,0,0,0,1,600,0
504.00,43,0,0,0,0,1,600,0
504.00,12,0,0,0,0,1,350,0
504.00,12,0,0,0,0,1,350,0
504.00,12,0,0,0,0,1,350,0
504.00,12,0,0,0,0,1,350,0
504.00,43,0,0,0,0,1,600,0
504.00,43,0,0,0,0,1,600,0
504.00,43,0,0,0,0,1,600,0
504.00,43,0,0,0,0,1,600,0
504.00,43,0,0,0,0,1,600,0
504.00,43,0,0,0,0,1,600,0
504.00,43,0,0,0,0,1,600,0
504.00,43,0,0,0,0,1,600,0
504.00,43,0,0,0,0,1,600,0
504.00,43,0,0,0,0,1,600,0
504.20,12,0,0,0,0,1,650,0
504.20,12,0,0,0,0,1,650,0
504.20,12,0,0,0,0,1,650,0
504.20,12,0,0,0,0,1,650,0
505.00,23,0,0,0,0,1,-423,0
505.00,23,0,0,0,0,1,-423,0
505.00,23,0,0,0,0,1,-423,0
505.00,23,0,0,0,0,1,-423,0
505.55,12,0,0,0,0,1,738,0
505.55,12,0,0,0,0,1,738,0
505.55,12,0,0,0,0,1,738,0
505.55,12,0,0,0,0,1,738,0
505.55,12,0,0,0,0,1,738,0
505.55,12,0,0,0,0,1,738,0
505.55,12,0,0,0,0,1,738,0
505.55,12,0,0,0,0,1,738,0
505.55,12,0,0,0,0,1,738,0
505.55,12,0,0,0,0,1,738,0
505.55,12,0,0,0,0,1,738,0
505.55,12,0,0,0,0,1,738,0
505.55,12,0,0,0,0,1,738,0
505.55,12,0,0,0,0,1,738,0
506.00,12,0,0,0,0,1,738,0
506.00,12,0,0,0,0,1,738,0
506.00,12,0,0,0,0,1,738,0
506.00,12,0,0,0,0,1,738,0
506.00,12,0,0,0,0,1,738,0
506.00,12,0,0,0,0,1,738,0
506.00,12,0,0,0,0,1,738,0
506.00,12,0,0,0,0,1,738,0
506.00,12,0,0,0,0,1,738,0
506.00,12,0,0,0,0,1,738,0
506.00,12,0,0,0,0,1,738,0
506.00,12,0,0,0,0,1,738,0
506.00,12,0,0,0,0,1,738,0
506.00,12,0,0,0,0,1,738,0
506.00,27,0,0,0,0,1,700,0
506.00,27,0,0,0,0,1,700,0
506.00,27,0,0,0,0,1,700,0
506.00,27,0,0,0,0,1,700,0
506.00,27,0,0,0,0,1,700,0
506.00,23,0,0,0,0,1,380,0
506.00,23,0,0,0,0,1,380,0
506.00,23,0,0,0,0,1,380,0
506.00,23,0,0,0,0,1,380,0
506.00,23,0,0,0,0,1,380,0
506.00,23,0,0,0,0,1,380,0
506.20,12,0,0,0,0,1,650,0
506.20,12,0,0,0,0,1,650,0
506.20,12,0,0,0,0,1,650,0
506.20,12,0,0,0,0,1,650,0
507.00,43,1,0,0,0,1,380,0
507.00,43,1,0,0,0,1,380,0
507.00,43,1,0,0,0,1,345,0
507.00,43,0,0,0,0,1,345,0
508.00,12,0,0,0,0,1,738,0
508.00,12,0,0,0,0,1,738,0
508.00,12,0,0,0,0,1,738,0
508.00,12,0,0,0,0,1,738,0
508.00,12,0,0,0,0,1,738,0
508.00,12,0,0,0,0,1,738,0
508.00,12,0,0,0,0,1,738,0
508.00,12,0,0,0,0,1,738,0
508.00,12,0,0,0,0,1,738,0
508.00,12,0,0,0,0,1,738,0
508.00,12,0,0,0,0,1,738,0
508.00,12,0,0,0,0,1,738,0
508.00,12,0,0,0,0,1,738,0
508.00,12,0,0,0,0,1,738,0
508.00,27,0,0,0,0,1,400,0
508.00,27,1,0,0,0,1,400,0
508.00,43,0,0,0,0,1,600,0
508.00,43,0,0,0,0,1,600,0
508.00,43,0,0,0,0,1,600,0
508.00,43,0,0,0,0,1,600,0
508.00,43,0,0,0,0,1,600,0
508.00,43,0,0,0,0,1,600,0
508.00,43,0,0,0,0,1,600,0
508.00,43,0,0,0,0,1,600,0
508.00,43,0,0,0,0,1,600,0
508.00,43,0,0,0,0,1,600,0
508.45,12,0,0,0,0,1,650,0
508.45,12,0,0,0,0,1,650,0
508.45,12,0,0,0,0,1,650,0
508.45,12,0,0,0,0,1,650,0
509.00,12,0,0,0,0,1,617,0
509.00,12,0,0,0,0,1,617,0
509.00,12,0,0,0,0,1,617,0
509.00,12,0,0,0,0,1,617,0
509.00,12,0,0,0,0,1,617,0
509.00,12,0,0,0,0,1,617,0
509.00,12,0,0,0,0,1,617,0
509.00,27,0,0,0,0,1,700,0
509.00,27,0,0,0,0,1,700,0
509.00,27,0,0,0,0,1,700,0
509.00,27,0,0,0,0,1,700,0
509.00,27,0,0,0,0,1,700,0
510.00,12,1,0,0,0,1,320,0
510.00,23,0,0,0,0,1,411,0
510.00,23,1,0,0,0,1,411,0
510.00,23,0,0,0,0,1,411,0
510.00,12,1,0,0,0,1,525,0
510.00,12,0,0,0,0,1,525,0
510.80,12,0,0,0,0,1,525,0
510.80,12,0,0,0,0,1,525,0
510.80,12,0,0,0,0,1,525,0
510.80,12,0,0,0,0,1,525,0
511.00,27,0,0,0,0,1,450,0
511.00,27,0,0,0,0,1,450,0
511.00,27,0,0,0,0,1,450,0
511.50,23,0,0,0,0,1,380,0
511.50,23,0,0,0,0,1,380,0
511.50,23,0,0,0,0,1,380,0
511.50,23,0,0,0,0,1,380,0
511.50,23,0,0,0,0,1,380,0
513.00,23,0,0,0,0,1,600,0
513.00,23,0,0,0,0,1,600,0
513.00,23,0,0,0,0,1,600,0
513.00,23,0,0,0,0,1,600,0
513.40,12,0,0,0,0,1,738,0
513.40,12,0,0,0,0,1,738,0
513.40,12,0,0,0,0,1,738,0
513.40,12,0,0,0,0,1,738,0
513.40,12,0,0,0,0,1,738,0
513.40,12,0,0,0,0,1,738,0
513.40,12,0,0,0,0,1,738,0
513.40,12,0,0,0,0,1,738,0
513.40,12,0,0,0,0,1,738,0
513.40,12,0,0,0,0,1,738,0
513.40,12,0,0,0,0,1,738,0
513.40,12,0,0,0,0,1,738,0
513.40,12,0,0,0,0,1,738,0
513.40,12,0,0,0,0,1,738,0
515.50,23,0,0,0,0,1,380,0
515.50,23,0,0,0,0,1,380,0
515.50,23,0,0,0,0,1,380,0
515.50,23,0,0,0,0,1,380,0
515.50,23,0,0,0,0,1,380,0
516.00,43,0,0,0,0,1,600,0
516.00,43,0,0,0,0,1,600,0
516.00,43,0,0,0,0,1,600,0
516.00,43,0,0,0,0,1,600,0
516.00,43,0,0,0,0,1,600,0
516.00,43,0,0,0,0,1,600,0
516.00,43,0,0,0,0,1,600,0
516.00,43,0,0,0,0,1,600,0
516.00,43,0,0,0,0,1,600,0
516.00,43,0,0,0,0,1,600,0
517.00,43,0,0,0,0,1,634,0
517.00,43,0,0,0,0,1,634,0
517.00,43,0,0,0,0,1,634,0
517.00,43,0,0,0,0,1,634,0
517.05,12,0,0,0,0,1,650,0
517.05,12,0,0,0,0,1,650,0
517.05,12,0,0,0,0,1,650,0
517.05,12,0,0,0,0,1,650,0
517.05,12,0,0,0,0,1,650,0
517.05,12,0,0,0,0,1,650,0
517.05,12,0,0,0,0,1,650,0
517.05,12,0,0,0,0,1,650,0
517.50,12,0,0,0,0,1,363,0
517.50,12,0,0,0,0,1,363,0
517.50,12,0,0,0,0,1,363,0
517.50,12,0,0,0,0,1,363,0
517.50,12,0,0,0,0,1,738,0
517.50,12,0,0,0,0,1,738,0
517.50,12,0,0,0,0,1,738,0
517.50,12,0,0,0,0,1,738,0
517.50,12,0,0,0,0,1,738,0
517.50,12,0,0,0,0,1,738,0
517.50,12,0,0,0,0,1,738,0
517.50,12,0,0,0,0,1,738,0
517.50,12,0,0,0,0,1,738,0
517.50,12,0,0,0,0,1,738,0
517.50,12,0,0,0,0,1,738,0
517.50,12,0,0,0,0,1,738,0
517.50,12,0,0,0,0,1,738,0
517.50,12,0,0,0,0,1,738,0
518.00,43,0,0,0,0,1,600,0
518.00,43,0,0,0,0,1,600,0
518.00,43,0,0,0,0,1,600,0
518.00,43,0,0,0,0,1,600,0
518.00,43,0,0,0,0,1,600,0
518.00,43,0,0,0,0,1,600,0
518.00,43,0,0,0,0,1,600,0
518.00,43,0,0,0,0,1,600,0
518.00,43,0,0,0,0,1,600,0
518.00,43,0,0,0,0,1,600,0
519.50,43,0,0,0,0,1,392,0
519.50,43,1,0,0,0,1,392,0
523.00,26,0,0,0,0,1,138,0
523.00,26,0,0,0,0,1,138,0
523.00,26,0,0,0,0,1,138,0
523.00,26,0,0,0,0,1,138,0
523.00,26,0,0,0,0,1,138,0
525.00,12,0,0,0,0,1,738,0
525.00,12,0,0,0,0,1,738,0
525.00,12,0,0,0,0,1,738,0
525.00,12,0,0,0,0,1,738,0
525.00,12,0,0,0,0,1,738,0
525.00,12,0,0,0,0,1,738,0
525.00,12,0,0,0,0,1,738,0
525.00,12,0,0,0,0,1,738,0
525.00,12,0,0,0,0,1,738,0
525.00,12,0,0,0,0,1,738,0
525.00,12,0,0,0,0,1,738,0
525.00,12,0,0,0,0,1,738,0
525.00,12,0,0,0,0,1,738,0
525.00,12,0,0,0,0,1,738,0
526.00,27,0,0,0,0,1,700,0
526.00,27,0,0,0,0,1,700,0
526.00,27,0,0,0,0,1,700,0
526.00,27,0,0,0,0,1,700,0
526.00,27,0,0,0,0,1,700,0
535.00,26,1,0,0,0,1,23,0
535.00,26,0,0,0,0,1,23,0
551.50,12,0,0,0,0,1,738,0
551.50,12,0,0,0,0,1,738,0
551.50,12,0,0,0,0,1,738,0
551.50,12,0,0,0,0,1,738,0
551.50,12,0,0,0,0,1,738,0
551.50,12,0,0,0,0,1,738,0
551.50,12,0,0,0,0,1,738,0
551.50,12,0,0,0,0,1,738,0
551.50,12,0,0,0,0,1,738,0
551.50,12,0,0,0,0,1,738,0
551.50,12,0,0,0,0,1,738,0
551.50,12,0,0,0,0,1,738,0
551.50,12,0,0,0,0,1,738,0
551.50,12,0,0,0,0,1,738,0
445.16,22,0,0,0,0,1,600,0
445.16,22,1,0,0,0,1,600,0
445.16,22,1,0,0,0,1,600,0
445.16,22,1,0,0,0,1,600,0
445.16,22,1,0,0,0,1,600,0
445.16,22,1,0,0,0,1,600,0
445.16,22,1,0,0,0,1,600,0
445.16,22,1,0,0,0,1,600,0
445.16,22,1,0,0,0,1,600,0
445.16,22,1,0,0,0,1,600,0
446.80,43,1,0,0,0,1,600,0
446.80,43,5,0,0,0,1,600,0
446.80,43,5,0,0,0,1,600,0
446.80,43,5,0,0,0,1,600,0
446.80,43,5,0,0,0,1,600,0
446.80,43,3,0,0,0,1,600,0
447.20,43,2,0,0,0,1,650,0
447.20,43,9,0,0,0,1,650,0
447.20,43,9,0,0,0,1,650,0
447.20,43,6,0,0,0,1,650,0
451.60,24,1,0,0,0,1,450,0
451.60,24,3,0,0,0,1,450,0
451.60,24,3,0,0,0,1,450,0
451.60,24,3,0,0,0,1,450,0
451.60,24,3,0,0,0,1,450,0
451.60,24,3,0,0,0,1,450,0
451.60,24,3,0,0,0,1,450,0
451.60,24,2,0,0,0,1,450,0
453.00,24,2,0,0,0,1,500,0
453.00,24,8,0,0,0,1,500,0
453.00,24,8,0,0,0,1,500,0
453.00,24,8,0,0,0,1,500,0
453.00,24,8,0,0,0,1,500,0
453.00,24,8,0,0,0,1,500,0
453.00,24,8,0,0,0,1,500,0
453.00,24,8,0,0,0,1,500,0
453.00,24,8,0,0,0,1,500,0
453.00,24,5,0,0,0,1,500,0
458.23,27,1,0,0,0,1,650,0
458.23,27,4,0,0,0,1,650,0
458.23,27,4,0,0,0,1,650,0
458.23,27,4,0,0,0,1,650,0
458.23,27,4,0,0,0,1,650,0
458.23,27,4,0,0,0,1,650,0
458.23,27,4,0,0,0,1,650,0
458.23,27,2,0,0,0,1,650,0
459.73,27,1,0,0,0,1,650,0
459.73,27,3,0,0,0,1,650,0
459.73,27,3,0,0,0,1,650,0
459.73,27,3,0,0,0,1,650,0
459.73,27,3,0,0,0,1,650,0
459.73,27,3,0,0,0,1,650,0
459.73,27,3,0,0,0,1,650,0
459.73,27,2,0,0,0,1,650,0
459.80,24,1,0,0,0,1,550,0
459.80,24,6,0,0,0,1,550,0
459.80,24,6,0,0,0,1,550,0
459.80,24,4,0,0,0,1,550,0
460.34,23,1,0,0,0,1,600,0
460.34,23,7,0,0,0,1,600,0
460.34,23,7,0,0,0,1,600,0
460.34,23,7,0,0,0,1,600,0
460.34,23,7,0,0,0,1,600,0
460.34,23,4,0,0,0,1,600,0
460.71,43,3,0,0,0,1,500,0
460.71,43,14,0,0,0,1,500,0
460.71,43,14,0,0,0,1,500,0
460.71,43,14,0,0,0,1,500,0
460.71,43,14,0,0,0,1,500,0
460.71,43,14,0,0,0,1,500,0
460.71,43,14,0,0,0,1,500,0
460.71,43,14,0,0,0,1,500,0
460.71,43,14,0,0,0,1,500,0
460.71,43,8,0,0,0,1,500,0
461.16,24,1,0,0,0,1,650,0
461.16,24,6,0,0,0,1,650,0
461.16,24,6,0,0,0,1,650,0
461.16,24,4,0,0,0,1,650,0
461.50,43,4,0,0,0,1,745,0
461.50,43,10,0,0,0,1,745,0
461.50,43,10,0,0,0,1,745,0
461.50,43,6,0,0,0,1,745,0
461.74,43,3,0,0,0,1,500,0
461.74,43,14,0,0,0,1,500,0
461.74,43,14,0,0,0,1,500,0
461.74,43,14,0,0,0,1,500,0
461.74,43,14,0,0,0,1,500,0
461.74,43,14,0,0,0,1,500,0
461.74,43,14,0,0,0,1,500,0
461.74,43,14,0,0,0,1,500,0
461.74,43,14,0,0,0,1,500,0
461.74,43,8,0,0,0,1,500,0
462.50,43,1,0,0,0,1,600,0
462.50,43,3,0,0,0,1,600,0
462.50,43,3,0,0,0,1,600,0
462.50,43,3,0,0,0,1,600,0
462.50,43,3,0,0,0,1,600,0
462.50,43,3,0,0,0,1,600,0
462.50,43,3,0,0,0,1,600,0
462.50,43,3,0,0,0,1,600,0
462.50,43,3,0,0,0,1,600,0
462.50,43,2,0,0,0,1,600,0
463.00,12,0,0,0,0,1,550,0
463.00,12,1,0,0,0,1,550,0
463.00,12,1,0,0,0,1,550,0
463.00,12,1,0,0,0,1,550,0
463.00,12,1,0,0,0,1,550,0
463.00,12,0,0,0,0,1,550,0
465.30,43,14,0,0,0,1,560,0
465.30,43,18,0,0,0,1,560,0
465.30,43,18,0,0,0,1,560,0
465.30,43,18,0,0,0,1,560,0
465.30,43,18,0,0,0,1,560,0
465.80,22,0,0,0,0,1,150,0
465.80,22,1,0,0,0,1,150,0
465.80,22,1,0,0,0,1,150,0
465.80,22,1,0,0,0,1,150,0
465.80,22,1,0,0,0,1,150,0
465.80,22,1,0,0,0,1,150,0
465.80,22,1,0,0,0,1,150,0
465.80,22,1,0,0,0,1,150,0
465.80,22,1,0,0,0,1,150,0
465.80,22,1,0,0,0,1,150,0
465.80,22,1,0,0,0,1,150,0
465.80,22,1,0,0,0,1,150,0
465.80,22,1,0,0,0,1,150,0
465.80,22,1,0,0,0,1,150,0
465.80,22,1,0,0,0,1,150,0
465.80,22,0,0,0,0,1,150,0
466.00,43,2,0,0,0,1,560,0
466.00,43,11,0,0,0,1,560,0
466.00,43,11,0,0,0,1,560,0
466.00,43,11,0,0,0,1,560,0
466.00,43,11,0,0,0,1,560,0
466.00,43,2,0,0,0,1,560,0
466.10,43,13,0,0,0,1,560,0
466.10,43,16,0,0,0,1,560,0
466.10,43,16,0,0,0,1,560,0
466.10,43,16,0,0,0,1,560,0
466.10,43,16,0,0,0,1,560,0
466.90,43,3,0,0,0,1,560,0
466.90,43,13,0,0,0,1,560,0
466.90,43,13,0,0,0,1,560,0
466.90,43,13,0,0,0,1,560,0
466.90,43,13,0,0,0,1,560,0
466.90,43,3,0,0,0,1,560,0
467.40,27,2,0,0,0,1,600,0
467.40,27,9,0,0,0,1,600,0
467.40,27,9,0,0,0,1,600,0
467.40,27,9,0,0,0,1,600,0
467.40,27,9,0,0,0,1,600,0
467.40,27,5,0,0,0,1,600,0
467.42,24,0,0,0,0,1,650,0
467.42,24,1,0,0,0,1,650,0
467.42,24,1,0,0,0,1,650,0
467.42,24,1,0,0,0,1,650,0
469.50,43,0,0,0,0,1,600,0
469.50,43,1,0,0,0,1,600,0
469.50,43,1,0,0,0,1,600,0
469.50,43,1,0,0,0,1,600,0
469.50,43,1,0,0,0,1,600,0
469.50,43,1,0,0,0,1,600,0
471.90,43,3,0,0,0,1,560,0
471.90,43,14,0,0,0,1,560,0
471.90,43,14,0,0,0,1,560,0
471.90,43,14,0,0,0,1,560,0
471.90,43,14,0,0,0,1,560,0
471.90,43,9,0,0,0,1,560,0
472.30,43,3,0,0,0,1,560,0
472.30,43,14,0,0,0,1,560,0
472.30,43,14,0,0,0,1,560,0
472.30,43,14,0,0,0,1,560,0
472.30,43,14,0,0,0,1,560,0
472.30,43,8,0,0,0,1,560,0
473.20,22,1,0,0,0,1,-373,0
473.20,22,1,0,0,0,1,-373,0
473.20,22,1,0,0,0,1,-373,0
473.20,22,1,0,0,0,1,-373,0
473.20,22,1,0,0,0,1,-373,0
473.20,22,0,0,0,0,1,-373,0
476.51,43,0,0,0,0,1,700,0
476.51,43,2,0,0,0,1,700,0
476.51,43,2,0,0,0,1,700,0
476.51,43,2,0,0,0,1,700,0
476.51,43,2,0,0,0,1,700,0
476.51,43,1,0,0,0,1,700,0
477.72,43,6,0,0,0,1,655,0
477.72,43,10,0,0,0,1,655,0
477.72,43,10,0,0,0,1,655,0
477.72,43,10,0,0,0,1,655,0
477.72,43,2,0,0,0,1,655,0
490.03,24,0,0,0,0,1,550,0
490.03,24,1,0,0,0,1,550,0
490.03,24,1,0,0,0,1,550,0
490.03,24,1,0,0,0,1,550,0
387.31,3,1,1,0,0,0,517,0
386.38,3,0,1,0,0,0,517,0
391.14,30,0,1,0,0,0,671,1
391.54,30,0,1,0,0,0,671,1
390.24,30,0,1,0,0,0,671,1
389.81,30,0,1,0,0,0,671,1
389.67,30,0,1,0,0,0,671,1
389.74,30,0,1,0,0,0,671,1
399.97,30,0,1,0,0,0,400,1
399.63,30,0,1,0,0,0,400,1
399.82,30,0,1,0,0,0,400,1
397.49,30,0,1,0,0,0,400,1
398.15,30,0,1,0,0,0,200,1
403.31,30,0,1,0,0,0,200,1
404.08,30,0,1,0,0,0,200,1
404.36,30,0,1,0,0,0,200,1
402.22,30,0,1,0,0,0,200,1
401.13,30,0,1,0,0,0,200,1
398.91,30,0,1,0,0,0,600,1
397.99,30,0,1,0,0,0,600,1
398.38,30,0,1,0,0,0,600,1
397.08,30,0,1,0,0,0,600,1
407.56,29,0,1,0,0,0,500,0
407.84,29,0,1,0,0,0,500,0
405.70,29,0,1,0,0,0,500,0
404.61,29,0,1,0,0,0,500,0
404.27,29,0,1,0,0,0,500,0
404.46,29,0,1,0,0,0,500,0
402.13,29,0,1,0,0,0,500,0
402.39,29,0,1,0,0,0,500,0
401.47,29,0,1,0,0,0,500,0
401.87,29,0,1,0,0,0,500,0
400.56,29,0,1,0,0,0,500,0
400.14,29,0,1,0,0,0,500,0
400.00,29,0,1,0,0,0,500,0
400.07,29,0,1,0,0,0,500,0
398.84,30,0,1,0,0,0,-366,1
398.90,30,0,1,0,0,0,-366,1
399.14,30,0,1,0,0,0,-366,1
404.95,15,0,1,0,0,0,650,0
405.35,15,0,1,0,0,0,650,0
404.04,15,0,1,0,0,0,650,0
403.62,15,0,1,0,0,0,650,0
410.34,30,0,1,0,0,0,350,1
409.25,30,1,1,0,0,0,350,1
408.91,30,0,1,0,0,0,350,1
407.27,15,0,1,0,0,0,650,0
407.67,15,0,1,0,0,0,650,0
406.36,15,0,1,0,0,0,650,0
405.94,15,0,1,0,0,0,650,0
408.31,30,0,1,0,0,0,671,1
408.71,30,0,1,0,0,0,671,1
407.41,30,0,1,0,0,0,671,1
406.99,30,0,1,0,0,0,671,1
406.85,30,0,1,0,0,0,671,1
406.92,30,0,1,0,0,0,671,1
408.43,30,0,1,0,0,0,650,1
408.83,30,0,1,0,0,0,650,1
407.53,30,0,1,0,0,0,650,1
407.10,30,0,1,0,0,0,650,1
407.26,30,0,1,0,0,0,-313,1
406.60,30,1,1,0,0,0,-313,1
414.48,30,0,1,0,0,0,400,1
414.13,30,0,1,0,0,0,400,1
414.32,30,0,1,0,0,0,400,1
411.99,30,0,1,0,0,0,400,1
413.07,15,0,1,0,0,0,650,0
413.47,15,0,1,0,0,0,650,0
412.17,15,0,1,0,0,0,650,0
411.74,15,0,1,0,0,0,650,0
413.07,15,0,1,0,0,0,650,0
413.47,15,0,1,0,0,0,650,0
412.17,15,0,1,0,0,0,650,0
411.74,15,0,1,0,0,0,650,0
414.23,15,0,1,0,0,0,650,0
414.63,15,0,1,0,0,0,650,0
413.33,15,0,1,0,0,0,650,0
412.90,15,0,1,0,0,0,650,0
413.99,30,0,1,0,0,0,-400,1
413.99,30,0,1,0,0,0,-400,1
413.99,30,0,1,0,0,0,-400,1
413.99,30,0,1,0,0,0,-400,1
411.60,30,0,1,0,0,0,-400,1
411.67,30,0,1,0,0,0,-400,1
411.91,30,0,1,0,0,0,-400,1
411.24,30,0,1,0,0,0,-400,1
412.32,30,0,1,0,0,0,-400,1
412.90,30,0,1,0,0,0,-400,1
412.76,30,0,1,0,0,0,-300,1
412.83,30,0,1,0,0,0,-300,1
413.07,30,0,1,0,0,0,-300,1
412.41,30,0,1,0,0,0,-300,1
413.48,30,0,1,0,0,0,-300,1
414.06,30,0,1,0,0,0,-300,1
417.88,6,0,1,0,0,0,250,0
423.04,6,0,1,0,0,0,250,0
423.81,6,0,1,0,0,0,250,0
424.09,6,0,1,0,0,0,250,0
421.94,6,0,1,0,0,0,250,0
420.86,6,0,1,0,0,0,250,0
420.51,6,0,1,0,0,0,250,0
420.71,6,0,1,0,0,0,250,0
417.40,30,0,1,0,0,0,-300,1
417.47,30,0,1,0,0,0,-300,1
417.71,30,0,1,0,0,0,-300,1
417.05,30,0,1,0,0,0,-300,1
418.12,30,0,1,0,0,0,-300,1
418.70,30,0,1,0,0,0,-300,1
421.19,30,0,1,0,0,0,638,1
421.59,30,0,1,0,0,0,638,1
420.29,30,0,1,0,0,0,638,1
419.86,30,0,1,0,0,0,638,1
419.79,30,0,1,0,0,0,-400,1
419.79,30,0,1,0,0,0,-400,1
417.40,30,0,1,0,0,0,-400,1
417.47,30,0,1,0,0,0,-400,1
417.71,30,0,1,0,0,0,-400,1
417.05,30,0,1,0,0,0,-400,1
422.35,15,0,1,0,0,0,650,0
422.75,15,0,1,0,0,0,650,0
421.45,15,0,1,0,0,0,650,0
421.02,15,0,1,0,0,0,650,0
423.51,30,0,1,0,0,0,650,1
423.91,30,0,1,0,0,0,650,1
422.61,30,0,1,0,0,0,650,1
422.19,30,0,1,0,0,0,650,1
426.69,30,0,1,0,0,0,-300,1
426.75,30,0,1,0,0,0,-300,1
426.99,30,0,1,0,0,0,-300,1
426.33,30,0,1,0,0,0,-300,1
427.40,30,0,1,0,0,0,-300,1
427.98,30,0,1,0,0,0,-300,1
427.85,30,0,1,0,0,0,-300,1
427.91,30,0,1,0,0,0,-300,1
428.15,30,0,1,0,0,0,-300,1
427.49,30,0,1,0,0,0,-300,1
428.56,30,0,1,0,0,0,-300,1
429.14,30,0,1,0,0,0,-300,1
430.47,3,0,1,0,0,0,-200,0
429.81,3,0,1,0,0,0,-200,0
430.88,3,0,1,0,0,0,-200,0
431.46,3,0,1,0,0,0,-200,0
430.20,3,0,1,0,0,0,-200,0
429.20,3,0,1,0,0,0,-200,0
435.12,15,0,1,0,0,0,650,0
435.51,15,0,1,0,0,0,650,0
434.21,15,0,1,0,0,0,650,0
433.79,15,0,1,0,0,0,650,0
436.28,30,0,1,0,0,0,638,1
436.68,30,0,1,0,0,0,638,1
435.37,30,0,1,0,0,0,638,1
434.95,30,0,1,0,0,0,638,1
436.04,30,0,1,0,0,0,-455,1
433.65,30,1,1,0,0,0,-455,1
434.81,30,0,1,0,0,0,-300,1
434.87,30,0,1,0,0,0,-300,1
435.11,30,0,1,0,0,0,-300,1
434.45,30,0,1,0,0,0,-300,1
435.52,30,0,1,0,0,0,-300,1
436.10,30,0,1,0,0,0,-300,1
439.26,30,0,1,0,0,0,600,1
439.52,30,0,1,0,0,0,600,1
438.60,30,0,1,0,0,0,600,1
439.00,30,0,1,0,0,0,600,1
437.69,30,0,1,0,0,0,600,1
437.27,30,0,1,0,0,0,600,1
436.55,30,0,1,0,0,0,-300,1
436.61,30,0,1,0,0,0,-300,1
436.85,30,0,1,0,0,0,-300,1
436.19,30,0,1,0,0,0,-300,1
437.26,30,0,1,0,0,0,-300,1
437.84,30,0,1,0,0,0,-300,1
443.40,30,0,1,0,0,0,200,1
448.57,30,0,1,0,0,0,200,1
449.33,30,0,1,0,0,0,200,1
449.61,30,0,1,0,0,0,200,1
447.47,30,0,1,0,0,0,200,1
446.38,30,0,1,0,0,0,200,1
440.61,30,0,1,0,0,0,-300,1
440.68,30,0,1,0,0,0,-300,1
440.91,30,0,1,0,0,0,-300,1
440.25,30,0,1,0,0,0,-300,1
441.32,30,0,1,0,0,0,-300,1
441.91,30,0,1,0,0,0,-300,1
395.25,29,0,1,0,0,0,500,0
395.80,29,0,1,0,0,0,500,0
393.92,29,0,1,0,0,0,500,0
392.94,29,0,1,0,0,0,500,0
392.92,29,0,1,0,0,0,500,0
392.99,29,0,1,0,0,0,500,0
390.98,29,0,1,0,0,0,500,0
391.20,29,0,1,0,0,0,500,0
391.01,29,0,1,0,0,0,500,0
391.36,29,0,1,0,0,0,500,0
390.05,29,0,1,0,0,0,500,0
389.72,29,0,1,0,0,0,500,0
389.63,29,0,1,0,0,0,500,0
389.42,29,0,1,0,0,0,500,0
397.45,30,0,1,0,0,0,650,1
397.80,30,0,1,0,0,0,650,1
396.49,30,0,1,0,0,0,650,1
396.16,30,0,1,0,0,0,650,1
397.64,30,0,1,0,0,0,600,1
397.45,30,0,1,0,0,0,600,1
397.80,30,0,1,0,0,0,600,1
396.49,30,0,1,0,0,0,600,1
397.30,44,0,1,0,0,0,-292,0
395.93,44,0,1,0,0,0,-292,0
396.85,44,0,1,0,0,0,-292,0
401.26,30,0,1,0,0,0,-300,1
399.77,30,1,1,0,0,0,-300,1
402.41,30,0,1,0,0,0,650,1
402.76,30,0,1,0,0,0,650,1
401.46,30,0,1,0,0,0,650,1
401.13,30,0,1,0,0,0,650,1
404.51,30,0,1,0,0,0,475,1
404.59,30,0,1,0,0,0,475,1
402.57,30,0,1,0,0,0,475,1
402.79,30,0,1,0,0,0,475,1
403.83,3,0,1,0,0,0,-200,0
402.34,3,0,1,0,0,0,-200,0
403.24,3,0,1,0,0,0,-200,0
404.21,3,0,1,0,0,0,-200,0
402.55,3,0,1,0,0,0,-200,0
401.07,3,0,1,0,0,0,-200,0
405.82,30,0,1,0,0,0,400,1
405.80,30,0,1,0,0,0,400,1
405.88,30,0,1,0,0,0,400,1
403.86,30,0,1,0,0,0,400,1
403.86,6,0,1,0,0,0,600,0
404.08,6,0,1,0,0,0,600,0
403.89,6,0,1,0,0,0,600,0
404.24,6,0,1,0,0,0,600,0
402.93,6,0,1,0,0,0,600,0
402.60,6,0,1,0,0,0,600,0
405.18,15,0,1,0,0,0,650,0
405.53,15,0,1,0,0,0,650,0
404.22,15,0,1,0,0,0,650,0
403.89,15,0,1,0,0,0,650,0
408.30,30,0,1,0,0,0,-300,1
409.59,30,0,1,0,0,0,-300,1
410.28,30,0,1,0,0,0,-300,1
408.78,30,0,1,0,0,0,-300,1
409.69,30,0,1,0,0,0,-300,1
410.65,30,0,1,0,0,0,-300,1
412.27,30,0,1,0,0,0,390,1
412.24,30,0,1,0,0,0,390,1
412.32,30,0,1,0,0,0,390,1
410.30,30,0,1,0,0,0,390,1
410.33,15,0,1,0,0,0,650,0
410.68,15,0,1,0,0,0,650,0
409.37,15,0,1,0,0,0,650,0
409.04,15,0,1,0,0,0,650,0
411.62,15,0,1,0,0,0,650,0
411.97,15,0,1,0,0,0,650,0
410.66,15,0,1,0,0,0,650,0
410.33,15,0,1,0,0,0,650,0
418.39,29,0,1,0,0,0,350,0
417.42,29,0,1,0,0,0,350,0
417.39,29,0,1,0,0,0,350,0
417.47,29,0,1,0,0,0,350,0
415.48,15,0,1,0,0,0,650,0
415.83,15,0,1,0,0,0,650,0
414.52,15,0,1,0,0,0,650,0
414.20,15,0,1,0,0,0,650,0
413.89,30,0,1,0,0,0,-400,1
413.89,30,0,1,0,0,0,-400,1
413.45,30,0,1,0,0,0,-400,1
414.75,30,0,1,0,0,0,-400,1
415.43,30,0,1,0,0,0,-400,1
413.94,30,0,1,0,0,0,-400,1
418.06,30,0,1,0,0,0,400,1
418.04,30,0,1,0,0,0,400,1
418.12,30,0,1,0,0,0,400,1
416.10,30,0,1,0,0,0,400,1
414.74,30,0,1,0,0,0,-300,1
416.04,30,0,1,0,0,0,-300,1
416.72,30,0,1,0,0,0,-300,1
415.23,30,0,1,0,0,0,-300,1
416.13,30,0,1,0,0,0,-300,1
417.09,30,0,1,0,0,0,-300,1
421.02,29,0,1,0,0,0,500,0
421.57,29,0,1,0,0,0,500,0
419.68,29,0,1,0,0,0,500,0
418.71,29,0,1,0,0,0,500,0
418.68,29,0,1,0,0,0,500,0
418.76,29,0,1,0,0,0,500,0
416.74,29,0,1,0,0,0,500,0
416.96,29,0,1,0,0,0,500,0
416.77,29,0,1,0,0,0,500,0
417.12,29,0,1,0,0,0,500,0
415.81,29,0,1,0,0,0,500,0
415.48,29,0,1,0,0,0,500,0
415.40,29,0,1,0,0,0,500,0
415.18,29,0,1,0,0,0,500,0
419.68,30,0,1,0,0,0,400,1
418.71,30,0,1,0,0,0,400,1
418.68,30,0,1,0,0,0,400,1
418.76,30,0,1,0,0,0,400,1
416.74,30,0,1,0,0,0,400,1
416.96,30,0,1,0,0,0,400,1
416.77,30,0,1,0,0,0,400,1
416.77,15,0,1,0,0,0,650,0
417.12,15,0,1,0,0,0,650,0
415.81,15,0,1,0,0,0,650,0
415.48,15,0,1,0,0,0,650,0
416.47,30,0,1,0,0,0,-400,1
416.47,30,0,1,0,0,0,-400,1
416.47,30,0,1,0,0,0,-400,1
416.47,30,0,1,0,0,0,-400,1
416.03,30,0,1,0,0,0,-400,1
417.32,30,0,1,0,0,0,-400,1
418.01,30,0,1,0,0,0,-400,1
416.51,30,0,1,0,0,0,-400,1
417.42,30,0,1,0,0,0,-400,1
418.38,30,0,1,0,0,0,-400,1
418.06,15,0,1,0,0,0,650,0
418.41,15,0,1,0,0,0,650,0
417.10,15,0,1,0,0,0,650,0
416.77,15,0,1,0,0,0,650,0
418.06,15,0,1,0,0,0,650,0
418.41,15,0,1,0,0,0,650,0
417.10,15,0,1,0,0,0,650,0
416.77,15,0,1,0,0,0,650,0
421.90,30,0,1,0,0,0,475,1
421.98,30,0,1,0,0,0,475,1
419.97,30,0,1,0,0,0,475,1
420.19,30,0,1,0,0,0,475,1
419.99,30,0,1,0,0,0,475,1
420.64,15,0,1,0,0,0,650,0
420.99,15,0,1,0,0,0,650,0
419.68,15,0,1,0,0,0,650,0
419.35,15,0,1,0,0,0,650,0
419.90,30,0,1,0,0,0,-300,1
421.19,30,0,1,0,0,0,-300,1
421.87,30,0,1,0,0,0,-300,1
420.38,30,0,1,0,0,0,-300,1
421.28,30,0,1,0,0,0,-300,1
422.24,30,0,1,0,0,0,-300,1
419.90,30,0,1,0,0,0,-300,1
421.19,30,0,1,0,0,0,-300,1
421.87,30,0,1,0,0,0,-300,1
420.38,30,0,1,0,0,0,-300,1
421.28,30,0,1,0,0,0,-300,1
422.24,30,0,1,0,0,0,-300,1
420.34,30,0,1,0,0,0,-400,1
420.34,30,0,1,0,0,0,-400,1
419.90,30,0,1,0,0,0,-400,1
421.19,30,0,1,0,0,0,-400,1
421.87,30,0,1,0,0,0,-400,1
420.38,30,0,1,0,0,0,-400,1
424.47,3,1,1,0,0,0,450,0
423.76,30,0,1,0,0,0,-300,1
425.05,30,0,1,0,0,0,-300,1
425.74,30,0,1,0,0,0,-300,1
424.24,30,0,1,0,0,0,-300,1
425.15,30,0,1,0,0,0,-300,1
426.11,30,0,1,0,0,0,-300,1
426.34,30,0,1,0,0,0,-300,1
427.63,30,0,1,0,0,0,-300,1
428.31,30,0,1,0,0,0,-300,1
426.82,30,0,1,0,0,0,-300,1
427.72,30,0,1,0,0,0,-300,1
428.69,30,0,1,0,0,0,-300,1
429.85,3,1,1,0,0,0,517,0
429.65,3,0,1,0,0,0,517,0
429.65,30,0,1,0,0,0,638,1
430.01,30,0,1,0,0,0,638,1
428.70,30,0,1,0,0,0,638,1
428.37,30,0,1,0,0,0,638,1
432.57,30,0,1,0,0,0,400,1
431.59,30,0,1,0,0,0,400,1
431.57,30,0,1,0,0,0,400,1
431.64,30,0,1,0,0,0,400,1
429.63,30,0,1,0,0,0,400,1
429.85,30,0,1,0,0,0,400,1
429.40,30,1,1,0,0,0,-288,1
433.49,3,0,1,0,0,0,484,0
433.71,3,1,1,0,0,0,484,0
438.67,30,0,1,0,0,0,684,1
439.02,30,0,1,0,0,0,684,1
437.71,30,0,1,0,0,0,684,1
437.39,30,0,1,0,0,0,684,1
437.30,30,0,1,0,0,0,684,1
437.08,30,0,1,0,0,0,684,1
436.64,30,0,1,0,0,0,-300,1
437.94,30,0,1,0,0,0,-300,1
438.62,30,0,1,0,0,0,-300,1
437.13,30,0,1,0,0,0,-300,1
438.03,30,0,1,0,0,0,-300,1
438.99,30,0,1,0,0,0,-300,1
439.23,30,1,1,0,0,0,-395,1
441.80,30,0,1,0,0,0,-300,1
443.09,30,0,1,0,0,0,-300,1
443.77,30,0,1,0,0,0,-300,1
442.28,30,0,1,0,0,0,-300,1
443.18,30,0,1,0,0,0,-300,1
444.15,30,0,1,0,0,0,-300,1
443.83,30,0,1,0,0,0,638,1
444.18,30,0,1,0,0,0,638,1
442.87,30,0,1,0,0,0,638,1
442.54,30,0,1,0,0,0,638,1
371.35,30,1,1,0,0,0,79,1
375.00,3,0,1,0,0,0,484,0
375.28,3,1,1,0,0,0,484,0
378.16,29,0,1,0,0,0,500,0
378.18,29,0,1,0,0,0,500,0
378.78,29,0,1,0,0,0,500,0
378.28,29,0,1,0,0,0,500,0
377.99,29,0,1,0,0,0,500,0
377.98,29,0,1,0,0,0,500,0
377.40,29,0,1,0,0,0,500,0
377.68,29,0,1,0,0,0,500,0
377.42,29,0,1,0,0,0,500,0
377.82,29,0,1,0,0,0,500,0
376.79,29,0,1,0,0,0,500,0
376.37,29,0,1,0,0,0,500,0
376.37,29,0,1,0,0,0,500,0
375.21,29,0,1,0,0,0,500,0
386.17,30,0,1,0,0,0,-300,1
387.45,30,1,1,0,0,0,-300,1
387.32,30,0,1,0,0,0,-420,1
386.01,30,1,1,0,0,0,-420,1
391.89,6,0,1,0,0,0,250,0
393.04,6,0,1,0,0,0,250,0
392.55,6,0,1,0,0,0,250,0
392.58,6,0,1,0,0,0,250,0
393.18,6,0,1,0,0,0,250,0
392.68,6,0,1,0,0,0,250,0
392.39,6,0,1,0,0,0,250,0
392.37,6,0,1,0,0,0,250,0
392.39,3,0,1,0,0,0,400,0
392.37,3,1,1,0,0,0,400,0
391.79,3,0,1,0,0,0,400,0
394.57,30,1,1,0,0,0,-300,1
395.84,30,0,1,0,0,0,-300,1
392.01,30,0,1,0,0,0,-400,1
392.01,30,0,1,0,0,0,-400,1
395.72,30,0,1,0,0,0,-400,1
394.40,30,0,1,0,0,0,-400,1
394.57,30,0,1,0,0,0,-400,1
395.84,30,0,1,0,0,0,-400,1
398.12,30,0,1,0,0,0,-300,1
396.80,30,0,1,0,0,0,-300,1
396.97,30,0,1,0,0,0,-300,1
398.24,30,0,1,0,0,0,-300,1
398.85,30,0,1,0,0,0,-300,1
399.09,30,0,1,0,0,0,-300,1
398.07,30,0,1,0,0,0,400,1
397.79,30,0,1,0,0,0,400,1
397.77,30,0,1,0,0,0,400,1
397.19,30,0,1,0,0,0,400,1
399.37,3,0,1,0,0,0,-200,0
400.64,3,0,1,0,0,0,-200,0
401.25,3,0,1,0,0,0,-200,0
401.49,3,0,1,0,0,0,-200,0
399.85,3,0,1,0,0,0,-200,0
399.18,3,0,1,0,0,0,-200,0
398.00,30,0,1,0,0,0,-450,1
401.72,30,0,1,0,0,0,-450,1
400.40,30,0,1,0,0,0,-450,1
401.72,30,0,1,0,0,0,-300,1
400.40,30,0,1,0,0,0,-300,1
400.57,30,0,1,0,0,0,-300,1
401.84,30,0,1,0,0,0,-300,1
402.45,30,0,1,0,0,0,-300,1
402.69,30,0,1,0,0,0,-300,1
402.91,30,0,1,0,0,0,-300,1
401.60,30,0,1,0,0,0,-300,1
401.77,30,0,1,0,0,0,-300,1
403.04,30,0,1,0,0,0,-300,1
403.65,30,0,1,0,0,0,-300,1
403.89,30,0,1,0,0,0,-300,1
402.59,30,0,1,0,0,0,650,1
402.87,30,0,1,0,0,0,650,1
402.61,30,0,1,0,0,0,650,1
403.01,30,0,1,0,0,0,650,1
401.98,30,0,1,0,0,0,650,1
401.56,30,0,1,0,0,0,650,1
401.56,30,0,1,0,0,0,650,1
400.40,30,0,1,0,0,0,650,1
403.78,30,0,1,0,0,0,475,1
403.77,30,0,1,0,0,0,475,1
403.19,30,0,1,0,0,0,475,1
403.47,30,0,1,0,0,0,475,1
403.21,30,0,1,0,0,0,475,1
406.17,30,0,1,0,0,0,450,1
406.15,30,0,1,0,0,0,450,1
404.82,30,0,1,0,0,0,450,1
405.05,30,0,1,0,0,0,450,1
405.31,30,0,1,0,0,0,-300,1
404.00,30,0,1,0,0,0,-300,1
404.16,30,0,1,0,0,0,-300,1
405.44,30,0,1,0,0,0,-300,1
406.05,30,0,1,0,0,0,-300,1
406.29,30,0,1,0,0,0,-300,1
403.81,15,0,1,0,0,0,650,0
404.21,15,0,1,0,0,0,650,0
403.18,15,0,1,0,0,0,650,0
402.76,15,0,1,0,0,0,650,0
402.58,30,1,1,0,0,0,-300,1
403.00,30,0,1,0,0,0,-300,1
405.92,30,1,1,0,0,0,-290,1
411.85,35,0,1,0,0,0,175,0
412.63,35,0,1,0,0,0,175,0
409.88,35,0,1,0,0,0,175,0
411.03,35,0,1,0,0,0,175,0
410.54,35,0,1,0,0,0,175,0
410.57,35,0,1,0,0,0,175,0
411.17,35,0,1,0,0,0,175,0
410.67,35,0,1,0,0,0,175,0
410.38,35,0,1,0,0,0,175,0
411.31,30,0,1,0,0,0,-300,1
410.00,30,0,1,0,0,0,-300,1
410.16,30,0,1,0,0,0,-300,1
411.44,30,0,1,0,0,0,-300,1
412.05,30,0,1,0,0,0,-300,1
412.29,30,0,1,0,0,0,-300,1
409.88,6,0,1,0,0,0,250,0
411.03,6,0,1,0,0,0,250,0
410.54,6,0,1,0,0,0,250,0
410.57,6,0,1,0,0,0,250,0
411.17,6,0,1,0,0,0,250,0
410.67,6,0,1,0,0,0,250,0
410.38,6,0,1,0,0,0,250,0
410.36,6,0,1,0,0,0,250,0
409.80,15,0,1,0,0,0,650,0
410.21,15,0,1,0,0,0,650,0
409.18,15,0,1,0,0,0,650,0
408.76,15,0,1,0,0,0,650,0
414.66,3,0,1,0,0,0,492,0
414.90,3,1,1,0,0,0,492,0
412.20,15,0,1,0,0,0,650,0
412.61,15,0,1,0,0,0,650,0
411.58,15,0,1,0,0,0,650,0
411.16,15,0,1,0,0,0,650,0
414.27,30,0,1,0,0,0,400,1
413.98,30,0,1,0,0,0,400,1
413.96,30,0,1,0,0,0,400,1
413.38,30,0,1,0,0,0,400,1
412.40,30,0,1,0,0,0,-400,1
412.40,30,0,1,0,0,0,-400,1
416.11,30,0,1,0,0,0,-400,1
414.80,30,0,1,0,0,0,-400,1
414.96,30,0,1,0,0,0,-400,1
416.24,30,0,1,0,0,0,-400,1
414.05,28,0,1,0,0,0,267,0
414.18,28,0,1,0,0,0,267,0
414.29,28,0,1,0,0,0,267,0
413.75,28,0,1,0,0,0,267,0
415.80,15,0,1,0,0,0,650,0
416.21,15,0,1,0,0,0,650,0
415.17,15,0,1,0,0,0,650,0
414.75,15,0,1,0,0,0,650,0
418.10,30,0,1,0,0,0,113,1
415.66,30,0,1,0,0,0,113,1
417.65,30,0,1,0,0,0,113,1
417.00,15,0,1,0,0,0,650,0
417.41,15,0,1,0,0,0,650,0
416.37,15,0,1,0,0,0,650,0
415.95,15,0,1,0,0,0,650,0
416.00,30,1,1,0,0,0,-445,1
419.76,30,0,1,0,0,0,-293,1
421.03,30,1,1,0,0,0,-293,1
419.60,30,0,1,0,0,0,-400,1
423.31,30,0,1,0,0,0,-400,1
421.99,30,0,1,0,0,0,-400,1
422.16,30,0,1,0,0,0,-400,1
423.43,30,0,1,0,0,0,-400,1
421.80,15,0,1,0,0,0,650,0
422.20,15,0,1,0,0,0,650,0
421.17,15,0,1,0,0,0,650,0
420.75,15,0,1,0,0,0,650,0
421.80,15,0,1,0,0,0,650,0
422.20,15,0,1,0,0,0,650,0
421.17,15,0,1,0,0,0,650,0
420.75,15,0,1,0,0,0,650,0
421.78,25,0,1,0,0,0,650,0
422.06,25,0,1,0,0,0,650,0
421.80,25,0,1,0,0,0,650,0
422.20,25,0,1,0,0,0,650,0
421.17,25,0,1,0,0,0,650,0
420.75,25,0,1,0,0,0,650,0
420.75,25,0,1,0,0,0,650,0
419.60,25,0,1,0,0,0,650,0
424.10,30,1,1,0,0,0,-450,1
423.58,30,0,1,0,0,0,475,1
423.56,30,0,1,0,0,0,475,1
422.98,30,0,1,0,0,0,475,1
423.26,30,0,1,0,0,0,475,1
423.00,30,0,1,0,0,0,475,1
423.19,30,0,1,0,0,0,-325,1
423.36,30,1,1,0,0,0,-325,1
424.63,30,0,1,0,0,0,-325,1
424.20,15,0,1,0,0,0,650,0
424.60,15,0,1,0,0,0,650,0
423.57,15,0,1,0,0,0,650,0
423.15,15,0,1,0,0,0,650,0
424.20,15,0,1,0,0,0,650,0
424.60,15,0,1,0,0,0,650,0
423.57,15,0,1,0,0,0,650,0
423.15,15,0,1,0,0,0,650,0
425.48,30,0,1,0,0,0,200,1
426.62,30,0,1,0,0,0,200,1
426.14,30,0,1,0,0,0,200,1
426.17,30,0,1,0,0,0,200,1
426.77,30,0,1,0,0,0,200,1
423.19,30,0,1,0,0,0,-400,1
423.19,30,0,1,0,0,0,-400,1
426.91,30,0,1,0,0,0,-400,1
425.59,30,0,1,0,0,0,-400,1
425.76,30,0,1,0,0,0,-400,1
427.03,30,0,1,0,0,0,-400,1
428.10,30,0,1,0,0,0,-300,1
426.79,30,0,1,0,0,0,-300,1
426.96,30,0,1,0,0,0,-300,1
428.23,30,0,1,0,0,0,-300,1
428.84,30,0,1,0,0,0,-300,1
429.08,30,0,1,0,0,0,-300,1
427.80,15,0,1,0,0,0,650,0
428.20,15,0,1,0,0,0,650,0
427.17,15,0,1,0,0,0,650,0
426.75,15,0,1,0,0,0,650,0
427.78,25,0,1,0,0,0,650,0
428.06,25,0,1,0,0,0,650,0
427.80,25,0,1,0,0,0,650,0
428.20,25,0,1,0,0,0,650,0
427.17,25,0,1,0,0,0,650,0
426.75,25,0,1,0,0,0,650,0
426.75,25,0,1,0,0,0,650,0
425.59,25,0,1,0,0,0,650,0
424.24,30,0,1,0,0,0,-550,1
424.24,30,0,1,0,0,0,-550,1
424.24,30,0,1,0,0,0,-550,1
424.24,30,0,1,0,0,0,-550,1
424.24,30,0,1,0,0,0,-550,1
424.24,30,0,1,0,0,0,-550,1
424.24,30,0,1,0,0,0,-550,1
424.24,30,0,1,0,0,0,-550,1
424.24,30,0,1,0,0,0,-550,1
426.97,30,0,1,0,0,0,-550,1
426.27,30,0,1,0,0,0,-550,1
426.69,30,0,1,0,0,0,-550,1
427.33,30,0,1,0,0,0,-550,1
427.97,30,0,1,0,0,0,-550,1
428.41,30,0,1,0,0,0,-550,1
430.50,30,0,1,0,0,0,-300,1
429.19,30,0,1,0,0,0,-300,1
429.36,30,0,1,0,0,0,-300,1
430.63,30,0,1,0,0,0,-300,1
431.24,30,0,1,0,0,0,-300,1
431.48,30,0,1,0,0,0,-300,1
430.50,30,0,1,0,0,0,-300,1
429.19,30,0,1,0,0,0,-300,1
429.36,30,0,1,0,0,0,-300,1
430.63,30,0,1,0,0,0,-300,1
431.24,30,0,1,0,0,0,-300,1
431.48,30,0,1,0,0,0,-300,1
427.99,30,0,1,0,0,0,-400,1
427.99,30,0,1,0,0,0,-400,1
431.70,30,0,1,0,0,0,-400,1
430.39,30,0,1,0,0,0,-400,1
430.55,30,0,1,0,0,0,-400,1
431.83,30,0,1,0,0,0,-400,1
430.20,15,0,1,0,0,0,650,0
430.60,15,0,1,0,0,0,650,0
429.57,15,0,1,0,0,0,650,0
429.15,15,0,1,0,0,0,650,0
432.16,30,0,1,0,0,0,400,1
431.66,30,0,1,0,0,0,400,1
431.37,30,0,1,0,0,0,400,1
431.36,30,0,1,0,0,0,400,1
430.78,30,0,1,0,0,0,400,1
431.06,30,0,1,0,0,0,400,1
429.19,30,0,1,0,0,0,-250,1
432.90,30,0,1,0,0,0,-250,1
431.59,30,0,1,0,0,0,-250,1
431.75,30,0,1,0,0,0,-250,1
433.03,30,0,1,0,0,0,-250,1
433.64,30,0,1,0,0,0,-250,1
433.88,30,0,1,0,0,0,-250,1
432.24,30,0,1,0,0,0,-250,1
431.57,30,0,1,0,0,0,-250,1
431.40,30,0,1,0,0,0,638,1
431.80,30,0,1,0,0,0,638,1
430.77,30,0,1,0,0,0,638,1
430.35,30,0,1,0,0,0,638,1
431.40,30,0,1,0,0,0,700,1
431.80,30,0,1,0,0,0,700,1
430.77,30,0,1,0,0,0,700,1
430.35,30,0,1,0,0,0,700,1
430.35,30,0,1,0,0,0,700,1
429.19,30,0,1,0,0,0,700,1
437.40,30,1,1,0,0,0,-340,1
436.50,30,0,1,0,0,0,-300,1
435.19,30,0,1,0,0,0,-300,1
435.35,30,0,1,0,0,0,-300,1
436.63,30,0,1,0,0,0,-300,1
437.24,30,0,1,0,0,0,-300,1
437.48,30,0,1,0,0,0,-300,1
436.50,30,0,1,0,0,0,-300,1
435.19,30,0,1,0,0,0,-300,1
435.35,30,0,1,0,0,0,-300,1
436.63,30,0,1,0,0,0,-300,1
437.24,30,0,1,0,0,0,-300,1
437.48,30,0,1,0,0,0,-300,1
436.39,30,1,1,0,0,0,-380,1
436.55,30,0,1,0,0,0,-380,1
437.70,30,0,1,0,0,0,-300,1
436.39,30,0,1,0,0,0,-300,1
436.55,30,0,1,0,0,0,-300,1
437.83,30,0,1,0,0,0,-300,1
438.44,30,0,1,0,0,0,-300,1
438.68,30,0,1,0,0,0,-300,1
437.39,30,0,1,0,0,0,638,1
437.80,30,0,1,0,0,0,638,1
436.77,30,0,1,0,0,0,638,1
436.35,30,0,1,0,0,0,638,1
437.97,3,1,1,0,0,0,484,0
438.26,3,0,1,0,0,0,484,0
436.35,30,0,1,0,0,0,250,1
435.71,30,0,1,0,0,0,250,1
435.84,30,0,1,0,0,0,250,1
435.95,30,0,1,0,0,0,250,1
435.41,30,0,1,0,0,0,250,1
434.97,30,0,1,0,0,0,250,1
434.95,30,0,1,0,0,0,250,1
441.30,30,0,1,0,0,0,-300,1
439.99,30,0,1,0,0,0,-300,1
440.15,30,0,1,0,0,0,-300,1
441.43,30,0,1,0,0,0,-300,1
442.04,30,0,1,0,0,0,-300,1
442.28,30,0,1,0,0,0,-300,1
439.79,15,0,1,0,0,0,650,0
440.20,15,0,1,0,0,0,650,0
439.17,15,0,1,0,0,0,650,0
438.75,15,0,1,0,0,0,650,0
442.50,30,0,1,0,0,0,-300,1
441.19,30,0,1,0,0,0,-300,1
441.35,30,0,1,0,0,0,-300,1
442.63,30,0,1,0,0,0,-300,1
443.24,30,0,1,0,0,0,-300,1
443.47,30,0,1,0,0,0,-300,1
440.99,15,0,1,0,0,0,650,0
441.40,15,0,1,0,0,0,650,0
440.37,15,0,1,0,0,0,650,0
439.95,15,0,1,0,0,0,650,0
446.10,30,0,1,0,0,0,-300,1
444.79,30,0,1,0,0,0,-300,1
444.95,30,0,1,0,0,0,-300,1
446.22,30,0,1,0,0,0,-300,1
446.84,30,0,1,0,0,0,-300,1
447.07,30,0,1,0,0,0,-300,1
449.70,30,0,1,0,0,0,-300,1
448.38,30,0,1,0,0,0,-300,1
448.55,30,0,1,0,0,0,-300,1
449.82,30,0,1,0,0,0,-300,1
450.43,30,0,1,0,0,0,-300,1
450.67,30,0,1,0,0,0,-300,1
449.56,30,0,1,0,0,0,350,1
449.05,30,0,1,0,0,0,350,1
448.77,30,0,1,0,0,0,350,1
448.75,30,0,1,0,0,0,350,1
453.18,30,0,1,0,0,0,-300,1
453.18,30,0,1,0,0,0,-300,1
456.89,30,0,1,0,0,0,-300,1
455.58,30,0,1,0,0,0,-300,1
455.74,30,0,1,0,0,0,-300,1
457.02,30,0,1,0,0,0,-300,1
457.63,30,0,1,0,0,0,-300,1
457.87,30,0,1,0,0,0,-300,1
456.23,30,0,1,0,0,0,-300,1
455.56,30,0,1,0,0,0,-300,1
459.29,30,0,1,0,0,0,-300,1
457.98,30,0,1,0,0,0,-300,1
458.14,30,0,1,0,0,0,-300,1
459.42,30,0,1,0,0,0,-300,1
460.03,30,0,1,0,0,0,-300,1
460.27,30,0,1,0,0,0,-300,1
364.22,6,0,1,0,0,0,600,0
363.88,6,0,1,0,0,0,600,0
365.51,6,0,1,0,0,0,600,0
365.98,6,0,1,0,0,0,600,0
365.55,6,0,1,0,0,0,600,0
365.66,6,0,1,0,0,0,600,0
395.89,30,0,1,0,0,0,400,1
395.38,30,0,1,0,0,0,400,1
395.21,30,0,1,0,0,0,400,1
393.83,30,0,1,0,0,0,400,1
396.95,30,0,1,0,0,0,400,1
396.43,30,0,1,0,0,0,400,1
396.27,30,0,1,0,0,0,400,1
394.88,30,0,1,0,0,0,400,1
391.79,30,0,1,0,0,0,-300,1
395.33,30,0,1,0,0,0,-300,1
394.52,30,0,1,0,0,0,-300,1
392.01,30,0,1,0,0,0,-300,1
392.28,30,0,1,0,0,0,-300,1
391.13,30,0,1,0,0,0,-300,1
398.00,30,0,1,0,0,0,400,1
397.49,30,0,1,0,0,0,400,1
397.32,30,0,1,0,0,0,400,1
395.94,30,0,1,0,0,0,400,1
401.46,30,0,1,0,0,0,625,1
401.93,30,1,1,0,0,0,625,1
401.50,30,0,1,0,0,0,625,1
402.70,6,0,1,0,0,0,700,0
403.16,6,0,1,0,0,0,700,0
402.73,6,0,1,0,0,0,700,0
402.84,6,0,1,0,0,0,700,0
402.97,6,0,1,0,0,0,700,0
402.03,6,0,1,0,0,0,700,0
410.16,30,0,1,0,0,0,450,1
409.99,30,0,1,0,0,0,450,1
408.43,30,0,1,0,0,0,450,1
408.26,30,0,1,0,0,0,450,1
407.65,30,0,1,0,0,0,-300,1
411.19,30,0,1,0,0,0,-300,1
410.38,30,0,1,0,0,0,-300,1
407.87,30,0,1,0,0,0,-300,1
408.14,30,0,1,0,0,0,-300,1
406.99,30,0,1,0,0,0,-300,1
413.09,15,0,1,0,0,0,650,0
413.56,15,0,1,0,0,0,650,0
413.13,15,0,1,0,0,0,650,0
413.23,15,0,1,0,0,0,650,0
413.09,15,0,1,0,0,0,650,0
413.56,15,0,1,0,0,0,650,0
413.13,15,0,1,0,0,0,650,0
413.23,15,0,1,0,0,0,650,0
415.98,30,0,1,0,0,0,400,1
415.47,30,0,1,0,0,0,400,1
415.30,30,0,1,0,0,0,400,1
413.92,30,0,1,0,0,0,400,1
411.35,30,0,1,0,0,0,-300,1
414.89,30,0,1,0,0,0,-300,1
414.08,30,0,1,0,0,0,-300,1
411.57,30,0,1,0,0,0,-300,1
411.84,30,0,1,0,0,0,-300,1
410.69,30,0,1,0,0,0,-300,1
419.82,30,0,1,0,0,0,-500,1
419.82,30,0,1,0,0,0,-500,1
419.82,30,0,1,0,0,0,-500,1
419.82,30,0,1,0,0,0,-500,1
415.06,30,0,1,0,0,0,-500,1
418.59,30,0,1,0,0,0,-500,1
427.27,6,0,1,0,0,0,250,0
427.30,6,0,1,0,0,0,250,0
430.83,6,0,1,0,0,0,250,0
431.27,6,0,1,0,0,0,250,0
430.52,6,0,1,0,0,0,250,0
429.72,6,0,1,0,0,0,250,0
429.21,6,0,1,0,0,0,250,0
429.04,6,0,1,0,0,0,250,0
452.03,6,0,1,0,0,0,700,0
452.50,6,0,1,0,0,0,700,0
452.07,6,0,1,0,0,0,700,0
452.17,6,0,1,0,0,0,700,0
452.30,6,0,1,0,0,0,700,0
451.36,6,0,1,0,0,0,700,0
378.88,29,0,1,0,0,0,500,0
380.64,29,0,1,0,0,0,500,0
381.62,29,0,1,0,0,0,500,0
380.93,29,0,1,0,0,0,500,0
379.20,29,0,1,0,0,0,500,0
379.07,29,0,1,0,0,0,500,0
376.06,29,0,1,0,0,0,500,0
375.57,29,0,1,0,0,0,500,0
375.34,29,0,1,0,0,0,500,0
375.50,29,0,1,0,0,0,500,0
374.86,29,0,1,0,0,0,500,0
374.78,29,0,1,0,0,0,500,0
374.56,29,0,1,0,0,0,500,0
373.13,29,0,1,0,0,0,500,0
374.75,3,0,1,0,0,0,-200,0
373.62,3,0,1,0,0,0,-200,0
374.48,3,0,1,0,0,0,-200,0
375.44,3,0,1,0,0,0,-200,0
372.63,3,0,1,0,0,0,-200,0
373.85,3,0,1,0,0,0,-200,0
379.54,30,0,1,0,0,0,600,1
379.31,30,0,1,0,0,0,600,1
379.46,30,0,1,0,0,0,600,1
378.82,30,0,1,0,0,0,600,1
385.88,30,0,1,0,0,0,400,1
384.15,30,0,1,0,0,0,400,1
384.02,30,0,1,0,0,0,400,1
381.02,30,0,1,0,0,0,400,1
389.82,3,0,1,0,0,0,450,0
387.48,3,1,1,0,0,0,450,0
388.85,30,0,1,0,0,0,400,1
387.13,30,0,1,0,0,0,400,1
387.00,30,0,1,0,0,0,400,1
383.99,30,0,1,0,0,0,400,1
387.99,30,0,1,0,0,0,-400,1
387.99,30,0,1,0,0,0,-400,1
386.80,30,0,1,0,0,0,-400,1
386.54,30,0,1,0,0,0,-400,1
386.64,30,0,1,0,0,0,-400,1
385.52,30,0,1,0,0,0,-400,1
397.77,30,0,1,0,0,0,400,1
396.04,30,0,1,0,0,0,400,1
395.92,30,0,1,0,0,0,400,1
392.91,30,0,1,0,0,0,400,1
392.42,3,1,1,0,0,0,517,0
392.19,3,0,1,0,0,0,517,0
392.91,3,0,1,0,0,0,484,0
392.42,3,1,1,0,0,0,484,0
385.94,30,0,1,0,0,0,-250,1
385.14,30,0,1,0,0,0,-250,1
385.45,30,0,1,0,0,0,-250,1
385.39,30,0,1,0,0,0,-250,1
386.07,30,0,1,0,0,0,-250,1
386.77,30,0,1,0,0,0,-250,1
385.01,30,0,1,0,0,0,-250,1
385.55,30,0,1,0,0,0,-250,1
392.63,30,0,1,0,0,0,200,1
392.69,30,0,1,0,0,0,200,1
396.78,30,0,1,0,0,0,200,1
398.54,30,0,1,0,0,0,200,1
399.52,30,0,1,0,0,0,200,1
398.82,30,0,1,0,0,0,200,1
391.82,30,0,1,0,0,0,-300,1
391.56,30,0,1,0,0,0,-300,1
391.66,30,0,1,0,0,0,-300,1
390.54,30,0,1,0,0,0,-300,1
391.39,30,0,1,0,0,0,-300,1
392.35,30,0,1,0,0,0,-300,1
393.94,30,0,1,0,0,0,-550,1
393.94,30,0,1,0,0,0,-550,1
393.94,30,0,1,0,0,0,-550,1
393.94,30,0,1,0,0,0,-550,1
393.94,30,0,1,0,0,0,-550,1
393.94,30,0,1,0,0,0,-550,1
393.94,30,0,1,0,0,0,-550,1
393.94,30,0,1,0,0,0,-550,1
392.75,30,0,1,0,0,0,-550,1
392.49,30,0,1,0,0,0,-550,1
392.59,30,0,1,0,0,0,-550,1
391.46,30,0,1,0,0,0,-550,1
399.67,28,0,1,0,0,0,375,0
399.54,28,1,1,0,0,0,375,0
395.80,30,0,1,0,0,0,-300,1
395.54,30,0,1,0,0,0,-300,1
395.64,30,0,1,0,0,0,-300,1
394.51,30,0,1,0,0,0,-300,1
395.37,30,0,1,0,0,0,-300,1
396.33,30,0,1,0,0,0,-300,1
397.79,30,0,1,0,0,0,-300,1
397.53,30,0,1,0,0,0,-300,1
397.63,30,0,1,0,0,0,-300,1
396.50,30,0,1,0,0,0,-300,1
397.36,30,0,1,0,0,0,-300,1
398.31,30,0,1,0,0,0,-300,1
400.97,30,0,1,0,0,0,200,1
403.20,30,0,1,0,0,0,200,1
404.27,30,0,1,0,0,0,200,1
405.39,30,0,1,0,0,0,200,1
404.90,30,0,1,0,0,0,200,1
398.78,30,0,1,0,0,0,-300,1
398.52,30,0,1,0,0,0,-300,1
398.62,30,0,1,0,0,0,-300,1
397.50,30,0,1,0,0,0,-300,1
398.35,30,0,1,0,0,0,-300,1
399.31,30,0,1,0,0,0,-300,1
396.26,30,1,1,0,0,0,-424,1
395.46,30,0,1,0,0,0,-424,1
403.09,30,0,1,0,0,0,671,1
403.25,30,0,1,0,0,0,671,1
402.60,30,0,1,0,0,0,671,1
402.53,30,0,1,0,0,0,671,1
402.31,30,0,1,0,0,0,671,1
400.87,30,0,1,0,0,0,671,1
401.51,3,0,1,0,0,0,-200,0
400.38,3,0,1,0,0,0,-200,0
401.24,3,0,1,0,0,0,-200,0
402.20,3,0,1,0,0,0,-200,0
399.39,3,0,1,0,0,0,-200,0
400.60,3,0,1,0,0,0,-200,0
402.50,3,0,1,0,0,0,-200,0
401.37,3,0,1,0,0,0,-200,0
402.23,3,0,1,0,0,0,-200,0
403.19,3,0,1,0,0,0,-200,0
400.38,3,0,1,0,0,0,-200,0
401.59,3,0,1,0,0,0,-200,0
405.52,30,0,1,0,0,0,250,1
409.60,30,0,1,0,0,0,250,1
411.36,30,0,1,0,0,0,250,1
412.34,30,0,1,0,0,0,250,1
411.65,30,0,1,0,0,0,250,1
409.92,30,0,1,0,0,0,250,1
409.79,30,0,1,0,0,0,250,1
403.39,30,0,1,0,0,0,-250,1
403.49,30,0,1,0,0,0,-250,1
402.36,30,0,1,0,0,0,-250,1
403.22,30,0,1,0,0,0,-250,1
404.18,30,0,1,0,0,0,-250,1
401.37,30,0,1,0,0,0,-250,1
402.59,30,0,1,0,0,0,-250,1
415.12,30,0,1,0,0,0,400,1
413.39,30,0,1,0,0,0,400,1
413.26,30,0,1,0,0,0,400,1
410.25,30,0,1,0,0,0,400,1
407.73,30,0,1,0,0,0,-300,1
407.47,30,0,1,0,0,0,-300,1
407.57,30,0,1,0,0,0,-300,1
406.44,30,0,1,0,0,0,-300,1
407.30,30,0,1,0,0,0,-300,1
408.26,30,0,1,0,0,0,-300,1
412.73,30,0,1,0,0,0,650,1
412.24,30,0,1,0,0,0,650,1
412.01,30,0,1,0,0,0,650,1
412.17,30,0,1,0,0,0,650,1
411.52,30,0,1,0,0,0,650,1
411.45,30,0,1,0,0,0,650,1
411.22,30,0,1,0,0,0,650,1
409.79,30,0,1,0,0,0,650,1
412.84,30,0,1,0,0,0,200,1
415.07,30,0,1,0,0,0,200,1
416.14,30,0,1,0,0,0,200,1
417.26,30,0,1,0,0,0,200,1
416.77,30,0,1,0,0,0,200,1
420.08,29,0,1,0,0,0,350,0
419.36,29,0,1,0,0,0,350,0
418.18,29,0,1,0,0,0,350,0
418.01,29,0,1,0,0,0,350,0
410.28,30,0,1,0,0,0,625,1
410.03,30,0,1,0,0,0,625,1
409.63,30,0,1,0,0,0,625,1
409.84,30,0,1,0,0,0,625,1
409.09,30,0,1,0,0,0,625,1
408.87,30,0,1,0,0,0,625,1
408.73,30,0,1,0,0,0,625,1
407.30,30,0,1,0,0,0,625,1
413.12,15,0,1,0,0,0,650,0
413.28,15,0,1,0,0,0,650,0
412.64,15,0,1,0,0,0,650,0
412.56,15,0,1,0,0,0,650,0
415.38,30,0,1,0,0,0,-500,1
415.38,30,0,1,0,0,0,-500,1
414.30,30,0,1,0,0,0,-500,1
415.11,15,0,1,0,0,0,650,0
415.27,15,0,1,0,0,0,650,0
414.62,15,0,1,0,0,0,650,0
414.55,15,0,1,0,0,0,650,0
415.11,15,0,1,0,0,0,650,0
415.27,15,0,1,0,0,0,650,0
414.62,15,0,1,0,0,0,650,0
414.55,15,0,1,0,0,0,650,0
416.70,30,0,1,0,0,0,600,1
416.21,30,0,1,0,0,0,600,1
415.98,30,0,1,0,0,0,600,1
416.13,30,0,1,0,0,0,600,1
415.49,30,0,1,0,0,0,600,1
415.41,30,0,1,0,0,0,600,1
416.11,15,0,1,0,0,0,650,0
416.26,15,0,1,0,0,0,650,0
415.62,15,0,1,0,0,0,650,0
415.55,15,0,1,0,0,0,650,0
417.20,30,0,1,0,0,0,600,1
416.97,30,0,1,0,0,0,600,1
417.12,30,0,1,0,0,0,600,1
416.48,30,0,1,0,0,0,600,1
413.69,30,0,1,0,0,0,-300,1
413.43,30,0,1,0,0,0,-300,1
413.54,30,0,1,0,0,0,-300,1
412.41,30,0,1,0,0,0,-300,1
413.26,30,0,1,0,0,0,-300,1
414.22,30,0,1,0,0,0,-300,1
416.32,30,0,1,0,0,0,-250,1
416.63,30,0,1,0,0,0,-250,1
416.57,30,0,1,0,0,0,-250,1
417.25,30,0,1,0,0,0,-250,1
417.95,30,0,1,0,0,0,-250,1
416.19,30,0,1,0,0,0,-250,1
416.73,30,0,1,0,0,0,-250,1
422.31,30,0,1,0,0,0,475,1
422.18,30,0,1,0,0,0,475,1
419.17,30,0,1,0,0,0,475,1
418.68,30,0,1,0,0,0,475,1
418.45,30,0,1,0,0,0,475,1
415.85,30,0,1,0,0,0,200,1
416.28,30,0,1,0,0,0,200,1
418.63,30,0,1,0,0,0,200,1
419.69,30,0,1,0,0,0,200,1
420.84,30,0,1,0,0,0,200,1
415.68,30,0,1,0,0,0,-300,1
415.42,30,0,1,0,0,0,-300,1
415.52,30,0,1,0,0,0,-300,1
414.40,30,0,1,0,0,0,-300,1
415.25,30,0,1,0,0,0,-300,1
416.21,30,0,1,0,0,0,-300,1
415.68,30,0,1,0,0,0,-300,1
415.42,30,0,1,0,0,0,-300,1
415.52,30,0,1,0,0,0,-300,1
414.40,30,0,1,0,0,0,-300,1
415.25,30,0,1,0,0,0,-300,1
416.21,30,0,1,0,0,0,-300,1
417.72,30,0,1,0,0,0,-400,1
417.72,30,0,1,0,0,0,-400,1
416.53,30,0,1,0,0,0,-400,1
416.27,30,0,1,0,0,0,-400,1
416.37,30,0,1,0,0,0,-400,1
415.25,30,0,1,0,0,0,-400,1
420.08,15,0,1,0,0,0,650,0
420.24,15,0,1,0,0,0,650,0
419.60,15,0,1,0,0,0,650,0
419.52,15,0,1,0,0,0,650,0
418.17,30,0,1,0,0,0,-300,1
417.91,30,0,1,0,0,0,-300,1
418.01,30,0,1,0,0,0,-300,1
416.88,30,0,1,0,0,0,-300,1
417.74,30,0,1,0,0,0,-300,1
418.70,30,0,1,0,0,0,-300,1
428.20,29,0,1,0,0,0,350,0
427.50,29,0,1,0,0,0,350,0
425.78,29,0,1,0,0,0,350,0
425.65,29,0,1,0,0,0,350,0
422.79,25,0,1,0,0,0,650,0
422.30,25,0,1,0,0,0,650,0
422.07,25,0,1,0,0,0,650,0
422.23,25,0,1,0,0,0,650,0
421.58,25,0,1,0,0,0,650,0
421.51,25,0,1,0,0,0,650,0
421.29,25,0,1,0,0,0,650,0
419.85,25,0,1,0,0,0,650,0
417.90,30,1,1,0,0,0,-483,1
419.66,30,0,1,0,0,0,-300,1
419.40,30,0,1,0,0,0,-300,1
419.50,30,0,1,0,0,0,-300,1
418.37,30,0,1,0,0,0,-300,1
419.23,30,0,1,0,0,0,-300,1
420.19,30,0,1,0,0,0,-300,1
419.66,30,0,1,0,0,0,-300,1
419.40,30,0,1,0,0,0,-300,1
419.50,30,0,1,0,0,0,-300,1
418.37,30,0,1,0,0,0,-300,1
419.23,30,0,1,0,0,0,-300,1
420.19,30,0,1,0,0,0,-300,1
424.06,15,0,1,0,0,0,650,0
424.22,15,0,1,0,0,0,650,0
423.57,15,0,1,0,0,0,650,0
423.50,15,0,1,0,0,0,650,0
431.17,30,0,1,0,0,0,400,1
430.48,30,0,1,0,0,0,400,1
428.75,30,0,1,0,0,0,400,1
428.62,30,0,1,0,0,0,400,1
425.61,30,0,1,0,0,0,400,1
425.13,30,0,1,0,0,0,400,1
416.45,30,0,1,0,0,0,-250,1
415.62,30,0,1,0,0,0,-250,1
415.92,30,0,1,0,0,0,-250,1
415.88,30,0,1,0,0,0,-250,1
416.56,30,0,1,0,0,0,-250,1
417.25,30,0,1,0,0,0,-250,1
415.47,30,0,1,0,0,0,-250,1
416.04,30,0,1,0,0,0,-250,1
422.84,30,0,1,0,0,0,-350,1
422.84,30,0,1,0,0,0,-350,1
421.65,30,0,1,0,0,0,-350,1
421.39,30,0,1,0,0,0,-350,1
421.49,30,0,1,0,0,0,-350,1
420.36,30,0,1,0,0,0,-350,1
421.22,30,0,1,0,0,0,-350,1
422.18,30,0,1,0,0,0,-350,1
423.38,30,1,1,0,0,0,-375,1
423.48,30,0,1,0,0,0,-375,1
427.26,30,0,1,0,0,0,200,1
427.32,30,0,1,0,0,0,200,1
431.41,30,0,1,0,0,0,200,1
433.17,30,0,1,0,0,0,200,1
434.15,30,0,1,0,0,0,200,1
423.21,30,0,1,0,0,0,-250,1
423.50,30,0,1,0,0,0,-250,1
423.46,30,0,1,0,0,0,-250,1
424.15,30,0,1,0,0,0,-250,1
424.84,30,0,1,0,0,0,-250,1
423.06,30,0,1,0,0,0,-250,1
423.62,30,0,1,0,0,0,-250,1
437.41,29,0,1,0,0,0,450,0
435.69,29,0,1,0,0,0,450,0
435.56,29,0,1,0,0,0,450,0
432.55,29,0,1,0,0,0,450,0
432.06,29,0,1,0,0,0,450,0
431.83,29,0,1,0,0,0,450,0
431.99,29,0,1,0,0,0,450,0
429.60,30,0,1,0,0,0,-300,1
429.34,30,0,1,0,0,0,-300,1
429.44,30,0,1,0,0,0,-300,1
428.32,30,0,1,0,0,0,-300,1
429.17,30,0,1,0,0,0,-300,1
430.13,30,0,1,0,0,0,-300,1
429.60,30,0,1,0,0,0,-300,1
429.34,30,0,1,0,0,0,-300,1
429.44,30,0,1,0,0,0,-300,1
428.32,30,0,1,0,0,0,-300,1
429.17,30,0,1,0,0,0,-300,1
430.13,30,0,1,0,0,0,-300,1
440.09,29,0,1,0,0,0,350,0
439.40,29,0,1,0,0,0,350,0
437.67,29,0,1,0,0,0,350,0
437.54,29,0,1,0,0,0,350,0
434.00,15,0,1,0,0,0,650,0
434.16,15,0,1,0,0,0,650,0
433.51,15,0,1,0,0,0,650,0
433.44,15,0,1,0,0,0,650,0
431.59,30,0,1,0,0,0,-300,1
431.33,30,0,1,0,0,0,-300,1
431.43,30,0,1,0,0,0,-300,1
430.31,30,0,1,0,0,0,-300,1
431.16,30,0,1,0,0,0,-300,1
432.12,30,0,1,0,0,0,-300,1
433.58,30,0,1,0,0,0,-300,1
433.32,30,0,1,0,0,0,-300,1
433.42,30,0,1,0,0,0,-300,1
432.29,30,0,1,0,0,0,-300,1
433.15,30,0,1,0,0,0,-300,1
434.11,30,0,1,0,0,0,-300,1
435.57,30,0,1,0,0,0,-300,1
435.31,30,0,1,0,0,0,-300,1
435.41,30,0,1,0,0,0,-300,1
434.28,30,0,1,0,0,0,-300,1
435.14,30,0,1,0,0,0,-300,1
436.10,30,0,1,0,0,0,-300,1
435.57,30,0,1,0,0,0,-300,1
435.31,30,0,1,0,0,0,-300,1
435.41,30,0,1,0,0,0,-300,1
434.28,30,0,1,0,0,0,-300,1
435.14,30,0,1,0,0,0,-300,1
436.10,30,0,1,0,0,0,-300,1
435.57,30,0,1,0,0,0,-300,1
435.31,30,0,1,0,0,0,-300,1
435.41,30,0,1,0,0,0,-300,1
434.28,30,0,1,0,0,0,-300,1
435.14,30,0,1,0,0,0,-300,1
436.10,30,0,1,0,0,0,-300,1
438.53,30,0,1,0,0,0,-350,1
438.53,30,0,1,0,0,0,-350,1
437.34,30,0,1,0,0,0,-350,1
437.08,30,0,1,0,0,0,-350,1
437.18,30,0,1,0,0,0,-350,1
436.06,30,0,1,0,0,0,-350,1
436.91,30,0,1,0,0,0,-350,1
437.87,30,0,1,0,0,0,-350,1
446.19,3,1,1,0,0,0,450,0
445.66,25,0,1,0,0,0,650,0
445.17,25,0,1,0,0,0,650,0
444.94,25,0,1,0,0,0,650,0
445.09,25,0,1,0,0,0,650,0
444.45,25,0,1,0,0,0,650,0
444.38,25,0,1,0,0,0,650,0
444.15,25,0,1,0,0,0,650,0
442.72,25,0,1,0,0,0,650,0
447.65,25,0,1,0,0,0,650,0
447.16,25,0,1,0,0,0,650,0
446.93,25,0,1,0,0,0,650,0
447.08,25,0,1,0,0,0,650,0
446.44,25,0,1,0,0,0,650,0
446.37,25,0,1,0,0,0,650,0
446.14,25,0,1,0,0,0,650,0
444.71,25,0,1,0,0,0,650,0
445.51,30,0,1,0,0,0,-300,1
445.25,30,0,1,0,0,0,-300,1
445.35,30,0,1,0,0,0,-300,1
444.22,30,0,1,0,0,0,-300,1
445.08,30,0,1,0,0,0,-300,1
446.04,30,0,1,0,0,0,-300,1
448.92,15,0,1,0,0,0,650,0
449.07,15,0,1,0,0,0,650,0
448.43,15,0,1,0,0,0,650,0
448.36,15,0,1,0,0,0,650,0
450.63,25,0,1,0,0,0,650,0
450.14,25,0,1,0,0,0,650,0
449.91,25,0,1,0,0,0,650,0
450.06,25,0,1,0,0,0,650,0
449.42,25,0,1,0,0,0,650,0
449.35,25,0,1,0,0,0,650,0
449.12,25,0,1,0,0,0,650,0
447.69,25,0,1,0,0,0,650,0
452.89,15,0,1,0,0,0,650,0
453.05,15,0,1,0,0,0,650,0
452.41,15,0,1,0,0,0,650,0
452.33,15,0,1,0,0,0,650,0
465.39,30,0,1,0,0,0,-300,1
465.13,30,0,1,0,0,0,-300,1
465.23,30,0,1,0,0,0,-300,1
464.11,30,0,1,0,0,0,-300,1
464.96,30,0,1,0,0,0,-300,1
465.92,30,0,1,0,0,0,-300,1
472.39,30,0,1,0,0,0,-250,1
472.76,30,0,1,0,0,0,-250,1
471.48,30,0,1,0,0,0,-250,1
472.31,30,0,1,0,0,0,-250,1
473.33,30,0,1,0,0,0,-250,1
471.18,30,0,1,0,0,0,-250,1
471.89,30,0,1,0,0,0,-250,1
343.00,30,0,1,0,0,0,113,1
343.00,30,0,1,0,0,0,113,1
343.00,30,0,1,0,0,0,113,1
343.00,30,0,1,0,0,0,113,1
349.00,30,0,1,0,0,0,113,1
349.00,30,0,1,0,0,0,113,1
349.00,30,0,1,0,0,0,113,1
355.00,15,0,1,0,0,0,-100,0
355.00,15,0,1,0,0,0,-100,0
355.00,15,0,1,0,0,0,-100,0
355.00,15,0,1,0,0,0,-100,0
355.00,15,0,1,0,0,0,-100,0
355.00,15,0,1,0,0,0,-100,0
372.00,30,0,1,0,0,0,-300,1
372.00,30,0,1,0,0,0,-300,1
372.00,30,0,1,0,0,0,-300,1
372.00,30,0,1,0,0,0,-300,1
372.00,30,0,1,0,0,0,-300,1
374.50,30,1,1,0,0,0,79,1
375.00,30,0,1,0,0,0,-400,1
375.00,30,0,1,0,0,0,-400,1
375.00,30,0,1,0,0,0,-400,1
375.00,30,0,1,0,0,0,-400,1
375.00,30,0,1,0,0,0,-400,1
376.00,30,1,1,0,0,0,-380,1
376.00,30,0,1,0,0,0,-380,1
376.50,30,0,1,0,0,0,671,1
376.50,30,0,1,0,0,0,671,1
376.50,30,0,1,0,0,0,671,1
376.50,30,0,1,0,0,0,671,1
376.50,30,0,1,0,0,0,671,1
376.50,30,0,1,0,0,0,671,1
378.55,30,0,1,0,0,0,-400,1
378.55,30,0,1,0,0,0,-400,1
378.55,30,0,1,0,0,0,-400,1
378.55,30,0,1,0,0,0,-400,1
378.55,30,0,1,0,0,0,-400,1
378.55,30,0,1,0,0,0,-400,1
380.00,30,1,1,0,0,0,-450,1
381.00,30,0,1,0,0,0,-300,1
381.00,30,0,1,0,0,0,-300,1
381.00,30,0,1,0,0,0,-300,1
381.59,30,0,1,0,0,0,692,1
381.59,30,0,1,0,0,0,692,1
381.59,30,0,1,0,0,0,692,1
381.59,30,0,1,0,0,0,692,1
381.59,30,0,1,0,0,0,692,1
381.59,30,0,1,0,0,0,692,1
381.59,30,0,1,0,0,0,692,1
381.59,30,0,1,0,0,0,692,1
381.59,30,0,1,0,0,0,692,1
381.59,30,0,1,0,0,0,692,1
381.59,30,0,1,0,0,0,692,1
381.59,30,0,1,0,0,0,692,1
381.59,30,0,1,0,0,0,692,1
381.59,30,0,1,0,0,0,692,1
381.59,30,0,1,0,0,0,692,1
381.59,30,0,1,0,0,0,692,1
381.59,30,0,1,0,0,0,692,1
381.59,30,0,1,0,0,0,692,1
382.50,30,1,1,0,0,0,-450,1
382.50,30,0,1,0,0,0,-450,1
382.50,30,1,1,0,0,0,-140,1
382.50,30,0,1,0,0,0,565,1
382.50,30,0,1,0,0,0,565,1
382.50,30,0,1,0,0,0,565,1
384.12,35,0,1,0,0,0,175,0
384.12,35,0,1,0,0,0,175,0
384.12,35,0,1,0,0,0,175,0
384.12,35,0,1,0,0,0,175,0
384.12,35,0,1,0,0,0,175,0
384.12,35,0,1,0,0,0,175,0
384.12,35,0,1,0,0,0,175,0
384.12,35,0,1,0,0,0,175,0
384.12,35,0,1,0,0,0,175,0
385.00,30,1,1,0,0,0,-440,1
385.00,30,0,1,0,0,0,-440,1
385.00,29,0,1,0,0,0,642,0
385.00,29,0,1,0,0,0,642,0
385.00,29,0,1,0,0,0,642,0
385.00,29,0,1,0,0,0,642,0
385.00,29,0,1,0,0,0,642,0
385.00,29,0,1,0,0,0,642,0
385.00,29,0,1,0,0,0,642,0
385.00,29,0,1,0,0,0,642,0
385.00,29,0,1,0,0,0,642,0
385.00,29,0,1,0,0,0,642,0
385.00,29,0,1,0,0,0,642,0
385.00,29,0,1,0,0,0,642,0
385.00,29,0,1,0,0,0,642,0
385.00,29,0,1,0,0,0,642,0
385.00,29,0,1,0,0,0,642,0
385.00,29,0,1,0,0,0,642,0
387.00,3,0,1,0,0,0,-200,0
387.00,3,0,1,0,0,0,-200,0
387.00,3,0,1,0,0,0,-200,0
387.00,3,0,1,0,0,0,-200,0
387.00,3,0,1,0,0,0,-200,0
387.00,3,0,1,0,0,0,-200,0
387.00,3,0,1,0,0,0,400,0
387.00,3,1,1,0,0,0,400,0
387.00,3,0,1,0,0,0,400,0
388.00,30,0,1,0,0,0,450,1
388.00,30,0,1,0,0,0,450,1
388.00,30,0,1,0,0,0,450,1
388.68,29,0,1,0,0,0,500,0
388.68,29,0,1,0,0,0,500,0
388.68,29,0,1,0,0,0,500,0
388.68,29,0,1,0,0,0,500,0
388.68,29,0,1,0,0,0,500,0
388.68,29,0,1,0,0,0,500,0
388.68,29,0,1,0,0,0,500,0
388.68,29,0,1,0,0,0,500,0
388.68,29,0,1,0,0,0,500,0
388.68,29,0,1,0,0,0,500,0
388.68,29,0,1,0,0,0,500,0
388.68,29,0,1,0,0,0,500,0
388.68,29,0,1,0,0,0,500,0
388.68,29,0,1,0,0,0,500,0
389.00,30,1,1,0,0,0,-305,1
389.00,30,0,1,0,0,0,-305,1
389.00,30,0,1,0,0,0,550,1
389.00,30,0,1,0,0,0,550,1
389.00,30,0,1,0,0,0,550,1
389.00,30,0,1,0,0,0,113,1
389.00,30,0,1,0,0,0,113,1
389.00,30,0,1,0,0,0,113,1
390.71,30,0,1,0,0,0,-300,1
390.71,30,0,1,0,0,0,-300,1
390.71,30,0,1,0,0,0,-300,1
390.71,30,0,1,0,0,0,-300,1
390.71,30,0,1,0,0,0,-300,1
390.71,30,0,1,0,0,0,-300,1
390.71,30,0,1,0,0,0,600,1
390.71,30,0,1,0,0,0,600,1
390.71,30,0,1,0,0,0,600,1
390.71,30,0,1,0,0,0,600,1
391.50,30,0,1,0,0,0,-600,1
391.50,30,0,1,0,0,0,-600,1
391.50,30,0,1,0,0,0,-600,1
391.50,30,0,1,0,0,0,-600,1
391.50,30,0,1,0,0,0,-600,1
391.50,30,0,1,0,0,0,-600,1
391.50,30,0,1,0,0,0,-600,1
391.50,30,0,1,0,0,0,-600,1
391.50,30,0,1,0,0,0,-600,1
391.72,30,0,1,0,0,0,-300,1
391.72,30,0,1,0,0,0,-300,1
391.72,30,0,1,0,0,0,-300,1
391.72,30,0,1,0,0,0,-300,1
391.72,30,0,1,0,0,0,-300,1
391.72,30,0,1,0,0,0,-300,1
392.00,30,0,1,0,0,0,-395,1
392.00,30,1,1,0,0,0,-395,1
392.00,30,0,1,0,0,0,113,1
392.00,30,0,1,0,0,0,113,1
392.00,30,0,1,0,0,0,113,1
392.00,30,0,1,0,0,0,200,1
392.00,30,0,1,0,0,0,200,1
392.00,30,0,1,0,0,0,200,1
392.00,30,0,1,0,0,0,200,1
392.00,30,0,1,0,0,0,200,1
392.00,30,0,1,0,0,0,200,1
393.50,30,0,1,0,0,0,-550,1
393.50,30,0,1,0,0,0,-550,1
393.50,30,0,1,0,0,0,-550,1
393.50,30,0,1,0,0,0,-550,1
393.50,30,0,1,0,0,0,-550,1
393.50,30,0,1,0,0,0,-550,1
393.50,30,0,1,0,0,0,-550,1
393.50,30,0,1,0,0,0,-550,1
393.50,30,0,1,0,0,0,-550,1
393.50,30,0,1,0,0,0,-550,1
393.50,30,0,1,0,0,0,-550,1
393.50,30,0,1,0,0,0,-550,1
393.50,30,0,1,0,0,0,-550,1
393.50,30,0,1,0,0,0,-550,1
393.50,30,0,1,0,0,0,-550,1
393.75,30,0,1,0,0,0,-300,1
393.75,30,0,1,0,0,0,-300,1
393.75,30,0,1,0,0,0,-300,1
393.75,30,0,1,0,0,0,-300,1
393.75,30,0,1,0,0,0,-300,1
393.75,30,0,1,0,0,0,-300,1
395.00,30,0,1,0,0,0,-100,1
395.00,30,0,1,0,0,0,-100,1
395.00,30,0,1,0,0,0,-100,1
395.00,30,0,1,0,0,0,-100,1
395.00,30,0,1,0,0,0,-100,1
396.00,30,0,1,0,0,0,-250,1
396.00,30,0,1,0,0,0,-250,1
396.00,30,0,1,0,0,0,-250,1
396.00,30,0,1,0,0,0,-250,1
396.00,30,0,1,0,0,0,-250,1
396.00,30,0,1,0,0,0,-250,1
396.00,30,0,1,0,0,0,-250,1
396.00,30,0,1,0,0,0,-250,1
396.00,30,0,1,0,0,0,-250,1
396.00,30,0,1,0,0,0,-250,1
396.00,30,0,1,0,0,0,-250,1
396.00,30,0,1,0,0,0,-250,1
396.78,25,0,1,0,0,0,650,0
396.78,25,0,1,0,0,0,650,0
396.78,25,0,1,0,0,0,650,0
397.00,30,0,1,0,0,0,-300,1
397.00,30,0,1,0,0,0,-300,1
397.00,30,0,1,0,0,0,-300,1
397.00,30,0,1,0,0,0,-300,1
397.00,30,0,1,0,0,0,-300,1
397.00,32,0,1,0,0,0,550,0
397.00,32,0,1,0,0,0,550,0
397.00,32,0,1,0,0,0,550,0
397.00,32,0,1,0,0,0,550,0
397.00,30,0,1,0,0,0,-500,1
397.00,30,1,1,0,0,0,-500,1
397.00,30,0,1,0,0,0,-500,1
398.00,30,0,1,0,0,0,-400,1
398.00,30,0,1,0,0,0,-400,1
398.00,30,0,1,0,0,0,-400,1
398.00,30,0,1,0,0,0,-400,1
398.00,30,0,1,0,0,0,-400,1
398.00,30,0,1,0,0,0,-400,1
398.75,30,0,1,0,0,0,150,1
398.75,30,0,1,0,0,0,150,1
398.75,30,0,1,0,0,0,150,1
398.81,25,0,1,0,0,0,650,0
398.81,25,0,1,0,0,0,650,0
398.81,25,0,1,0,0,0,650,0
398.81,25,0,1,0,0,0,650,0
398.81,25,0,1,0,0,0,650,0
398.81,25,0,1,0,0,0,650,0
398.81,25,0,1,0,0,0,650,0
400.00,30,0,1,0,0,0,200,1
400.00,30,0,1,0,0,0,200,1
400.00,30,0,1,0,0,0,200,1
400.00,30,0,1,0,0,0,200,1
400.00,30,0,1,0,0,0,200,1
400.00,32,0,1,0,0,0,550,0
400.00,32,0,1,0,0,0,550,0
400.00,32,0,1,0,0,0,550,0
400.00,32,0,1,0,0,0,550,0
400.00,30,1,1,0,0,0,-430,1
400.00,30,0,1,0,0,0,-430,1
401.00,29,0,1,0,0,0,450,0
401.00,29,0,1,0,0,0,450,0
401.00,29,0,1,0,0,0,450,0
401.00,29,0,1,0,0,0,450,0
401.00,29,0,1,0,0,0,450,0
401.00,29,0,1,0,0,0,450,0
401.00,29,0,1,0,0,0,450,0
401.34,30,0,1,0,0,0,400,1
401.34,30,0,1,0,0,0,400,1
401.34,30,0,1,0,0,0,400,1
401.34,30,0,1,0,0,0,400,1
402.00,30,0,1,0,0,0,50,1
402.00,30,0,1,0,0,0,50,1
402.00,30,0,1,0,0,0,50,1
403.00,30,0,1,0,0,0,200,1
403.00,30,0,1,0,0,0,200,1
403.00,30,0,1,0,0,0,200,1
403.00,30,0,1,0,0,0,200,1
403.00,30,0,1,0,0,0,200,1
403.88,30,0,1,0,0,0,400,1
403.88,30,0,1,0,0,0,400,1
403.88,30,0,1,0,0,0,400,1
403.88,30,0,1,0,0,0,400,1
404.00,30,0,1,0,0,0,-250,1
404.00,30,0,1,0,0,0,-250,1
404.00,30,0,1,0,0,0,-250,1
404.00,30,0,1,0,0,0,-250,1
404.00,30,0,1,0,0,0,-250,1
404.00,30,0,1,0,0,0,-250,1
404.00,30,0,1,0,0,0,-250,1
404.00,30,0,1,0,0,0,-250,1
404.89,30,0,1,0,0,0,-417,1
404.89,30,0,1,0,0,0,-417,1
404.89,30,0,1,0,0,0,-417,1
404.89,30,0,1,0,0,0,-417,1
404.89,30,0,1,0,0,0,-300,1
404.89,30,0,1,0,0,0,-300,1
404.89,30,0,1,0,0,0,-300,1
404.89,30,0,1,0,0,0,-300,1
404.89,30,0,1,0,0,0,-300,1
404.89,30,0,1,0,0,0,-300,1
404.89,30,0,1,0,0,0,-300,1
404.89,30,0,1,0,0,0,-300,1
404.89,30,0,1,0,0,0,-300,1
404.89,30,0,1,0,0,0,-300,1
404.89,30,0,1,0,0,0,-300,1
404.89,30,0,1,0,0,0,-300,1
404.89,29,0,1,0,0,0,400,0
404.89,29,0,1,0,0,0,400,0
404.89,29,0,1,0,0,0,400,0
404.89,29,0,1,0,0,0,400,0
404.89,29,0,1,0,0,0,400,0
404.89,29,0,1,0,0,0,400,0
405.00,30,0,1,0,0,0,-150,1
405.00,30,0,1,0,0,0,-150,1
405.00,30,0,1,0,0,0,-150,1
405.00,30,0,1,0,0,0,113,1
405.00,30,0,1,0,0,0,113,1
405.00,30,0,1,0,0,0,113,1
405.90,30,0,1,0,0,0,-300,1
405.90,30,0,1,0,0,0,-300,1
405.90,30,0,1,0,0,0,-300,1
405.90,30,0,1,0,0,0,-300,1
405.90,30,0,1,0,0,0,-300,1
405.90,30,0,1,0,0,0,-300,1
405.90,25,0,1,0,0,0,650,0
405.90,25,0,1,0,0,0,650,0
405.90,25,0,1,0,0,0,650,0
405.90,25,0,1,0,0,0,650,0
405.90,25,0,1,0,0,0,650,0
405.90,25,0,1,0,0,0,650,0
405.90,25,0,1,0,0,0,650,0
405.90,25,0,1,0,0,0,650,0
406.00,30,0,1,0,0,0,200,1
406.00,30,0,1,0,0,0,200,1
406.00,30,0,1,0,0,0,200,1
406.00,30,0,1,0,0,0,200,1
406.00,30,0,1,0,0,0,200,1
407.00,30,0,1,0,0,0,200,1
407.00,30,0,1,0,0,0,200,1
407.00,30,0,1,0,0,0,200,1
407.00,30,0,1,0,0,0,200,1
407.00,30,0,1,0,0,0,200,1
407.00,30,0,1,0,0,0,200,1
407.00,30,0,1,0,0,0,200,1
407.00,30,0,1,0,0,0,200,1
407.00,30,0,1,0,0,0,200,1
407.00,30,0,1,0,0,0,200,1
407.00,30,0,1,0,0,0,200,1
407.93,30,0,1,0,0,0,-300,1
407.93,30,0,1,0,0,0,-300,1
407.93,30,0,1,0,0,0,-300,1
407.93,30,0,1,0,0,0,-300,1
407.93,30,0,1,0,0,0,-300,1
407.93,30,0,1,0,0,0,-300,1
408.00,3,0,1,0,0,0,-200,0
408.00,3,0,1,0,0,0,-200,0
408.00,3,0,1,0,0,0,-200,0
408.00,3,0,1,0,0,0,-200,0
408.00,3,0,1,0,0,0,-200,0
408.00,3,0,1,0,0,0,-200,0
408.00,30,0,1,0,0,0,-300,1
408.00,30,0,1,0,0,0,-300,1
408.00,30,0,1,0,0,0,-300,1
408.00,30,0,1,0,0,0,-300,1
408.00,30,0,1,0,0,0,-300,1
408.00,30,0,1,0,0,0,-300,1
408.00,30,0,1,0,0,0,-100,1
408.00,30,0,1,0,0,0,-100,1
408.00,30,0,1,0,0,0,-100,1
408.00,30,0,1,0,0,0,-100,1
408.00,30,0,1,0,0,0,-100,1
408.00,29,0,1,0,0,0,300,0
408.00,29,0,1,0,0,0,300,0
408.00,29,0,1,0,0,0,300,0
408.00,29,0,1,0,0,0,300,0
408.00,29,0,1,0,0,0,300,0
408.50,30,0,1,0,0,0,-300,1
408.50,30,1,1,0,0,0,-300,1
408.94,25,0,1,0,0,0,650,0
408.94,25,0,1,0,0,0,650,0
408.94,25,0,1,0,0,0,650,0
408.94,25,0,1,0,0,0,650,0
408.94,25,0,1,0,0,0,650,0
408.94,25,0,1,0,0,0,650,0
408.94,25,0,1,0,0,0,650,0
408.94,25,0,1,0,0,0,650,0
408.94,30,0,1,0,0,0,400,1
408.94,30,0,1,0,0,0,400,1
408.94,30,0,1,0,0,0,400,1
408.94,30,0,1,0,0,0,400,1
408.94,30,0,1,0,0,0,400,1
408.94,30,0,1,0,0,0,400,1
408.94,30,0,1,0,0,0,400,1
408.94,30,0,1,0,0,0,400,1
408.94,30,0,1,0,0,0,400,1
409.00,30,0,1,0,0,0,-350,1
409.00,30,0,1,0,0,0,-350,1
409.00,30,0,1,0,0,0,-350,1
409.00,30,0,1,0,0,0,-350,1
409.00,30,0,1,0,0,0,-350,1
409.00,30,0,1,0,0,0,-350,1
409.00,30,0,1,0,0,0,-350,1
409.00,30,0,1,0,0,0,-350,1
409.00,30,0,1,0,0,0,-300,1
409.00,30,0,1,0,0,0,-300,1
409.00,30,0,1,0,0,0,-300,1
409.00,30,0,1,0,0,0,-300,1
409.00,30,0,1,0,0,0,-300,1
409.00,30,0,1,0,0,0,-300,1
409.00,30,0,1,0,0,0,400,1
409.00,30,0,1,0,0,0,400,1
409.00,30,0,1,0,0,0,400,1
409.00,30,0,1,0,0,0,400,1
409.00,30,0,1,0,0,0,400,1
409.00,30,0,1,0,0,0,400,1
409.00,30,0,1,0,0,0,400,1
409.00,30,1,1,0,0,0,-285,1
409.00,30,0,1,0,0,0,-285,1
409.00,30,0,1,0,0,0,200,1
409.00,30,0,1,0,0,0,200,1
409.00,30,0,1,0,0,0,200,1
409.00,30,0,1,0,0,0,200,1
409.00,30,0,1,0,0,0,200,1
409.00,30,0,1,0,0,0,200,1
410.00,30,0,1,0,0,0,-350,1
410.00,30,0,1,0,0,0,-350,1
410.00,30,0,1,0,0,0,-350,1
410.00,30,0,1,0,0,0,-350,1
410.00,30,0,1,0,0,0,-350,1
410.00,30,0,1,0,0,0,-350,1
410.00,30,0,1,0,0,0,-350,1
410.00,30,0,1,0,0,0,-350,1
410.00,30,0,1,0,0,0,650,1
410.00,30,0,1,0,0,0,650,1
410.00,30,0,1,0,0,0,650,1
410.00,30,0,1,0,0,0,650,1
410.00,30,0,1,0,0,0,650,1
410.00,30,0,1,0,0,0,650,1
410.00,30,0,1,0,0,0,650,1
410.00,30,0,1,0,0,0,650,1
410.00,15,0,1,0,0,0,650,0
410.00,15,0,1,0,0,0,650,0
410.00,15,0,1,0,0,0,650,0
410.00,15,0,1,0,0,0,650,0
410.00,30,1,1,0,0,0,-485,1
410.00,30,0,1,0,0,0,-500,1
410.00,30,0,1,0,0,0,-500,1
410.00,30,0,1,0,0,0,-500,1
411.00,30,0,1,0,0,0,550,1
411.00,30,0,1,0,0,0,550,1
411.00,30,0,1,0,0,0,550,1
412.00,15,0,1,0,0,0,650,0
412.00,15,0,1,0,0,0,650,0
412.00,15,0,1,0,0,0,650,0
412.00,15,0,1,0,0,0,650,0
412.00,15,0,1,0,0,0,650,0
412.00,15,0,1,0,0,0,650,0
412.00,15,0,1,0,0,0,650,0
412.00,15,0,1,0,0,0,650,0
412.50,32,0,1,0,0,0,550,0
412.50,32,0,1,0,0,0,550,0
412.50,32,0,1,0,0,0,550,0
412.50,32,0,1,0,0,0,550,0
413.00,30,0,1,0,0,0,-550,1
413.00,30,0,1,0,0,0,-550,1
413.00,30,0,1,0,0,0,-550,1
413.00,30,0,1,0,0,0,-550,1
413.00,30,0,1,0,0,0,-550,1
413.00,30,0,1,0,0,0,-550,1
413.00,30,0,1,0,0,0,-550,1
413.00,30,0,1,0,0,0,-550,1
413.00,30,0,1,0,0,0,-550,1
413.00,30,0,1,0,0,0,-550,1
413.00,30,0,1,0,0,0,-550,1
413.00,30,0,1,0,0,0,-550,1
413.50,32,0,1,0,0,0,550,0
413.50,32,0,1,0,0,0,550,0
413.50,32,0,1,0,0,0,550,0
413.50,32,0,1,0,0,0,550,0
414.00,15,0,1,0,0,0,650,0
414.00,15,0,1,0,0,0,650,0
414.00,15,0,1,0,0,0,650,0
414.00,15,0,1,0,0,0,650,0
414.50,32,0,1,0,0,0,550,0
414.50,32,0,1,0,0,0,550,0
414.50,32,0,1,0,0,0,550,0
414.50,32,0,1,0,0,0,550,0
415.00,30,0,1,0,0,0,-400,1
415.00,30,0,1,0,0,0,-400,1
415.00,30,0,1,0,0,0,-400,1
415.00,30,0,1,0,0,0,-400,1
415.00,30,0,1,0,0,0,-400,1
415.00,15,0,1,0,0,0,650,0
415.00,15,0,1,0,0,0,650,0
415.00,15,0,1,0,0,0,650,0
415.00,15,0,1,0,0,0,650,0
415.00,30,0,1,0,0,0,400,1
415.00,30,0,1,0,0,0,400,1
415.00,30,0,1,0,0,0,400,1
415.00,30,0,1,0,0,0,400,1
415.00,30,0,1,0,0,0,400,1
415.00,30,0,1,0,0,0,400,1
415.00,30,0,1,0,0,0,400,1
415.00,3,1,1,0,0,0,450,0
415.00,30,0,1,0,0,0,-250,1
415.00,30,0,1,0,0,0,-250,1
415.00,30,0,1,0,0,0,-250,1
415.00,30,0,1,0,0,0,-250,1
415.00,30,0,1,0,0,0,-250,1
415.00,30,0,1,0,0,0,-250,1
415.00,30,0,1,0,0,0,-250,1
415.00,30,0,1,0,0,0,-250,1
415.52,30,0,1,0,0,0,250,1
415.52,30,0,1,0,0,0,250,1
415.52,30,0,1,0,0,0,250,1
415.52,30,0,1,0,0,0,250,1
415.52,30,0,1,0,0,0,250,1
415.52,30,0,1,0,0,0,250,1
415.52,30,0,1,0,0,0,250,1
416.00,30,0,1,0,0,0,-550,1
416.00,30,0,1,0,0,0,-550,1
416.00,30,0,1,0,0,0,-550,1
416.03,30,0,1,0,0,0,-300,1
416.03,30,0,1,0,0,0,-300,1
416.03,30,0,1,0,0,0,-300,1
416.03,30,0,1,0,0,0,-300,1
416.03,30,0,1,0,0,0,-300,1
416.03,30,0,1,0,0,0,-300,1
416.54,30,0,1,0,0,0,-300,1
416.54,30,0,1,0,0,0,-300,1
416.54,30,0,1,0,0,0,-300,1
416.54,30,0,1,0,0,0,-300,1
416.54,30,0,1,0,0,0,-300,1
416.54,30,0,1,0,0,0,-300,1
416.54,30,0,1,0,0,0,400,1
416.54,30,0,1,0,0,0,400,1
416.54,30,0,1,0,0,0,400,1
416.54,30,0,1,0,0,0,400,1
416.54,30,0,1,0,0,0,-300,1
416.54,30,0,1,0,0,0,-300,1
416.54,30,0,1,0,0,0,-300,1
416.54,30,0,1,0,0,0,-300,1
416.54,30,0,1,0,0,0,-300,1
416.54,30,0,1,0,0,0,-300,1
417.00,30,0,1,0,0,0,-250,1
417.00,30,0,1,0,0,0,-250,1
417.00,30,0,1,0,0,0,-250,1
417.00,30,0,1,0,0,0,-250,1
417.00,30,0,1,0,0,0,-250,1
417.00,30,1,1,0,0,0,79,1
417.00,30,0,1,0,0,0,-400,1
417.00,30,0,1,0,0,0,-400,1
417.00,30,0,1,0,0,0,-400,1
417.00,30,0,1,0,0,0,-400,1
417.00,30,0,1,0,0,0,-400,1
417.00,30,0,1,0,0,0,-400,1
417.00,30,0,1,0,0,0,-250,1
417.00,30,0,1,0,0,0,-250,1
417.00,30,0,1,0,0,0,-250,1
417.00,30,0,1,0,0,0,-250,1
417.00,30,0,1,0,0,0,-250,1
417.00,30,0,1,0,0,0,-250,1
417.00,30,0,1,0,0,0,-250,1
417.04,30,0,1,0,0,0,600,1
417.04,30,0,1,0,0,0,600,1
417.04,30,0,1,0,0,0,600,1
417.04,30,0,1,0,0,0,600,1
418.00,15,0,1,0,0,0,650,0
418.00,15,0,1,0,0,0,650,0
418.00,15,0,1,0,0,0,650,0
418.00,15,0,1,0,0,0,650,0
418.00,15,0,1,0,0,0,650,0
418.00,15,0,1,0,0,0,650,0
418.00,15,0,1,0,0,0,650,0
418.00,15,0,1,0,0,0,650,0
418.00,32,0,1,0,0,0,550,0
418.00,32,0,1,0,0,0,550,0
418.00,32,0,1,0,0,0,550,0
418.00,32,0,1,0,0,0,550,0
418.50,30,0,1,0,0,0,-400,1
418.50,30,0,1,0,0,0,-400,1
418.50,30,0,1,0,0,0,-400,1
418.50,30,0,1,0,0,0,-400,1
418.50,30,0,1,0,0,0,-400,1
418.50,30,0,1,0,0,0,-400,1
418.56,30,0,1,0,0,0,250,1
418.56,30,0,1,0,0,0,250,1
418.56,30,0,1,0,0,0,250,1
418.56,30,0,1,0,0,0,250,1
418.56,30,0,1,0,0,0,250,1
418.56,30,0,1,0,0,0,250,1
418.56,30,0,1,0,0,0,250,1
418.56,30,0,1,0,0,0,250,1
419.07,30,0,1,0,0,0,-300,1
419.07,30,0,1,0,0,0,-300,1
419.07,30,0,1,0,0,0,-300,1
419.07,30,0,1,0,0,0,-300,1
419.07,30,0,1,0,0,0,-300,1
419.07,30,0,1,0,0,0,-300,1
419.07,30,0,1,0,0,0,-300,1
419.07,30,0,1,0,0,0,-300,1
419.07,30,0,1,0,0,0,-300,1
419.07,30,0,1,0,0,0,-300,1
419.07,30,0,1,0,0,0,-300,1
419.07,30,0,1,0,0,0,-300,1
419.07,30,0,1,0,0,0,-300,1
419.07,30,0,1,0,0,0,-300,1
419.07,30,0,1,0,0,0,-300,1
419.07,30,0,1,0,0,0,-300,1
419.07,30,0,1,0,0,0,-300,1
419.07,30,0,1,0,0,0,-300,1
419.50,32,0,1,0,0,0,550,0
419.50,32,0,1,0,0,0,550,0
419.50,32,0,1,0,0,0,550,0
419.50,32,0,1,0,0,0,550,0
420.00,30,0,1,0,0,0,-400,1
420.00,30,0,1,0,0,0,-400,1
420.00,30,0,1,0,0,0,-400,1
420.00,30,0,1,0,0,0,-400,1
420.00,30,0,1,0,0,0,-400,1
421.00,30,1,1,0,0,0,-288,1
422.00,30,0,1,0,0,0,-300,1
422.00,30,1,1,0,0,0,-300,1
422.00,30,0,1,0,0,0,-300,1
422.00,30,0,1,0,0,0,113,1
422.00,30,0,1,0,0,0,113,1
422.00,30,0,1,0,0,0,113,1
422.00,30,0,1,0,0,0,-250,1
422.00,30,0,1,0,0,0,-250,1
422.00,30,0,1,0,0,0,-250,1
422.00,30,0,1,0,0,0,-250,1
422.00,30,0,1,0,0,0,-250,1
422.00,30,0,1,0,0,0,-250,1
422.00,30,0,1,0,0,0,-250,1
422.00,30,0,1,0,0,0,738,1
422.00,30,0,1,0,0,0,738,1
422.00,30,0,1,0,0,0,738,1
422.00,30,0,1,0,0,0,738,1
422.00,30,0,1,0,0,0,738,1
422.00,30,0,1,0,0,0,738,1
422.00,30,0,1,0,0,0,738,1
422.00,30,0,1,0,0,0,738,1
422.00,30,0,1,0,0,0,738,1
422.00,30,0,1,0,0,0,738,1
422.00,30,0,1,0,0,0,738,1
422.00,30,0,1,0,0,0,738,1
422.50,30,0,1,0,0,0,-426,1
422.50,30,1,1,0,0,0,-426,1
422.50,30,0,1,0,0,0,-426,1
423.00,30,0,1,0,0,0,-400,1
423.00,30,0,1,0,0,0,-400,1
423.00,30,0,1,0,0,0,-400,1
423.00,30,0,1,0,0,0,-400,1
423.00,30,0,1,0,0,0,-400,1
423.00,30,0,1,0,0,0,-400,1
424.00,15,0,1,0,0,0,650,0
424.00,15,0,1,0,0,0,650,0
424.00,15,0,1,0,0,0,650,0
424.00,15,0,1,0,0,0,650,0
425.00,30,0,1,0,0,0,200,1
425.00,30,0,1,0,0,0,200,1
425.00,30,0,1,0,0,0,200,1
425.00,30,0,1,0,0,0,200,1
425.00,30,0,1,0,0,0,200,1
425.50,30,0,1,0,0,0,-300,1
425.50,30,0,1,0,0,0,-300,1
425.50,30,0,1,0,0,0,-300,1
425.50,30,0,1,0,0,0,-300,1
425.50,30,0,1,0,0,0,-300,1
425.50,30,0,1,0,0,0,97,1
425.50,30,0,1,0,0,0,97,1
425.50,30,0,1,0,0,0,97,1
425.50,30,0,1,0,0,0,97,1
425.50,30,0,1,0,0,0,97,1
425.50,30,0,1,0,0,0,97,1
425.50,30,0,1,0,0,0,97,1
425.50,30,0,1,0,0,0,97,1
425.50,30,0,1,0,0,0,97,1
425.50,30,0,1,0,0,0,97,1
425.50,30,0,1,0,0,0,97,1
425.50,30,0,1,0,0,0,97,1
425.50,30,0,1,0,0,0,97,1
425.50,30,0,1,0,0,0,97,1
425.50,30,0,1,0,0,0,97,1
425.50,30,0,1,0,0,0,97,1
425.65,3,0,1,0,0,0,450,0
425.65,3,0,1,0,0,0,450,0
425.65,3,0,1,0,0,0,450,0
425.65,3,0,1,0,0,0,450,0
426.00,30,0,1,0,0,0,650,1
426.00,30,0,1,0,0,0,650,1
426.00,30,0,1,0,0,0,650,1
426.00,30,0,1,0,0,0,650,1
426.00,30,0,1,0,0,0,650,1
426.00,30,0,1,0,0,0,650,1
426.00,30,0,1,0,0,0,650,1
426.00,30,0,1,0,0,0,650,1
426.16,30,0,1,0,0,0,-300,1
426.16,30,0,1,0,0,0,-300,1
426.16,30,0,1,0,0,0,-300,1
426.16,30,0,1,0,0,0,-300,1
426.16,30,0,1,0,0,0,-300,1
426.16,30,0,1,0,0,0,-300,1
426.16,25,0,1,0,0,0,650,0
426.16,25,0,1,0,0,0,650,0
426.16,25,0,1,0,0,0,650,0
426.16,25,0,1,0,0,0,650,0
426.16,25,0,1,0,0,0,650,0
426.16,25,0,1,0,0,0,650,0
426.16,25,0,1,0,0,0,650,0
426.16,25,0,1,0,0,0,650,0
427.00,30,0,1,0,0,0,-350,1
427.00,30,0,1,0,0,0,-350,1
427.00,30,0,1,0,0,0,-350,1
427.00,30,0,1,0,0,0,-350,1
427.00,30,0,1,0,0,0,-350,1
427.00,30,0,1,0,0,0,-350,1
427.00,30,0,1,0,0,0,-350,1
427.00,30,0,1,0,0,0,-350,1
427.00,30,0,1,0,0,0,450,1
427.00,30,0,1,0,0,0,450,1
427.00,30,0,1,0,0,0,450,1
427.00,30,1,1,0,0,0,-425,1
427.00,30,0,1,0,0,0,-425,1
428.00,30,0,1,0,0,0,738,1
428.00,30,0,1,0,0,0,738,1
428.00,30,0,1,0,0,0,738,1
428.00,30,0,1,0,0,0,738,1
428.00,30,0,1,0,0,0,738,1
428.00,30,0,1,0,0,0,738,1
428.00,30,0,1,0,0,0,738,1
428.00,30,0,1,0,0,0,738,1
428.00,30,0,1,0,0,0,738,1
428.00,30,0,1,0,0,0,738,1
428.00,30,0,1,0,0,0,738,1
428.00,30,0,1,0,0,0,738,1
428.00,30,0,1,0,0,0,523,1
428.00,30,1,1,0,0,0,523,1
428.00,30,0,1,0,0,0,523,1
428.19,30,0,1,0,0,0,-300,1
428.19,30,0,1,0,0,0,-300,1
428.19,30,0,1,0,0,0,-300,1
428.19,30,0,1,0,0,0,-300,1
428.19,30,0,1,0,0,0,-300,1
428.19,30,0,1,0,0,0,-300,1
428.50,28,0,1,0,0,0,350,0
428.50,28,0,1,0,0,0,350,0
428.50,28,0,1,0,0,0,350,0
428.50,28,0,1,0,0,0,350,0
428.50,28,0,1,0,0,0,350,0
429.00,30,0,1,0,0,0,-500,1
429.00,30,1,1,0,0,0,-500,1
429.00,30,0,1,0,0,0,-500,1
429.20,30,0,1,0,0,0,-300,1
429.20,30,0,1,0,0,0,-300,1
429.20,30,0,1,0,0,0,-300,1
429.20,30,0,1,0,0,0,-300,1
429.20,30,0,1,0,0,0,-300,1
429.20,30,0,1,0,0,0,-300,1
429.20,25,0,1,0,0,0,650,0
429.20,25,0,1,0,0,0,650,0
429.20,25,0,1,0,0,0,650,0
429.20,25,0,1,0,0,0,650,0
429.20,25,0,1,0,0,0,650,0
429.20,25,0,1,0,0,0,650,0
429.20,25,0,1,0,0,0,650,0
429.20,25,0,1,0,0,0,650,0
430.00,15,0,1,0,0,0,650,0
430.00,15,0,1,0,0,0,650,0
430.00,15,0,1,0,0,0,650,0
430.00,15,0,1,0,0,0,650,0
430.00,30,0,1,0,0,0,625,1
430.00,30,0,1,0,0,0,625,1
430.00,30,0,1,0,0,0,625,1
430.00,30,0,1,0,0,0,625,1
430.00,30,0,1,0,0,0,625,1
430.00,30,0,1,0,0,0,625,1
430.00,30,0,1,0,0,0,625,1
430.00,30,0,1,0,0,0,625,1
430.21,30,0,1,0,0,0,-300,1
430.21,30,0,1,0,0,0,-300,1
430.21,30,0,1,0,0,0,-300,1
430.21,30,0,1,0,0,0,-300,1
430.21,30,0,1,0,0,0,-300,1
430.21,30,0,1,0,0,0,-300,1
431.00,30,0,1,0,0,0,-458,1
431.00,30,0,1,0,0,0,-458,1
431.00,30,0,1,0,0,0,-458,1
431.00,30,0,1,0,0,0,-458,1
431.75,30,0,1,0,0,0,738,1
431.75,30,0,1,0,0,0,738,1
431.75,30,0,1,0,0,0,738,1
431.75,30,0,1,0,0,0,738,1
431.75,30,0,1,0,0,0,738,1
431.75,30,0,1,0,0,0,738,1
431.75,30,0,1,0,0,0,738,1
431.75,30,0,1,0,0,0,738,1
431.75,30,0,1,0,0,0,738,1
431.75,30,0,1,0,0,0,738,1
431.75,30,0,1,0,0,0,738,1
431.75,30,0,1,0,0,0,738,1
432.00,30,0,1,0,0,0,400,1
432.00,30,0,1,0,0,0,400,1
432.00,30,0,1,0,0,0,400,1
432.00,30,0,1,0,0,0,400,1
432.00,30,0,1,0,0,0,400,1
432.00,30,0,1,0,0,0,400,1
432.00,30,0,1,0,0,0,400,1
432.24,30,0,1,0,0,0,-300,1
432.24,30,0,1,0,0,0,-300,1
432.24,30,0,1,0,0,0,-300,1
432.24,30,0,1,0,0,0,-300,1
432.24,30,0,1,0,0,0,-300,1
432.24,30,0,1,0,0,0,-300,1
432.75,30,0,1,0,0,0,600,1
432.75,30,0,1,0,0,0,600,1
432.75,30,0,1,0,0,0,600,1
432.75,30,0,1,0,0,0,600,1
432.75,30,0,1,0,0,0,600,1
433.00,30,0,1,0,0,0,-300,1
433.00,30,1,1,0,0,0,-300,1
433.00,30,0,1,0,0,0,-300,1
433.00,30,0,1,0,0,0,450,1
433.00,30,0,1,0,0,0,450,1
433.00,30,0,1,0,0,0,450,1
434.00,30,0,1,0,0,0,-400,1
434.00,30,0,1,0,0,0,-400,1
434.00,30,0,1,0,0,0,-400,1
434.00,30,0,1,0,0,0,-400,1
434.00,30,0,1,0,0,0,-400,1
434.00,30,1,1,0,0,0,-475,1
434.26,30,0,1,0,0,0,-300,1
434.26,30,0,1,0,0,0,-300,1
434.26,30,0,1,0,0,0,-300,1
434.26,30,0,1,0,0,0,-300,1
434.26,30,0,1,0,0,0,-300,1
434.26,30,0,1,0,0,0,-300,1
435.00,30,0,1,0,0,0,-300,1
435.00,30,0,1,0,0,0,-300,1
435.00,30,0,1,0,0,0,-300,1
435.00,30,0,1,0,0,0,-300,1
435.00,30,0,1,0,0,0,-300,1
435.00,30,0,1,0,0,0,-300,1
435.28,30,0,1,0,0,0,-300,1
435.28,30,0,1,0,0,0,-300,1
435.28,30,0,1,0,0,0,-300,1
435.28,30,0,1,0,0,0,-300,1
435.28,30,0,1,0,0,0,-300,1
435.28,30,0,1,0,0,0,-300,1
437.00,3,0,1,0,0,0,-200,0
437.00,3,0,1,0,0,0,-200,0
437.00,3,0,1,0,0,0,-200,0
437.00,3,0,1,0,0,0,-200,0
437.00,3,0,1,0,0,0,-200,0
437.00,3,0,1,0,0,0,-200,0
437.30,30,0,1,0,0,0,-300,1
437.30,30,0,1,0,0,0,-300,1
437.30,30,0,1,0,0,0,-300,1
437.30,30,0,1,0,0,0,-300,1
437.30,30,0,1,0,0,0,-300,1
437.30,30,0,1,0,0,0,-300,1
438.00,30,0,1,0,0,0,400,1
438.00,30,0,1,0,0,0,400,1
438.00,30,0,1,0,0,0,400,1
438.00,30,0,1,0,0,0,400,1
438.00,30,0,1,0,0,0,400,1
438.00,30,0,1,0,0,0,400,1
438.00,30,0,1,0,0,0,400,1
438.82,30,0,1,0,0,0,475,1
438.82,30,0,1,0,0,0,475,1
438.82,30,0,1,0,0,0,475,1
438.82,30,0,1,0,0,0,475,1
438.82,30,0,1,0,0,0,475,1
439.33,30,0,1,0,0,0,-300,1
439.33,30,0,1,0,0,0,-300,1
439.33,30,0,1,0,0,0,-300,1
439.33,30,0,1,0,0,0,-300,1
439.33,30,0,1,0,0,0,-300,1
439.33,30,0,1,0,0,0,-300,1
439.33,30,0,1,0,0,0,-300,1
439.33,30,0,1,0,0,0,-300,1
439.33,30,0,1,0,0,0,-300,1
439.33,30,0,1,0,0,0,-300,1
439.33,30,0,1,0,0,0,-300,1
439.33,30,0,1,0,0,0,-300,1
439.33,30,0,1,0,0,0,-300,1
439.33,30,0,1,0,0,0,-300,1
439.33,30,0,1,0,0,0,-300,1
439.33,30,0,1,0,0,0,-300,1
439.33,30,0,1,0,0,0,-300,1
439.33,30,0,1,0,0,0,-300,1
439.33,30,0,1,0,0,0,-300,1
439.33,30,0,1,0,0,0,-300,1
439.33,30,0,1,0,0,0,-300,1
439.33,30,0,1,0,0,0,-300,1
439.33,30,0,1,0,0,0,-300,1
439.33,30,0,1,0,0,0,-300,1
439.50,30,0,1,0,0,0,450,1
439.50,30,0,1,0,0,0,450,1
439.50,30,0,1,0,0,0,450,1
440.00,3,0,1,0,0,0,484,0
440.00,3,1,1,0,0,0,484,0
441.00,30,1,1,0,0,0,523,1
441.00,30,0,1,0,0,0,523,1
441.36,30,0,1,0,0,0,-300,1
441.36,30,0,1,0,0,0,-300,1
441.36,30,0,1,0,0,0,-300,1
441.36,30,0,1,0,0,0,-300,1
441.36,30,0,1,0,0,0,-300,1
441.36,30,0,1,0,0,0,-300,1
442.00,30,0,1,0,0,0,-500,1
442.00,30,0,1,0,0,0,-500,1
442.00,30,0,1,0,0,0,-500,1
442.50,30,0,1,0,0,0,400,1
442.50,30,0,1,0,0,0,400,1
442.50,30,0,1,0,0,0,400,1
442.50,30,0,1,0,0,0,400,1
442.50,30,0,1,0,0,0,400,1
444.00,30,0,1,0,0,0,-250,1
444.00,30,0,1,0,0,0,-250,1
444.00,30,0,1,0,0,0,-250,1
444.00,30,0,1,0,0,0,-250,1
444.00,30,0,1,0,0,0,-250,1
444.00,30,0,1,0,0,0,-250,1
444.00,30,0,1,0,0,0,-250,1
444.39,30,0,1,0,0,0,-300,1
444.39,30,0,1,0,0,0,-300,1
444.39,30,0,1,0,0,0,-300,1
444.39,30,0,1,0,0,0,-300,1
444.39,30,0,1,0,0,0,-300,1
444.39,30,0,1,0,0,0,-300,1
444.50,3,0,1,0,0,0,250,0
444.50,3,0,1,0,0,0,250,0
444.50,3,0,1,0,0,0,250,0
445.00,30,0,1,0,0,0,-250,1
445.00,30,0,1,0,0,0,-250,1
445.00,30,0,1,0,0,0,-250,1
445.00,30,0,1,0,0,0,-250,1
445.00,30,0,1,0,0,0,-250,1
445.00,30,0,1,0,0,0,-250,1
445.00,30,0,1,0,0,0,-250,1
445.91,30,0,1,0,0,0,-300,1
445.91,30,0,1,0,0,0,-300,1
445.91,30,0,1,0,0,0,-300,1
445.91,30,0,1,0,0,0,-300,1
445.91,30,0,1,0,0,0,-300,1
445.91,30,0,1,0,0,0,-300,1
446.00,30,0,1,0,0,0,200,1
446.00,30,0,1,0,0,0,200,1
446.00,30,0,1,0,0,0,200,1
446.00,30,0,1,0,0,0,200,1
446.00,30,0,1,0,0,0,200,1
446.50,30,0,1,0,0,0,738,1
446.50,30,0,1,0,0,0,738,1
446.50,30,0,1,0,0,0,738,1
446.50,30,0,1,0,0,0,738,1
446.50,30,0,1,0,0,0,738,1
446.50,30,0,1,0,0,0,738,1
446.50,30,0,1,0,0,0,738,1
446.50,30,0,1,0,0,0,738,1
446.50,30,0,1,0,0,0,738,1
446.50,30,0,1,0,0,0,738,1
446.50,30,0,1,0,0,0,738,1
446.50,30,0,1,0,0,0,738,1
447.00,30,0,1,0,0,0,-300,1
447.00,30,0,1,0,0,0,-300,1
447.00,30,0,1,0,0,0,-300,1
447.00,30,0,1,0,0,0,-300,1
447.00,30,0,1,0,0,0,-300,1
447.00,30,0,1,0,0,0,-300,1
448.50,3,0,1,0,0,0,200,0
448.50,3,1,1,0,0,0,200,0
448.50,3,0,1,0,0,0,200,0
450.00,30,0,1,0,0,0,-400,1
450.00,30,0,1,0,0,0,-400,1
450.00,30,0,1,0,0,0,-400,1
450.00,30,0,1,0,0,0,-400,1
450.00,30,0,1,0,0,0,-400,1
450.00,30,0,1,0,0,0,-400,1
450.00,30,0,1,0,0,0,-400,1
450.00,30,0,1,0,0,0,-400,1
450.00,30,0,1,0,0,0,-400,1
450.00,30,0,1,0,0,0,-400,1
450.00,15,0,1,0,0,0,650,0
450.00,15,0,1,0,0,0,650,0
450.00,15,0,1,0,0,0,650,0
450.00,15,0,1,0,0,0,650,0
450.00,29,0,1,0,0,0,500,0
450.00,29,0,1,0,0,0,500,0
450.00,29,0,1,0,0,0,500,0
450.00,29,0,1,0,0,0,500,0
450.00,29,0,1,0,0,0,500,0
451.00,30,1,1,0,0,0,-600,1
451.49,30,0,1,0,0,0,-300,1
451.49,30,0,1,0,0,0,-300,1
451.49,30,0,1,0,0,0,-300,1
451.49,30,0,1,0,0,0,-300,1
451.49,30,0,1,0,0,0,-300,1
451.49,30,0,1,0,0,0,-300,1
451.49,28,0,1,0,0,0,267,0
451.49,28,0,1,0,0,0,267,0
451.49,28,0,1,0,0,0,267,0
451.49,28,0,1,0,0,0,267,0
452.00,30,0,1,0,0,0,-300,1
452.00,30,1,1,0,0,0,-300,1
453.51,30,0,1,0,0,0,390,1
453.51,30,0,1,0,0,0,390,1
453.51,30,0,1,0,0,0,390,1
453.51,30,0,1,0,0,0,390,1
455.00,29,0,1,0,0,0,450,0
455.00,29,0,1,0,0,0,450,0
455.00,29,0,1,0,0,0,450,0
455.00,29,0,1,0,0,0,450,0
455.00,29,0,1,0,0,0,450,0
455.00,29,0,1,0,0,0,450,0
455.00,29,0,1,0,0,0,450,0
455.00,29,0,1,0,0,0,450,0
456.25,25,0,1,0,0,0,700,0
456.25,25,0,1,0,0,0,700,0
456.25,25,0,1,0,0,0,700,0
459.50,30,0,1,0,0,0,-475,1
459.50,30,1,1,0,0,0,-475,1
461.50,30,1,1,0,0,0,175,1
461.50,30,0,1,0,0,0,175,1
467.00,30,0,1,0,0,0,-300,1
467.00,30,0,1,0,0,0,-300,1
467.00,30,0,1,0,0,0,-300,1
467.00,30,0,1,0,0,0,-300,1
467.00,30,0,1,0,0,0,-300,1
467.00,30,0,1,0,0,0,-300,1
467.00,3,1,1,0,0,0,450,0
469.00,30,0,1,0,0,0,-467,1
469.00,30,0,1,0,0,0,-467,1
469.00,30,0,1,0,0,0,-467,1
473.50,30,0,1,0,0,0,459,1
473.50,30,0,1,0,0,0,459,1
473.50,30,0,1,0,0,0,459,1
473.50,30,0,1,0,0,0,459,1
473.50,30,0,1,0,0,0,459,1
426.85,30,0,1,0,0,0,-400,1
426.85,30,0,1,0,0,0,-400,1
426.85,30,0,1,0,0,0,-400,1
426.85,30,0,1,0,0,0,-400,1
426.85,30,0,1,0,0,0,-400,1
428.63,30,0,1,0,0,0,-400,1
428.62,30,0,1,0,0,0,-400,1
429.49,30,0,1,0,0,0,-400,1
430.10,30,0,1,0,0,0,-400,1
430.40,30,0,1,0,0,0,-400,1
398.09,30,0,1,0,0,0,625,1
398.17,30,1,1,0,0,0,625,1
397.53,30,1,1,0,0,0,625,1
419.04,30,0,1,0,0,0,-350,1
419.04,30,0,1,0,0,0,-350,1
419.04,30,0,1,0,0,0,-350,1
418.19,30,0,1,0,0,0,-350,1
418.12,30,0,1,0,0,0,-350,1
417.09,30,0,1,0,0,0,-350,1
418.26,30,0,1,0,0,0,-350,1
418.80,30,0,1,0,0,0,-350,1
441.40,30,0,1,0,0,0,-550,1
441.40,30,0,1,0,0,0,-550,1
441.40,30,0,1,0,0,0,-550,1
441.40,30,0,1,0,0,0,-550,1
441.40,30,0,1,0,0,0,-550,1
441.40,30,0,1,0,0,0,-550,1
441.40,30,0,1,0,0,0,-550,1
441.40,30,0,1,0,0,0,-550,1
441.40,30,0,1,0,0,0,-550,1
440.63,30,0,1,0,0,0,-550,1
441.17,30,0,1,0,0,0,-550,1
440.08,30,0,1,0,0,0,-550,1
398.15,29,0,1,0,0,0,738,0
398.15,29,0,1,0,0,0,738,0
398.15,29,0,1,0,0,0,738,0
398.15,29,0,1,0,0,0,738,0
398.15,29,0,1,0,0,0,738,0
398.15,29,0,1,0,0,0,738,0
398.15,29,0,1,0,0,0,738,0
398.15,29,0,1,0,0,0,738,0
398.15,29,0,1,0,0,0,738,0
398.15,29,0,1,0,0,0,738,0
398.15,29,0,1,0,0,0,738,0
398.15,29,0,1,0,0,0,738,0
399.82,30,0,1,0,0,0,150,1
399.82,30,1,1,0,0,0,150,1
399.82,30,1,1,0,0,0,150,1
399.82,30,1,1,0,0,0,150,1
399.82,30,1,1,0,0,0,150,1
399.82,30,1,1,0,0,0,150,1
399.82,30,1,1,0,0,0,150,1
399.82,30,1,1,0,0,0,150,1
401.70,30,0,1,0,0,0,200,1
401.70,30,1,1,0,0,0,200,1
401.70,30,1,1,0,0,0,200,1
401.70,30,1,1,0,0,0,200,1
401.70,30,1,1,0,0,0,200,1
401.70,30,1,1,0,0,0,200,1
404.80,30,0,1,0,0,0,650,1
404.80,30,1,1,0,0,0,650,1
404.80,30,1,1,0,0,0,650,1
404.80,30,1,1,0,0,0,650,1
405.27,29,0,1,0,0,0,317,0
405.27,29,2,1,0,0,0,317,0
405.27,29,2,1,0,0,0,317,0
405.27,29,2,1,0,0,0,317,0
405.27,29,2,1,0,0,0,317,0
405.27,29,2,1,0,0,0,317,0
405.27,29,0,1,0,0,0,317,0
406.00,29,0,1,0,0,0,550,0
406.00,29,0,1,0,0,0,550,0
406.00,29,0,1,0,0,0,550,0
406.00,29,0,1,0,0,0,550,0
406.00,29,0,1,0,0,0,550,0
406.00,29,0,1,0,0,0,550,0
406.00,29,0,1,0,0,0,550,0
406.00,29,0,1,0,0,0,550,0
406.00,29,0,1,0,0,0,550,0
406.00,29,0,1,0,0,0,550,0
406.00,29,0,1,0,0,0,550,0
406.00,29,0,1,0,0,0,550,0
406.30,30,1,1,0,0,0,350,1
406.30,30,6,1,0,0,0,350,1
406.30,30,6,1,0,0,0,350,1
406.30,30,4,1,0,0,0,350,1
407.40,30,1,1,0,0,0,-317,1
407.40,30,1,1,0,0,0,-317,1
407.40,30,1,1,0,0,0,-317,1
407.40,30,1,1,0,0,0,-317,1
407.40,30,1,1,0,0,0,-317,1
407.40,30,1,1,0,0,0,-317,1
409.50,29,0,1,0,0,0,-350,0
409.50,29,1,1,0,0,0,-350,0
409.50,29,1,1,0,0,0,-350,0
409.50,29,1,1,0,0,0,-350,0
409.50,29,1,1,0,0,0,-350,0
409.50,29,1,1,0,0,0,-350,0
409.50,29,1,1,0,0,0,-350,0
409.50,29,1,1,0,0,0,-350,0
409.50,29,1,1,0,0,0,-350,0
409.50,29,1,1,0,0,0,-350,0
409.50,29,1,1,0,0,0,-350,0
409.50,29,1,1,0,0,0,-350,0
409.70,44,0,1,0,0,0,-150,0
409.70,44,2,1,0,0,0,-150,0
409.70,44,2,1,0,0,0,-150,0
409.70,44,2,1,0,0,0,-150,0
409.70,44,2,1,0,0,0,-150,0
409.70,44,2,1,0,0,0,-150,0
409.70,44,2,1,0,0,0,-150,0
409.70,44,1,1,0,0,0,-150,0
409.80,30,0,1,0,0,0,-450,1
409.80,30,1,1,0,0,0,-450,1
409.80,30,1,1,0,0,0,-450,1
409.80,30,1,1,0,0,0,-450,1
409.80,30,1,1,0,0,0,-450,1
409.80,30,1,1,0,0,0,-450,1
409.80,30,1,1,0,0,0,-450,1
409.80,30,0,1,0,0,0,-450,1
410.30,30,1,1,0,0,0,-334,1
410.30,30,3,1,0,0,0,-334,1
410.30,30,3,1,0,0,0,-334,1
410.30,30,3,1,0,0,0,-334,1
410.30,30,1,1,0,0,0,-334,1
410.39,29,0,1,0,0,0,-350,0
410.39,29,2,1,0,0,0,-350,0
410.39,29,2,1,0,0,0,-350,0
410.39,29,2,1,0,0,0,-350,0
410.39,29,2,1,0,0,0,-350,0
410.39,29,2,1,0,0,0,-350,0
410.39,29,2,1,0,0,0,-350,0
410.39,29,2,1,0,0,0,-350,0
410.39,29,2,1,0,0,0,-350,0
410.39,29,2,1,0,0,0,-350,0
410.39,29,2,1,0,0,0,-350,0
410.39,29,1,1,0,0,0,-350,0
410.55,30,0,1,0,0,0,150,1
410.55,30,1,1,0,0,0,150,1
410.55,30,1,1,0,0,0,150,1
410.55,30,1,1,0,0,0,150,1
410.55,30,1,1,0,0,0,150,1
410.55,30,1,1,0,0,0,150,1
410.55,30,1,1,0,0,0,150,1
410.55,30,1,1,0,0,0,150,1
411.45,29,1,1,0,0,0,350,0
411.45,29,3,1,0,0,0,350,0
411.45,29,3,1,0,0,0,350,0
411.45,29,3,1,0,0,0,350,0
411.45,29,3,1,0,0,0,350,0
411.45,29,3,1,0,0,0,350,0
411.45,29,3,1,0,0,0,350,0
411.45,29,2,1,0,0,0,350,0
412.10,30,0,1,0,0,0,-550,1
412.10,30,0,1,0,0,0,-550,1
412.10,30,0,1,0,0,0,-550,1
412.10,30,0,1,0,0,0,-550,1
412.10,30,0,1,0,0,0,-550,1
412.10,30,0,1,0,0,0,-550,1
412.10,30,0,1,0,0,0,-550,1
412.10,30,0,1,0,0,0,-550,1
412.10,30,0,1,0,0,0,-550,1
412.10,30,0,1,0,0,0,-550,1
412.10,30,0,1,0,0,0,-550,1
412.10,30,0,1,0,0,0,-550,1
412.10,30,0,1,0,0,0,-550,1
412.10,30,0,1,0,0,0,-550,1
412.10,30,0,1,0,0,0,-550,1
412.10,30,0,1,0,0,0,-550,1
413.54,30,0,1,0,0,0,-350,1
413.54,30,1,1,0,0,0,-350,1
413.54,30,1,1,0,0,0,-350,1
413.54,30,1,1,0,0,0,-350,1
413.54,30,1,1,0,0,0,-350,1
413.54,30,1,1,0,0,0,-350,1
413.54,30,1,1,0,0,0,-350,1
413.54,30,1,1,0,0,0,-350,1
413.54,30,1,1,0,0,0,-350,1
413.54,30,1,1,0,0,0,-350,1
413.54,30,1,1,0,0,0,-350,1
413.54,30,1,1,0,0,0,-350,1
414.00,30,0,1,0,0,0,600,1
414.00,30,1,1,0,0,0,600,1
414.00,30,1,1,0,0,0,600,1
414.00,30,1,1,0,0,0,600,1
414.00,30,1,1,0,0,0,600,1
414.00,30,1,1,0,0,0,600,1
414.00,30,1,1,0,0,0,600,1
414.00,30,1,1,0,0,0,600,1
414.00,30,1,1,0,0,0,600,1
414.00,30,1,1,0,0,0,600,1
414.80,25,0,1,0,0,0,500,0
414.80,25,2,1,0,0,0,500,0
414.80,25,2,1,0,0,0,500,0
414.80,25,2,1,0,0,0,500,0
414.80,25,2,1,0,0,0,500,0
414.80,25,1,1,0,0,0,500,0
415.20,25,1,1,0,0,0,467,0
415.20,25,1,1,0,0,0,467,0
415.20,25,1,1,0,0,0,467,0
415.20,25,1,1,0,0,0,467,0
415.20,25,1,1,0,0,0,467,0
416.30,29,0,1,0,0,0,550,0
416.30,29,0,1,0,0,0,550,0
416.30,29,0,1,0,0,0,550,0
416.30,29,0,1,0,0,0,550,0
416.30,29,0,1,0,0,0,550,0
416.30,29,0,1,0,0,0,550,0
416.30,29,0,1,0,0,0,550,0
416.30,29,0,1,0,0,0,550,0
416.30,29,0,1,0,0,0,550,0
416.30,29,0,1,0,0,0,550,0
416.30,29,0,1,0,0,0,550,0
416.30,29,0,1,0,0,0,550,0
417.04,29,0,1,0,0,0,-350,0
417.04,29,1,1,0,0,0,-350,0
417.04,29,1,1,0,0,0,-350,0
417.04,29,1,1,0,0,0,-350,0
417.04,29,1,1,0,0,0,-350,0
417.04,29,1,1,0,0,0,-350,0
417.04,29,1,1,0,0,0,-350,0
417.04,29,1,1,0,0,0,-350,0
417.04,29,1,1,0,0,0,-350,0
417.04,29,1,1,0,0,0,-350,0
417.04,29,1,1,0,0,0,-350,0
417.04,29,1,1,0,0,0,-350,0
417.46,29,0,1,0,0,0,-350,0
417.46,29,1,1,0,0,0,-350,0
417.46,29,1,1,0,0,0,-350,0
417.46,29,1,1,0,0,0,-350,0
417.46,29,1,1,0,0,0,-350,0
417.46,29,1,1,0,0,0,-350,0
417.46,29,1,1,0,0,0,-350,0
417.46,29,1,1,0,0,0,-350,0
417.46,29,1,1,0,0,0,-350,0
417.46,29,1,1,0,0,0,-350,0
417.46,29,1,1,0,0,0,-350,0
417.46,29,1,1,0,0,0,-350,0
417.50,30,0,1,0,0,0,-500,1
417.50,30,1,1,0,0,0,-500,1
417.50,30,1,1,0,0,0,-500,1
417.50,30,1,1,0,0,0,-500,1
417.50,30,1,1,0,0,0,-500,1
417.50,30,1,1,0,0,0,-500,1
418.10,30,0,1,0,0,0,500,1
418.10,30,2,1,0,0,0,500,1
418.10,30,2,1,0,0,0,500,1
418.10,30,2,1,0,0,0,500,1
418.10,30,2,1,0,0,0,500,1
418.10,30,1,1,0,0,0,500,1
418.60,30,1,1,0,0,0,100,1
418.60,30,1,1,0,0,0,100,1
418.60,30,1,1,0,0,0,100,1
418.60,30,1,1,0,0,0,100,1
418.60,30,1,1,0,0,0,100,1
418.60,30,1,1,0,0,0,100,1
418.60,30,1,1,0,0,0,100,1
418.60,30,1,1,0,0,0,100,1
418.60,30,1,1,0,0,0,100,1
418.60,30,1,1,0,0,0,100,1
418.60,30,0,1,0,0,0,100,1
418.70,30,1,1,0,0,0,650,1
418.70,30,4,1,0,0,0,650,1
418.70,30,4,1,0,0,0,650,1
418.70,30,2,1,0,0,0,650,1
418.89,32,1,1,0,0,0,600,0
418.89,32,3,1,0,0,0,600,0
418.89,32,3,1,0,0,0,600,0
418.89,32,3,1,0,0,0,600,0
418.89,32,3,1,0,0,0,600,0
418.89,32,2,1,0,0,0,600,0
418.94,30,4,1,0,0,0,-325,1
418.94,30,6,1,0,0,0,-325,1
418.94,30,6,1,0,0,0,-325,1
418.94,30,1,1,0,0,0,-325,1
418.97,25,0,1,0,0,0,700,0
418.97,25,1,1,0,0,0,700,0
418.97,25,1,1,0,0,0,700,0
418.97,25,1,1,0,0,0,700,0
418.97,25,1,1,0,0,0,700,0
418.97,25,1,1,0,0,0,700,0
418.97,25,1,1,0,0,0,700,0
418.97,25,1,1,0,0,0,700,0
418.97,25,1,1,0,0,0,700,0
418.97,25,1,1,0,0,0,700,0
419.27,29,3,1,0,0,0,575,0
419.27,29,13,1,0,0,0,575,0
419.27,29,13,1,0,0,0,575,0
419.27,29,13,1,0,0,0,575,0
419.27,29,8,1,0,0,0,575,0
419.37,30,0,1,0,0,0,600,1
419.37,30,1,1,0,0,0,600,1
419.37,30,1,1,0,0,0,600,1
419.37,30,1,1,0,0,0,600,1
419.37,30,1,1,0,0,0,600,1
419.37,30,1,1,0,0,0,600,1
419.37,30,1,1,0,0,0,600,1
419.37,30,1,1,0,0,0,600,1
419.37,30,1,1,0,0,0,600,1
419.37,30,1,1,0,0,0,600,1
420.08,30,0,1,0,0,0,600,1
420.08,30,0,1,0,0,0,600,1
420.08,30,0,1,0,0,0,600,1
420.08,30,0,1,0,0,0,600,1
420.08,30,0,1,0,0,0,600,1
420.08,30,0,1,0,0,0,600,1
420.08,30,0,1,0,0,0,-450,1
420.08,30,1,1,0,0,0,-450,1
420.08,30,1,1,0,0,0,-450,1
420.08,30,1,1,0,0,0,-450,1
420.08,30,1,1,0,0,0,-450,1
420.08,30,1,1,0,0,0,-450,1
420.08,30,1,1,0,0,0,-450,1
420.08,30,1,1,0,0,0,-450,1
420.90,30,1,1,0,0,0,350,1
420.90,30,5,1,0,0,0,350,1
420.90,30,5,1,0,0,0,350,1
420.90,30,3,1,0,0,0,350,1
421.00,35,0,1,0,0,0,-175,0
421.00,35,0,1,0,0,0,-175,0
421.00,35,0,1,0,0,0,-175,0
421.00,35,0,1,0,0,0,-175,0
421.00,35,0,1,0,0,0,-175,0
421.00,35,0,1,0,0,0,-175,0
421.00,35,0,1,0,0,0,-175,0
421.00,35,0,1,0,0,0,-175,0
421.00,35,0,1,0,0,0,-175,0
421.00,35,0,1,0,0,0,-175,0
421.00,35,0,1,0,0,0,-175,0
421.00,35,0,1,0,0,0,-175,0
421.00,35,0,1,0,0,0,-175,0
421.00,35,0,1,0,0,0,-175,0
421.00,35,0,1,0,0,0,-175,0
421.00,35,0,1,0,0,0,-175,0
421.00,35,0,1,0,0,0,-175,0
421.00,35,0,1,0,0,0,-175,0
421.00,35,0,1,0,0,0,-175,0
421.29,29,5,1,0,0,0,567,0
421.29,29,8,1,0,0,0,567,0
421.29,29,8,1,0,0,0,567,0
421.29,29,8,1,0,0,0,567,0
421.29,29,8,1,0,0,0,567,0
421.29,29,8,1,0,0,0,567,0
421.29,29,5,1,0,0,0,567,0
421.30,30,1,1,0,0,0,350,1
421.30,30,5,1,0,0,0,350,1
421.30,30,5,1,0,0,0,350,1
421.30,30,3,1,0,0,0,350,1
423.35,30,1,1,0,0,0,-500,1
423.35,30,4,1,0,0,0,-500,1
423.35,30,4,1,0,0,0,-500,1
423.35,30,4,1,0,0,0,-500,1
423.35,30,4,1,0,0,0,-500,1
423.35,30,3,1,0,0,0,-500,1
423.85,30,3,1,0,0,0,-325,1
423.85,30,5,1,0,0,0,-325,1
423.85,30,5,1,0,0,0,-325,1
423.85,30,0,1,0,0,0,-325,1
424.20,30,0,1,0,0,0,-650,1
424.20,30,0,1,0,0,0,-650,1
424.20,30,0,1,0,0,0,-650,1
424.20,30,0,1,0,0,0,-650,1
424.20,30,0,1,0,0,0,-650,1
424.20,30,0,1,0,0,0,-650,1
424.20,30,0,1,0,0,0,-650,1
424.20,30,0,1,0,0,0,-650,1
424.20,30,0,1,0,0,0,-650,1
424.20,30,0,1,0,0,0,-650,1
424.20,30,0,1,0,0,0,-650,1
424.20,30,0,1,0,0,0,-650,1
424.20,30,0,1,0,0,0,-650,1
424.20,30,0,1,0,0,0,-650,1
424.20,30,0,1,0,0,0,-650,1
424.20,30,0,1,0,0,0,-650,1
424.47,30,0,1,0,0,0,-650,1
424.47,30,0,1,0,0,0,-650,1
424.47,30,0,1,0,0,0,-650,1
424.47,30,0,1,0,0,0,-650,1
424.47,30,0,1,0,0,0,-650,1
424.47,30,0,1,0,0,0,-650,1
424.47,30,0,1,0,0,0,-650,1
424.47,30,0,1,0,0,0,-650,1
424.47,30,0,1,0,0,0,-650,1
424.47,30,0,1,0,0,0,-650,1
424.47,30,0,1,0,0,0,-650,1
424.47,30,0,1,0,0,0,-650,1
424.47,30,0,1,0,0,0,-650,1
424.47,30,0,1,0,0,0,-650,1
424.47,30,0,1,0,0,0,-650,1
424.47,30,0,1,0,0,0,-650,1
425.00,30,0,1,0,0,0,100,1
425.00,30,1,1,0,0,0,100,1
425.00,30,1,1,0,0,0,100,1
425.00,30,1,1,0,0,0,100,1
425.00,30,1,1,0,0,0,100,1
425.00,30,1,1,0,0,0,100,1
425.00,30,1,1,0,0,0,100,1
425.00,30,1,1,0,0,0,100,1
425.00,30,1,1,0,0,0,100,1
425.00,30,0,1,0,0,0,100,1
425.44,29,2,1,0,0,0,550,0
425.44,29,8,1,0,0,0,550,0
425.44,29,8,1,0,0,0,550,0
425.44,29,8,1,0,0,0,550,0
425.44,29,8,1,0,0,0,550,0
425.44,29,8,1,0,0,0,550,0
425.44,29,8,1,0,0,0,550,0
425.44,29,5,1,0,0,0,550,0
429.00,30,0,1,0,0,0,-350,1
429.00,30,1,1,0,0,0,-350,1
429.00,30,1,1,0,0,0,-350,1
429.00,30,1,1,0,0,0,-350,1
429.00,30,1,1,0,0,0,-350,1
429.00,30,1,1,0,0,0,-350,1
429.00,30,1,1,0,0,0,-350,1
429.00,30,0,1,0,0,0,-350,1
439.67,30,0,1,0,0,0,400,1
439.67,30,1,1,0,0,0,400,1
439.67,30,1,1,0,0,0,400,1
439.67,30,1,1,0,0,0,400,1
439.67,30,1,1,0,0,0,400,1
439.67,30,0,1,0,0,0,400,1
448.60,30,0,1,0,0,0,638,1
448.60,30,2,1,0,0,0,638,1
448.60,30,2,1,0,0,0,638,1
448.60,30,0,1,0,0,0,638,1
451.38,6,0,1,0,0,0,600,0
451.38,6,1,1,0,0,0,600,0
451.38,6,1,1,0,0,0,600,0
451.38,6,1,1,0,0,0,600,0
451.38,6,1,1,0,0,0,600,0
451.38,6,1,1,0,0,0,600,0
453.70,30,0,1,0,0,0,-300,1
453.70,30,0,1,0,0,0,-300,1
453.70,30,0,1,0,0,0,-300,1
453.70,30,0,1,0,0,0,-300,1
453.70,30,0,1,0,0,0,-300,1
453.70,30,0,1,0,0,0,-300,1
453.70,30,0,1,0,0,0,-300,1
453.70,30,0,1,0,0,0,-300,1
453.70,30,0,1,0,0,0,-300,1
453.70,30,0,1,0,0,0,-300,1
454.02,6,1,1,0,0,0,700,0
454.02,6,3,1,0,0,0,700,0
454.02,6,3,1,0,0,0,700,0
454.02,6,3,1,0,0,0,700,0
454.02,6,3,1,0,0,0,700,0
454.02,6,2,1,0,0,0,700,0
458.88,6,1,1,0,0,0,400,0
458.88,6,4,1,0,0,0,400,0
458.88,6,4,1,0,0,0,400,0
458.88,6,4,1,0,0,0,400,0
458.88,6,4,1,0,0,0,400,0
458.88,6,2,1,0,0,0,400,0
462.93,6,0,1,0,0,0,250,0
462.93,6,1,1,0,0,0,250,0
462.93,6,1,1,0,0,0,250,0
462.93,6,1,1,0,0,0,250,0
462.93,6,1,1,0,0,0,250,0
462.93,6,1,1,0,0,0,250,0
462.93,6,1,1,0,0,0,250,0
462.93,6,1,1,0,0,0,250,0
381.06,17,0,0,1,0,0,100,0
386.85,17,0,0,1,0,0,100,0
387.36,17,0,0,1,0,0,100,0
385.98,17,0,0,1,0,0,100,0
391.15,17,0,0,1,0,0,100,0
391.92,17,0,0,1,0,0,100,0
392.19,17,0,0,1,0,0,100,0
390.05,17,0,0,1,0,0,100,0
383.38,17,0,0,1,0,0,100,0
389.17,17,0,0,1,0,0,100,0
389.68,17,0,0,1,0,0,100,0
388.30,17,0,0,1,0,0,100,0
393.47,17,0,0,1,0,0,100,0
394.24,17,0,0,1,0,0,100,0
394.52,17,0,0,1,0,0,100,0
392.37,17,0,0,1,0,0,100,0
388.03,17,0,0,1,0,0,100,0
393.81,17,0,0,1,0,0,100,0
394.32,17,0,0,1,0,0,100,0
392.95,17,0,0,1,0,0,100,0
398.11,17,0,0,1,0,0,100,0
398.88,17,0,0,1,0,0,100,0
399.16,17,0,0,1,0,0,100,0
397.01,17,0,0,1,0,0,100,0
398.28,45,1,0,1,0,0,-405,0
398.34,45,1,0,1,0,0,-405,0
405.94,17,0,0,1,0,0,650,0
404.64,17,0,0,1,0,0,650,0
404.22,17,0,0,1,0,0,650,0
378.59,17,0,0,1,0,0,-188,0
377.10,17,0,0,1,0,0,-188,0
378.00,17,0,0,1,0,0,-188,0
378.96,17,0,0,1,0,0,-188,0
377.30,17,0,0,1,0,0,-188,0
375.82,17,0,0,1,0,0,-188,0
380.11,17,0,0,1,0,0,-188,0
377.11,17,0,0,1,0,0,100,0
381.40,17,0,0,1,0,0,100,0
382.37,17,0,0,1,0,0,100,0
380.89,17,0,0,1,0,0,100,0
385.09,17,0,0,1,0,0,100,0
384.18,17,0,0,1,0,0,100,0
384.73,17,0,0,1,0,0,100,0
382.84,17,0,0,1,0,0,100,0
378.40,17,0,0,1,0,0,100,0
382.69,17,0,0,1,0,0,100,0
383.66,17,0,0,1,0,0,100,0
382.18,17,0,0,1,0,0,100,0
386.38,17,0,0,1,0,0,100,0
385.47,17,0,0,1,0,0,100,0
386.02,17,0,0,1,0,0,100,0
384.13,17,0,0,1,0,0,100,0
380.46,45,0,0,1,0,0,-405,0
379.66,45,1,0,1,0,0,-405,0
380.78,45,0,0,1,0,0,-405,0
389.59,31,0,0,1,0,0,550,0
389.57,31,0,0,1,0,0,550,0
389.65,31,0,0,1,0,0,550,0
387.63,31,0,0,1,0,0,550,0
387.85,31,0,0,1,0,0,550,0
387.66,31,0,0,1,0,0,550,0
388.01,31,0,0,1,0,0,550,0
386.70,31,0,0,1,0,0,550,0
386.37,31,0,0,1,0,0,550,0
386.29,31,0,0,1,0,0,550,0
386.07,31,0,0,1,0,0,550,0
391.28,17,0,0,1,0,0,100,0
395.57,17,0,0,1,0,0,100,0
396.54,17,0,0,1,0,0,100,0
395.06,17,0,0,1,0,0,100,0
399.27,17,0,0,1,0,0,100,0
398.35,17,0,0,1,0,0,100,0
398.90,17,0,0,1,0,0,100,0
397.01,17,0,0,1,0,0,100,0
408.22,17,0,0,1,0,0,35,0
406.73,17,0,0,1,0,0,35,0
407.63,17,0,0,1,0,0,35,0
408.59,17,0,0,1,0,0,35,0
406.93,17,0,0,1,0,0,35,0
405.45,17,0,0,1,0,0,35,0
409.74,17,0,0,1,0,0,35,0
410.71,17,0,0,1,0,0,35,0
409.24,17,0,0,1,0,0,35,0
413.44,17,0,0,1,0,0,35,0
412.52,17,0,0,1,0,0,35,0
413.07,17,0,0,1,0,0,35,0
411.18,17,0,0,1,0,0,35,0
410.21,17,0,0,1,0,0,35,0
410.18,17,0,0,1,0,0,35,0
410.26,17,0,0,1,0,0,35,0
408.01,17,0,0,1,0,0,-188,0
408.92,17,0,0,1,0,0,-188,0
409.88,17,0,0,1,0,0,-188,0
408.22,17,0,0,1,0,0,-188,0
406.74,17,0,0,1,0,0,-188,0
411.03,17,0,0,1,0,0,-188,0
410.60,17,0,0,1,0,0,100,0
414.90,17,0,0,1,0,0,100,0
415.86,17,0,0,1,0,0,100,0
414.39,17,0,0,1,0,0,100,0
418.59,17,0,0,1,0,0,100,0
417.67,17,0,0,1,0,0,100,0
418.22,17,0,0,1,0,0,100,0
416.34,17,0,0,1,0,0,100,0
411.89,17,0,0,1,0,0,100,0
416.19,17,0,0,1,0,0,100,0
417.15,17,0,0,1,0,0,100,0
415.68,17,0,0,1,0,0,100,0
419.88,17,0,0,1,0,0,100,0
418.96,17,0,0,1,0,0,100,0
419.51,17,0,0,1,0,0,100,0
417.62,17,0,0,1,0,0,100,0
415.95,17,0,0,1,0,0,35,0
414.46,17,0,0,1,0,0,35,0
415.36,17,0,0,1,0,0,35,0
416.32,17,0,0,1,0,0,35,0
414.66,17,0,0,1,0,0,35,0
413.18,17,0,0,1,0,0,35,0
417.47,17,0,0,1,0,0,35,0
418.44,17,0,0,1,0,0,35,0
416.97,17,0,0,1,0,0,35,0
421.17,17,0,0,1,0,0,35,0
420.25,17,0,0,1,0,0,35,0
420.80,17,0,0,1,0,0,35,0
418.91,17,0,0,1,0,0,35,0
417.94,17,0,0,1,0,0,35,0
417.91,17,0,0,1,0,0,35,0
417.99,17,0,0,1,0,0,35,0
428.58,45,0,0,1,0,0,-405,0
428.14,45,1,0,1,0,0,-405,0
429.44,45,0,0,1,0,0,-405,0
435.35,45,0,0,1,0,0,-405,0
436.47,45,1,0,1,0,0,-405,0
437.11,45,0,0,1,0,0,-405,0
386.24,31,0,0,1,0,0,550,0
385.70,31,0,0,1,0,0,550,0
385.29,31,0,0,1,0,0,550,0
385.26,31,0,0,1,0,0,550,0
383.94,31,0,0,1,0,0,550,0
384.17,31,0,0,1,0,0,550,0
383.86,31,0,0,1,0,0,550,0
384.22,31,0,0,1,0,0,550,0
383.13,31,0,0,1,0,0,550,0
382.73,31,0,0,1,0,0,550,0
382.71,31,0,0,1,0,0,550,0
381.74,31,0,0,1,0,0,550,0
383.79,31,0,0,1,0,0,550,0
383.25,31,0,0,1,0,0,550,0
382.81,31,0,0,1,0,0,550,0
382.79,31,0,0,1,0,0,550,0
381.41,31,0,0,1,0,0,550,0
381.65,31,0,0,1,0,0,550,0
381.29,31,0,0,1,0,0,550,0
381.66,31,0,0,1,0,0,550,0
380.57,31,0,0,1,0,0,550,0
380.16,31,0,0,1,0,0,550,0
380.14,31,0,0,1,0,0,550,0
379.18,31,0,0,1,0,0,550,0
385.70,45,0,0,1,0,0,-188,0
386.37,45,0,0,1,0,0,-188,0
387.01,45,0,0,1,0,0,-188,0
387.44,45,0,0,1,0,0,-188,0
386.25,45,0,0,1,0,0,-188,0
385.40,45,0,0,1,0,0,-188,0
387.44,17,0,0,1,0,0,100,0
389.32,17,0,0,1,0,0,100,0
390.09,17,0,0,1,0,0,100,0
387.35,17,0,0,1,0,0,100,0
388.49,17,0,0,1,0,0,100,0
388.01,17,0,0,1,0,0,100,0
388.04,17,0,0,1,0,0,100,0
388.64,17,0,0,1,0,0,100,0
392.15,31,1,0,1,0,0,70,0
397.17,45,0,0,1,0,0,-405,0
395.86,45,1,0,1,0,0,-405,0
397.73,31,0,0,1,0,0,550,0
397.44,31,0,0,1,0,0,550,0
397.43,31,0,0,1,0,0,550,0
396.85,31,0,0,1,0,0,550,0
397.13,31,0,0,1,0,0,550,0
396.87,31,0,0,1,0,0,550,0
397.27,31,0,0,1,0,0,550,0
396.24,31,0,0,1,0,0,550,0
395.82,31,0,0,1,0,0,550,0
395.82,31,0,0,1,0,0,550,0
394.66,31,0,0,1,0,0,550,0
398.24,17,0,0,1,0,0,100,0
400.11,17,0,0,1,0,0,100,0
400.89,17,0,0,1,0,0,100,0
398.15,17,0,0,1,0,0,100,0
399.29,17,0,0,1,0,0,100,0
398.81,17,0,0,1,0,0,100,0
398.83,17,0,0,1,0,0,100,0
399.43,17,0,0,1,0,0,100,0
401.31,31,0,0,1,0,0,0,0
400.64,31,0,0,1,0,0,0,0
402.51,31,0,0,1,0,0,0,0
403.29,31,0,0,1,0,0,0,0
400.55,31,0,0,1,0,0,0,0
401.69,31,0,0,1,0,0,0,0
403.03,17,0,0,1,0,0,100,0
404.91,17,0,0,1,0,0,100,0
405.69,17,0,0,1,0,0,100,0
402.94,17,0,0,1,0,0,100,0
404.09,17,0,0,1,0,0,100,0
403.60,17,0,0,1,0,0,100,0
403.63,17,0,0,1,0,0,100,0
404.23,17,0,0,1,0,0,100,0
406.92,31,0,0,1,0,0,550,0
406.38,31,0,0,1,0,0,550,0
405.96,31,0,0,1,0,0,550,0
405.94,31,0,0,1,0,0,550,0
404.61,31,0,0,1,0,0,550,0
404.84,31,0,0,1,0,0,550,0
404.53,31,0,0,1,0,0,550,0
404.89,31,0,0,1,0,0,550,0
403.80,31,0,0,1,0,0,550,0
403.40,31,0,0,1,0,0,550,0
403.38,31,0,0,1,0,0,550,0
402.41,31,0,0,1,0,0,550,0
407.75,31,0,0,1,0,0,550,0
407.21,31,0,0,1,0,0,550,0
406.77,31,0,0,1,0,0,550,0
406.74,31,0,0,1,0,0,550,0
405.37,31,0,0,1,0,0,550,0
405.60,31,0,0,1,0,0,550,0
405.25,31,0,0,1,0,0,550,0
405.61,31,0,0,1,0,0,550,0
404.53,31,0,0,1,0,0,550,0
404.12,31,0,0,1,0,0,550,0
404.10,31,0,0,1,0,0,550,0
403.14,31,0,0,1,0,0,550,0
406.63,17,0,0,1,0,0,100,0
408.51,17,0,0,1,0,0,100,0
409.29,17,0,0,1,0,0,100,0
406.54,17,0,0,1,0,0,100,0
407.69,17,0,0,1,0,0,100,0
407.20,17,0,0,1,0,0,100,0
407.23,17,0,0,1,0,0,100,0
407.83,17,0,0,1,0,0,100,0
410.88,31,0,0,1,0,0,550,0
410.47,31,0,0,1,0,0,550,0
410.44,31,0,0,1,0,0,550,0
409.11,31,0,0,1,0,0,550,0
409.35,31,0,0,1,0,0,550,0
409.04,31,0,0,1,0,0,550,0
409.40,31,0,0,1,0,0,550,0
408.31,31,0,0,1,0,0,550,0
407.91,31,0,0,1,0,0,550,0
407.89,31,0,0,1,0,0,550,0
406.92,31,0,0,1,0,0,550,0
410.03,31,0,0,1,0,0,-200,0
410.70,31,0,0,1,0,0,-200,0
411.34,31,0,0,1,0,0,-200,0
411.77,31,0,0,1,0,0,-200,0
410.58,31,0,0,1,0,0,-200,0
409.73,31,0,0,1,0,0,-200,0
410.60,45,1,0,1,0,0,-365,0
410.83,31,0,0,1,0,0,550,0
410.41,31,0,0,1,0,0,550,0
410.39,31,0,0,1,0,0,550,0
409.06,31,0,0,1,0,0,550,0
409.29,31,0,0,1,0,0,550,0
408.98,31,0,0,1,0,0,550,0
409.34,31,0,0,1,0,0,550,0
408.25,31,0,0,1,0,0,550,0
407.85,31,0,0,1,0,0,550,0
407.83,31,0,0,1,0,0,550,0
406.86,31,0,0,1,0,0,550,0
413.95,31,0,0,1,0,0,550,0
413.41,31,0,0,1,0,0,550,0
413.00,31,0,0,1,0,0,550,0
412.97,31,0,0,1,0,0,550,0
411.64,31,0,0,1,0,0,550,0
411.88,31,0,0,1,0,0,550,0
411.57,31,0,0,1,0,0,550,0
411.93,31,0,0,1,0,0,550,0
410.84,31,0,0,1,0,0,550,0
410.44,31,0,0,1,0,0,550,0
410.42,31,0,0,1,0,0,550,0
409.45,31,0,0,1,0,0,550,0
412.86,31,0,0,1,0,0,-200,0
413.50,31,0,0,1,0,0,-200,0
414.14,31,0,0,1,0,0,-200,0
414.58,31,0,0,1,0,0,-200,0
413.35,31,0,0,1,0,0,-200,0
412.47,31,0,0,1,0,0,-200,0
440.22,17,0,0,1,0,0,100,0
442.10,17,0,0,1,0,0,100,0
442.87,17,0,0,1,0,0,100,0
440.13,17,0,0,1,0,0,100,0
441.27,17,0,0,1,0,0,100,0
440.79,17,0,0,1,0,0,100,0
440.82,17,0,0,1,0,0,100,0
441.42,17,0,0,1,0,0,100,0
384.01,9,0,0,1,0,0,-550,0
384.01,9,0,0,1,0,0,-550,0
384.01,9,0,0,1,0,0,-550,0
384.01,9,0,0,1,0,0,-550,0
384.01,9,0,0,1,0,0,-550,0
384.01,9,0,0,1,0,0,-550,0
379.25,9,0,0,1,0,0,-550,0
382.78,9,0,0,1,0,0,-550,0
392.13,17,0,0,1,0,0,100,0
393.38,17,0,0,1,0,0,100,0
397.87,17,0,0,1,0,0,100,0
397.81,17,0,0,1,0,0,100,0
397.83,17,0,0,1,0,0,100,0
401.36,17,0,0,1,0,0,100,0
401.80,17,0,0,1,0,0,100,0
401.05,17,0,0,1,0,0,100,0
411.34,2,0,0,1,0,0,100,0
410.24,2,0,0,1,0,0,100,0
410.58,2,0,0,1,0,0,100,0
412.51,2,0,0,1,0,0,100,0
412.75,2,0,0,1,0,0,100,0
417.93,21,0,0,1,0,0,50,0
418.26,21,0,0,1,0,0,50,0
420.19,21,0,0,1,0,0,50,0
420.44,21,0,0,1,0,0,50,0
417.93,21,0,0,1,0,0,50,0
417.93,21,0,0,1,0,0,50,0
417.93,21,0,0,1,0,0,50,0
369.16,17,0,0,1,0,0,35,0
368.03,17,0,0,1,0,0,35,0
368.89,17,0,0,1,0,0,35,0
369.85,17,0,0,1,0,0,35,0
367.04,17,0,0,1,0,0,35,0
368.25,17,0,0,1,0,0,35,0
369.45,17,0,0,1,0,0,35,0
372.51,17,0,0,1,0,0,35,0
372.11,17,0,0,1,0,0,35,0
372.18,17,0,0,1,0,0,35,0
376.26,17,0,0,1,0,0,35,0
378.02,17,0,0,1,0,0,35,0
379.00,17,0,0,1,0,0,35,0
378.31,17,0,0,1,0,0,35,0
376.58,17,0,0,1,0,0,35,0
376.45,17,0,0,1,0,0,35,0
383.12,17,0,0,1,0,0,100,0
384.32,17,0,0,1,0,0,100,0
387.37,17,0,0,1,0,0,100,0
386.98,17,0,0,1,0,0,100,0
387.04,17,0,0,1,0,0,100,0
391.13,17,0,0,1,0,0,100,0
392.89,17,0,0,1,0,0,100,0
393.87,17,0,0,1,0,0,100,0
384.11,17,0,0,1,0,0,100,0
385.31,17,0,0,1,0,0,100,0
388.36,17,0,0,1,0,0,100,0
387.97,17,0,0,1,0,0,100,0
388.03,17,0,0,1,0,0,100,0
392.12,17,0,0,1,0,0,100,0
393.88,17,0,0,1,0,0,100,0
394.86,17,0,0,1,0,0,100,0
393.03,17,0,0,1,0,0,100,0
394.23,17,0,0,1,0,0,100,0
397.28,17,0,0,1,0,0,100,0
396.89,17,0,0,1,0,0,100,0
396.95,17,0,0,1,0,0,100,0
401.04,17,0,0,1,0,0,100,0
402.80,17,0,0,1,0,0,100,0
403.78,17,0,0,1,0,0,100,0
394.02,17,0,0,1,0,0,100,0
395.22,17,0,0,1,0,0,100,0
398.27,17,0,0,1,0,0,100,0
397.88,17,0,0,1,0,0,100,0
397.94,17,0,0,1,0,0,100,0
402.03,17,0,0,1,0,0,100,0
403.79,17,0,0,1,0,0,100,0
404.77,17,0,0,1,0,0,100,0
394.02,17,0,0,1,0,0,100,0
395.22,17,0,0,1,0,0,100,0
398.27,17,0,0,1,0,0,100,0
397.88,17,0,0,1,0,0,100,0
397.94,17,0,0,1,0,0,100,0
402.03,17,0,0,1,0,0,100,0
403.79,17,0,0,1,0,0,100,0
404.77,17,0,0,1,0,0,100,0
395.01,17,0,0,1,0,0,100,0
396.21,17,0,0,1,0,0,100,0
399.27,17,0,0,1,0,0,100,0
398.87,17,0,0,1,0,0,100,0
398.93,17,0,0,1,0,0,100,0
403.02,17,0,0,1,0,0,100,0
404.78,17,0,0,1,0,0,100,0
405.76,17,0,0,1,0,0,100,0
395.01,17,0,0,1,0,0,100,0
396.21,17,0,0,1,0,0,100,0
399.27,17,0,0,1,0,0,100,0
398.87,17,0,0,1,0,0,100,0
398.93,17,0,0,1,0,0,100,0
403.02,17,0,0,1,0,0,100,0
404.78,17,0,0,1,0,0,100,0
405.76,17,0,0,1,0,0,100,0
396.00,17,0,0,1,0,0,100,0
397.20,17,0,0,1,0,0,100,0
400.26,17,0,0,1,0,0,100,0
399.86,17,0,0,1,0,0,100,0
399.92,17,0,0,1,0,0,100,0
404.01,17,0,0,1,0,0,100,0
405.77,17,0,0,1,0,0,100,0
406.75,17,0,0,1,0,0,100,0
397.98,17,0,0,1,0,0,100,0
399.18,17,0,0,1,0,0,100,0
402.24,17,0,0,1,0,0,100,0
401.84,17,0,0,1,0,0,100,0
401.91,17,0,0,1,0,0,100,0
405.99,17,0,0,1,0,0,100,0
407.75,17,0,0,1,0,0,100,0
408.73,17,0,0,1,0,0,100,0
402.61,17,0,0,1,0,0,650,0
401.97,17,0,0,1,0,0,650,0
401.89,17,0,0,1,0,0,650,0
403.93,17,0,0,1,0,0,100,0
405.13,17,0,0,1,0,0,100,0
408.19,17,0,0,1,0,0,100,0
407.79,17,0,0,1,0,0,100,0
407.85,17,0,0,1,0,0,100,0
411.94,17,0,0,1,0,0,100,0
413.70,17,0,0,1,0,0,100,0
414.68,17,0,0,1,0,0,100,0
403.93,17,0,0,1,0,0,100,0
405.13,17,0,0,1,0,0,100,0
408.19,17,0,0,1,0,0,100,0
407.79,17,0,0,1,0,0,100,0
407.85,17,0,0,1,0,0,100,0
411.94,17,0,0,1,0,0,100,0
413.70,17,0,0,1,0,0,100,0
414.68,17,0,0,1,0,0,100,0
415.09,45,0,0,1,0,0,340,0
414.38,45,0,0,1,0,0,340,0
413.19,45,0,0,1,0,0,340,0
413.02,45,0,0,1,0,0,340,0
416.73,17,0,0,1,0,0,35,0
415.60,17,0,0,1,0,0,35,0
416.46,17,0,0,1,0,0,35,0
417.41,17,0,0,1,0,0,35,0
414.61,17,0,0,1,0,0,35,0
415.82,17,0,0,1,0,0,35,0
417.02,17,0,0,1,0,0,35,0
420.08,17,0,0,1,0,0,35,0
419.68,17,0,0,1,0,0,35,0
419.74,17,0,0,1,0,0,35,0
423.83,17,0,0,1,0,0,35,0
425.59,17,0,0,1,0,0,35,0
426.57,17,0,0,1,0,0,35,0
425.88,17,0,0,1,0,0,35,0
424.15,17,0,0,1,0,0,35,0
424.02,17,0,0,1,0,0,35,0
420.56,2,0,0,1,0,0,100,0
424.50,2,0,0,1,0,0,100,0
424.35,2,0,0,1,0,0,100,0
424.33,2,0,0,1,0,0,100,0
428.21,2,0,0,1,0,0,100,0
429.26,2,0,0,1,0,0,100,0
450.28,31,0,0,1,0,0,0,0
451.50,31,0,0,1,0,0,0,0
452.70,31,0,0,1,0,0,0,0
455.75,31,0,0,1,0,0,0,0
455.36,31,0,0,1,0,0,0,0
455.42,31,0,0,1,0,0,0,0
360.00,45,0,0,1,0,0,-405,0
360.00,45,1,0,1,0,0,-405,0
360.00,45,0,0,1,0,0,-405,0
364.00,31,0,0,1,0,0,550,0
364.00,31,0,0,1,0,0,550,0
364.00,31,0,0,1,0,0,550,0
364.00,31,0,0,1,0,0,550,0
364.00,31,0,0,1,0,0,550,0
364.00,31,0,0,1,0,0,550,0
364.00,31,0,0,1,0,0,550,0
364.00,31,0,0,1,0,0,550,0
364.00,31,0,0,1,0,0,550,0
364.00,31,0,0,1,0,0,550,0
364.00,31,0,0,1,0,0,550,0
370.00,31,0,0,1,0,0,200,0
370.00,31,0,0,1,0,0,200,0
370.00,31,0,0,1,0,0,200,0
370.00,31,0,0,1,0,0,200,0
370.00,31,0,0,1,0,0,200,0
370.00,31,0,0,1,0,0,200,0
370.00,45,0,0,1,0,0,-405,0
370.00,45,1,0,1,0,0,-405,0
370.00,45,0,0,1,0,0,-405,0
374.00,31,0,0,1,0,0,-200,0
374.00,31,0,0,1,0,0,-200,0
374.00,31,0,0,1,0,0,-200,0
374.00,31,0,0,1,0,0,-200,0
374.00,31,0,0,1,0,0,-200,0
374.00,31,0,0,1,0,0,-200,0
375.00,31,0,0,1,0,0,-200,0
375.00,31,0,0,1,0,0,-200,0
375.00,31,0,0,1,0,0,-200,0
375.00,31,0,0,1,0,0,-200,0
375.00,31,0,0,1,0,0,-200,0
375.00,31,0,0,1,0,0,-200,0
377.00,31,0,0,1,0,0,200,0
377.00,31,0,0,1,0,0,200,0
377.00,31,0,0,1,0,0,200,0
377.00,31,0,0,1,0,0,200,0
377.00,31,0,0,1,0,0,200,0
377.00,31,0,0,1,0,0,200,0
379.00,31,0,0,1,0,0,-200,0
379.00,31,0,0,1,0,0,-200,0
379.00,31,0,0,1,0,0,-200,0
379.00,31,0,0,1,0,0,-200,0
379.00,31,0,0,1,0,0,-200,0
379.00,31,0,0,1,0,0,-200,0
380.00,31,0,0,1,0,0,200,0
380.00,31,0,0,1,0,0,200,0
380.00,31,0,0,1,0,0,200,0
380.00,31,0,0,1,0,0,200,0
380.00,31,0,0,1,0,0,200,0
380.00,31,0,0,1,0,0,200,0
380.00,31,0,0,1,0,0,200,0
380.00,31,0,0,1,0,0,200,0
380.00,31,0,0,1,0,0,200,0
380.00,31,0,0,1,0,0,200,0
380.00,31,0,0,1,0,0,200,0
380.00,31,0,0,1,0,0,200,0
380.00,31,0,0,1,0,0,167,0
380.00,31,0,0,1,0,0,167,0
380.00,31,0,0,1,0,0,167,0
380.00,31,0,0,1,0,0,167,0
380.00,31,0,0,1,0,0,167,0
380.00,45,0,0,1,0,0,-405,0
380.00,45,1,0,1,0,0,-405,0
380.00,45,0,0,1,0,0,-405,0
381.00,31,0,0,1,0,0,200,0
381.00,31,0,0,1,0,0,200,0
381.00,31,0,0,1,0,0,200,0
381.00,31,0,0,1,0,0,200,0
381.00,31,0,0,1,0,0,200,0
381.00,31,0,0,1,0,0,200,0
384.00,45,0,0,1,0,0,-405,0
384.00,45,1,0,1,0,0,-405,0
384.00,45,0,0,1,0,0,-405,0
385.00,31,0,0,1,0,0,167,0
385.00,31,0,0,1,0,0,167,0
385.00,31,0,0,1,0,0,167,0
385.00,31,0,0,1,0,0,167,0
385.00,31,0,0,1,0,0,167,0
385.00,31,0,0,1,0,0,700,0
385.00,31,0,0,1,0,0,700,0
385.00,31,0,0,1,0,0,700,0
385.00,31,0,0,1,0,0,700,0
385.00,31,0,0,1,0,0,700,0
385.00,31,0,0,1,0,0,700,0
385.00,31,0,0,1,0,0,700,0
385.00,31,0,0,1,0,0,700,0
385.00,31,0,0,1,0,0,700,0
385.00,31,0,0,1,0,0,-200,0
385.00,31,0,0,1,0,0,-200,0
385.00,31,0,0,1,0,0,-200,0
385.00,31,0,0,1,0,0,-200,0
385.00,31,0,0,1,0,0,-200,0
385.00,31,0,0,1,0,0,-200,0
386.00,31,0,0,1,0,0,-200,0
386.00,31,0,0,1,0,0,-200,0
386.00,31,0,0,1,0,0,-200,0
386.00,31,0,0,1,0,0,-200,0
386.00,31,0,0,1,0,0,-200,0
386.00,31,0,0,1,0,0,-200,0
387.00,31,1,0,1,0,0,134,0
387.00,31,0,0,1,0,0,134,0
387.00,31,0,0,1,0,0,200,0
387.00,31,0,0,1,0,0,200,0
387.00,31,0,0,1,0,0,200,0
387.00,31,0,0,1,0,0,200,0
387.00,31,0,0,1,0,0,200,0
387.00,31,0,0,1,0,0,200,0
387.67,17,0,0,1,0,0,100,0
387.67,17,0,0,1,0,0,100,0
387.67,17,0,0,1,0,0,100,0
387.67,17,0,0,1,0,0,100,0
387.67,17,0,0,1,0,0,100,0
387.67,17,0,0,1,0,0,100,0
387.67,17,0,0,1,0,0,100,0
387.67,17,0,0,1,0,0,100,0
388.00,31,0,0,1,0,0,200,0
388.00,31,0,0,1,0,0,200,0
388.00,31,0,0,1,0,0,200,0
388.00,31,0,0,1,0,0,200,0
388.00,31,0,0,1,0,0,200,0
388.00,31,0,0,1,0,0,200,0
388.00,31,0,0,1,0,0,167,0
388.00,31,0,0,1,0,0,167,0
388.00,31,0,0,1,0,0,167,0
388.00,31,0,0,1,0,0,167,0
388.00,31,0,0,1,0,0,167,0
388.00,17,0,0,1,0,0,340,0
388.00,17,0,0,1,0,0,340,0
388.00,17,0,0,1,0,0,340,0
389.00,31,0,0,1,0,0,200,0
389.00,31,0,0,1,0,0,200,0
389.00,31,0,0,1,0,0,200,0
389.00,31,0,0,1,0,0,200,0
389.00,31,0,0,1,0,0,200,0
389.00,31,0,0,1,0,0,200,0
391.00,31,0,0,1,0,0,-200,0
391.00,31,0,0,1,0,0,-200,0
391.00,31,0,0,1,0,0,-200,0
391.00,31,0,0,1,0,0,-200,0
391.00,31,0,0,1,0,0,-200,0
391.00,31,0,0,1,0,0,-200,0
392.00,31,0,0,1,0,0,200,0
392.00,31,0,0,1,0,0,200,0
392.00,31,0,0,1,0,0,200,0
392.00,31,0,0,1,0,0,200,0
392.00,31,0,0,1,0,0,200,0
392.00,31,0,0,1,0,0,200,0
392.00,31,0,0,1,0,0,167,0
392.00,31,0,0,1,0,0,167,0
392.00,31,0,0,1,0,0,167,0
392.00,31,0,0,1,0,0,167,0
392.00,31,0,0,1,0,0,167,0
394.00,17,0,0,1,0,0,100,0
394.00,17,0,0,1,0,0,100,0
394.00,17,0,0,1,0,0,100,0
394.00,17,0,0,1,0,0,100,0
394.00,17,0,0,1,0,0,100,0
394.00,17,0,0,1,0,0,100,0
394.00,17,0,0,1,0,0,100,0
394.00,17,0,0,1,0,0,100,0
395.00,31,0,0,1,0,0,167,0
395.00,31,0,0,1,0,0,167,0
395.00,31,0,0,1,0,0,167,0
395.00,31,0,0,1,0,0,167,0
395.00,31,0,0,1,0,0,167,0
395.00,31,0,0,1,0,0,167,0
395.00,31,0,0,1,0,0,167,0
395.00,31,0,0,1,0,0,167,0
395.00,31,0,0,1,0,0,167,0
395.00,31,0,0,1,0,0,167,0
395.00,17,0,0,1,0,0,100,0
395.00,17,0,0,1,0,0,100,0
395.00,17,0,0,1,0,0,100,0
395.00,17,0,0,1,0,0,100,0
395.00,17,0,0,1,0,0,100,0
395.00,17,0,0,1,0,0,100,0
395.00,17,0,0,1,0,0,100,0
395.00,17,0,0,1,0,0,100,0
395.00,17,0,0,1,0,0,650,0
395.00,17,0,0,1,0,0,650,0
395.00,17,0,0,1,0,0,650,0
395.00,17,0,0,1,0,0,650,0
395.00,45,0,0,1,0,0,-405,0
395.00,45,1,0,1,0,0,-405,0
395.00,45,0,0,1,0,0,-405,0
396.00,31,0,0,1,0,0,100,0
396.00,31,0,0,1,0,0,100,0
396.00,31,0,0,1,0,0,100,0
396.00,31,0,0,1,0,0,100,0
396.00,31,0,0,1,0,0,100,0
396.00,31,0,0,1,0,0,100,0
396.00,31,0,0,1,0,0,-200,0
396.00,31,0,0,1,0,0,-200,0
396.00,31,0,0,1,0,0,-200,0
396.00,31,0,0,1,0,0,-200,0
396.00,31,0,0,1,0,0,-200,0
396.00,31,0,0,1,0,0,-200,0
396.00,31,0,0,1,0,0,550,0
396.00,31,0,0,1,0,0,550,0
396.00,31,0,0,1,0,0,550,0
396.00,31,0,0,1,0,0,550,0
396.00,31,0,0,1,0,0,550,0
396.00,31,0,0,1,0,0,550,0
396.00,31,0,0,1,0,0,550,0
396.00,31,0,0,1,0,0,550,0
396.00,31,0,0,1,0,0,550,0
396.00,31,0,0,1,0,0,550,0
396.00,31,0,0,1,0,0,550,0
397.00,31,1,0,1,0,0,134,0
397.00,31,0,0,1,0,0,134,0
397.00,31,0,0,1,0,0,-200,0
397.00,31,0,0,1,0,0,-200,0
397.00,31,0,0,1,0,0,-200,0
397.00,31,0,0,1,0,0,-200,0
397.00,31,0,0,1,0,0,-200,0
397.00,31,0,0,1,0,0,-200,0
398.00,31,0,0,1,0,0,0,0
398.00,31,0,0,1,0,0,0,0
398.00,31,0,0,1,0,0,0,0
398.00,31,0,0,1,0,0,0,0
398.00,31,0,0,1,0,0,0,0
398.00,31,0,0,1,0,0,0,0
399.00,31,0,0,1,0,0,100,0
399.00,31,0,0,1,0,0,100,0
399.00,31,0,0,1,0,0,100,0
399.00,31,0,0,1,0,0,100,0
399.00,31,0,0,1,0,0,100,0
399.00,31,0,0,1,0,0,100,0
399.00,17,0,0,1,0,0,650,0
399.00,17,0,0,1,0,0,650,0
399.00,17,0,0,1,0,0,650,0
399.00,31,0,0,1,0,0,550,0
399.00,31,0,0,1,0,0,550,0
399.00,31,0,0,1,0,0,550,0
399.00,31,0,0,1,0,0,550,0
399.00,31,0,0,1,0,0,550,0
399.00,31,0,0,1,0,0,550,0
399.00,31,0,0,1,0,0,550,0
399.00,31,0,0,1,0,0,550,0
399.00,31,0,0,1,0,0,550,0
399.00,31,0,0,1,0,0,550,0
399.00,31,0,0,1,0,0,550,0
399.00,17,0,0,1,0,0,35,0
399.00,17,0,0,1,0,0,35,0
399.00,17,0,0,1,0,0,35,0
399.00,17,0,0,1,0,0,35,0
399.00,17,0,0,1,0,0,35,0
399.00,17,0,0,1,0,0,35,0
399.00,17,0,0,1,0,0,35,0
399.00,17,0,0,1,0,0,35,0
399.00,17,0,0,1,0,0,35,0
399.00,17,0,0,1,0,0,35,0
399.00,17,0,0,1,0,0,35,0
399.00,17,0,0,1,0,0,35,0
399.00,17,0,0,1,0,0,35,0
399.00,17,0,0,1,0,0,35,0
399.00,17,0,0,1,0,0,35,0
399.00,17,0,0,1,0,0,35,0
400.00,31,0,0,1,0,0,600,0
400.00,31,0,0,1,0,0,600,0
400.00,31,0,0,1,0,0,600,0
400.00,31,0,0,1,0,0,600,0
400.00,31,0,0,1,0,0,600,0
400.00,31,0,0,1,0,0,600,0
400.00,31,0,0,1,0,0,600,0
400.00,31,0,0,1,0,0,600,0
400.00,31,0,0,1,0,0,600,0
400.00,31,0,0,1,0,0,600,0
400.00,31,0,0,1,0,0,100,0
400.00,31,0,0,1,0,0,100,0
400.00,31,0,0,1,0,0,100,0
400.00,31,0,0,1,0,0,100,0
400.00,31,0,0,1,0,0,100,0
400.00,31,0,0,1,0,0,100,0
400.00,31,0,0,1,0,0,-200,0
400.00,31,0,0,1,0,0,-200,0
400.00,31,0,0,1,0,0,-200,0
400.00,31,0,0,1,0,0,-200,0
400.00,31,0,0,1,0,0,-200,0
400.00,31,0,0,1,0,0,-200,0
402.00,31,0,0,1,0,0,100,0
402.00,31,0,0,1,0,0,100,0
402.00,31,0,0,1,0,0,100,0
402.00,31,0,0,1,0,0,100,0
402.00,31,0,0,1,0,0,100,0
402.00,31,0,0,1,0,0,100,0
402.00,31,0,0,1,0,0,100,0
402.00,31,0,0,1,0,0,100,0
402.00,31,0,0,1,0,0,100,0
402.00,31,0,0,1,0,0,100,0
402.00,31,0,0,1,0,0,100,0
402.00,31,0,0,1,0,0,100,0
402.00,31,0,0,1,0,0,167,0
402.00,31,0,0,1,0,0,167,0
402.00,31,0,0,1,0,0,167,0
402.00,31,0,0,1,0,0,167,0
402.00,31,0,0,1,0,0,167,0
402.00,31,0,0,1,0,0,-200,0
402.00,31,0,0,1,0,0,-200,0
402.00,31,0,0,1,0,0,-200,0
402.00,31,0,0,1,0,0,-200,0
402.00,31,0,0,1,0,0,-200,0
402.00,31,0,0,1,0,0,-200,0
403.00,31,0,0,1,0,0,100,0
403.00,31,0,0,1,0,0,100,0
403.00,31,0,0,1,0,0,100,0
403.00,31,0,0,1,0,0,100,0
403.00,31,0,0,1,0,0,100,0
403.00,31,0,0,1,0,0,100,0
403.00,17,0,0,1,0,0,100,0
403.00,17,0,0,1,0,0,100,0
403.00,17,0,0,1,0,0,100,0
403.00,17,0,0,1,0,0,100,0
403.00,17,0,0,1,0,0,100,0
403.00,17,0,0,1,0,0,100,0
403.00,17,0,0,1,0,0,100,0
403.00,17,0,0,1,0,0,100,0
404.00,31,0,0,1,0,0,100,0
404.00,31,0,0,1,0,0,100,0
404.00,31,0,0,1,0,0,100,0
404.00,31,0,0,1,0,0,100,0
404.00,31,0,0,1,0,0,100,0
404.00,31,0,0,1,0,0,100,0
404.00,31,0,0,1,0,0,550,0
404.00,31,0,0,1,0,0,550,0
404.00,31,0,0,1,0,0,550,0
404.00,31,0,0,1,0,0,550,0
404.00,31,0,0,1,0,0,550,0
404.00,31,0,0,1,0,0,550,0
404.00,31,0,0,1,0,0,550,0
404.00,31,0,0,1,0,0,550,0
404.00,31,0,0,1,0,0,550,0
404.00,31,0,0,1,0,0,550,0
404.00,31,0,0,1,0,0,550,0
405.00,31,0,0,1,0,0,550,0
405.00,31,0,0,1,0,0,550,0
405.00,31,0,0,1,0,0,550,0
405.00,31,0,0,1,0,0,550,0
405.00,31,0,0,1,0,0,550,0
405.00,31,0,0,1,0,0,550,0
405.00,31,0,0,1,0,0,550,0
405.00,31,0,0,1,0,0,550,0
405.00,31,0,0,1,0,0,550,0
405.00,31,0,0,1,0,0,550,0
405.00,31,0,0,1,0,0,550,0
405.00,45,0,0,1,0,0,-405,0
405.00,45,1,0,1,0,0,-405,0
405.00,45,0,0,1,0,0,-405,0
405.00,45,0,0,1,0,0,-405,0
405.00,45,1,0,1,0,0,-405,0
405.00,45,0,0,1,0,0,-405,0
405.00,45,1,0,1,0,0,-365,0
405.00,45,0,0,1,0,0,-365,0
406.00,17,0,0,1,0,0,100,0
406.00,17,0,0,1,0,0,100,0
406.00,17,0,0,1,0,0,100,0
406.00,17,0,0,1,0,0,100,0
406.00,17,0,0,1,0,0,100,0
406.00,17,0,0,1,0,0,100,0
406.00,17,0,0,1,0,0,100,0
406.00,17,0,0,1,0,0,100,0
406.00,45,0,0,1,0,0,-405,0
406.00,45,1,0,1,0,0,-405,0
406.00,45,0,0,1,0,0,-405,0
408.00,31,0,0,1,0,0,550,0
408.00,31,0,0,1,0,0,550,0
408.00,31,0,0,1,0,0,550,0
408.00,31,0,0,1,0,0,550,0
408.00,31,0,0,1,0,0,550,0
408.00,31,0,0,1,0,0,550,0
408.00,31,0,0,1,0,0,550,0
408.00,31,0,0,1,0,0,550,0
408.00,31,0,0,1,0,0,550,0
408.00,31,0,0,1,0,0,550,0
408.00,31,0,0,1,0,0,550,0
409.00,31,0,0,1,0,0,100,0
409.00,31,0,0,1,0,0,100,0
409.00,31,0,0,1,0,0,100,0
409.00,31,0,0,1,0,0,100,0
409.00,31,0,0,1,0,0,100,0
409.00,31,0,0,1,0,0,100,0
409.00,31,0,0,1,0,0,550,0
409.00,31,0,0,1,0,0,550,0
409.00,31,0,0,1,0,0,550,0
409.00,31,0,0,1,0,0,550,0
409.00,31,0,0,1,0,0,550,0
409.00,31,0,0,1,0,0,550,0
409.00,31,0,0,1,0,0,550,0
409.00,31,0,0,1,0,0,550,0
409.00,31,0,0,1,0,0,550,0
409.00,31,0,0,1,0,0,550,0
409.00,31,0,0,1,0,0,550,0
410.00,31,0,0,1,0,0,550,0
410.00,31,0,0,1,0,0,550,0
410.00,31,0,0,1,0,0,550,0
410.00,31,0,0,1,0,0,550,0
410.00,31,0,0,1,0,0,550,0
410.00,31,0,0,1,0,0,550,0
410.00,31,0,0,1,0,0,550,0
410.00,31,0,0,1,0,0,550,0
410.00,31,0,0,1,0,0,550,0
410.00,31,0,0,1,0,0,550,0
410.00,31,0,0,1,0,0,550,0
410.00,45,0,0,1,0,0,-405,0
410.00,45,1,0,1,0,0,-405,0
410.00,45,0,0,1,0,0,-405,0
410.00,45,0,0,1,0,0,-405,0
410.00,45,1,0,1,0,0,-405,0
410.00,45,0,0,1,0,0,-405,0
411.00,17,0,0,1,0,0,100,0
411.00,17,0,0,1,0,0,100,0
411.00,17,0,0,1,0,0,100,0
411.00,17,0,0,1,0,0,100,0
411.00,17,0,0,1,0,0,100,0
411.00,17,0,0,1,0,0,100,0
411.00,17,0,0,1,0,0,100,0
411.00,17,0,0,1,0,0,100,0
412.00,31,1,0,1,0,0,134,0
412.00,31,0,0,1,0,0,134,0
412.00,17,0,0,1,0,0,100,0
412.00,17,0,0,1,0,0,100,0
412.00,17,0,0,1,0,0,100,0
412.00,17,0,0,1,0,0,100,0
412.00,17,0,0,1,0,0,100,0
412.00,17,0,0,1,0,0,100,0
412.00,17,0,0,1,0,0,100,0
412.00,17,0,0,1,0,0,100,0
412.00,9,0,0,1,0,0,340,0
412.00,9,0,0,1,0,0,340,0
412.00,9,0,0,1,0,0,340,0
412.00,9,0,0,1,0,0,340,0
413.00,45,1,0,1,0,0,-368,0
413.00,45,0,0,1,0,0,-368,0
415.00,31,0,0,1,0,0,550,0
415.00,31,0,0,1,0,0,550,0
415.00,31,0,0,1,0,0,550,0
415.00,31,0,0,1,0,0,550,0
415.00,31,0,0,1,0,0,550,0
415.00,31,0,0,1,0,0,550,0
415.00,31,0,0,1,0,0,550,0
415.00,31,0,0,1,0,0,550,0
415.00,31,0,0,1,0,0,550,0
415.00,31,0,0,1,0,0,550,0
415.00,31,0,0,1,0,0,550,0
415.00,31,0,0,1,0,0,550,0
415.00,31,0,0,1,0,0,100,0
415.00,31,0,0,1,0,0,100,0
415.00,31,0,0,1,0,0,100,0
415.00,31,0,0,1,0,0,100,0
415.00,31,0,0,1,0,0,100,0
415.00,31,0,0,1,0,0,100,0
415.00,31,0,0,1,0,0,100,0
415.00,31,0,0,1,0,0,100,0
415.00,31,0,0,1,0,0,100,0
415.00,31,0,0,1,0,0,100,0
415.00,31,0,0,1,0,0,100,0
415.00,31,0,0,1,0,0,100,0
415.00,17,0,0,1,0,0,100,0
415.00,17,0,0,1,0,0,100,0
415.00,17,0,0,1,0,0,100,0
415.00,17,0,0,1,0,0,100,0
415.00,17,0,0,1,0,0,100,0
415.00,17,0,0,1,0,0,100,0
415.00,17,0,0,1,0,0,100,0
415.00,17,0,0,1,0,0,100,0
416.50,17,0,0,1,0,0,340,0
416.50,17,0,0,1,0,0,340,0
416.50,17,0,0,1,0,0,340,0
417.00,31,0,0,1,0,0,100,0
417.00,31,0,0,1,0,0,100,0
417.00,31,0,0,1,0,0,100,0
417.00,31,0,0,1,0,0,100,0
417.00,31,0,0,1,0,0,100,0
417.00,31,0,0,1,0,0,100,0
417.00,31,0,0,1,0,0,200,0
417.00,31,0,0,1,0,0,200,0
417.00,31,0,0,1,0,0,200,0
417.00,31,0,0,1,0,0,200,0
417.00,31,0,0,1,0,0,200,0
417.00,31,0,0,1,0,0,200,0
417.00,45,0,0,1,0,0,-405,0
417.00,45,1,0,1,0,0,-405,0
417.00,45,0,0,1,0,0,-405,0
419.00,9,0,0,1,0,0,340,0
419.00,9,0,0,1,0,0,340,0
419.00,9,0,0,1,0,0,340,0
419.00,9,0,0,1,0,0,340,0
419.00,31,0,0,1,0,0,-200,0
419.00,31,0,0,1,0,0,-200,0
419.00,31,0,0,1,0,0,-200,0
419.00,31,0,0,1,0,0,-200,0
419.00,31,0,0,1,0,0,-200,0
419.00,31,0,0,1,0,0,-200,0
420.00,45,0,0,1,0,0,-405,0
420.00,45,1,0,1,0,0,-405,0
420.00,45,0,0,1,0,0,-405,0
420.00,31,0,0,1,0,0,700,0
420.00,31,0,0,1,0,0,700,0
420.00,31,0,0,1,0,0,700,0
420.00,31,0,0,1,0,0,700,0
420.00,31,0,0,1,0,0,700,0
420.00,31,0,0,1,0,0,700,0
420.00,31,0,0,1,0,0,700,0
420.00,31,0,0,1,0,0,700,0
420.00,31,0,0,1,0,0,700,0
422.00,31,0,0,1,0,0,200,0
422.00,31,0,0,1,0,0,200,0
422.00,31,0,0,1,0,0,200,0
422.00,31,0,0,1,0,0,200,0
422.00,31,0,0,1,0,0,200,0
422.00,31,0,0,1,0,0,200,0
423.00,17,0,0,1,0,0,100,0
423.00,17,0,0,1,0,0,100,0
423.00,17,0,0,1,0,0,100,0
423.00,17,0,0,1,0,0,100,0
423.00,17,0,0,1,0,0,100,0
423.00,17,0,0,1,0,0,100,0
423.00,17,0,0,1,0,0,100,0
423.00,17,0,0,1,0,0,100,0
425.00,31,1,0,1,0,0,134,0
425.00,31,0,0,1,0,0,134,0
425.00,45,0,0,1,0,0,-405,0
425.00,45,1,0,1,0,0,-405,0
425.00,45,0,0,1,0,0,-405,0
425.00,45,0,0,1,0,0,-405,0
425.00,45,1,0,1,0,0,-405,0
425.00,45,0,0,1,0,0,-405,0
426.00,31,0,0,1,0,0,550,0
426.00,31,0,0,1,0,0,550,0
426.00,31,0,0,1,0,0,550,0
426.00,31,0,0,1,0,0,550,0
426.00,31,0,0,1,0,0,550,0
426.00,31,0,0,1,0,0,550,0
426.00,31,0,0,1,0,0,550,0
426.00,31,0,0,1,0,0,550,0
426.00,31,0,0,1,0,0,550,0
426.00,31,0,0,1,0,0,550,0
426.00,31,0,0,1,0,0,550,0
429.00,31,0,0,1,0,0,-200,0
429.00,31,0,0,1,0,0,-200,0
429.00,31,0,0,1,0,0,-200,0
429.00,31,0,0,1,0,0,-200,0
429.00,31,0,0,1,0,0,-200,0
429.00,31,0,0,1,0,0,-200,0
430.00,45,0,0,1,0,0,-405,0
430.00,45,1,0,1,0,0,-405,0
430.00,45,0,0,1,0,0,-405,0
432.00,45,0,0,1,0,0,-405,0
432.00,45,1,0,1,0,0,-405,0
432.00,45,0,0,1,0,0,-405,0
432.00,2,0,0,1,0,0,100,0
432.00,2,0,0,1,0,0,100,0
432.00,2,0,0,1,0,0,100,0
432.00,2,0,0,1,0,0,100,0
432.00,2,0,0,1,0,0,100,0
432.00,2,0,0,1,0,0,100,0
433.00,31,0,0,1,0,0,550,0
433.00,31,0,0,1,0,0,550,0
433.00,31,0,0,1,0,0,550,0
433.00,31,0,0,1,0,0,550,0
433.00,31,0,0,1,0,0,550,0
433.00,31,0,0,1,0,0,550,0
433.00,31,0,0,1,0,0,550,0
433.00,31,0,0,1,0,0,550,0
433.00,31,0,0,1,0,0,550,0
433.00,31,0,0,1,0,0,550,0
433.00,31,0,0,1,0,0,550,0
433.00,31,0,0,1,0,0,550,0
434.00,31,0,0,1,0,0,550,0
434.00,31,0,0,1,0,0,550,0
434.00,31,0,0,1,0,0,550,0
434.00,31,0,0,1,0,0,550,0
434.00,31,0,0,1,0,0,550,0
434.00,31,0,0,1,0,0,550,0
434.00,31,0,0,1,0,0,550,0
434.00,31,0,0,1,0,0,550,0
434.00,31,0,0,1,0,0,550,0
434.00,31,0,0,1,0,0,550,0
434.00,31,0,0,1,0,0,550,0
446.00,31,0,0,1,0,0,600,0
446.00,31,0,0,1,0,0,600,0
446.00,31,0,0,1,0,0,600,0
446.00,31,0,0,1,0,0,600,0
446.00,31,0,0,1,0,0,600,0
446.00,31,0,0,1,0,0,600,0
446.00,31,0,0,1,0,0,600,0
446.00,31,0,0,1,0,0,600,0
446.00,31,0,0,1,0,0,600,0
446.00,31,0,0,1,0,0,600,0
460.00,31,0,0,1,0,0,-200,0
460.00,31,0,0,1,0,0,-200,0
460.00,31,0,0,1,0,0,-200,0
460.00,31,0,0,1,0,0,-200,0
460.00,31,0,0,1,0,0,-200,0
460.00,31,0,0,1,0,0,-200,0
467.00,17,0,0,1,0,0,173,0
467.00,17,0,0,1,0,0,173,0
467.00,17,0,0,1,0,0,173,0
467.00,17,0,0,1,0,0,173,0
467.00,17,0,0,1,0,0,173,0
467.00,17,0,0,1,0,0,173,0
467.00,17,0,0,1,0,0,173,0
467.00,17,0,0,1,0,0,173,0
467.00,17,0,0,1,0,0,173,0
467.00,17,0,0,1,0,0,173,0
467.00,17,0,0,1,0,0,173,0
477.00,2,0,0,1,0,0,100,0
477.00,2,0,0,1,0,0,100,0
477.00,2,0,0,1,0,0,100,0
477.00,2,0,0,1,0,0,100,0
477.00,2,0,0,1,0,0,100,0
503.15,31,0,0,1,0,0,784,0
503.15,31,0,0,1,0,0,784,0
503.15,31,0,0,1,0,0,784,0
503.15,31,0,0,1,0,0,784,0
503.15,31,0,0,1,0,0,784,0
503.15,31,0,0,1,0,0,784,0
410.25,13,0,0,1,0,0,-425,0
410.25,13,0,0,1,0,0,-425,0
410.25,13,0,0,1,0,0,-425,0
410.25,13,0,0,1,0,0,-425,0
410.25,13,0,0,1,0,0,-425,0
410.25,13,0,0,1,0,0,-425,0
410.25,13,0,0,1,0,0,-425,0
410.25,13,0,0,1,0,0,-425,0
410.25,13,0,0,1,0,0,-425,0
410.25,13,0,0,1,0,0,-425,0
411.35,13,0,0,1,0,0,-425,0
411.74,13,0,0,1,0,0,-425,0
412.27,13,0,0,1,0,0,-425,0
412.90,13,0,0,1,0,0,-425,0
413.16,13,0,0,1,0,0,-425,0
411.38,13,0,0,1,0,0,-425,0
410.75,13,0,0,1,0,0,-425,0
412.86,13,0,0,1,0,0,-425,0
414.43,13,0,0,1,0,0,-425,0
397.20,31,1,0,1,0,0,350,0
397.20,31,4,0,1,0,0,350,0
397.20,31,4,0,1,0,0,350,0
397.20,31,4,0,1,0,0,350,0
397.20,31,4,0,1,0,0,350,0
397.20,31,4,0,1,0,0,350,0
397.20,31,4,0,1,0,0,350,0
397.20,31,3,0,1,0,0,350,0
400.80,31,0,0,1,0,0,339,0
400.80,31,1,0,1,0,0,339,0
400.80,31,1,0,1,0,0,339,0
400.80,31,1,0,1,0,0,339,0
400.80,31,1,0,1,0,0,339,0
400.80,31,1,0,1,0,0,339,0
400.80,31,1,0,1,0,0,339,0
400.80,31,1,0,1,0,0,339,0
400.80,31,1,0,1,0,0,339,0
400.80,31,1,0,1,0,0,339,0
400.80,31,1,0,1,0,0,339,0
400.80,31,1,0,1,0,0,339,0
400.80,31,1,0,1,0,0,339,0
400.80,31,0,0,1,0,0,339,0
412.50,9,0,0,1,0,0,-550,0
412.50,9,0,0,1,0,0,-550,0
412.50,9,0,0,1,0,0,-550,0
412.50,9,0,0,1,0,0,-550,0
412.50,9,0,0,1,0,0,-550,0
412.50,9,0,0,1,0,0,-550,0
412.50,9,0,0,1,0,0,-550,0
412.50,9,0,0,1,0,0,-550,0
413.00,2,1,0,1,0,0,139,0
413.00,2,2,0,1,0,0,139,0
413.00,2,2,0,1,0,0,139,0
413.00,2,2,0,1,0,0,139,0
413.00,2,2,0,1,0,0,139,0
413.00,2,2,0,1,0,0,139,0
413.00,2,2,0,1,0,0,139,0
413.00,2,2,0,1,0,0,139,0
413.00,2,2,0,1,0,0,139,0
413.00,2,2,0,1,0,0,139,0
413.00,2,2,0,1,0,0,139,0
413.00,2,1,0,1,0,0,139,0
416.94,21,0,0,1,0,0,300,0
416.94,21,1,0,1,0,0,300,0
416.94,21,1,0,1,0,0,300,0
416.94,21,1,0,1,0,0,300,0
416.94,21,1,0,1,0,0,300,0
416.94,21,1,0,1,0,0,300,0
416.94,21,0,0,1,0,0,300,0
416.94,21,1,0,1,0,0,300,0
416.94,21,1,0,1,0,0,300,0
416.94,21,1,0,1,0,0,300,0
416.94,21,1,0,1,0,0,300,0
416.94,21,1,0,1,0,0,300,0
420.34,31,0,0,1,0,0,350,0
420.34,31,1,0,1,0,0,350,0
420.34,31,1,0,1,0,0,350,0
420.34,31,1,0,1,0,0,350,0
420.34,31,1,0,1,0,0,350,0
420.34,31,1,0,1,0,0,350,0
420.34,31,1,0,1,0,0,350,0
420.34,31,1,0,1,0,0,350,0
416.90,42,0,0,0,1,0,434,0
417.09,42,0,0,0,1,0,434,0
414.76,42,0,0,0,1,0,434,0
415.02,42,0,0,0,1,0,434,0
417.58,42,0,0,0,1,0,775,0
417.98,42,0,0,0,1,0,775,0
416.68,42,0,0,0,1,0,775,0
416.25,42,0,0,0,1,0,775,0
416.11,42,0,0,0,1,0,775,0
416.18,42,0,0,0,1,0,775,0
416.18,42,0,0,0,1,0,775,0
416.18,42,0,0,0,1,0,775,0
416.18,42,0,0,0,1,0,775,0
419.66,42,0,0,0,1,0,567,0
418.74,42,0,0,0,1,0,567,0
419.14,42,0,0,0,1,0,567,0
417.84,42,0,0,0,1,0,567,0
425.70,40,0,0,0,1,0,650,0
426.10,40,0,0,0,1,0,650,0
424.80,40,0,0,0,1,0,650,0
424.37,40,0,0,0,1,0,650,0
436.62,41,0,0,0,1,0,400,0
436.82,41,1,0,0,1,0,400,0
437.97,42,0,0,0,1,0,550,0
438.23,42,0,0,0,1,0,550,0
437.31,42,0,0,0,1,0,550,0
437.70,42,0,0,0,1,0,550,0
354.23,40,0,0,0,1,0,498,0
352.22,40,0,0,0,1,0,498,0
352.44,40,0,0,0,1,0,498,0
352.24,40,0,0,0,1,0,498,0
352.59,40,0,0,0,1,0,498,0
380.00,41,0,0,0,1,0,450,0
377.98,41,0,0,0,1,0,450,0
378.20,41,0,0,0,1,0,450,0
389.08,34,0,0,0,1,0,-350,0
389.72,34,0,0,0,1,0,-350,0
388.35,34,0,0,0,1,0,-350,0
404.16,1,0,0,0,1,0,284,0
404.71,1,0,0,0,1,0,284,0
402.82,1,0,0,0,1,0,284,0
401.85,1,0,0,0,1,0,284,0
401.82,1,0,0,0,1,0,284,0
401.90,1,0,0,0,1,0,284,0
409.28,41,0,0,0,1,0,700,0
407.97,41,0,0,0,1,0,700,0
407.64,41,0,0,0,1,0,700,0
407.56,41,0,0,0,1,0,700,0
407.34,41,0,0,0,1,0,700,0
414.32,41,0,0,0,1,0,325,0
412.40,41,0,0,0,1,0,325,0
411.42,41,0,0,0,1,0,325,0
411.30,41,0,0,0,1,0,325,0
414.28,1,0,0,0,1,0,484,0
414.36,1,0,0,0,1,0,484,0
412.34,1,0,0,0,1,0,484,0
412.56,1,0,0,0,1,0,484,0
412.37,1,0,0,0,1,0,484,0
412.72,1,0,0,0,1,0,484,0
415.67,40,0,0,0,1,0,755,0
415.34,40,0,0,0,1,0,755,0
415.25,40,0,0,0,1,0,755,0
415.03,40,0,0,0,1,0,755,0
417.92,42,0,0,0,1,0,650,0
418.14,42,0,0,0,1,0,650,0
417.95,42,0,0,0,1,0,650,0
418.30,42,0,0,0,1,0,650,0
416.99,42,0,0,0,1,0,650,0
416.66,42,0,0,0,1,0,650,0
416.57,42,0,0,0,1,0,650,0
416.36,42,0,0,0,1,0,650,0
422.19,42,0,0,0,1,0,750,0
422.09,42,0,0,0,1,0,750,0
421.92,42,0,0,0,1,0,750,0
426.07,42,0,0,0,1,0,550,0
426.16,42,0,0,0,1,0,550,0
423.98,42,0,0,0,1,0,550,0
424.20,42,0,0,0,1,0,550,0
423.87,42,0,0,0,1,0,550,0
424.22,42,0,0,0,1,0,550,0
422.91,42,0,0,0,1,0,550,0
422.57,42,0,0,0,1,0,550,0
428.23,42,0,0,0,1,0,650,0
428.45,42,0,0,0,1,0,650,0
428.25,42,0,0,0,1,0,650,0
428.61,42,0,0,0,1,0,650,0
427.30,42,0,0,0,1,0,650,0
426.97,42,0,0,0,1,0,650,0
426.88,42,0,0,0,1,0,650,0
426.66,42,0,0,0,1,0,650,0
430.80,42,0,0,0,1,0,650,0
431.02,42,0,0,0,1,0,650,0
430.83,42,0,0,0,1,0,650,0
431.18,42,0,0,0,1,0,650,0
429.87,42,0,0,0,1,0,650,0
429.54,42,0,0,0,1,0,650,0
429.46,42,0,0,0,1,0,650,0
429.24,42,0,0,0,1,0,650,0
439.33,41,0,0,0,1,0,609,0
439.68,41,0,0,0,1,0,609,0
438.37,41,0,0,0,1,0,609,0
443.35,40,0,0,0,1,0,755,0
443.02,40,0,0,0,1,0,755,0
442.94,40,0,0,0,1,0,755,0
445.00,41,0,0,0,1,0,750,0
444.92,41,0,0,0,1,0,750,0
444.70,41,0,0,0,1,0,750,0
365.80,1,0,0,0,1,0,100,0
366.58,1,0,0,0,1,0,100,0
363.84,1,0,0,0,1,0,100,0
364.98,1,0,0,0,1,0,100,0
364.50,1,0,0,0,1,0,100,0
364.52,1,0,0,0,1,0,100,0
366.35,1,0,0,0,1,0,-400,0
366.35,1,0,0,0,1,0,-400,0
370.06,1,0,0,0,1,0,-400,0
368.75,1,0,0,0,1,0,-400,0
368.91,1,0,0,0,1,0,-400,0
370.19,1,0,0,0,1,0,-400,0
375.64,41,1,0,0,1,0,405,0
374.26,41,0,0,0,1,0,405,0
382.52,41,0,0,0,1,0,405,0
382.50,41,1,0,0,1,0,405,0
390.92,41,0,0,0,1,0,300,0
391.06,41,0,0,0,1,0,300,0
391.19,41,0,0,0,1,0,300,0
390.65,41,0,0,0,1,0,300,0
390.23,41,0,0,0,1,0,300,0
390.21,41,0,0,0,1,0,300,0
390.72,42,0,0,0,1,0,750,0
390.30,42,0,0,0,1,0,750,0
390.30,42,0,0,0,1,0,750,0
389.14,42,0,0,0,1,0,750,0
393.74,40,0,0,0,1,0,700,0
394.15,40,0,0,0,1,0,700,0
393.12,40,0,0,0,1,0,700,0
392.70,40,0,0,0,1,0,700,0
392.70,40,0,0,0,1,0,700,0
391.54,40,0,0,0,1,0,700,0
394.65,41,1,0,0,1,0,405,0
394.62,41,0,0,0,1,0,405,0
393.94,34,0,0,0,1,0,-500,0
393.94,34,0,0,0,1,0,-500,0
393.94,34,0,0,0,1,0,-500,0
397.65,34,0,0,0,1,0,-500,0
396.34,34,0,0,0,1,0,-500,0
396.14,40,0,0,0,1,0,700,0
396.55,40,0,0,0,1,0,700,0
395.52,40,0,0,0,1,0,700,0
395.10,40,0,0,0,1,0,700,0
395.09,40,0,0,0,1,0,700,0
393.94,40,0,0,0,1,0,700,0
397.61,47,0,0,0,1,0,550,0
397.34,47,0,0,0,1,0,550,0
397.75,47,0,0,0,1,0,550,0
396.59,41,0,0,0,1,0,405,0
396.57,41,1,0,0,1,0,405,0
399.72,41,0,0,0,1,0,650,0
400.00,41,0,0,0,1,0,650,0
399.74,41,0,0,0,1,0,650,0
400.15,41,0,0,0,1,0,650,0
399.12,41,0,0,0,1,0,650,0
398.70,41,0,0,0,1,0,650,0
398.69,41,0,0,0,1,0,650,0
397.54,41,0,0,0,1,0,650,0
399.72,42,0,0,0,1,0,650,0
400.00,42,0,0,0,1,0,650,0
399.74,42,0,0,0,1,0,650,0
400.15,42,0,0,0,1,0,650,0
399.12,42,0,0,0,1,0,650,0
398.70,42,0,0,0,1,0,650,0
398.69,42,0,0,0,1,0,650,0
397.54,42,0,0,0,1,0,650,0
389.19,41,0,0,0,1,0,609,0
389.55,41,1,0,0,1,0,609,0
401.09,42,0,0,0,1,0,750,0
401.09,42,0,0,0,1,0,750,0
399.94,42,0,0,0,1,0,750,0
403.34,40,0,0,0,1,0,700,0
403.75,40,0,0,0,1,0,700,0
402.71,40,0,0,0,1,0,700,0
402.29,40,0,0,0,1,0,700,0
402.29,40,0,0,0,1,0,700,0
401.14,40,0,0,0,1,0,700,0
403.91,42,0,0,0,1,0,750,0
403.49,42,0,0,0,1,0,750,0
403.49,42,0,0,0,1,0,750,0
402.34,42,0,0,0,1,0,750,0
406.05,34,0,0,0,1,0,-350,0
404.73,34,0,0,0,1,0,-350,0
404.90,34,0,0,0,1,0,-350,0
405.76,18,0,0,0,1,0,200,0
405.28,18,0,0,0,1,0,200,0
405.31,18,0,0,0,1,0,200,0
405.91,18,0,0,0,1,0,200,0
405.40,18,0,0,0,1,0,200,0
406.32,41,0,0,0,1,0,405,0
406.30,41,1,0,0,1,0,405,0
405.72,40,1,0,0,1,0,450,0
403.54,42,0,0,0,1,0,-638,0
403.54,42,0,0,0,1,0,-638,0
403.54,42,0,0,0,1,0,-638,0
403.54,42,0,0,0,1,0,-638,0
403.54,42,0,0,0,1,0,-638,0
403.54,42,0,0,0,1,0,-638,0
403.54,42,0,0,0,1,0,-638,0
403.54,42,0,0,0,1,0,-638,0
407.25,42,0,0,0,1,0,-638,0
409.79,41,0,0,0,1,0,700,0
410.16,41,0,0,0,1,0,700,0
409.07,41,0,0,0,1,0,700,0
408.67,41,0,0,0,1,0,700,0
408.65,41,0,0,0,1,0,700,0
406.32,42,0,0,0,1,0,650,0
406.60,42,0,0,0,1,0,650,0
406.34,42,0,0,0,1,0,650,0
406.74,42,0,0,0,1,0,650,0
405.71,42,0,0,0,1,0,650,0
405.29,42,0,0,0,1,0,650,0
405.29,42,0,0,0,1,0,650,0
404.14,42,0,0,0,1,0,650,0
407.80,42,0,0,0,1,0,600,0
407.54,42,0,0,0,1,0,600,0
407.94,42,0,0,0,1,0,600,0
406.91,42,0,0,0,1,0,600,0
406.49,42,0,0,0,1,0,600,0
407.83,42,0,0,0,1,0,250,0
407.96,42,0,0,0,1,0,250,0
407.42,42,0,0,0,1,0,250,0
409.27,41,0,0,0,1,0,700,0
408.18,41,0,0,0,1,0,700,0
407.78,41,0,0,0,1,0,700,0
407.76,41,0,0,0,1,0,700,0
406.79,41,0,0,0,1,0,700,0
409.28,42,0,0,0,1,0,434,0
409.25,42,0,0,0,1,0,434,0
407.88,42,0,0,0,1,0,434,0
408.11,42,0,0,0,1,0,434,0
410.52,42,0,0,0,1,0,650,0
410.80,42,0,0,0,1,0,650,0
410.54,42,0,0,0,1,0,650,0
410.94,42,0,0,0,1,0,650,0
409.91,42,0,0,0,1,0,650,0
409.49,42,0,0,0,1,0,650,0
409.49,42,0,0,0,1,0,650,0
408.33,42,0,0,0,1,0,650,0
415.81,41,0,0,0,1,0,405,0
415.78,41,1,0,0,1,0,405,0
411.68,40,0,0,0,1,0,755,0
411.26,40,0,0,0,1,0,755,0
411.26,40,0,0,0,1,0,755,0
410.11,40,0,0,0,1,0,755,0
414.12,41,0,0,0,1,0,650,0
414.40,41,0,0,0,1,0,650,0
414.14,41,0,0,0,1,0,650,0
414.54,41,0,0,0,1,0,650,0
413.51,41,0,0,0,1,0,650,0
413.09,41,0,0,0,1,0,650,0
413.09,41,0,0,0,1,0,650,0
411.93,41,0,0,0,1,0,650,0
415.32,42,0,0,0,1,0,650,0
415.60,42,0,0,0,1,0,650,0
415.34,42,0,0,0,1,0,650,0
415.74,42,0,0,0,1,0,650,0
414.71,42,0,0,0,1,0,650,0
414.29,42,0,0,0,1,0,650,0
414.29,42,0,0,0,1,0,650,0
413.13,42,0,0,0,1,0,650,0
416.54,41,0,0,0,1,0,684,0
416.94,41,0,0,0,1,0,684,0
415.91,41,0,0,0,1,0,684,0
415.49,41,0,0,0,1,0,684,0
415.49,41,0,0,0,1,0,684,0
414.33,41,0,0,0,1,0,684,0
417.71,41,0,0,0,1,0,650,0
418.00,41,0,0,0,1,0,650,0
417.74,41,0,0,0,1,0,650,0
418.14,41,0,0,0,1,0,650,0
417.11,41,0,0,0,1,0,650,0
416.69,41,0,0,0,1,0,650,0
416.69,41,0,0,0,1,0,650,0
415.53,41,0,0,0,1,0,650,0
417.15,42,0,0,0,1,0,650,0
417.38,42,0,0,0,1,0,650,0
417.07,42,0,0,0,1,0,650,0
417.43,42,0,0,0,1,0,650,0
416.35,42,0,0,0,1,0,650,0
415.94,42,0,0,0,1,0,650,0
415.92,42,0,0,0,1,0,650,0
414.95,42,0,0,0,1,0,650,0
420.65,42,0,0,0,1,0,500,0
420.62,42,0,0,0,1,0,500,0
419.29,42,0,0,0,1,0,500,0
419.53,42,0,0,0,1,0,500,0
419.21,42,0,0,0,1,0,500,0
419.58,42,0,0,0,1,0,500,0
420.15,41,0,0,0,1,0,750,0
419.73,41,0,0,0,1,0,750,0
419.73,41,0,0,0,1,0,750,0
418.58,41,0,0,0,1,0,750,0
423.71,42,0,0,0,1,0,434,0
423.69,42,0,0,0,1,0,434,0
422.36,42,0,0,0,1,0,434,0
422.59,42,0,0,0,1,0,434,0
423.14,41,0,0,0,1,0,405,0
423.11,41,1,0,0,1,0,405,0
421.79,41,0,0,0,1,0,405,0
420.33,42,0,0,0,1,0,-638,0
420.33,42,0,0,0,1,0,-638,0
420.33,42,0,0,0,1,0,-638,0
420.33,42,0,0,0,1,0,-638,0
420.33,42,0,0,0,1,0,-638,0
420.33,42,0,0,0,1,0,-638,0
420.33,42,0,0,0,1,0,-638,0
420.33,42,0,0,0,1,0,-638,0
424.04,42,0,0,0,1,0,-638,0
419.81,41,0,0,0,1,0,650,0
420.04,41,0,0,0,1,0,650,0
419.73,41,0,0,0,1,0,650,0
420.09,41,0,0,0,1,0,650,0
419.00,41,0,0,0,1,0,650,0
418.60,41,0,0,0,1,0,650,0
418.58,41,0,0,0,1,0,650,0
417.61,41,0,0,0,1,0,650,0
422.69,41,0,0,0,1,0,750,0
422.68,41,0,0,0,1,0,750,0
421.53,41,0,0,0,1,0,750,0
426.37,41,0,0,0,1,0,405,0
426.35,41,1,0,0,1,0,405,0
425.94,41,0,0,0,1,0,650,0
426.18,41,0,0,0,1,0,650,0
425.86,41,0,0,0,1,0,650,0
426.23,41,0,0,0,1,0,650,0
425.14,41,0,0,0,1,0,650,0
424.74,41,0,0,0,1,0,650,0
424.72,41,0,0,0,1,0,650,0
423.74,41,0,0,0,1,0,650,0
427.89,40,0,0,0,1,0,450,0
427.31,40,1,0,0,1,0,450,0
428.51,41,0,0,0,1,0,650,0
428.79,41,0,0,0,1,0,650,0
428.53,41,0,0,0,1,0,650,0
428.94,41,0,0,0,1,0,650,0
427.90,41,0,0,0,1,0,650,0
427.48,41,0,0,0,1,0,650,0
427.48,41,0,0,0,1,0,650,0
426.33,41,0,0,0,1,0,650,0
430.47,41,0,0,0,1,0,300,0
430.50,41,0,0,0,1,0,300,0
431.10,41,0,0,0,1,0,300,0
430.60,41,0,0,0,1,0,300,0
430.31,41,0,0,0,1,0,300,0
430.29,41,0,0,0,1,0,300,0
429.71,42,0,0,0,1,0,650,0
429.99,42,0,0,0,1,0,650,0
429.73,42,0,0,0,1,0,650,0
430.14,42,0,0,0,1,0,650,0
429.10,42,0,0,0,1,0,650,0
428.68,42,0,0,0,1,0,650,0
428.68,42,0,0,0,1,0,650,0
427.53,42,0,0,0,1,0,650,0
429.71,42,0,0,0,1,0,650,0
429.99,42,0,0,0,1,0,650,0
429.73,42,0,0,0,1,0,650,0
430.14,42,0,0,0,1,0,650,0
429.10,42,0,0,0,1,0,650,0
428.68,42,0,0,0,1,0,650,0
428.68,42,0,0,0,1,0,650,0
427.53,42,0,0,0,1,0,650,0
429.71,34,0,0,0,1,0,-500,0
429.71,34,0,0,0,1,0,-500,0
429.71,34,0,0,0,1,0,-500,0
429.71,34,0,0,0,1,0,-500,0
432.18,34,0,0,0,1,0,-500,0
430.91,41,0,0,0,1,0,650,0
431.19,41,0,0,0,1,0,650,0
430.93,41,0,0,0,1,0,650,0
431.33,41,0,0,0,1,0,650,0
430.30,41,0,0,0,1,0,650,0
429.88,41,0,0,0,1,0,650,0
429.88,41,0,0,0,1,0,650,0
428.73,41,0,0,0,1,0,650,0
433.10,42,0,0,0,1,0,500,0
433.07,42,0,0,0,1,0,500,0
431.74,42,0,0,0,1,0,500,0
431.98,42,0,0,0,1,0,500,0
431.66,42,0,0,0,1,0,500,0
432.03,42,0,0,0,1,0,500,0
434.51,42,0,0,0,1,0,650,0
434.79,42,0,0,0,1,0,650,0
434.53,42,0,0,0,1,0,650,0
434.93,42,0,0,0,1,0,650,0
433.90,42,0,0,0,1,0,650,0
433.48,42,0,0,0,1,0,650,0
433.48,42,0,0,0,1,0,650,0
432.32,42,0,0,0,1,0,650,0
435.71,42,0,0,0,1,0,650,0
435.99,42,0,0,0,1,0,650,0
435.73,42,0,0,0,1,0,650,0
436.13,42,0,0,0,1,0,650,0
435.10,42,0,0,0,1,0,650,0
434.68,42,0,0,0,1,0,650,0
434.68,42,0,0,0,1,0,650,0
433.52,42,0,0,0,1,0,650,0
435.75,42,0,0,0,1,0,567,0
435.99,42,0,0,0,1,0,567,0
435.64,42,0,0,0,1,0,567,0
436.00,42,0,0,0,1,0,567,0
439.91,41,0,0,0,1,0,405,0
439.89,41,1,0,0,1,0,405,0
440.55,42,0,0,0,1,0,750,0
440.52,42,0,0,0,1,0,750,0
439.56,42,0,0,0,1,0,750,0
443.42,40,0,0,0,1,0,550,0
443.65,40,0,0,0,1,0,550,0
443.34,40,0,0,0,1,0,550,0
443.70,40,0,0,0,1,0,550,0
445.13,41,0,0,0,1,0,700,0
444.10,41,0,0,0,1,0,700,0
443.68,41,0,0,0,1,0,700,0
443.68,41,0,0,0,1,0,700,0
442.52,41,0,0,0,1,0,700,0
451.32,41,0,0,0,1,0,684,0
451.73,41,0,0,0,1,0,684,0
450.70,41,0,0,0,1,0,684,0
450.28,41,0,0,0,1,0,684,0
450.27,41,0,0,0,1,0,684,0
449.12,41,0,0,0,1,0,684,0
460.21,41,0,0,0,1,0,650,0
460.45,41,0,0,0,1,0,650,0
460.13,41,0,0,0,1,0,650,0
460.49,41,0,0,0,1,0,650,0
459.41,41,0,0,0,1,0,650,0
459.01,41,0,0,0,1,0,650,0
458.98,41,0,0,0,1,0,650,0
458.01,41,0,0,0,1,0,650,0
379.53,1,0,0,0,1,0,350,0
378.73,1,0,0,0,1,0,350,0
378.22,1,0,0,0,1,0,350,0
378.05,1,0,0,0,1,0,350,0
410.84,41,0,0,0,1,0,405,0
410.69,41,1,0,0,1,0,405,0
408.65,41,0,0,0,1,0,405,0
426.84,42,0,0,0,1,0,250,0
429.71,42,0,0,0,1,0,250,0
430.15,42,0,0,0,1,0,250,0
429.22,42,0,0,0,1,0,250,0
428.45,42,0,0,0,1,0,250,0
427.78,42,0,0,0,1,0,250,0
428.77,42,0,0,0,1,0,434,0
428.60,42,0,0,0,1,0,434,0
426.92,42,0,0,0,1,0,434,0
426.75,42,0,0,0,1,0,434,0
353.89,42,0,0,0,1,0,750,0
353.68,42,0,0,0,1,0,750,0
353.54,42,0,0,0,1,0,750,0
352.10,42,0,0,0,1,0,750,0
360.88,42,0,0,0,1,0,750,0
360.74,42,0,0,0,1,0,750,0
359.30,42,0,0,0,1,0,750,0
367.07,41,0,0,0,1,0,450,0
366.94,41,0,0,0,1,0,450,0
363.93,41,0,0,0,1,0,450,0
363.45,41,0,0,0,1,0,450,0
375.86,41,0,0,0,1,0,650,0
375.37,41,0,0,0,1,0,650,0
375.14,41,0,0,0,1,0,650,0
375.30,41,0,0,0,1,0,650,0
374.65,41,0,0,0,1,0,650,0
374.58,41,0,0,0,1,0,650,0
374.36,41,0,0,0,1,0,650,0
372.92,41,0,0,0,1,0,650,0
374.70,41,0,0,0,1,0,650,0
374.46,41,0,0,0,1,0,650,0
374.11,41,0,0,0,1,0,650,0
374.32,41,0,0,0,1,0,650,0
373.56,41,0,0,0,1,0,650,0
373.35,41,0,0,0,1,0,650,0
373.21,41,0,0,0,1,0,650,0
371.77,41,0,0,0,1,0,650,0
386.37,1,0,0,0,1,0,350,0
385.68,1,0,0,0,1,0,350,0
383.95,1,0,0,0,1,0,350,0
383.82,1,0,0,0,1,0,350,0
385.37,42,0,0,0,1,0,434,0
385.23,42,0,0,0,1,0,434,0
382.59,42,0,0,0,1,0,434,0
382.35,42,0,0,0,1,0,434,0
387.27,41,0,0,0,1,0,450,0
384.63,41,0,0,0,1,0,450,0
384.39,41,0,0,0,1,0,450,0
382.52,42,0,0,0,1,0,250,0
386.61,42,0,0,0,1,0,250,0
388.37,42,0,0,0,1,0,250,0
389.35,42,0,0,0,1,0,250,0
388.65,42,0,0,0,1,0,250,0
386.92,42,0,0,0,1,0,250,0
381.84,42,0,0,0,1,0,-638,0
381.84,42,0,0,0,1,0,-638,0
381.84,42,0,0,0,1,0,-638,0
381.84,42,0,0,0,1,0,-638,0
381.84,42,0,0,0,1,0,-638,0
381.84,42,0,0,0,1,0,-638,0
381.84,42,0,0,0,1,0,-638,0
381.84,42,0,0,0,1,0,-638,0
380.65,42,0,0,0,1,0,-638,0
381.84,42,0,0,0,1,0,-638,0
381.84,42,0,0,0,1,0,-638,0
381.84,42,0,0,0,1,0,-638,0
381.84,42,0,0,0,1,0,-638,0
381.84,42,0,0,0,1,0,-638,0
381.84,42,0,0,0,1,0,-638,0
381.84,42,0,0,0,1,0,-638,0
381.84,42,0,0,0,1,0,-638,0
380.65,42,0,0,0,1,0,-638,0
393.78,41,0,0,0,1,0,450,0
390.78,41,0,0,0,1,0,450,0
390.29,41,0,0,0,1,0,450,0
391.72,42,0,0,0,1,0,650,0
391.23,42,0,0,0,1,0,650,0
391.00,42,0,0,0,1,0,650,0
391.15,42,0,0,0,1,0,650,0
390.51,42,0,0,0,1,0,650,0
390.44,42,0,0,0,1,0,650,0
390.21,42,0,0,0,1,0,650,0
388.78,42,0,0,0,1,0,650,0
395.89,41,0,0,0,1,0,609,0
396.04,41,1,0,0,1,0,609,0
395.28,41,0,0,0,1,0,609,0
400.80,42,0,0,0,1,0,500,0
400.67,42,0,0,0,1,0,500,0
397.66,42,0,0,0,1,0,500,0
397.17,42,0,0,0,1,0,500,0
396.94,42,0,0,0,1,0,500,0
397.10,42,0,0,0,1,0,500,0
397.66,41,0,0,0,1,0,650,0
397.17,41,0,0,0,1,0,650,0
396.94,41,0,0,0,1,0,650,0
397.10,41,0,0,0,1,0,650,0
396.46,41,0,0,0,1,0,650,0
396.38,41,0,0,0,1,0,650,0
396.16,41,0,0,0,1,0,650,0
394.73,41,0,0,0,1,0,650,0
397.66,41,0,0,0,1,0,650,0
397.17,41,0,0,0,1,0,650,0
396.94,41,0,0,0,1,0,650,0
397.10,41,0,0,0,1,0,650,0
396.46,41,0,0,0,1,0,650,0
396.38,41,0,0,0,1,0,650,0
396.16,41,0,0,0,1,0,650,0
394.73,41,0,0,0,1,0,650,0
397.37,42,0,0,0,1,0,750,0
397.15,42,0,0,0,1,0,750,0
395.72,42,0,0,0,1,0,750,0
398.65,42,0,0,0,1,0,650,0
398.17,42,0,0,0,1,0,650,0
397.94,42,0,0,0,1,0,650,0
398.09,42,0,0,0,1,0,650,0
397.45,42,0,0,0,1,0,650,0
397.37,42,0,0,0,1,0,650,0
397.15,42,0,0,0,1,0,650,0
395.72,42,0,0,0,1,0,650,0
401.87,41,0,0,0,1,0,450,0
401.74,41,0,0,0,1,0,450,0
398.73,41,0,0,0,1,0,450,0
397.81,41,0,0,0,1,0,750,0
397.74,41,0,0,0,1,0,750,0
397.51,41,0,0,0,1,0,750,0
400.14,41,0,0,0,1,0,650,0
399.65,41,0,0,0,1,0,650,0
399.42,41,0,0,0,1,0,650,0
399.58,41,0,0,0,1,0,650,0
398.93,41,0,0,0,1,0,650,0
398.86,41,0,0,0,1,0,650,0
398.64,41,0,0,0,1,0,650,0
397.20,41,0,0,0,1,0,650,0
399.51,40,0,0,0,1,0,755,0
399.44,40,0,0,0,1,0,755,0
399.21,40,0,0,0,1,0,755,0
397.78,40,0,0,0,1,0,755,0
400.13,42,0,0,0,1,0,650,0
399.72,42,0,0,0,1,0,650,0
399.42,42,0,0,0,1,0,650,0
399.58,42,0,0,0,1,0,650,0
398.82,42,0,0,0,1,0,650,0
398.70,42,0,0,0,1,0,650,0
398.50,42,0,0,0,1,0,650,0
397.27,42,0,0,0,1,0,650,0
401.63,41,0,0,0,1,0,650,0
401.14,41,0,0,0,1,0,650,0
400.91,41,0,0,0,1,0,650,0
401.06,41,0,0,0,1,0,650,0
400.42,41,0,0,0,1,0,650,0
400.35,41,0,0,0,1,0,650,0
400.12,41,0,0,0,1,0,650,0
398.69,41,0,0,0,1,0,650,0
413.08,41,1,0,0,1,0,405,0
410.44,41,0,0,0,1,0,405,0
400.33,40,0,0,0,1,0,755,0
400.12,40,0,0,0,1,0,755,0
399.98,40,0,0,0,1,0,755,0
398.53,40,0,0,0,1,0,755,0
409.72,41,0,0,0,1,0,405,0
409.59,41,1,0,0,1,0,405,0
406.58,42,0,0,0,1,0,650,0
406.09,42,0,0,0,1,0,650,0
405.86,42,0,0,0,1,0,650,0
406.02,42,0,0,0,1,0,650,0
405.38,42,0,0,0,1,0,650,0
405.30,42,0,0,0,1,0,650,0
405.08,42,0,0,0,1,0,650,0
403.65,42,0,0,0,1,0,650,0
408.01,41,0,0,0,1,0,405,0
407.86,41,1,0,0,1,0,405,0
404.78,41,0,0,0,1,0,405,0
404.61,41,1,0,0,1,0,405,0
413.14,41,0,0,0,1,0,750,0
413.00,41,0,0,0,1,0,750,0
411.55,41,0,0,0,1,0,750,0
408.57,42,0,0,0,1,0,650,0
408.08,42,0,0,0,1,0,650,0
407.85,42,0,0,0,1,0,650,0
408.00,42,0,0,0,1,0,650,0
407.36,42,0,0,0,1,0,650,0
407.28,42,0,0,0,1,0,650,0
407.06,42,0,0,0,1,0,650,0
405.63,42,0,0,0,1,0,650,0
407.85,41,0,0,0,1,0,684,0
408.00,41,0,0,0,1,0,684,0
407.36,41,0,0,0,1,0,684,0
407.28,41,0,0,0,1,0,684,0
407.06,41,0,0,0,1,0,684,0
405.63,41,0,0,0,1,0,684,0
409.56,42,0,0,0,1,0,650,0
409.07,42,0,0,0,1,0,650,0
408.84,42,0,0,0,1,0,650,0
408.99,42,0,0,0,1,0,650,0
408.35,42,0,0,0,1,0,650,0
408.28,42,0,0,0,1,0,650,0
408.05,42,0,0,0,1,0,650,0
406.62,42,0,0,0,1,0,650,0
412.64,42,0,0,0,1,0,650,0
412.39,42,0,0,0,1,0,650,0
412.05,42,0,0,0,1,0,650,0
412.25,42,0,0,0,1,0,650,0
411.50,42,0,0,0,1,0,650,0
411.29,42,0,0,0,1,0,650,0
411.15,42,0,0,0,1,0,650,0
409.70,42,0,0,0,1,0,650,0
413.80,41,0,0,0,1,0,405,0
413.69,41,1,0,0,1,0,405,0
409.39,41,0,0,0,1,0,750,0
409.17,41,0,0,0,1,0,750,0
407.74,41,0,0,0,1,0,750,0
410.05,42,0,0,0,1,0,434,0
409.87,42,0,0,0,1,0,434,0
407.72,42,0,0,0,1,0,434,0
407.48,42,0,0,0,1,0,434,0
413.32,42,0,0,0,1,0,575,0
412.91,42,0,0,0,1,0,575,0
412.62,42,0,0,0,1,0,575,0
412.77,42,0,0,0,1,0,575,0
412.01,42,0,0,0,1,0,575,0
413.52,41,0,0,0,1,0,650,0
413.03,41,0,0,0,1,0,650,0
412.80,41,0,0,0,1,0,650,0
412.95,41,0,0,0,1,0,650,0
412.31,41,0,0,0,1,0,650,0
412.24,41,0,0,0,1,0,650,0
412.01,41,0,0,0,1,0,650,0
410.58,41,0,0,0,1,0,650,0
412.24,42,0,0,0,1,0,750,0
412.01,42,0,0,0,1,0,750,0
410.58,42,0,0,0,1,0,750,0
414.51,42,0,0,0,1,0,650,0
414.02,42,0,0,0,1,0,650,0
413.79,42,0,0,0,1,0,650,0
413.95,42,0,0,0,1,0,650,0
413.30,42,0,0,0,1,0,650,0
413.23,42,0,0,0,1,0,650,0
413.01,42,0,0,0,1,0,650,0
411.57,42,0,0,0,1,0,650,0
419.50,40,0,0,0,1,0,450,0
416.49,40,1,0,0,1,0,450,0
418.45,41,1,0,0,1,0,375,0
418.31,41,0,0,0,1,0,375,0
418.97,41,0,0,0,1,0,650,0
418.48,41,0,0,0,1,0,650,0
418.25,41,0,0,0,1,0,650,0
418.41,41,0,0,0,1,0,650,0
417.76,41,0,0,0,1,0,650,0
417.69,41,0,0,0,1,0,650,0
417.46,41,0,0,0,1,0,650,0
416.03,41,0,0,0,1,0,650,0
428.05,42,0,0,0,1,0,500,0
427.92,42,0,0,0,1,0,500,0
424.92,42,0,0,0,1,0,500,0
424.43,42,0,0,0,1,0,500,0
424.20,42,0,0,0,1,0,500,0
424.35,42,0,0,0,1,0,500,0
425.41,42,0,0,0,1,0,650,0
424.92,42,0,0,0,1,0,650,0
424.69,42,0,0,0,1,0,650,0
424.85,42,0,0,0,1,0,650,0
424.20,42,0,0,0,1,0,650,0
424.13,42,0,0,0,1,0,650,0
423.91,42,0,0,0,1,0,650,0
422.48,42,0,0,0,1,0,650,0
427.39,41,0,0,0,1,0,650,0
426.91,41,0,0,0,1,0,650,0
426.68,41,0,0,0,1,0,650,0
426.83,41,0,0,0,1,0,650,0
426.19,41,0,0,0,1,0,650,0
426.11,41,0,0,0,1,0,650,0
425.89,41,0,0,0,1,0,650,0
424.46,41,0,0,0,1,0,650,0
429.99,41,0,0,0,1,0,405,0
429.82,41,1,0,0,1,0,405,0
427.19,41,0,0,0,1,0,405,0
429.09,42,0,0,0,1,0,750,0
428.86,42,0,0,0,1,0,750,0
427.43,42,0,0,0,1,0,750,0
430.09,42,0,0,0,1,0,250,0
434.18,42,0,0,0,1,0,250,0
435.94,42,0,0,0,1,0,250,0
436.92,42,0,0,0,1,0,250,0
436.22,42,0,0,0,1,0,250,0
434.49,42,0,0,0,1,0,250,0
431.36,42,0,0,0,1,0,650,0
430.87,42,0,0,0,1,0,650,0
430.64,42,0,0,0,1,0,650,0
430.79,42,0,0,0,1,0,650,0
430.15,42,0,0,0,1,0,650,0
430.08,42,0,0,0,1,0,650,0
429.85,42,0,0,0,1,0,650,0
428.42,42,0,0,0,1,0,650,0
430.92,47,1,0,0,1,0,26,0
430.52,47,0,0,0,1,0,26,0
435.35,40,0,0,0,1,0,450,0
432.35,40,1,0,0,1,0,450,0
425.07,41,0,0,0,1,0,650,0
424.82,41,0,0,0,1,0,650,0
424.48,41,0,0,0,1,0,650,0
424.68,41,0,0,0,1,0,650,0
423.93,41,0,0,0,1,0,650,0
423.72,41,0,0,0,1,0,650,0
423.58,41,0,0,0,1,0,650,0
422.14,41,0,0,0,1,0,650,0
439.61,42,0,0,0,1,0,775,0
439.81,42,0,0,0,1,0,775,0
439.05,42,0,0,0,1,0,775,0
438.84,42,0,0,0,1,0,775,0
438.70,42,0,0,0,1,0,775,0
437.27,42,0,0,0,1,0,775,0
437.27,42,0,0,0,1,0,775,0
437.27,42,0,0,0,1,0,775,0
437.27,42,0,0,0,1,0,775,0
433.80,41,0,0,0,1,0,609,0
433.96,41,1,0,0,1,0,609,0
433.32,41,0,0,0,1,0,609,0
429.62,42,0,0,0,1,0,650,0
429.37,42,0,0,0,1,0,650,0
429.03,42,0,0,0,1,0,650,0
429.24,42,0,0,0,1,0,650,0
428.48,42,0,0,0,1,0,650,0
428.27,42,0,0,0,1,0,650,0
428.13,42,0,0,0,1,0,650,0
426.69,42,0,0,0,1,0,650,0
439.45,41,0,0,0,1,0,500,0
439.32,41,0,0,0,1,0,500,0
436.31,41,0,0,0,1,0,500,0
435.82,41,0,0,0,1,0,500,0
435.59,41,0,0,0,1,0,500,0
435.75,41,0,0,0,1,0,500,0
438.08,42,0,0,0,1,0,750,0
438.01,42,0,0,0,1,0,750,0
437.78,42,0,0,0,1,0,750,0
436.35,42,0,0,0,1,0,750,0
441.27,42,0,0,0,1,0,650,0
440.78,42,0,0,0,1,0,650,0
440.55,42,0,0,0,1,0,650,0
440.70,42,0,0,0,1,0,650,0
440.06,42,0,0,0,1,0,650,0
439.99,42,0,0,0,1,0,650,0
439.76,42,0,0,0,1,0,650,0
438.33,42,0,0,0,1,0,650,0
441.09,41,1,0,0,1,0,405,0
438.45,41,0,0,0,1,0,405,0
460.64,47,0,0,0,1,0,795,0
460.50,47,0,0,0,1,0,795,0
457.86,47,0,0,0,1,0,795,0
457.61,47,0,0,0,1,0,795,0
457.26,47,0,0,0,1,0,795,0
457.47,47,0,0,0,1,0,795,0
456.71,47,0,0,0,1,0,795,0
456.50,47,0,0,0,1,0,795,0
456.36,47,0,0,0,1,0,795,0
454.92,47,0,0,0,1,0,795,0
454.92,47,0,0,0,1,0,795,0
454.92,47,0,0,0,1,0,795,0
454.92,47,0,0,0,1,0,795,0
454.92,47,0,0,0,1,0,795,0
454.92,47,0,0,0,1,0,795,0
454.92,47,0,0,0,1,0,795,0
454.92,47,0,0,0,1,0,795,0
349.00,41,0,0,0,1,0,609,0
349.00,41,1,0,0,1,0,609,0
349.00,41,0,0,0,1,0,609,0
360.00,1,0,0,0,1,0,-90,0
360.00,1,0,0,0,1,0,-90,0
360.00,1,0,0,0,1,0,-90,0
360.00,1,0,0,0,1,0,-90,0
360.00,1,0,0,0,1,0,-90,0
360.00,1,0,0,0,1,0,-90,0
360.00,1,0,0,0,1,0,-90,0
360.00,1,0,0,0,1,0,-90,0
360.00,1,0,0,0,1,0,-90,0
360.00,1,0,0,0,1,0,-90,0
360.50,41,1,0,0,1,0,405,0
360.50,41,0,0,0,1,0,405,0
361.50,42,0,0,0,1,0,650,0
361.50,42,0,0,0,1,0,650,0
361.50,42,0,0,0,1,0,650,0
361.50,42,0,0,0,1,0,650,0
361.50,42,0,0,0,1,0,650,0
361.50,42,0,0,0,1,0,650,0
361.50,42,0,0,0,1,0,650,0
361.50,42,0,0,0,1,0,650,0
364.00,40,0,0,0,1,0,755,0
364.00,40,1,0,0,1,0,755,0
364.00,40,0,0,0,1,0,755,0
364.00,41,0,0,0,1,0,405,0
364.00,41,1,0,0,1,0,405,0
365.00,42,0,0,0,1,0,567,0
365.00,42,0,0,0,1,0,567,0
365.00,42,0,0,0,1,0,567,0
365.00,42,0,0,0,1,0,567,0
365.00,42,0,0,0,1,0,650,0
365.00,42,0,0,0,1,0,650,0
365.00,42,0,0,0,1,0,650,0
365.00,42,0,0,0,1,0,650,0
365.00,42,0,0,0,1,0,650,0
365.00,42,0,0,0,1,0,650,0
365.00,42,0,0,0,1,0,650,0
365.00,42,0,0,0,1,0,650,0
365.00,41,0,0,0,1,0,650,0
365.00,41,0,0,0,1,0,650,0
365.00,41,0,0,0,1,0,650,0
365.00,41,0,0,0,1,0,650,0
365.00,41,0,0,0,1,0,650,0
365.00,41,0,0,0,1,0,650,0
365.00,41,0,0,0,1,0,650,0
365.00,41,0,0,0,1,0,650,0
367.00,41,0,0,0,1,0,650,0
367.00,41,0,0,0,1,0,650,0
367.00,41,0,0,0,1,0,650,0
367.00,41,0,0,0,1,0,650,0
367.00,41,0,0,0,1,0,650,0
367.00,41,0,0,0,1,0,650,0
367.00,41,0,0,0,1,0,650,0
367.00,41,0,0,0,1,0,650,0
367.00,41,1,0,0,1,0,405,0
367.00,41,0,0,0,1,0,405,0
369.00,40,0,0,0,1,0,755,0
369.00,40,0,0,0,1,0,755,0
369.00,40,0,0,0,1,0,755,0
369.00,40,0,0,0,1,0,755,0
369.50,41,1,0,0,1,0,405,0
369.50,41,0,0,0,1,0,405,0
371.00,42,0,0,0,1,0,650,0
371.00,42,0,0,0,1,0,650,0
371.00,42,0,0,0,1,0,650,0
371.00,42,0,0,0,1,0,650,0
371.00,42,0,0,0,1,0,650,0
371.00,42,0,0,0,1,0,650,0
371.00,42,0,0,0,1,0,650,0
371.00,42,0,0,0,1,0,650,0
372.00,41,0,0,0,1,0,650,0
372.00,41,0,0,0,1,0,650,0
372.00,41,0,0,0,1,0,650,0
372.00,41,0,0,0,1,0,650,0
372.00,41,0,0,0,1,0,650,0
372.00,41,0,0,0,1,0,650,0
372.00,41,0,0,0,1,0,650,0
372.00,41,0,0,0,1,0,650,0
372.00,41,0,0,0,1,0,650,0
372.00,41,0,0,0,1,0,650,0
372.00,41,0,0,0,1,0,650,0
372.00,41,0,0,0,1,0,650,0
372.00,41,0,0,0,1,0,650,0
372.00,41,0,0,0,1,0,650,0
372.00,41,0,0,0,1,0,650,0
372.00,41,0,0,0,1,0,650,0
372.50,42,0,0,0,1,0,650,0
372.50,42,0,0,0,1,0,650,0
372.50,42,0,0,0,1,0,650,0
372.50,42,0,0,0,1,0,650,0
372.50,42,0,0,0,1,0,650,0
372.50,42,0,0,0,1,0,650,0
372.50,42,0,0,0,1,0,650,0
372.50,42,0,0,0,1,0,650,0
373.00,42,0,0,0,1,0,650,0
373.00,42,0,0,0,1,0,650,0
373.00,42,0,0,0,1,0,650,0
373.00,42,0,0,0,1,0,650,0
373.00,42,0,0,0,1,0,650,0
373.00,42,0,0,0,1,0,650,0
373.00,42,0,0,0,1,0,650,0
373.00,42,0,0,0,1,0,650,0
373.50,41,0,0,0,1,0,650,0
373.50,41,0,0,0,1,0,650,0
373.50,41,0,0,0,1,0,650,0
373.50,41,0,0,0,1,0,650,0
373.50,41,0,0,0,1,0,650,0
373.50,41,0,0,0,1,0,650,0
373.50,41,0,0,0,1,0,650,0
373.50,41,0,0,0,1,0,650,0
373.50,41,0,0,0,1,0,405,0
373.50,41,1,0,0,1,0,405,0
373.50,42,0,0,0,1,0,434,0
373.50,42,0,0,0,1,0,434,0
373.50,42,0,0,0,1,0,434,0
373.50,42,0,0,0,1,0,434,0
374.00,41,0,0,0,1,0,650,0
374.00,41,0,0,0,1,0,650,0
374.00,41,0,0,0,1,0,650,0
374.00,41,0,0,0,1,0,650,0
374.00,41,0,0,0,1,0,650,0
374.00,41,0,0,0,1,0,650,0
374.00,41,0,0,0,1,0,650,0
374.00,41,0,0,0,1,0,650,0
374.00,41,0,0,0,1,0,750,0
374.00,41,0,0,0,1,0,750,0
374.00,41,0,0,0,1,0,750,0
374.50,41,0,0,0,1,0,325,0
374.50,41,0,0,0,1,0,325,0
374.50,41,0,0,0,1,0,325,0
374.50,41,0,0,0,1,0,325,0
375.00,1,0,0,0,1,0,248,0
375.00,1,0,0,0,1,0,248,0
375.00,1,0,0,0,1,0,248,0
375.00,1,0,0,0,1,0,248,0
375.00,1,0,0,0,1,0,248,0
375.00,1,0,0,0,1,0,248,0
375.00,1,0,0,0,1,0,248,0
375.00,42,0,0,0,1,0,650,0
375.00,42,0,0,0,1,0,650,0
375.00,42,0,0,0,1,0,650,0
375.00,42,0,0,0,1,0,650,0
375.00,42,0,0,0,1,0,650,0
375.00,42,0,0,0,1,0,650,0
375.00,42,0,0,0,1,0,650,0
375.00,42,0,0,0,1,0,650,0
375.00,41,0,0,0,1,0,650,0
375.00,41,0,0,0,1,0,650,0
375.00,41,0,0,0,1,0,650,0
375.00,41,0,0,0,1,0,650,0
375.00,41,0,0,0,1,0,650,0
375.00,41,0,0,0,1,0,650,0
375.00,41,0,0,0,1,0,650,0
375.00,41,0,0,0,1,0,650,0
376.00,42,0,0,0,1,0,650,0
376.00,42,0,0,0,1,0,650,0
376.00,42,0,0,0,1,0,650,0
376.00,42,0,0,0,1,0,650,0
376.00,42,0,0,0,1,0,650,0
376.00,42,0,0,0,1,0,650,0
376.00,42,0,0,0,1,0,650,0
376.00,42,0,0,0,1,0,650,0
376.00,41,0,0,0,1,0,750,0
376.00,41,0,0,0,1,0,750,0
376.00,41,0,0,0,1,0,750,0
377.00,40,0,0,0,1,0,755,0
377.00,40,0,0,0,1,0,755,0
377.00,40,0,0,0,1,0,755,0
377.00,40,0,0,0,1,0,755,0
377.00,41,0,0,0,1,0,350,0
377.00,41,1,0,0,1,0,350,0
377.00,42,0,0,0,1,0,650,0
377.00,42,0,0,0,1,0,650,0
377.00,42,0,0,0,1,0,650,0
377.00,42,0,0,0,1,0,650,0
377.00,42,0,0,0,1,0,650,0
377.00,42,0,0,0,1,0,650,0
377.00,42,0,0,0,1,0,650,0
377.00,42,0,0,0,1,0,650,0
377.50,41,0,0,0,1,0,650,0
377.50,41,0,0,0,1,0,650,0
377.50,41,0,0,0,1,0,650,0
377.50,41,0,0,0,1,0,650,0
377.50,41,0,0,0,1,0,650,0
377.50,41,0,0,0,1,0,650,0
377.50,41,0,0,0,1,0,650,0
377.50,41,0,0,0,1,0,650,0
378.00,40,0,0,0,1,0,755,0
378.00,40,0,0,0,1,0,755,0
378.00,40,0,0,0,1,0,755,0
378.00,40,0,0,0,1,0,755,0
378.00,41,0,0,0,1,0,684,0
378.00,41,0,0,0,1,0,684,0
378.00,41,0,0,0,1,0,684,0
378.00,41,0,0,0,1,0,684,0
378.00,41,0,0,0,1,0,684,0
378.00,41,0,0,0,1,0,684,0
378.50,42,0,0,0,1,0,650,0
378.50,42,0,0,0,1,0,650,0
378.50,42,0,0,0,1,0,650,0
378.50,42,0,0,0,1,0,650,0
378.50,42,0,0,0,1,0,650,0
378.50,42,0,0,0,1,0,650,0
378.50,42,0,0,0,1,0,650,0
378.50,42,0,0,0,1,0,650,0
378.50,41,0,0,0,1,0,405,0
378.50,41,1,0,0,1,0,405,0
379.00,42,0,0,0,1,0,650,0
379.00,42,0,0,0,1,0,650,0
379.00,42,0,0,0,1,0,650,0
379.00,42,0,0,0,1,0,650,0
379.00,42,0,0,0,1,0,650,0
379.00,42,0,0,0,1,0,650,0
379.00,42,0,0,0,1,0,650,0
379.00,42,0,0,0,1,0,650,0
379.00,40,0,0,0,1,0,434,0
379.00,40,0,0,0,1,0,434,0
379.00,40,0,0,0,1,0,434,0
379.00,40,0,0,0,1,0,434,0
379.00,41,0,0,0,1,0,405,0
379.00,41,1,0,0,1,0,405,0
379.00,41,0,0,0,1,0,725,0
379.00,41,0,0,0,1,0,725,0
379.00,41,0,0,0,1,0,725,0
379.00,41,0,0,0,1,0,725,0
379.00,41,0,0,0,1,0,725,0
379.00,42,0,0,0,1,0,650,0
379.00,42,0,0,0,1,0,650,0
379.00,42,0,0,0,1,0,650,0
379.00,42,0,0,0,1,0,650,0
379.00,42,0,0,0,1,0,650,0
379.00,42,0,0,0,1,0,650,0
379.00,42,0,0,0,1,0,650,0
379.00,42,0,0,0,1,0,650,0
379.50,42,0,0,0,1,0,750,0
379.50,42,0,0,0,1,0,750,0
379.50,42,0,0,0,1,0,750,0
380.00,40,0,0,0,1,0,755,0
380.00,40,1,0,0,1,0,755,0
380.00,40,0,0,0,1,0,755,0
380.00,1,0,0,0,1,0,-90,0
380.00,1,0,0,0,1,0,-90,0
380.00,1,0,0,0,1,0,-90,0
380.00,1,0,0,0,1,0,-90,0
380.00,1,0,0,0,1,0,-90,0
380.00,1,0,0,0,1,0,-90,0
380.00,1,0,0,0,1,0,-90,0
380.00,1,0,0,0,1,0,-90,0
380.00,1,0,0,0,1,0,-90,0
380.00,1,0,0,0,1,0,-90,0
380.00,41,0,0,0,1,0,650,0
380.00,41,0,0,0,1,0,650,0
380.00,41,0,0,0,1,0,650,0
380.00,41,0,0,0,1,0,650,0
380.00,41,0,0,0,1,0,650,0
380.00,41,0,0,0,1,0,650,0
380.00,41,0,0,0,1,0,650,0
380.00,41,0,0,0,1,0,650,0
380.00,42,0,0,0,1,0,750,0
380.00,42,0,0,0,1,0,750,0
380.00,42,0,0,0,1,0,750,0
380.00,41,0,0,0,1,0,450,0
380.00,41,0,0,0,1,0,450,0
380.00,41,0,0,0,1,0,450,0
380.00,40,0,0,0,1,0,755,0
380.00,40,0,0,0,1,0,755,0
380.00,40,0,0,0,1,0,755,0
380.00,40,0,0,0,1,0,755,0
380.00,40,0,0,0,1,0,755,0
381.00,41,0,0,0,1,0,300,0
381.00,41,0,0,0,1,0,300,0
381.00,41,0,0,0,1,0,300,0
381.00,41,0,0,0,1,0,300,0
381.00,41,0,0,0,1,0,300,0
381.00,41,0,0,0,1,0,300,0
381.00,40,0,0,0,1,0,755,0
381.00,40,0,0,0,1,0,755,0
381.00,40,0,0,0,1,0,755,0
381.00,40,0,0,0,1,0,755,0
381.50,41,0,0,0,1,0,650,0
381.50,41,0,0,0,1,0,650,0
381.50,41,0,0,0,1,0,650,0
381.50,41,0,0,0,1,0,650,0
381.50,41,0,0,0,1,0,650,0
381.50,41,0,0,0,1,0,650,0
381.50,41,0,0,0,1,0,650,0
381.50,41,0,0,0,1,0,650,0
381.50,42,0,0,0,1,0,650,0
381.50,42,0,0,0,1,0,650,0
381.50,42,0,0,0,1,0,650,0
381.50,42,0,0,0,1,0,650,0
381.50,42,0,0,0,1,0,650,0
381.50,42,0,0,0,1,0,650,0
381.50,42,0,0,0,1,0,650,0
381.50,42,0,0,0,1,0,650,0
382.00,42,0,0,0,1,0,650,0
382.00,42,0,0,0,1,0,650,0
382.00,42,0,0,0,1,0,650,0
382.00,42,0,0,0,1,0,650,0
382.00,42,0,0,0,1,0,650,0
382.00,42,0,0,0,1,0,650,0
382.00,42,0,0,0,1,0,650,0
382.00,42,0,0,0,1,0,650,0
383.00,41,0,0,0,1,0,650,0
383.00,41,0,0,0,1,0,650,0
383.00,41,0,0,0,1,0,650,0
383.00,41,0,0,0,1,0,650,0
383.00,41,0,0,0,1,0,650,0
383.00,41,0,0,0,1,0,650,0
383.00,41,0,0,0,1,0,650,0
383.00,41,0,0,0,1,0,650,0
383.00,41,0,0,0,1,0,650,0
383.00,41,0,0,0,1,0,650,0
383.00,41,0,0,0,1,0,650,0
383.00,41,0,0,0,1,0,650,0
383.00,41,0,0,0,1,0,650,0
383.00,41,0,0,0,1,0,650,0
383.00,41,0,0,0,1,0,650,0
383.00,41,0,0,0,1,0,650,0
383.00,41,0,0,0,1,0,325,0
383.00,41,0,0,0,1,0,325,0
383.00,41,0,0,0,1,0,325,0
383.00,41,0,0,0,1,0,325,0
383.50,42,0,0,0,1,0,650,0
383.50,42,0,0,0,1,0,650,0
383.50,42,0,0,0,1,0,650,0
383.50,42,0,0,0,1,0,650,0
383.50,42,0,0,0,1,0,650,0
383.50,42,0,0,0,1,0,650,0
383.50,42,0,0,0,1,0,650,0
383.50,42,0,0,0,1,0,650,0
384.00,41,0,0,0,1,0,650,0
384.00,41,0,0,0,1,0,650,0
384.00,41,0,0,0,1,0,650,0
384.00,41,0,0,0,1,0,650,0
384.00,41,0,0,0,1,0,650,0
384.00,41,0,0,0,1,0,650,0
384.00,41,0,0,0,1,0,650,0
384.00,41,0,0,0,1,0,650,0
384.00,41,0,0,0,1,0,650,0
384.00,41,0,0,0,1,0,650,0
384.00,41,0,0,0,1,0,650,0
384.00,41,0,0,0,1,0,650,0
384.00,41,0,0,0,1,0,650,0
384.00,41,0,0,0,1,0,650,0
384.00,41,0,0,0,1,0,650,0
384.00,41,0,0,0,1,0,650,0
384.00,19,0,0,0,1,0,500,0
384.00,19,0,0,0,1,0,500,0
384.00,19,0,0,0,1,0,500,0
384.00,19,0,0,0,1,0,500,0
384.00,19,0,0,0,1,0,500,0
384.00,41,0,0,0,1,0,405,0
384.00,41,1,0,0,1,0,405,0
384.00,41,0,0,0,1,0,405,0
384.00,42,0,0,0,1,0,234,0
384.00,42,0,0,0,1,0,234,0
384.00,42,0,0,0,1,0,234,0
384.00,42,0,0,0,1,0,234,0
384.00,41,0,0,0,1,0,650,0
384.00,41,0,0,0,1,0,650,0
384.00,41,0,0,0,1,0,650,0
384.00,41,0,0,0,1,0,650,0
384.00,41,0,0,0,1,0,650,0
384.00,41,0,0,0,1,0,650,0
384.00,41,0,0,0,1,0,650,0
384.00,41,0,0,0,1,0,650,0
385.00,1,0,0,0,1,0,248,0
385.00,1,0,0,0,1,0,248,0
385.00,1,0,0,0,1,0,248,0
385.00,1,0,0,0,1,0,248,0
385.00,1,0,0,0,1,0,248,0
385.00,1,0,0,0,1,0,248,0
385.00,1,0,0,0,1,0,248,0
385.00,19,0,0,0,1,0,500,0
385.00,19,0,0,0,1,0,500,0
385.00,19,0,0,0,1,0,500,0
385.00,19,0,0,0,1,0,500,0
385.00,19,0,0,0,1,0,500,0
385.00,41,0,0,0,1,0,405,0
385.00,41,1,0,0,1,0,405,0
385.00,41,0,0,0,1,0,405,0
385.00,41,1,0,0,1,0,405,0
385.50,41,0,0,0,1,0,-200,0
385.50,41,0,0,0,1,0,-200,0
385.50,41,0,0,0,1,0,-200,0
385.50,41,0,0,0,1,0,-200,0
385.50,41,0,0,0,1,0,-200,0
385.50,41,0,0,0,1,0,-200,0
385.50,41,0,0,0,1,0,-200,0
385.50,41,0,0,0,1,0,-200,0
385.50,41,0,0,0,1,0,-200,0
385.50,41,0,0,0,1,0,-200,0
385.50,41,0,0,0,1,0,405,0
385.50,41,1,0,0,1,0,405,0
386.00,19,0,0,0,1,0,500,0
386.00,19,0,0,0,1,0,500,0
386.00,19,0,0,0,1,0,500,0
386.00,19,0,0,0,1,0,500,0
386.00,19,0,0,0,1,0,500,0
386.00,40,0,0,0,1,0,755,0
386.00,40,0,0,0,1,0,755,0
386.00,40,0,0,0,1,0,755,0
386.00,40,0,0,0,1,0,755,0
386.00,41,0,0,0,1,0,650,0
386.00,41,0,0,0,1,0,650,0
386.00,41,0,0,0,1,0,650,0
386.00,41,0,0,0,1,0,650,0
386.00,41,0,0,0,1,0,650,0
386.00,41,0,0,0,1,0,650,0
386.00,41,0,0,0,1,0,650,0
386.00,41,0,0,0,1,0,650,0
386.00,42,0,0,0,1,0,650,0
386.00,42,0,0,0,1,0,650,0
386.00,42,0,0,0,1,0,650,0
386.00,42,0,0,0,1,0,650,0
386.00,42,0,0,0,1,0,650,0
386.00,42,0,0,0,1,0,650,0
386.00,42,0,0,0,1,0,650,0
386.00,42,0,0,0,1,0,650,0
386.00,19,0,0,0,1,0,500,0
386.00,19,0,0,0,1,0,500,0
386.00,19,0,0,0,1,0,500,0
386.00,19,0,0,0,1,0,500,0
386.00,19,0,0,0,1,0,500,0
386.50,41,0,0,0,1,0,684,0
386.50,41,0,0,0,1,0,684,0
386.50,41,0,0,0,1,0,684,0
386.50,41,0,0,0,1,0,684,0
386.50,41,0,0,0,1,0,684,0
386.50,41,0,0,0,1,0,684,0
387.00,41,0,0,0,1,0,750,0
387.00,41,0,0,0,1,0,750,0
387.00,41,0,0,0,1,0,750,0
387.00,42,0,0,0,1,0,650,0
387.00,42,0,0,0,1,0,650,0
387.00,42,0,0,0,1,0,650,0
387.00,42,0,0,0,1,0,650,0
387.00,42,0,0,0,1,0,650,0
387.00,42,0,0,0,1,0,650,0
387.00,42,0,0,0,1,0,650,0
387.00,42,0,0,0,1,0,650,0
387.00,42,0,0,0,1,0,650,0
387.00,42,0,0,0,1,0,650,0
387.00,42,0,0,0,1,0,650,0
387.00,42,0,0,0,1,0,650,0
387.00,42,0,0,0,1,0,650,0
387.00,42,0,0,0,1,0,650,0
387.00,42,0,0,0,1,0,650,0
387.00,42,0,0,0,1,0,650,0
387.00,41,0,0,0,1,0,405,0
387.00,41,1,0,0,1,0,405,0
388.00,34,0,0,0,1,0,-350,0
388.00,34,0,0,0,1,0,-350,0
388.00,34,0,0,0,1,0,-350,0
388.00,41,0,0,0,1,0,650,0
388.00,41,0,0,0,1,0,650,0
388.00,41,0,0,0,1,0,650,0
388.00,41,0,0,0,1,0,650,0
388.00,41,0,0,0,1,0,650,0
388.00,41,0,0,0,1,0,650,0
388.00,41,0,0,0,1,0,650,0
388.00,41,0,0,0,1,0,650,0
388.00,41,0,0,0,1,0,650,0
388.00,41,0,0,0,1,0,650,0
388.00,41,0,0,0,1,0,650,0
388.00,41,0,0,0,1,0,650,0
388.00,41,0,0,0,1,0,650,0
388.00,41,0,0,0,1,0,650,0
388.00,41,0,0,0,1,0,650,0
388.00,41,0,0,0,1,0,650,0
388.00,41,0,0,0,1,0,684,0
388.00,41,0,0,0,1,0,684,0
388.00,41,0,0,0,1,0,684,0
388.00,41,0,0,0,1,0,684,0
388.00,41,0,0,0,1,0,684,0
388.00,41,0,0,0,1,0,684,0
388.00,42,0,0,0,1,0,600,0
388.00,42,0,0,0,1,0,600,0
388.00,42,0,0,0,1,0,600,0
388.00,42,0,0,0,1,0,600,0
388.00,42,0,0,0,1,0,600,0
388.50,41,0,0,0,1,0,750,0
388.50,41,0,0,0,1,0,750,0
388.50,41,0,0,0,1,0,750,0
388.50,41,1,0,0,1,0,405,0
388.50,41,0,0,0,1,0,405,0
388.68,40,0,0,0,1,0,434,0
388.68,40,0,0,0,1,0,434,0
388.68,40,0,0,0,1,0,434,0
388.68,40,0,0,0,1,0,434,0
389.00,42,0,0,0,1,0,650,0
389.00,42,0,0,0,1,0,650,0
389.00,42,0,0,0,1,0,650,0
389.00,42,0,0,0,1,0,650,0
389.00,42,0,0,0,1,0,650,0
389.00,42,0,0,0,1,0,650,0
389.00,42,0,0,0,1,0,650,0
389.00,42,0,0,0,1,0,650,0
389.00,41,0,0,0,1,0,750,0
389.00,41,0,0,0,1,0,750,0
389.00,41,0,0,0,1,0,750,0
389.00,42,0,0,0,1,0,650,0
389.00,42,0,0,0,1,0,650,0
389.00,42,0,0,0,1,0,650,0
389.00,42,0,0,0,1,0,650,0
389.00,42,0,0,0,1,0,650,0
389.00,42,0,0,0,1,0,650,0
389.00,42,0,0,0,1,0,650,0
389.00,42,0,0,0,1,0,650,0
389.00,41,0,0,0,1,0,405,0
389.00,41,1,0,0,1,0,405,0
389.50,41,0,0,0,1,0,650,0
389.50,41,0,0,0,1,0,650,0
389.50,41,0,0,0,1,0,650,0
389.50,41,0,0,0,1,0,650,0
389.50,41,0,0,0,1,0,650,0
389.50,41,0,0,0,1,0,650,0
389.50,41,0,0,0,1,0,650,0
389.50,41,0,0,0,1,0,650,0
390.00,40,0,0,0,1,0,755,0
390.00,40,0,0,0,1,0,755,0
390.00,40,0,0,0,1,0,755,0
390.00,40,0,0,0,1,0,755,0
390.00,42,0,0,0,1,0,567,0
390.00,42,0,0,0,1,0,567,0
390.00,42,0,0,0,1,0,567,0
390.00,42,0,0,0,1,0,567,0
390.00,40,1,0,0,1,0,369,0
390.00,40,0,0,0,1,0,369,0
390.00,40,0,0,0,1,0,498,0
390.00,40,0,0,0,1,0,498,0
390.00,40,0,0,0,1,0,498,0
390.00,40,0,0,0,1,0,498,0
390.00,40,0,0,0,1,0,498,0
390.00,42,0,0,0,1,0,650,0
390.00,42,0,0,0,1,0,650,0
390.00,42,0,0,0,1,0,650,0
390.00,42,0,0,0,1,0,650,0
390.00,42,0,0,0,1,0,650,0
390.00,42,0,0,0,1,0,650,0
390.00,42,0,0,0,1,0,650,0
390.00,42,0,0,0,1,0,650,0
390.00,42,0,0,0,1,0,650,0
390.00,42,0,0,0,1,0,650,0
390.00,42,0,0,0,1,0,650,0
390.00,42,0,0,0,1,0,650,0
390.00,42,0,0,0,1,0,650,0
390.00,42,0,0,0,1,0,650,0
390.00,42,0,0,0,1,0,650,0
390.00,42,0,0,0,1,0,650,0
390.50,42,0,0,0,1,0,650,0
390.50,42,0,0,0,1,0,650,0
390.50,42,0,0,0,1,0,650,0
390.50,42,0,0,0,1,0,650,0
390.50,42,0,0,0,1,0,650,0
390.50,42,0,0,0,1,0,650,0
390.50,42,0,0,0,1,0,650,0
390.50,42,0,0,0,1,0,650,0
391.00,41,0,0,0,1,0,750,0
391.00,41,0,0,0,1,0,750,0
391.00,41,0,0,0,1,0,750,0
391.00,42,0,0,0,1,0,650,0
391.00,42,0,0,0,1,0,650,0
391.00,42,0,0,0,1,0,650,0
391.00,42,0,0,0,1,0,650,0
391.00,42,0,0,0,1,0,650,0
391.00,42,0,0,0,1,0,650,0
391.00,42,0,0,0,1,0,650,0
391.00,42,0,0,0,1,0,650,0
391.00,41,0,0,0,1,0,500,0
391.00,41,0,0,0,1,0,500,0
391.00,41,0,0,0,1,0,500,0
391.00,41,0,0,0,1,0,500,0
391.00,41,0,0,0,1,0,500,0
391.00,41,0,0,0,1,0,500,0
391.00,41,0,0,0,1,0,405,0
391.00,41,1,0,0,1,0,405,0
391.00,42,0,0,0,1,0,650,0
391.00,42,0,0,0,1,0,650,0
391.00,42,0,0,0,1,0,650,0
391.00,42,0,0,0,1,0,650,0
391.00,42,0,0,0,1,0,650,0
391.00,42,0,0,0,1,0,650,0
391.00,42,0,0,0,1,0,650,0
391.00,42,0,0,0,1,0,650,0
391.00,42,0,0,0,1,0,750,0
391.00,42,0,0,0,1,0,750,0
391.00,42,0,0,0,1,0,750,0
391.00,41,0,0,0,1,0,405,0
391.00,41,1,0,0,1,0,405,0
391.00,41,0,0,0,1,0,405,0
391.00,42,0,0,0,1,0,575,0
391.00,42,0,0,0,1,0,575,0
391.00,42,0,0,0,1,0,575,0
391.00,42,0,0,0,1,0,575,0
391.00,42,0,0,0,1,0,575,0
391.00,42,0,0,0,1,0,434,0
391.00,42,0,0,0,1,0,434,0
391.00,42,0,0,0,1,0,434,0
391.50,41,0,0,0,1,0,700,0
391.50,41,0,0,0,1,0,700,0
391.50,41,0,0,0,1,0,700,0
391.50,41,0,0,0,1,0,700,0
391.50,41,0,0,0,1,0,700,0
391.50,42,0,0,0,1,0,750,0
391.50,42,0,0,0,1,0,750,0
391.50,42,0,0,0,1,0,750,0
391.50,42,0,0,0,1,0,750,0
391.50,41,0,0,0,1,0,450,0
391.50,41,0,0,0,1,0,450,0
391.50,41,0,0,0,1,0,450,0
391.50,41,0,0,0,1,0,405,0
391.50,41,1,0,0,1,0,405,0
391.50,41,0,0,0,1,0,405,0
391.50,41,1,0,0,1,0,405,0
392.00,40,0,0,0,1,0,755,0
392.00,40,0,0,0,1,0,755,0
392.00,40,0,0,0,1,0,755,0
392.00,40,0,0,0,1,0,755,0
392.00,41,0,0,0,1,0,450,0
392.00,41,0,0,0,1,0,450,0
392.00,41,0,0,0,1,0,450,0
392.00,41,0,0,0,1,0,450,0
392.00,41,0,0,0,1,0,650,0
392.00,41,0,0,0,1,0,650,0
392.00,41,0,0,0,1,0,650,0
392.00,41,0,0,0,1,0,650,0
392.00,41,0,0,0,1,0,650,0
392.00,41,0,0,0,1,0,650,0
392.00,41,0,0,0,1,0,650,0
392.00,41,0,0,0,1,0,650,0
392.00,40,0,0,0,1,0,755,0
392.00,40,0,0,0,1,0,755,0
392.00,40,0,0,0,1,0,755,0
392.00,40,0,0,0,1,0,755,0
392.00,40,0,0,0,1,0,755,0
392.00,40,0,0,0,1,0,755,0
392.00,40,0,0,0,1,0,755,0
392.00,40,0,0,0,1,0,755,0
392.00,41,0,0,0,1,0,325,0
392.00,41,0,0,0,1,0,325,0
392.00,41,0,0,0,1,0,325,0
392.00,41,0,0,0,1,0,325,0
392.00,42,0,0,0,1,0,650,0
392.00,42,0,0,0,1,0,650,0
392.00,42,0,0,0,1,0,650,0
392.00,42,0,0,0,1,0,650,0
392.00,42,0,0,0,1,0,650,0
392.00,42,0,0,0,1,0,650,0
392.00,42,0,0,0,1,0,650,0
392.00,42,0,0,0,1,0,650,0
392.00,42,0,0,0,1,0,250,0
392.00,42,0,0,0,1,0,250,0
392.00,42,0,0,0,1,0,250,0
392.00,42,0,0,0,1,0,300,0
392.00,42,0,0,0,1,0,300,0
392.00,42,0,0,0,1,0,300,0
392.00,42,0,0,0,1,0,300,0
392.00,42,0,0,0,1,0,300,0
392.00,42,0,0,0,1,0,300,0
392.00,41,0,0,0,1,0,405,0
392.00,41,1,0,0,1,0,405,0
392.00,41,0,0,0,1,0,650,0
392.00,41,0,0,0,1,0,650,0
392.00,41,0,0,0,1,0,650,0
392.00,41,0,0,0,1,0,650,0
392.00,41,0,0,0,1,0,650,0
392.00,41,0,0,0,1,0,650,0
392.00,41,0,0,0,1,0,650,0
392.00,41,0,0,0,1,0,650,0
392.00,1,0,0,0,1,0,300,0
392.00,1,0,0,0,1,0,300,0
392.00,1,0,0,0,1,0,300,0
392.00,1,0,0,0,1,0,300,0
392.00,1,0,0,0,1,0,300,0
392.02,1,0,0,0,1,0,200,0
392.02,1,0,0,0,1,0,200,0
392.02,1,0,0,0,1,0,200,0
392.02,1,0,0,0,1,0,200,0
392.02,1,0,0,0,1,0,200,0
392.02,1,0,0,0,1,0,200,0
392.02,1,0,0,0,1,0,200,0
392.02,1,0,0,0,1,0,200,0
392.02,1,0,0,0,1,0,200,0
392.02,1,0,0,0,1,0,200,0
392.02,1,0,0,0,1,0,200,0
392.02,1,0,0,0,1,0,200,0
392.02,1,0,0,0,1,0,200,0
392.02,1,0,0,0,1,0,200,0
392.02,1,0,0,0,1,0,200,0
392.02,1,0,0,0,1,0,200,0
392.02,1,0,0,0,1,0,200,0
392.02,1,0,0,0,1,0,200,0
392.50,41,0,0,0,1,0,405,0
392.50,41,1,0,0,1,0,405,0
392.50,41,0,0,0,1,0,700,0
392.50,41,0,0,0,1,0,700,0
392.50,41,0,0,0,1,0,700,0
392.50,41,0,0,0,1,0,700,0
392.50,41,0,0,0,1,0,700,0
393.00,41,0,0,0,1,0,684,0
393.00,41,0,0,0,1,0,684,0
393.00,41,0,0,0,1,0,684,0
393.00,41,0,0,0,1,0,684,0
393.00,41,0,0,0,1,0,684,0
393.00,41,0,0,0,1,0,684,0
393.00,42,0,0,0,1,0,650,0
393.00,42,0,0,0,1,0,650,0
393.00,42,0,0,0,1,0,650,0
393.00,42,0,0,0,1,0,650,0
393.00,42,0,0,0,1,0,650,0
393.00,42,0,0,0,1,0,650,0
393.00,42,0,0,0,1,0,650,0
393.00,42,0,0,0,1,0,650,0
393.00,42,0,0,0,1,0,400,0
393.00,42,1,0,0,1,0,400,0
393.00,42,0,0,0,1,0,434,0
393.00,42,0,0,0,1,0,434,0
393.00,42,0,0,0,1,0,434,0
393.00,42,0,0,0,1,0,434,0
393.00,40,0,0,0,1,0,755,0
393.00,40,1,0,0,1,0,755,0
393.00,40,0,0,0,1,0,755,0
393.00,42,0,0,0,1,0,650,0
393.00,42,0,0,0,1,0,650,0
393.00,42,0,0,0,1,0,650,0
393.00,42,0,0,0,1,0,650,0
393.00,42,0,0,0,1,0,650,0
393.00,42,0,0,0,1,0,650,0
393.00,42,0,0,0,1,0,650,0
393.00,42,0,0,0,1,0,650,0
393.50,42,0,0,0,1,0,650,0
393.50,42,0,0,0,1,0,650,0
393.50,42,0,0,0,1,0,650,0
393.50,42,0,0,0,1,0,650,0
393.50,42,0,0,0,1,0,650,0
393.50,42,0,0,0,1,0,650,0
393.50,42,0,0,0,1,0,650,0
393.50,42,0,0,0,1,0,650,0
394.00,41,0,0,0,1,0,300,0
394.00,41,0,0,0,1,0,300,0
394.00,41,0,0,0,1,0,300,0
394.00,41,0,0,0,1,0,300,0
394.00,41,0,0,0,1,0,300,0
394.00,41,0,0,0,1,0,300,0
394.00,40,0,0,0,1,0,755,0
394.00,40,0,0,0,1,0,755,0
394.00,40,0,0,0,1,0,755,0
394.00,40,0,0,0,1,0,755,0
394.00,42,0,0,0,1,0,650,0
394.00,42,0,0,0,1,0,650,0
394.00,42,0,0,0,1,0,650,0
394.00,42,0,0,0,1,0,650,0
394.00,42,0,0,0,1,0,650,0
394.00,42,0,0,0,1,0,650,0
394.00,42,0,0,0,1,0,650,0
394.00,42,0,0,0,1,0,650,0
394.00,41,1,0,0,1,0,405,0
394.00,41,0,0,0,1,0,405,0
394.00,41,0,0,0,1,0,650,0
394.00,41,0,0,0,1,0,650,0
394.00,41,0,0,0,1,0,650,0
394.00,41,0,0,0,1,0,650,0
394.00,41,0,0,0,1,0,650,0
394.00,41,0,0,0,1,0,650,0
394.00,41,0,0,0,1,0,650,0
394.00,41,0,0,0,1,0,650,0
394.00,42,0,0,0,1,0,650,0
394.00,42,0,0,0,1,0,650,0
394.00,42,0,0,0,1,0,650,0
394.00,42,0,0,0,1,0,650,0
394.00,42,0,0,0,1,0,650,0
394.00,42,0,0,0,1,0,650,0
394.00,42,0,0,0,1,0,650,0
394.00,42,0,0,0,1,0,650,0
394.00,42,0,0,0,1,0,650,0
394.00,42,0,0,0,1,0,650,0
394.00,42,0,0,0,1,0,650,0
394.00,42,0,0,0,1,0,650,0
394.00,42,0,0,0,1,0,650,0
394.00,42,0,0,0,1,0,650,0
394.00,42,0,0,0,1,0,650,0
394.00,42,0,0,0,1,0,650,0
394.00,41,0,0,0,1,0,300,0
394.00,41,0,0,0,1,0,300,0
394.00,41,0,0,0,1,0,300,0
394.00,41,0,0,0,1,0,300,0
394.00,41,0,0,0,1,0,300,0
394.00,41,0,0,0,1,0,300,0
394.50,41,0,0,0,1,0,650,0
394.50,41,0,0,0,1,0,650,0
394.50,41,0,0,0,1,0,650,0
394.50,41,0,0,0,1,0,650,0
394.50,41,0,0,0,1,0,650,0
394.50,41,0,0,0,1,0,650,0
394.50,41,0,0,0,1,0,650,0
394.50,41,0,0,0,1,0,650,0
394.50,42,0,0,0,1,0,650,0
394.50,42,0,0,0,1,0,650,0
394.50,42,0,0,0,1,0,650,0
394.50,42,0,0,0,1,0,650,0
394.50,42,0,0,0,1,0,650,0
394.50,42,0,0,0,1,0,650,0
394.50,42,0,0,0,1,0,650,0
394.50,42,0,0,0,1,0,650,0
395.00,41,0,0,0,1,0,650,0
395.00,41,0,0,0,1,0,650,0
395.00,41,0,0,0,1,0,650,0
395.00,41,0,0,0,1,0,650,0
395.00,41,0,0,0,1,0,650,0
395.00,41,0,0,0,1,0,650,0
395.00,41,0,0,0,1,0,650,0
395.00,41,0,0,0,1,0,650,0
395.00,42,0,0,0,1,0,500,0
395.00,42,0,0,0,1,0,500,0
395.00,42,0,0,0,1,0,500,0
395.00,42,0,0,0,1,0,500,0
395.00,42,0,0,0,1,0,500,0
395.00,42,0,0,0,1,0,434,0
395.00,42,0,0,0,1,0,434,0
395.00,42,0,0,0,1,0,434,0
395.00,42,0,0,0,1,0,434,0
395.00,42,0,0,0,1,0,650,0
395.00,42,0,0,0,1,0,650,0
395.00,42,0,0,0,1,0,650,0
395.00,42,0,0,0,1,0,650,0
395.00,42,0,0,0,1,0,650,0
395.00,42,0,0,0,1,0,650,0
395.00,42,0,0,0,1,0,650,0
395.00,42,0,0,0,1,0,650,0
395.00,42,0,0,0,1,0,650,0
395.00,42,0,0,0,1,0,650,0
395.00,42,0,0,0,1,0,650,0
395.00,42,0,0,0,1,0,650,0
395.00,42,0,0,0,1,0,650,0
395.00,42,0,0,0,1,0,650,0
395.00,42,0,0,0,1,0,650,0
395.00,42,0,0,0,1,0,650,0
395.00,41,0,0,0,1,0,650,0
395.00,41,0,0,0,1,0,650,0
395.00,41,0,0,0,1,0,650,0
395.00,41,0,0,0,1,0,650,0
395.00,41,0,0,0,1,0,650,0
395.00,41,0,0,0,1,0,650,0
395.00,41,0,0,0,1,0,650,0
395.00,41,0,0,0,1,0,650,0
395.00,41,0,0,0,1,0,450,0
395.00,41,0,0,0,1,0,450,0
395.00,41,0,0,0,1,0,450,0
395.00,41,0,0,0,1,0,450,0
395.00,41,0,0,0,1,0,450,0
395.00,41,0,0,0,1,0,450,0
395.00,42,0,0,0,1,0,750,0
395.00,42,0,0,0,1,0,750,0
395.00,42,0,0,0,1,0,750,0
395.00,42,0,0,0,1,0,750,0
395.00,42,0,0,0,1,0,434,0
395.00,42,0,0,0,1,0,434,0
395.00,42,0,0,0,1,0,434,0
395.00,40,0,0,0,1,0,713,0
395.00,40,0,0,0,1,0,713,0
395.00,40,0,0,0,1,0,713,0
395.00,40,0,0,0,1,0,713,0
395.00,40,0,0,0,1,0,713,0
395.50,42,0,0,0,1,0,650,0
395.50,42,0,0,0,1,0,650,0
395.50,42,0,0,0,1,0,650,0
395.50,42,0,0,0,1,0,650,0
395.50,42,0,0,0,1,0,650,0
395.50,42,0,0,0,1,0,650,0
395.50,42,0,0,0,1,0,650,0
395.50,42,0,0,0,1,0,650,0
396.00,41,0,0,0,1,0,650,0
396.00,41,0,0,0,1,0,650,0
396.00,41,0,0,0,1,0,650,0
396.00,41,0,0,0,1,0,650,0
396.00,41,0,0,0,1,0,650,0
396.00,41,0,0,0,1,0,650,0
396.00,41,0,0,0,1,0,650,0
396.00,41,0,0,0,1,0,650,0
396.00,42,0,0,0,1,0,650,0
396.00,42,0,0,0,1,0,650,0
396.00,42,0,0,0,1,0,650,0
396.00,42,0,0,0,1,0,650,0
396.00,42,0,0,0,1,0,650,0
396.00,42,0,0,0,1,0,650,0
396.00,42,0,0,0,1,0,650,0
396.00,42,0,0,0,1,0,650,0
396.00,41,0,0,0,1,0,650,0
396.00,41,0,0,0,1,0,650,0
396.00,41,0,0,0,1,0,650,0
396.00,41,0,0,0,1,0,650,0
396.00,41,0,0,0,1,0,650,0
396.00,41,0,0,0,1,0,650,0
396.00,41,0,0,0,1,0,650,0
396.00,41,0,0,0,1,0,650,0
396.00,42,0,0,0,1,0,500,0
396.00,42,0,0,0,1,0,500,0
396.00,42,0,0,0,1,0,500,0
396.00,42,0,0,0,1,0,500,0
396.00,42,0,0,0,1,0,500,0
396.00,42,0,0,0,1,0,500,0
396.00,42,0,0,0,1,0,300,0
396.00,42,0,0,0,1,0,300,0
396.00,42,0,0,0,1,0,300,0
396.00,42,0,0,0,1,0,300,0
396.00,42,0,0,0,1,0,300,0
396.00,42,0,0,0,1,0,300,0
396.50,41,1,0,0,1,0,405,0
396.50,41,0,0,0,1,0,405,0
396.50,42,0,0,0,1,0,500,0
396.50,42,0,0,0,1,0,500,0
396.50,42,0,0,0,1,0,500,0
396.50,42,0,0,0,1,0,500,0
396.50,42,0,0,0,1,0,500,0
396.50,42,0,0,0,1,0,500,0
396.50,42,0,0,0,1,0,650,0
396.50,42,0,0,0,1,0,650,0
396.50,42,0,0,0,1,0,650,0
396.50,42,0,0,0,1,0,650,0
396.50,42,0,0,0,1,0,650,0
396.50,42,0,0,0,1,0,650,0
396.50,42,0,0,0,1,0,650,0
396.50,42,0,0,0,1,0,650,0
396.50,42,0,0,0,1,0,434,0
396.50,42,0,0,0,1,0,434,0
396.50,42,0,0,0,1,0,434,0
396.50,42,0,0,0,1,0,434,0
397.00,41,0,0,0,1,0,405,0
397.00,41,1,0,0,1,0,405,0
397.00,41,0,0,0,1,0,650,0
397.00,41,0,0,0,1,0,650,0
397.00,41,0,0,0,1,0,650,0
397.00,41,0,0,0,1,0,650,0
397.00,41,0,0,0,1,0,650,0
397.00,41,0,0,0,1,0,650,0
397.00,41,0,0,0,1,0,650,0
397.00,41,0,0,0,1,0,650,0
397.00,41,0,0,0,1,0,405,0
397.00,41,1,0,0,1,0,405,0
397.50,42,0,0,0,1,0,650,0
397.50,42,0,0,0,1,0,650,0
397.50,42,0,0,0,1,0,650,0
397.50,42,0,0,0,1,0,650,0
397.50,42,0,0,0,1,0,650,0
397.50,42,0,0,0,1,0,650,0
397.50,42,0,0,0,1,0,650,0
397.50,42,0,0,0,1,0,650,0
397.50,42,0,0,0,1,0,650,0
397.50,42,0,0,0,1,0,650,0
397.50,42,0,0,0,1,0,650,0
397.50,42,0,0,0,1,0,650,0
397.50,42,0,0,0,1,0,650,0
397.50,42,0,0,0,1,0,650,0
397.50,42,0,0,0,1,0,650,0
397.50,42,0,0,0,1,0,650,0
397.50,41,1,0,0,1,0,405,0
397.50,41,0,0,0,1,0,405,0
397.50,41,0,0,0,1,0,325,0
397.50,41,0,0,0,1,0,325,0
397.50,41,0,0,0,1,0,325,0
397.50,41,0,0,0,1,0,325,0
397.50,41,0,0,0,1,0,325,0
397.50,41,0,0,0,1,0,405,0
397.50,41,1,0,0,1,0,405,0
398.00,41,0,0,0,1,0,650,0
398.00,41,0,0,0,1,0,650,0
398.00,41,0,0,0,1,0,650,0
398.00,41,0,0,0,1,0,650,0
398.00,41,0,0,0,1,0,650,0
398.00,41,0,0,0,1,0,650,0
398.00,41,0,0,0,1,0,650,0
398.00,41,0,0,0,1,0,650,0
398.00,40,1,0,0,1,0,352,0
398.00,40,0,0,0,1,0,755,0
398.00,40,0,0,0,1,0,755,0
398.00,40,0,0,0,1,0,755,0
398.00,40,0,0,0,1,0,755,0
398.00,40,0,0,0,1,0,755,0
398.00,40,0,0,0,1,0,755,0
398.00,40,0,0,0,1,0,755,0
398.00,40,0,0,0,1,0,755,0
398.00,40,0,0,0,1,0,755,0
398.00,40,0,0,0,1,0,755,0
398.00,40,0,0,0,1,0,755,0
398.00,40,0,0,0,1,0,755,0
398.00,41,1,0,0,1,0,405,0
398.00,41,0,0,0,1,0,405,0
398.00,42,0,0,0,1,0,650,0
398.00,42,0,0,0,1,0,650,0
398.00,42,0,0,0,1,0,650,0
398.00,42,0,0,0,1,0,650,0
398.00,42,0,0,0,1,0,650,0
398.00,42,0,0,0,1,0,650,0
398.00,42,0,0,0,1,0,650,0
398.00,42,0,0,0,1,0,650,0
398.50,41,0,0,0,1,0,450,0
398.50,41,0,0,0,1,0,450,0
398.50,41,0,0,0,1,0,450,0
398.50,41,1,0,0,1,0,405,0
398.50,41,0,0,0,1,0,405,0
398.50,42,0,0,0,1,0,650,0
398.50,42,0,0,0,1,0,650,0
398.50,42,0,0,0,1,0,650,0
398.50,42,0,0,0,1,0,650,0
398.50,42,0,0,0,1,0,650,0
398.50,42,0,0,0,1,0,650,0
398.50,42,0,0,0,1,0,650,0
398.50,42,0,0,0,1,0,650,0
398.50,1,0,0,0,1,0,-90,0
398.50,1,0,0,0,1,0,-90,0
398.50,1,0,0,0,1,0,-90,0
398.50,1,0,0,0,1,0,-90,0
398.50,1,0,0,0,1,0,-90,0
398.50,1,0,0,0,1,0,-90,0
398.50,1,0,0,0,1,0,-90,0
398.50,1,0,0,0,1,0,-90,0
398.50,1,0,0,0,1,0,-90,0
398.50,1,0,0,0,1,0,-90,0
398.50,42,0,0,0,1,0,650,0
398.50,42,0,0,0,1,0,650,0
398.50,42,0,0,0,1,0,650,0
398.50,42,0,0,0,1,0,650,0
398.50,42,0,0,0,1,0,650,0
398.50,42,0,0,0,1,0,650,0
398.50,42,0,0,0,1,0,650,0
398.50,42,0,0,0,1,0,650,0
398.81,40,0,0,0,1,0,755,0
398.81,40,1,0,0,1,0,755,0
398.81,40,0,0,0,1,0,755,0
399.00,42,0,0,0,1,0,300,0
399.00,42,0,0,0,1,0,300,0
399.00,42,0,0,0,1,0,300,0
399.00,42,0,0,0,1,0,300,0
399.00,42,0,0,0,1,0,300,0
399.00,42,0,0,0,1,0,300,0
399.00,41,0,0,0,1,0,650,0
399.00,41,0,0,0,1,0,650,0
399.00,41,0,0,0,1,0,650,0
399.00,41,0,0,0,1,0,650,0
399.00,41,0,0,0,1,0,650,0
399.00,41,0,0,0,1,0,650,0
399.00,41,0,0,0,1,0,650,0
399.00,41,0,0,0,1,0,650,0
399.00,41,0,0,0,1,0,600,0
399.00,41,0,0,0,1,0,600,0
399.00,41,0,0,0,1,0,600,0
399.00,41,0,0,0,1,0,600,0
399.00,41,0,0,0,1,0,600,0
399.00,41,0,0,0,1,0,600,0
399.00,41,0,0,0,1,0,650,0
399.00,41,0,0,0,1,0,650,0
399.00,41,0,0,0,1,0,650,0
399.00,41,0,0,0,1,0,650,0
399.00,41,0,0,0,1,0,650,0
399.00,41,0,0,0,1,0,650,0
399.00,41,0,0,0,1,0,650,0
399.00,41,0,0,0,1,0,650,0
399.00,40,0,0,0,1,0,498,0
399.00,40,0,0,0,1,0,498,0
399.00,40,0,0,0,1,0,498,0
399.00,40,0,0,0,1,0,498,0
399.00,40,0,0,0,1,0,498,0
399.00,41,0,0,0,1,0,650,0
399.00,41,0,0,0,1,0,650,0
399.00,41,0,0,0,1,0,650,0
399.00,41,0,0,0,1,0,650,0
399.00,41,0,0,0,1,0,650,0
399.00,41,0,0,0,1,0,650,0
399.00,41,0,0,0,1,0,650,0
399.00,41,0,0,0,1,0,650,0
399.00,41,0,0,0,1,0,405,0
399.00,41,1,0,0,1,0,405,0
399.00,41,0,0,0,1,0,405,0
399.00,42,0,0,0,1,0,650,0
399.00,42,0,0,0,1,0,650,0
399.00,42,0,0,0,1,0,650,0
399.00,42,0,0,0,1,0,650,0
399.00,42,0,0,0,1,0,650,0
399.00,42,0,0,0,1,0,650,0
399.00,42,0,0,0,1,0,650,0
399.00,42,0,0,0,1,0,650,0
399.00,42,0,0,0,1,0,650,0
399.00,42,0,0,0,1,0,650,0
399.00,42,0,0,0,1,0,650,0
399.00,42,0,0,0,1,0,650,0
399.00,42,0,0,0,1,0,650,0
399.00,42,0,0,0,1,0,650,0
399.00,42,0,0,0,1,0,650,0
399.00,42,0,0,0,1,0,650,0
399.00,42,0,0,0,1,0,650,0
399.00,42,0,0,0,1,0,650,0
399.00,42,0,0,0,1,0,650,0
399.00,42,0,0,0,1,0,650,0
399.00,42,0,0,0,1,0,650,0
399.00,42,0,0,0,1,0,650,0
399.00,42,0,0,0,1,0,650,0
399.00,42,0,0,0,1,0,650,0
399.00,42,0,0,0,1,0,650,0
399.00,42,0,0,0,1,0,650,0
399.00,42,0,0,0,1,0,650,0
399.00,42,0,0,0,1,0,650,0
399.00,42,0,0,0,1,0,650,0
399.00,42,0,0,0,1,0,650,0
399.00,42,0,0,0,1,0,650,0
399.00,42,0,0,0,1,0,650,0
399.50,41,0,0,0,1,0,650,0
399.50,41,0,0,0,1,0,650,0
399.50,41,0,0,0,1,0,650,0
399.50,41,0,0,0,1,0,650,0
399.50,41,0,0,0,1,0,650,0
399.50,41,0,0,0,1,0,650,0
399.50,41,0,0,0,1,0,650,0
399.50,41,0,0,0,1,0,650,0
399.50,41,0,0,0,1,0,750,0
399.50,41,0,0,0,1,0,750,0
399.50,41,0,0,0,1,0,750,0
399.50,41,0,0,0,1,0,750,0
399.50,42,0,0,0,1,0,650,0
399.50,42,0,0,0,1,0,650,0
399.50,42,0,0,0,1,0,650,0
399.50,42,0,0,0,1,0,650,0
399.50,42,0,0,0,1,0,650,0
399.50,42,0,0,0,1,0,650,0
399.50,42,0,0,0,1,0,650,0
399.50,42,0,0,0,1,0,650,0
399.82,42,0,0,0,1,0,350,0
399.82,42,0,0,0,1,0,350,0
399.82,42,0,0,0,1,0,350,0
400.00,41,0,0,0,1,0,650,0
400.00,41,0,0,0,1,0,650,0
400.00,41,0,0,0,1,0,650,0
400.00,41,0,0,0,1,0,650,0
400.00,41,0,0,0,1,0,650,0
400.00,41,0,0,0,1,0,650,0
400.00,41,0,0,0,1,0,650,0
400.00,41,0,0,0,1,0,650,0
400.00,41,0,0,0,1,0,650,0
400.00,41,0,0,0,1,0,650,0
400.00,41,0,0,0,1,0,650,0
400.00,41,0,0,0,1,0,650,0
400.00,41,0,0,0,1,0,650,0
400.00,41,0,0,0,1,0,650,0
400.00,41,0,0,0,1,0,650,0
400.00,41,0,0,0,1,0,650,0
400.00,41,0,0,0,1,0,650,0
400.00,41,0,0,0,1,0,650,0
400.00,41,0,0,0,1,0,650,0
400.00,41,0,0,0,1,0,650,0
400.00,41,0,0,0,1,0,650,0
400.00,41,0,0,0,1,0,650,0
400.00,41,0,0,0,1,0,650,0
400.00,41,0,0,0,1,0,650,0
400.00,1,0,0,0,1,0,88,0
400.00,1,1,0,0,1,0,88,0
400.00,40,0,0,0,1,0,755,0
400.00,40,0,0,0,1,0,755,0
400.00,40,0,0,0,1,0,755,0
400.00,40,0,0,0,1,0,755,0
400.00,42,0,0,0,1,0,600,0
400.00,42,0,0,0,1,0,600,0
400.00,42,0,0,0,1,0,600,0
400.00,42,0,0,0,1,0,600,0
400.00,42,0,0,0,1,0,600,0
400.00,41,0,0,0,1,0,650,0
400.00,41,0,0,0,1,0,650,0
400.00,41,0,0,0,1,0,650,0
400.00,41,0,0,0,1,0,650,0
400.00,41,0,0,0,1,0,650,0
400.00,41,0,0,0,1,0,650,0
400.00,41,0,0,0,1,0,650,0
400.00,41,0,0,0,1,0,650,0
400.00,40,0,0,0,1,0,755,0
400.00,40,0,0,0,1,0,755,0
400.00,40,0,0,0,1,0,755,0
400.00,40,0,0,0,1,0,755,0
400.00,40,0,0,0,1,0,755,0
400.00,40,0,0,0,1,0,755,0
400.00,40,0,0,0,1,0,755,0
400.00,40,0,0,0,1,0,755,0
400.00,41,0,0,0,1,0,650,0
400.00,41,0,0,0,1,0,650,0
400.00,41,0,0,0,1,0,650,0
400.00,41,0,0,0,1,0,650,0
400.00,41,0,0,0,1,0,650,0
400.00,41,0,0,0,1,0,650,0
400.00,41,0,0,0,1,0,650,0
400.00,41,0,0,0,1,0,650,0
400.00,40,0,0,0,1,0,755,0
400.00,40,0,0,0,1,0,755,0
400.00,40,0,0,0,1,0,755,0
400.00,40,0,0,0,1,0,755,0
400.00,41,1,0,0,1,0,405,0
400.00,41,0,0,0,1,0,405,0
400.00,42,0,0,0,1,0,650,0
400.00,42,0,0,0,1,0,650,0
400.00,42,0,0,0,1,0,650,0
400.00,42,0,0,0,1,0,650,0
400.00,42,0,0,0,1,0,650,0
400.00,42,0,0,0,1,0,650,0
400.00,42,0,0,0,1,0,650,0
400.00,42,0,0,0,1,0,650,0
400.00,41,1,0,0,1,0,405,0
400.00,41,0,0,0,1,0,405,0
400.00,41,0,0,0,1,0,750,0
400.00,41,0,0,0,1,0,750,0
400.00,41,0,0,0,1,0,750,0
400.00,42,0,0,0,1,0,434,0
400.00,42,0,0,0,1,0,434,0
400.00,42,0,0,0,1,0,434,0
400.00,42,0,0,0,1,0,434,0
400.00,41,0,0,0,1,0,700,0
400.00,41,0,0,0,1,0,700,0
400.00,41,0,0,0,1,0,700,0
400.00,41,0,0,0,1,0,700,0
400.00,41,0,0,0,1,0,700,0
400.00,41,0,0,0,1,0,700,0
400.00,41,0,0,0,1,0,700,0
400.00,41,0,0,0,1,0,700,0
400.00,41,0,0,0,1,0,700,0
400.00,41,0,0,0,1,0,700,0
400.00,41,0,0,0,1,0,500,0
400.00,41,0,0,0,1,0,500,0
400.00,41,0,0,0,1,0,500,0
400.00,41,0,0,0,1,0,500,0
400.00,41,0,0,0,1,0,500,0
400.00,41,0,0,0,1,0,500,0
400.50,41,0,0,0,1,0,684,0
400.50,41,0,0,0,1,0,684,0
400.50,41,0,0,0,1,0,684,0
400.50,41,0,0,0,1,0,684,0
400.50,41,0,0,0,1,0,684,0
400.50,41,0,0,0,1,0,684,0
400.50,42,0,0,0,1,0,650,0
400.50,42,0,0,0,1,0,650,0
400.50,42,0,0,0,1,0,650,0
400.50,42,0,0,0,1,0,650,0
400.50,42,0,0,0,1,0,650,0
400.50,42,0,0,0,1,0,650,0
400.50,42,0,0,0,1,0,650,0
400.50,42,0,0,0,1,0,650,0
400.50,42,0,0,0,1,0,434,0
400.50,42,0,0,0,1,0,434,0
400.50,42,0,0,0,1,0,434,0
400.50,42,0,0,0,1,0,434,0
400.50,41,0,0,0,1,0,700,0
400.50,41,0,0,0,1,0,700,0
400.50,41,0,0,0,1,0,700,0
400.50,41,0,0,0,1,0,700,0
400.50,41,0,0,0,1,0,700,0
400.50,42,0,0,0,1,0,434,0
400.50,42,0,0,0,1,0,434,0
400.50,42,0,0,0,1,0,434,0
400.50,42,0,0,0,1,0,434,0
400.50,40,0,0,0,1,0,550,0
400.50,40,0,0,0,1,0,550,0
400.50,40,0,0,0,1,0,550,0
400.50,42,0,0,0,1,0,650,0
400.50,42,0,0,0,1,0,650,0
400.50,42,0,0,0,1,0,650,0
400.50,42,0,0,0,1,0,650,0
400.50,42,0,0,0,1,0,650,0
400.50,42,0,0,0,1,0,650,0
400.50,42,0,0,0,1,0,650,0
400.50,42,0,0,0,1,0,650,0
401.00,41,0,0,0,1,0,650,0
401.00,41,0,0,0,1,0,650,0
401.00,41,0,0,0,1,0,650,0
401.00,41,0,0,0,1,0,650,0
401.00,41,0,0,0,1,0,650,0
401.00,41,0,0,0,1,0,650,0
401.00,41,0,0,0,1,0,650,0
401.00,41,0,0,0,1,0,650,0
401.00,41,0,0,0,1,0,684,0
401.00,41,0,0,0,1,0,684,0
401.00,41,0,0,0,1,0,684,0
401.00,41,0,0,0,1,0,684,0
401.00,41,0,0,0,1,0,684,0
401.00,41,0,0,0,1,0,684,0
401.00,41,0,0,0,1,0,405,0
401.00,41,1,0,0,1,0,405,0
401.00,42,0,0,0,1,0,650,0
401.00,42,0,0,0,1,0,650,0
401.00,42,0,0,0,1,0,650,0
401.00,42,0,0,0,1,0,650,0
401.00,42,0,0,0,1,0,650,0
401.00,42,0,0,0,1,0,650,0
401.00,42,0,0,0,1,0,650,0
401.00,42,0,0,0,1,0,650,0
401.50,42,0,0,0,1,0,650,0
401.50,42,0,0,0,1,0,650,0
401.50,42,0,0,0,1,0,650,0
401.50,42,0,0,0,1,0,650,0
401.50,42,0,0,0,1,0,650,0
401.50,42,0,0,0,1,0,650,0
401.50,42,0,0,0,1,0,650,0
401.50,42,0,0,0,1,0,650,0
402.00,42,0,0,0,1,0,650,0
402.00,42,0,0,0,1,0,650,0
402.00,42,0,0,0,1,0,650,0
402.00,42,0,0,0,1,0,650,0
402.00,42,0,0,0,1,0,650,0
402.00,42,0,0,0,1,0,650,0
402.00,42,0,0,0,1,0,650,0
402.00,42,0,0,0,1,0,650,0
402.00,40,0,0,0,1,0,755,0
402.00,40,0,0,0,1,0,755,0
402.00,40,0,0,0,1,0,755,0
402.00,40,0,0,0,1,0,755,0
402.00,42,0,0,0,1,0,650,0
402.00,42,0,0,0,1,0,650,0
402.00,42,0,0,0,1,0,650,0
402.00,42,0,0,0,1,0,650,0
402.00,41,0,0,0,1,0,600,0
402.00,41,0,0,0,1,0,600,0
402.00,41,0,0,0,1,0,600,0
402.00,41,0,0,0,1,0,600,0
402.00,41,0,0,0,1,0,600,0
402.00,41,0,0,0,1,0,600,0
402.00,42,0,0,0,1,0,650,0
402.00,42,0,0,0,1,0,650,0
402.00,42,0,0,0,1,0,650,0
402.00,42,0,0,0,1,0,650,0
402.00,42,0,0,0,1,0,650,0
402.00,42,0,0,0,1,0,650,0
402.00,42,0,0,0,1,0,650,0
402.00,42,0,0,0,1,0,650,0
402.00,42,0,0,0,1,0,650,0
402.00,42,0,0,0,1,0,650,0
402.00,42,0,0,0,1,0,650,0
402.00,42,0,0,0,1,0,650,0
402.00,42,0,0,0,1,0,650,0
402.00,42,0,0,0,1,0,650,0
402.00,42,0,0,0,1,0,650,0
402.00,42,0,0,0,1,0,650,0
402.00,42,0,0,0,1,0,750,0
402.00,42,0,0,0,1,0,750,0
402.00,42,0,0,0,1,0,750,0
402.00,42,0,0,0,1,0,750,0
402.50,41,0,0,0,1,0,450,0
402.50,41,0,0,0,1,0,450,0
402.50,41,0,0,0,1,0,450,0
402.50,41,0,0,0,1,0,405,0
402.50,41,1,0,0,1,0,405,0
402.50,42,0,0,0,1,0,750,0
402.50,42,0,0,0,1,0,750,0
402.50,42,0,0,0,1,0,750,0
402.50,42,0,0,0,1,0,750,0
402.50,41,0,0,0,1,0,405,0
402.50,41,1,0,0,1,0,405,0
402.50,42,0,0,0,1,0,650,0
402.50,42,0,0,0,1,0,650,0
402.50,42,0,0,0,1,0,650,0
402.50,42,0,0,0,1,0,650,0
402.50,42,0,0,0,1,0,650,0
402.50,42,0,0,0,1,0,650,0
402.50,42,0,0,0,1,0,650,0
402.50,42,0,0,0,1,0,650,0
402.50,42,0,0,0,1,0,650,0
402.50,42,0,0,0,1,0,650,0
402.50,42,0,0,0,1,0,650,0
402.50,42,0,0,0,1,0,650,0
402.50,42,0,0,0,1,0,650,0
402.50,42,0,0,0,1,0,650,0
402.50,42,0,0,0,1,0,650,0
402.50,42,0,0,0,1,0,650,0
402.86,42,0,0,0,1,0,567,0
402.86,42,0,0,0,1,0,567,0
402.86,42,0,0,0,1,0,567,0
402.86,42,0,0,0,1,0,567,0
403.00,41,0,0,0,1,0,450,0
403.00,41,0,0,0,1,0,450,0
403.00,41,0,0,0,1,0,450,0
403.00,42,0,0,0,1,0,650,0
403.00,42,0,0,0,1,0,650,0
403.00,42,0,0,0,1,0,650,0
403.00,42,0,0,0,1,0,650,0
403.00,42,0,0,0,1,0,650,0
403.00,42,0,0,0,1,0,650,0
403.00,42,0,0,0,1,0,650,0
403.00,42,0,0,0,1,0,650,0
403.00,40,0,0,0,1,0,550,0
403.00,40,0,0,0,1,0,550,0
403.00,40,0,0,0,1,0,550,0
403.00,42,0,0,0,1,0,434,0
403.00,42,0,0,0,1,0,434,0
403.00,42,0,0,0,1,0,434,0
403.00,42,0,0,0,1,0,434,0
403.00,42,0,0,0,1,0,434,0
403.00,42,0,0,0,1,0,434,0
403.00,41,1,0,0,1,0,405,0
403.00,41,0,0,0,1,0,405,0
403.00,41,0,0,0,1,0,450,0
403.00,41,0,0,0,1,0,450,0
403.00,41,0,0,0,1,0,450,0
403.00,41,0,0,0,1,0,405,0
403.00,41,1,0,0,1,0,405,0
403.00,41,1,0,0,1,0,405,0
403.00,41,0,0,0,1,0,405,0
403.00,41,1,0,0,1,0,405,0
403.00,41,0,0,0,1,0,405,0
403.00,41,0,0,0,1,0,650,0
403.00,41,0,0,0,1,0,650,0
403.00,41,0,0,0,1,0,650,0
403.00,41,0,0,0,1,0,650,0
403.00,41,0,0,0,1,0,650,0
403.00,41,0,0,0,1,0,650,0
403.00,41,0,0,0,1,0,650,0
403.00,41,0,0,0,1,0,650,0
403.50,41,1,0,0,1,0,405,0
403.50,41,0,0,0,1,0,405,0
403.50,41,1,0,0,1,0,405,0
403.50,41,0,0,0,1,0,405,0
403.50,42,0,0,0,1,0,650,0
403.50,42,0,0,0,1,0,650,0
403.50,42,0,0,0,1,0,650,0
403.50,42,0,0,0,1,0,650,0
403.50,42,0,0,0,1,0,650,0
403.50,42,0,0,0,1,0,650,0
403.50,42,0,0,0,1,0,650,0
403.50,42,0,0,0,1,0,650,0
403.50,42,0,0,0,1,0,650,0
403.50,42,0,0,0,1,0,650,0
403.50,42,0,0,0,1,0,650,0
403.50,42,0,0,0,1,0,650,0
403.50,42,0,0,0,1,0,650,0
403.50,42,0,0,0,1,0,650,0
403.50,42,0,0,0,1,0,650,0
403.50,42,0,0,0,1,0,650,0
403.50,42,0,0,0,1,0,650,0
403.50,42,0,0,0,1,0,650,0
403.50,42,0,0,0,1,0,650,0
403.50,42,0,0,0,1,0,650,0
403.50,42,0,0,0,1,0,650,0
403.50,42,0,0,0,1,0,650,0
403.50,42,0,0,0,1,0,650,0
403.50,42,0,0,0,1,0,650,0
403.50,41,0,0,0,1,0,650,0
403.50,41,0,0,0,1,0,650,0
403.50,41,0,0,0,1,0,650,0
403.50,41,0,0,0,1,0,650,0
403.50,41,0,0,0,1,0,650,0
403.50,41,0,0,0,1,0,650,0
403.50,41,0,0,0,1,0,650,0
403.50,41,0,0,0,1,0,650,0
403.50,41,0,0,0,1,0,609,0
403.50,41,1,0,0,1,0,609,0
403.88,42,0,0,0,1,0,550,0
403.88,42,0,0,0,1,0,550,0
403.88,42,0,0,0,1,0,550,0
403.88,42,0,0,0,1,0,550,0
403.88,42,0,0,0,1,0,550,0
403.88,42,0,0,0,1,0,550,0
403.88,42,0,0,0,1,0,550,0
403.88,42,0,0,0,1,0,550,0
403.88,42,0,0,0,1,0,400,0
403.88,42,1,0,0,1,0,400,0
404.00,42,0,0,0,1,0,575,0
404.00,42,0,0,0,1,0,575,0
404.00,42,0,0,0,1,0,575,0
404.00,42,0,0,0,1,0,575,0
404.00,42,0,0,0,1,0,575,0
404.00,42,0,0,0,1,0,650,0
404.00,42,0,0,0,1,0,650,0
404.00,42,0,0,0,1,0,650,0
404.00,42,0,0,0,1,0,650,0
404.00,42,0,0,0,1,0,650,0
404.00,42,0,0,0,1,0,650,0
404.00,42,0,0,0,1,0,650,0
404.00,42,0,0,0,1,0,650,0
404.00,40,0,0,0,1,0,755,0
404.00,40,0,0,0,1,0,755,0
404.00,40,0,0,0,1,0,755,0
404.00,40,0,0,0,1,0,755,0
404.00,40,0,0,0,1,0,755,0
404.00,40,0,0,0,1,0,755,0
404.00,40,0,0,0,1,0,755,0
404.00,40,0,0,0,1,0,755,0
404.00,42,0,0,0,1,0,500,0
404.00,42,0,0,0,1,0,500,0
404.00,42,0,0,0,1,0,500,0
404.00,42,0,0,0,1,0,500,0
404.00,42,0,0,0,1,0,500,0
404.00,42,0,0,0,1,0,500,0
404.00,41,0,0,0,1,0,405,0
404.00,41,1,0,0,1,0,405,0
404.00,42,0,0,0,1,0,575,0
404.00,42,0,0,0,1,0,575,0
404.00,42,0,0,0,1,0,575,0
404.00,42,0,0,0,1,0,575,0
404.00,42,0,0,0,1,0,575,0
404.00,42,0,0,0,1,0,650,0
404.00,42,0,0,0,1,0,650,0
404.00,42,0,0,0,1,0,650,0
404.00,42,0,0,0,1,0,650,0
404.00,42,0,0,0,1,0,650,0
404.00,42,0,0,0,1,0,650,0
404.00,42,0,0,0,1,0,650,0
404.00,42,0,0,0,1,0,650,0
404.00,42,0,0,0,1,0,650,0
404.00,42,0,0,0,1,0,650,0
404.00,42,0,0,0,1,0,650,0
404.00,42,0,0,0,1,0,650,0
404.00,42,0,0,0,1,0,650,0
404.00,42,0,0,0,1,0,650,0
404.00,42,0,0,0,1,0,650,0
404.00,42,0,0,0,1,0,650,0
404.00,42,0,0,0,1,0,650,0
404.00,42,0,0,0,1,0,650,0
404.00,42,0,0,0,1,0,650,0
404.00,42,0,0,0,1,0,650,0
404.00,42,0,0,0,1,0,750,0
404.00,42,0,0,0,1,0,750,0
404.00,42,0,0,0,1,0,750,0
404.00,42,0,0,0,1,0,434,0
404.00,42,0,0,0,1,0,434,0
404.00,42,0,0,0,1,0,434,0
404.00,42,0,0,0,1,0,434,0
404.00,41,0,0,0,1,0,650,0
404.00,41,0,0,0,1,0,650,0
404.00,41,0,0,0,1,0,650,0
404.00,41,0,0,0,1,0,650,0
404.00,41,0,0,0,1,0,650,0
404.00,41,0,0,0,1,0,650,0
404.00,41,0,0,0,1,0,650,0
404.00,41,0,0,0,1,0,650,0
404.00,41,0,0,0,1,0,600,0
404.00,41,0,0,0,1,0,600,0
404.00,41,0,0,0,1,0,600,0
404.00,41,0,0,0,1,0,600,0
404.00,41,0,0,0,1,0,600,0
404.00,41,0,0,0,1,0,600,0
405.00,42,0,0,0,1,0,750,0
405.00,42,0,0,0,1,0,750,0
405.00,42,0,0,0,1,0,750,0
405.00,42,0,0,0,1,0,750,0
405.00,41,0,0,0,1,0,600,0
405.00,41,0,0,0,1,0,600,0
405.00,41,0,0,0,1,0,600,0
405.00,41,0,0,0,1,0,600,0
405.00,41,0,0,0,1,0,600,0
405.00,41,0,0,0,1,0,600,0
405.00,40,0,0,0,1,0,498,0
405.00,40,0,0,0,1,0,498,0
405.00,40,0,0,0,1,0,498,0
405.00,40,0,0,0,1,0,498,0
405.00,40,0,0,0,1,0,498,0
405.00,40,0,0,0,1,0,498,0
405.00,41,0,0,0,1,0,650,0
405.00,41,0,0,0,1,0,650,0
405.00,41,0,0,0,1,0,650,0
405.00,41,0,0,0,1,0,650,0
405.00,41,0,0,0,1,0,650,0
405.00,41,0,0,0,1,0,650,0
405.00,41,0,0,0,1,0,650,0
405.00,41,0,0,0,1,0,650,0
405.00,40,0,0,0,1,0,755,0
405.00,40,0,0,0,1,0,755,0
405.00,40,0,0,0,1,0,755,0
405.00,40,0,0,0,1,0,755,0
405.00,41,1,0,0,1,0,405,0
405.00,41,0,0,0,1,0,405,0
405.00,42,0,0,0,1,0,650,0
405.00,42,0,0,0,1,0,650,0
405.00,42,0,0,0,1,0,650,0
405.00,42,0,0,0,1,0,650,0
405.00,42,0,0,0,1,0,650,0
405.00,42,0,0,0,1,0,650,0
405.00,42,0,0,0,1,0,650,0
405.00,42,0,0,0,1,0,650,0
405.00,41,1,0,0,1,0,405,0
405.00,41,0,0,0,1,0,405,0
405.00,42,0,0,0,1,0,650,0
405.00,42,0,0,0,1,0,650,0
405.00,42,0,0,0,1,0,650,0
405.00,42,0,0,0,1,0,650,0
405.00,42,0,0,0,1,0,650,0
405.00,42,0,0,0,1,0,650,0
405.00,42,0,0,0,1,0,650,0
405.00,42,0,0,0,1,0,650,0
405.00,42,0,0,0,1,0,300,0
405.00,42,0,0,0,1,0,300,0
405.00,42,0,0,0,1,0,300,0
405.00,42,0,0,0,1,0,300,0
405.00,42,0,0,0,1,0,300,0
405.00,42,0,0,0,1,0,300,0
405.00,41,0,0,0,1,0,450,0
405.00,41,0,0,0,1,0,450,0
405.00,41,0,0,0,1,0,450,0
405.00,42,0,0,0,1,0,500,0
405.00,42,0,0,0,1,0,500,0
405.00,42,0,0,0,1,0,500,0
405.00,42,0,0,0,1,0,500,0
405.00,42,0,0,0,1,0,500,0
405.00,42,0,0,0,1,0,500,0
405.00,42,0,0,0,1,0,400,0
405.00,42,1,0,0,1,0,400,0
405.00,42,0,0,0,1,0,400,0
405.00,42,0,0,0,1,0,500,0
405.00,42,0,0,0,1,0,500,0
405.00,42,0,0,0,1,0,500,0
405.00,42,0,0,0,1,0,500,0
405.00,42,0,0,0,1,0,500,0
405.00,42,0,0,0,1,0,500,0
405.00,42,0,0,0,1,0,650,0
405.00,42,0,0,0,1,0,650,0
405.00,42,0,0,0,1,0,650,0
405.00,42,0,0,0,1,0,650,0
405.00,42,0,0,0,1,0,650,0
405.00,42,0,0,0,1,0,650,0
405.00,42,0,0,0,1,0,650,0
405.00,42,0,0,0,1,0,650,0
405.00,41,0,0,0,1,0,300,0
405.00,41,0,0,0,1,0,300,0
405.00,41,0,0,0,1,0,300,0
405.00,41,0,0,0,1,0,300,0
405.00,41,0,0,0,1,0,300,0
405.00,41,0,0,0,1,0,300,0
405.50,41,0,0,0,1,0,450,0
405.50,41,0,0,0,1,0,450,0
405.50,41,0,0,0,1,0,450,0
405.50,41,1,0,0,1,0,405,0
405.50,41,0,0,0,1,0,405,0
405.50,41,1,0,0,1,0,405,0
405.50,41,0,0,0,1,0,405,0
405.50,42,0,0,0,1,0,650,0
405.50,42,0,0,0,1,0,650,0
405.50,42,0,0,0,1,0,650,0
405.50,42,0,0,0,1,0,650,0
405.50,42,0,0,0,1,0,650,0
405.50,42,0,0,0,1,0,650,0
405.50,42,0,0,0,1,0,650,0
405.50,42,0,0,0,1,0,650,0
406.00,1,0,0,0,1,0,138,0
406.00,1,0,0,0,1,0,138,0
406.00,1,0,0,0,1,0,138,0
406.00,1,0,0,0,1,0,138,0
406.00,42,0,0,0,1,0,300,0
406.00,42,0,0,0,1,0,300,0
406.00,42,0,0,0,1,0,300,0
406.00,42,0,0,0,1,0,300,0
406.00,42,0,0,0,1,0,300,0
406.00,42,0,0,0,1,0,300,0
406.00,41,0,0,0,1,0,650,0
406.00,41,0,0,0,1,0,650,0
406.00,41,0,0,0,1,0,650,0
406.00,41,0,0,0,1,0,650,0
406.00,41,0,0,0,1,0,650,0
406.00,41,0,0,0,1,0,650,0
406.00,41,0,0,0,1,0,650,0
406.00,41,0,0,0,1,0,650,0
406.00,42,0,0,0,1,0,175,0
406.00,42,1,0,0,1,0,175,0
406.00,19,0,0,0,1,0,500,0
406.00,19,0,0,0,1,0,500,0
406.00,19,0,0,0,1,0,500,0
406.00,19,0,0,0,1,0,500,0
406.00,19,0,0,0,1,0,500,0
406.00,19,0,0,0,1,0,500,0
406.00,42,0,0,0,1,0,750,0
406.00,42,0,0,0,1,0,750,0
406.00,42,0,0,0,1,0,750,0
406.00,42,0,0,0,1,0,750,0
406.00,42,0,0,0,1,0,750,0
406.00,42,0,0,0,1,0,750,0
406.00,42,0,0,0,1,0,750,0
406.00,42,0,0,0,1,0,650,0
406.00,42,0,0,0,1,0,650,0
406.00,42,0,0,0,1,0,650,0
406.00,42,0,0,0,1,0,650,0
406.00,42,0,0,0,1,0,650,0
406.00,42,0,0,0,1,0,650,0
406.00,42,0,0,0,1,0,650,0
406.00,42,0,0,0,1,0,650,0
406.00,41,1,0,0,1,0,405,0
406.00,41,0,0,0,1,0,405,0
406.00,41,0,0,0,1,0,500,0
406.00,41,0,0,0,1,0,500,0
406.00,41,0,0,0,1,0,500,0
406.00,41,0,0,0,1,0,500,0
406.00,41,0,0,0,1,0,500,0
406.00,41,0,0,0,1,0,500,0
406.00,42,0,0,0,1,0,650,0
406.00,42,0,0,0,1,0,650,0
406.00,42,0,0,0,1,0,650,0
406.00,42,0,0,0,1,0,650,0
406.00,42,0,0,0,1,0,650,0
406.00,42,0,0,0,1,0,650,0
406.00,42,0,0,0,1,0,650,0
406.00,42,0,0,0,1,0,650,0
406.00,41,1,0,0,1,0,405,0
406.00,41,0,0,0,1,0,405,0
406.50,42,0,0,0,1,0,434,0
406.50,42,0,0,0,1,0,434,0
406.50,42,0,0,0,1,0,434,0
406.50,42,0,0,0,1,0,434,0
406.50,42,0,0,0,1,0,450,0
406.50,42,0,0,0,1,0,450,0
406.50,42,0,0,0,1,0,450,0
406.50,41,0,0,0,1,0,650,0
406.50,41,0,0,0,1,0,650,0
406.50,41,0,0,0,1,0,650,0
406.50,41,0,0,0,1,0,650,0
406.50,41,0,0,0,1,0,650,0
406.50,41,0,0,0,1,0,650,0
406.50,41,0,0,0,1,0,650,0
406.50,41,0,0,0,1,0,650,0
407.00,40,1,0,0,1,0,369,0
407.00,40,0,0,0,1,0,369,0
407.00,40,0,0,0,1,0,755,0
407.00,40,0,0,0,1,0,755,0
407.00,40,0,0,0,1,0,755,0
407.00,40,0,0,0,1,0,755,0
407.00,40,0,0,0,1,0,713,0
407.00,40,0,0,0,1,0,713,0
407.00,40,0,0,0,1,0,713,0
407.00,40,0,0,0,1,0,713,0
407.00,40,0,0,0,1,0,713,0
407.00,40,0,0,0,1,0,755,0
407.00,40,0,0,0,1,0,755,0
407.00,40,0,0,0,1,0,755,0
407.00,40,0,0,0,1,0,755,0
407.00,40,0,0,0,1,0,755,0
407.00,40,0,0,0,1,0,755,0
407.00,40,0,0,0,1,0,755,0
407.00,40,0,0,0,1,0,755,0
407.00,41,0,0,0,1,0,650,0
407.00,41,0,0,0,1,0,650,0
407.00,41,0,0,0,1,0,650,0
407.00,41,0,0,0,1,0,650,0
407.00,41,0,0,0,1,0,650,0
407.00,41,0,0,0,1,0,650,0
407.00,41,0,0,0,1,0,650,0
407.00,41,0,0,0,1,0,650,0
407.00,41,0,0,0,1,0,450,0
407.00,41,0,0,0,1,0,450,0
407.00,41,0,0,0,1,0,450,0
407.00,41,0,0,0,1,0,450,0
407.00,42,0,0,0,1,0,650,0
407.00,42,0,0,0,1,0,650,0
407.00,42,0,0,0,1,0,650,0
407.00,42,0,0,0,1,0,650,0
407.00,42,0,0,0,1,0,650,0
407.00,42,0,0,0,1,0,650,0
407.00,42,0,0,0,1,0,650,0
407.00,42,0,0,0,1,0,650,0
407.00,42,0,0,0,1,0,650,0
407.00,42,0,0,0,1,0,650,0
407.00,42,0,0,0,1,0,650,0
407.00,42,0,0,0,1,0,650,0
407.00,42,0,0,0,1,0,650,0
407.00,42,0,0,0,1,0,650,0
407.00,42,0,0,0,1,0,650,0
407.00,42,0,0,0,1,0,650,0
407.00,42,0,0,0,1,0,650,0
407.00,42,0,0,0,1,0,650,0
407.00,42,0,0,0,1,0,650,0
407.00,42,0,0,0,1,0,650,0
407.00,42,0,0,0,1,0,650,0
407.00,42,0,0,0,1,0,650,0
407.00,42,0,0,0,1,0,650,0
407.00,42,0,0,0,1,0,650,0
407.50,41,0,0,0,1,0,450,0
407.50,41,0,0,0,1,0,450,0
407.50,41,0,0,0,1,0,450,0
407.50,41,0,0,0,1,0,650,0
407.50,41,0,0,0,1,0,650,0
407.50,41,0,0,0,1,0,650,0
407.50,41,0,0,0,1,0,650,0
407.50,41,0,0,0,1,0,650,0
407.50,41,0,0,0,1,0,650,0
407.50,41,0,0,0,1,0,650,0
407.50,41,0,0,0,1,0,650,0
407.50,42,0,0,0,1,0,650,0
407.50,42,0,0,0,1,0,650,0
407.50,42,0,0,0,1,0,650,0
407.50,42,0,0,0,1,0,650,0
407.50,42,0,0,0,1,0,650,0
407.50,42,0,0,0,1,0,650,0
407.50,42,0,0,0,1,0,650,0
407.50,42,0,0,0,1,0,650,0
407.50,41,0,0,0,1,0,405,0
407.50,41,1,0,0,1,0,405,0
407.50,42,0,0,0,1,0,750,0
407.50,42,0,0,0,1,0,750,0
407.50,42,0,0,0,1,0,750,0
407.50,42,0,0,0,1,0,500,0
407.50,42,0,0,0,1,0,500,0
407.50,42,0,0,0,1,0,500,0
407.50,42,0,0,0,1,0,500,0
407.50,42,0,0,0,1,0,500,0
407.50,42,0,0,0,1,0,500,0
407.50,42,0,0,0,1,0,650,0
407.50,42,0,0,0,1,0,650,0
407.50,42,0,0,0,1,0,650,0
407.50,42,0,0,0,1,0,650,0
407.50,42,0,0,0,1,0,650,0
407.50,42,0,0,0,1,0,650,0
407.50,42,0,0,0,1,0,650,0
407.50,42,0,0,0,1,0,650,0
408.00,42,0,0,0,1,0,500,0
408.00,42,0,0,0,1,0,500,0
408.00,42,0,0,0,1,0,500,0
408.00,42,0,0,0,1,0,500,0
408.00,42,0,0,0,1,0,500,0
408.00,42,0,0,0,1,0,500,0
408.00,42,0,0,0,1,0,500,0
408.00,42,0,0,0,1,0,500,0
408.00,42,0,0,0,1,0,500,0
408.00,42,0,0,0,1,0,500,0
408.00,42,0,0,0,1,0,500,0
408.00,42,0,0,0,1,0,500,0
408.00,40,0,0,0,1,0,755,0
408.00,40,0,0,0,1,0,755,0
408.00,40,0,0,0,1,0,755,0
408.00,40,0,0,0,1,0,755,0
408.00,1,0,0,0,1,0,-90,0
408.00,1,0,0,0,1,0,-90,0
408.00,1,0,0,0,1,0,-90,0
408.00,1,0,0,0,1,0,-90,0
408.00,1,0,0,0,1,0,-90,0
408.00,1,0,0,0,1,0,-90,0
408.00,1,0,0,0,1,0,-90,0
408.00,1,0,0,0,1,0,-90,0
408.00,1,0,0,0,1,0,-90,0
408.00,41,0,0,0,1,0,650,0
408.00,41,0,0,0,1,0,650,0
408.00,41,0,0,0,1,0,650,0
408.00,41,0,0,0,1,0,650,0
408.00,41,0,0,0,1,0,650,0
408.00,41,0,0,0,1,0,650,0
408.00,41,0,0,0,1,0,650,0
408.00,41,0,0,0,1,0,650,0
408.00,42,0,0,0,1,0,500,0
408.00,42,0,0,0,1,0,500,0
408.00,42,0,0,0,1,0,500,0
408.00,42,0,0,0,1,0,500,0
408.00,42,0,0,0,1,0,500,0
408.00,42,0,0,0,1,0,500,0
408.00,41,1,0,0,1,0,405,0
408.00,41,0,0,0,1,0,405,0
408.00,41,0,0,0,1,0,684,0
408.00,41,0,0,0,1,0,684,0
408.00,41,0,0,0,1,0,684,0
408.00,41,0,0,0,1,0,684,0
408.00,41,0,0,0,1,0,684,0
408.00,41,0,0,0,1,0,684,0
408.00,42,0,0,0,1,0,650,0
408.00,42,0,0,0,1,0,650,0
408.00,42,0,0,0,1,0,650,0
408.00,42,0,0,0,1,0,650,0
408.00,42,0,0,0,1,0,650,0
408.00,42,0,0,0,1,0,650,0
408.00,42,0,0,0,1,0,650,0
408.00,42,0,0,0,1,0,650,0
408.50,41,0,0,0,1,0,650,0
408.50,41,0,0,0,1,0,650,0
408.50,41,0,0,0,1,0,650,0
408.50,41,0,0,0,1,0,650,0
408.50,41,0,0,0,1,0,650,0
408.50,41,0,0,0,1,0,650,0
408.50,41,0,0,0,1,0,650,0
408.50,41,0,0,0,1,0,650,0
408.50,42,0,0,0,1,0,434,0
408.50,42,0,0,0,1,0,434,0
408.50,42,0,0,0,1,0,434,0
408.50,42,0,0,0,1,0,434,0
408.50,41,0,0,0,1,0,405,0
408.50,41,1,0,0,1,0,405,0
408.50,42,0,0,0,1,0,575,0
408.50,42,0,0,0,1,0,575,0
408.50,42,0,0,0,1,0,575,0
408.50,42,0,0,0,1,0,575,0
408.50,42,0,0,0,1,0,575,0
408.50,42,0,0,0,1,0,650,0
408.50,42,0,0,0,1,0,650,0
408.50,42,0,0,0,1,0,650,0
408.50,42,0,0,0,1,0,650,0
408.50,42,0,0,0,1,0,650,0
408.50,42,0,0,0,1,0,650,0
408.50,42,0,0,0,1,0,650,0
408.50,42,0,0,0,1,0,650,0
408.50,42,0,0,0,1,0,650,0
408.50,42,0,0,0,1,0,650,0
408.50,42,0,0,0,1,0,650,0
408.50,42,0,0,0,1,0,650,0
408.50,42,0,0,0,1,0,650,0
408.50,42,0,0,0,1,0,650,0
408.50,42,0,0,0,1,0,650,0
408.50,42,0,0,0,1,0,650,0
409.00,41,0,0,0,1,0,650,0
409.00,41,0,0,0,1,0,650,0
409.00,41,0,0,0,1,0,650,0
409.00,41,0,0,0,1,0,650,0
409.00,41,0,0,0,1,0,650,0
409.00,41,0,0,0,1,0,650,0
409.00,41,0,0,0,1,0,650,0
409.00,41,0,0,0,1,0,650,0
409.00,41,0,0,0,1,0,609,0
409.00,41,0,0,0,1,0,609,0
409.00,41,0,0,0,1,0,609,0
409.00,42,0,0,0,1,0,650,0
409.00,42,0,0,0,1,0,650,0
409.00,42,0,0,0,1,0,650,0
409.00,42,0,0,0,1,0,650,0
409.00,42,0,0,0,1,0,650,0
409.00,42,0,0,0,1,0,650,0
409.00,42,0,0,0,1,0,650,0
409.00,42,0,0,0,1,0,650,0
409.00,42,0,0,0,1,0,650,0
409.00,42,0,0,0,1,0,650,0
409.00,42,0,0,0,1,0,650,0
409.00,42,0,0,0,1,0,650,0
409.00,42,0,0,0,1,0,650,0
409.00,42,0,0,0,1,0,650,0
409.00,42,0,0,0,1,0,650,0
409.00,42,0,0,0,1,0,650,0
409.00,41,0,0,0,1,0,-200,0
409.00,41,0,0,0,1,0,-200,0
409.00,41,0,0,0,1,0,-200,0
409.00,41,0,0,0,1,0,-200,0
409.00,41,0,0,0,1,0,-200,0
409.00,41,1,0,0,1,0,405,0
409.00,41,0,0,0,1,0,405,0
409.00,41,0,0,0,1,0,700,0
409.00,41,0,0,0,1,0,700,0
409.00,41,0,0,0,1,0,700,0
409.00,41,0,0,0,1,0,700,0
409.00,41,0,0,0,1,0,700,0
409.00,41,0,0,0,1,0,650,0
409.00,41,0,0,0,1,0,650,0
409.00,41,0,0,0,1,0,650,0
409.00,41,0,0,0,1,0,650,0
409.00,41,0,0,0,1,0,650,0
409.00,41,0,0,0,1,0,650,0
409.00,41,0,0,0,1,0,650,0
409.00,41,0,0,0,1,0,650,0
409.00,42,0,0,0,1,0,650,0
409.00,42,0,0,0,1,0,650,0
409.00,42,0,0,0,1,0,650,0
409.00,42,0,0,0,1,0,650,0
409.00,42,0,0,0,1,0,650,0
409.00,42,0,0,0,1,0,650,0
409.00,42,0,0,0,1,0,650,0
409.00,42,0,0,0,1,0,650,0
409.50,41,0,0,0,1,0,650,0
409.50,41,0,0,0,1,0,650,0
409.50,41,0,0,0,1,0,650,0
409.50,41,0,0,0,1,0,650,0
409.50,41,0,0,0,1,0,650,0
409.50,41,0,0,0,1,0,650,0
409.50,41,0,0,0,1,0,650,0
409.50,41,0,0,0,1,0,650,0
409.50,41,0,0,0,1,0,750,0
409.50,41,0,0,0,1,0,750,0
409.50,41,0,0,0,1,0,750,0
409.50,41,0,0,0,1,0,650,0
409.50,41,0,0,0,1,0,650,0
409.50,41,0,0,0,1,0,650,0
409.50,41,0,0,0,1,0,650,0
409.50,41,0,0,0,1,0,650,0
409.50,41,0,0,0,1,0,650,0
409.50,41,0,0,0,1,0,650,0
409.50,41,0,0,0,1,0,650,0
409.50,42,0,0,0,1,0,575,0
409.50,42,0,0,0,1,0,575,0
409.50,42,0,0,0,1,0,575,0
409.50,42,0,0,0,1,0,575,0
409.50,42,0,0,0,1,0,575,0
409.50,41,0,0,0,1,0,405,0
409.50,41,1,0,0,1,0,405,0
410.00,42,0,0,0,1,0,650,0
410.00,42,0,0,0,1,0,650,0
410.00,42,0,0,0,1,0,650,0
410.00,42,0,0,0,1,0,650,0
410.00,42,0,0,0,1,0,650,0
410.00,42,0,0,0,1,0,650,0
410.00,42,0,0,0,1,0,650,0
410.00,42,0,0,0,1,0,650,0
410.00,41,0,0,0,1,0,-210,0
410.00,41,0,0,0,1,0,-210,0
410.00,41,0,0,0,1,0,-210,0
410.00,40,0,0,0,1,0,755,0
410.00,40,0,0,0,1,0,755,0
410.00,40,0,0,0,1,0,755,0
410.00,40,0,0,0,1,0,755,0
410.00,41,0,0,0,1,0,650,0
410.00,41,0,0,0,1,0,650,0
410.00,41,0,0,0,1,0,650,0
410.00,41,0,0,0,1,0,650,0
410.00,41,0,0,0,1,0,650,0
410.00,41,0,0,0,1,0,650,0
410.00,41,0,0,0,1,0,650,0
410.00,41,0,0,0,1,0,650,0
410.00,19,0,0,0,1,0,500,0
410.00,19,0,0,0,1,0,500,0
410.00,19,0,0,0,1,0,500,0
410.00,19,0,0,0,1,0,500,0
410.00,19,0,0,0,1,0,500,0
410.00,41,1,0,0,1,0,405,0
410.00,41,0,0,0,1,0,405,0
410.00,41,0,0,0,1,0,450,0
410.00,41,0,0,0,1,0,450,0
410.00,41,0,0,0,1,0,450,0
410.00,41,0,0,0,1,0,450,0
410.00,41,0,0,0,1,0,405,0
410.00,41,1,0,0,1,0,405,0
410.00,41,0,0,0,1,0,684,0
410.00,41,0,0,0,1,0,684,0
410.00,41,0,0,0,1,0,684,0
410.00,41,0,0,0,1,0,684,0
410.00,41,0,0,0,1,0,684,0
410.00,41,0,0,0,1,0,684,0
410.00,41,1,0,0,1,0,609,0
410.00,41,0,0,0,1,0,609,0
410.50,41,0,0,0,1,0,650,0
410.50,41,0,0,0,1,0,650,0
410.50,41,0,0,0,1,0,650,0
410.50,41,0,0,0,1,0,650,0
410.50,41,0,0,0,1,0,650,0
410.50,41,0,0,0,1,0,650,0
410.50,41,0,0,0,1,0,650,0
410.50,41,0,0,0,1,0,650,0
410.50,41,0,0,0,1,0,405,0
410.50,41,1,0,0,1,0,405,0
410.50,41,0,0,0,1,0,405,0
410.50,41,1,0,0,1,0,405,0
410.50,41,0,0,0,1,0,609,0
410.50,41,1,0,0,1,0,609,0
410.50,41,0,0,0,1,0,609,0
411.00,40,0,0,0,1,0,755,0
411.00,40,0,0,0,1,0,755,0
411.00,40,0,0,0,1,0,755,0
411.00,40,0,0,0,1,0,755,0
411.00,41,0,0,0,1,0,609,0
411.00,41,1,0,0,1,0,609,0
411.00,41,0,0,0,1,0,609,0
411.00,41,0,0,0,1,0,300,0
411.00,41,0,0,0,1,0,300,0
411.00,41,0,0,0,1,0,300,0
411.00,41,0,0,0,1,0,300,0
411.00,41,0,0,0,1,0,300,0
411.00,41,0,0,0,1,0,300,0
411.00,41,1,0,0,1,0,405,0
411.00,41,0,0,0,1,0,405,0
411.00,41,0,0,0,1,0,405,0
411.00,41,1,0,0,1,0,405,0
411.00,41,0,0,0,1,0,684,0
411.00,41,0,0,0,1,0,684,0
411.00,41,0,0,0,1,0,684,0
411.00,41,0,0,0,1,0,684,0
411.00,41,0,0,0,1,0,684,0
411.00,41,0,0,0,1,0,684,0
411.00,42,0,0,0,1,0,650,0
411.00,42,0,0,0,1,0,650,0
411.00,42,0,0,0,1,0,650,0
411.00,42,0,0,0,1,0,650,0
411.00,42,0,0,0,1,0,650,0
411.00,42,0,0,0,1,0,650,0
411.00,42,0,0,0,1,0,650,0
411.00,42,0,0,0,1,0,650,0
411.00,40,0,0,0,1,0,755,0
411.00,40,0,0,0,1,0,755,0
411.00,40,0,0,0,1,0,755,0
411.00,42,0,0,0,1,0,434,0
411.00,42,0,0,0,1,0,434,0
411.00,42,0,0,0,1,0,434,0
411.50,42,0,0,0,1,0,450,0
411.50,42,0,0,0,1,0,450,0
411.50,42,0,0,0,1,0,450,0
411.50,42,0,0,0,1,0,750,0
411.50,42,0,0,0,1,0,750,0
411.50,42,0,0,0,1,0,750,0
411.50,41,0,0,0,1,0,325,0
411.50,41,0,0,0,1,0,325,0
411.50,41,0,0,0,1,0,325,0
411.50,41,0,0,0,1,0,325,0
412.00,41,0,0,0,1,0,650,0
412.00,41,0,0,0,1,0,650,0
412.00,41,0,0,0,1,0,650,0
412.00,41,0,0,0,1,0,650,0
412.00,41,0,0,0,1,0,650,0
412.00,41,0,0,0,1,0,650,0
412.00,41,0,0,0,1,0,650,0
412.00,41,0,0,0,1,0,650,0
412.00,41,1,0,0,1,0,405,0
412.00,41,0,0,0,1,0,405,0
412.00,41,0,0,0,1,0,650,0
412.00,41,0,0,0,1,0,650,0
412.00,41,0,0,0,1,0,650,0
412.00,41,0,0,0,1,0,650,0
412.00,41,0,0,0,1,0,650,0
412.00,41,0,0,0,1,0,650,0
412.00,41,0,0,0,1,0,650,0
412.00,41,0,0,0,1,0,650,0
412.00,42,0,0,0,1,0,650,0
412.00,42,0,0,0,1,0,650,0
412.00,42,0,0,0,1,0,650,0
412.00,42,0,0,0,1,0,650,0
412.00,42,0,0,0,1,0,650,0
412.00,42,0,0,0,1,0,650,0
412.00,42,0,0,0,1,0,650,0
412.00,42,0,0,0,1,0,650,0
412.00,41,0,0,0,1,0,700,0
412.00,41,0,0,0,1,0,700,0
412.00,41,0,0,0,1,0,700,0
412.00,41,0,0,0,1,0,700,0
412.00,41,0,0,0,1,0,700,0
412.00,41,0,0,0,1,0,450,0
412.00,41,0,0,0,1,0,450,0
412.00,41,0,0,0,1,0,450,0
412.00,41,0,0,0,1,0,686,0
412.00,41,0,0,0,1,0,686,0
412.00,41,0,0,0,1,0,686,0
412.00,41,0,0,0,1,0,686,0
412.00,41,0,0,0,1,0,686,0
412.00,41,0,0,0,1,0,686,0
412.00,42,0,0,0,1,0,650,0
412.00,42,0,0,0,1,0,650,0
412.00,42,0,0,0,1,0,650,0
412.00,42,0,0,0,1,0,650,0
412.00,42,0,0,0,1,0,650,0
412.00,42,0,0,0,1,0,650,0
412.00,42,0,0,0,1,0,650,0
412.00,42,0,0,0,1,0,650,0
412.00,41,0,0,0,1,0,405,0
412.00,41,1,0,0,1,0,405,0
412.50,41,1,0,0,1,0,405,0
412.50,41,0,0,0,1,0,405,0
412.50,42,0,0,0,1,0,434,0
412.50,42,0,0,0,1,0,434,0
412.50,42,0,0,0,1,0,434,0
412.50,42,0,0,0,1,0,434,0
412.50,42,0,0,0,1,0,500,0
412.50,42,0,0,0,1,0,500,0
412.50,42,0,0,0,1,0,500,0
412.50,42,0,0,0,1,0,500,0
412.50,42,0,0,0,1,0,500,0
412.50,42,0,0,0,1,0,500,0
412.50,41,1,0,0,1,0,405,0
412.50,41,0,0,0,1,0,405,0
412.50,42,0,0,0,1,0,750,0
412.50,42,0,0,0,1,0,750,0
412.50,42,0,0,0,1,0,750,0
412.50,41,0,0,0,1,0,750,0
412.50,41,0,0,0,1,0,750,0
412.50,41,0,0,0,1,0,750,0
412.50,41,1,0,0,1,0,405,0
412.50,41,0,0,0,1,0,405,0
412.99,42,0,0,0,1,0,550,0
412.99,42,0,0,0,1,0,550,0
412.99,42,0,0,0,1,0,550,0
412.99,42,0,0,0,1,0,550,0
412.99,42,0,0,0,1,0,550,0
412.99,42,0,0,0,1,0,550,0
412.99,42,0,0,0,1,0,550,0
412.99,42,0,0,0,1,0,550,0
413.00,41,0,0,0,1,0,650,0
413.00,41,0,0,0,1,0,650,0
413.00,41,0,0,0,1,0,650,0
413.00,41,0,0,0,1,0,650,0
413.00,41,0,0,0,1,0,650,0
413.00,41,0,0,0,1,0,650,0
413.00,41,0,0,0,1,0,650,0
413.00,41,0,0,0,1,0,650,0
413.00,41,0,0,0,1,0,325,0
413.00,41,0,0,0,1,0,325,0
413.00,41,0,0,0,1,0,325,0
413.00,41,0,0,0,1,0,325,0
413.00,41,0,0,0,1,0,650,0
413.00,41,0,0,0,1,0,650,0
413.00,41,0,0,0,1,0,650,0
413.00,41,0,0,0,1,0,650,0
413.00,41,0,0,0,1,0,650,0
413.00,41,0,0,0,1,0,650,0
413.00,41,0,0,0,1,0,650,0
413.00,41,0,0,0,1,0,650,0
413.00,41,0,0,0,1,0,650,0
413.00,41,0,0,0,1,0,650,0
413.00,41,0,0,0,1,0,650,0
413.00,41,0,0,0,1,0,650,0
413.00,41,0,0,0,1,0,650,0
413.00,41,0,0,0,1,0,650,0
413.00,41,0,0,0,1,0,650,0
413.00,41,0,0,0,1,0,650,0
413.00,42,0,0,0,1,0,500,0
413.00,42,0,0,0,1,0,500,0
413.00,42,0,0,0,1,0,500,0
413.00,42,0,0,0,1,0,500,0
413.00,42,0,0,0,1,0,500,0
413.00,42,0,0,0,1,0,500,0
413.50,42,0,0,0,1,0,650,0
413.50,42,0,0,0,1,0,650,0
413.50,42,0,0,0,1,0,650,0
413.50,42,0,0,0,1,0,650,0
413.50,42,0,0,0,1,0,650,0
413.50,42,0,0,0,1,0,650,0
413.50,42,0,0,0,1,0,650,0
413.50,42,0,0,0,1,0,650,0
413.50,41,0,0,0,1,0,325,0
413.50,41,0,0,0,1,0,325,0
413.50,41,0,0,0,1,0,325,0
413.50,41,0,0,0,1,0,325,0
413.50,41,0,0,0,1,0,325,0
413.50,41,0,0,0,1,0,405,0
413.50,41,1,0,0,1,0,405,0
413.50,42,0,0,0,1,0,650,0
413.50,42,0,0,0,1,0,650,0
413.50,42,0,0,0,1,0,650,0
413.50,42,0,0,0,1,0,650,0
413.50,42,0,0,0,1,0,650,0
413.50,42,0,0,0,1,0,650,0
413.50,42,0,0,0,1,0,650,0
413.50,42,0,0,0,1,0,650,0
413.50,42,0,0,0,1,0,650,0
413.50,42,0,0,0,1,0,650,0
413.50,42,0,0,0,1,0,650,0
413.50,42,0,0,0,1,0,650,0
413.50,42,0,0,0,1,0,650,0
413.50,42,0,0,0,1,0,650,0
413.50,42,0,0,0,1,0,650,0
413.50,42,0,0,0,1,0,650,0
414.00,41,0,0,0,1,0,650,0
414.00,41,0,0,0,1,0,650,0
414.00,41,0,0,0,1,0,650,0
414.00,41,0,0,0,1,0,650,0
414.00,41,0,0,0,1,0,650,0
414.00,41,0,0,0,1,0,650,0
414.00,41,0,0,0,1,0,650,0
414.00,41,0,0,0,1,0,650,0
414.00,40,0,0,0,1,0,755,0
414.00,40,0,0,0,1,0,755,0
414.00,40,0,0,0,1,0,755,0
414.00,40,0,0,0,1,0,755,0
414.00,42,0,0,0,1,0,650,0
414.00,42,0,0,0,1,0,650,0
414.00,42,0,0,0,1,0,650,0
414.00,42,0,0,0,1,0,650,0
414.00,42,0,0,0,1,0,650,0
414.00,42,0,0,0,1,0,650,0
414.00,42,0,0,0,1,0,650,0
414.00,42,0,0,0,1,0,650,0
414.00,42,0,0,0,1,0,750,0
414.00,42,1,0,0,1,0,750,0
414.00,42,0,0,0,1,0,750,0
414.00,42,0,0,0,1,0,500,0
414.00,42,0,0,0,1,0,500,0
414.00,42,0,0,0,1,0,500,0
414.00,42,0,0,0,1,0,500,0
414.00,42,0,0,0,1,0,500,0
414.00,42,0,0,0,1,0,500,0
414.50,41,0,0,0,1,0,650,0
414.50,41,0,0,0,1,0,650,0
414.50,41,0,0,0,1,0,650,0
414.50,41,0,0,0,1,0,650,0
414.50,41,0,0,0,1,0,650,0
414.50,41,0,0,0,1,0,650,0
414.50,41,0,0,0,1,0,650,0
414.50,41,0,0,0,1,0,650,0
414.50,41,0,0,0,1,0,650,0
414.50,41,0,0,0,1,0,650,0
414.50,41,0,0,0,1,0,650,0
414.50,41,0,0,0,1,0,650,0
414.50,41,0,0,0,1,0,650,0
414.50,41,0,0,0,1,0,650,0
414.50,41,0,0,0,1,0,650,0
414.50,41,0,0,0,1,0,650,0
414.50,41,0,0,0,1,0,650,0
414.50,41,0,0,0,1,0,650,0
414.50,41,0,0,0,1,0,650,0
414.50,41,0,0,0,1,0,650,0
414.50,41,0,0,0,1,0,650,0
414.50,41,0,0,0,1,0,650,0
414.50,41,0,0,0,1,0,650,0
414.50,41,0,0,0,1,0,650,0
414.50,42,0,0,0,1,0,434,0
414.50,42,0,0,0,1,0,434,0
414.50,42,0,0,0,1,0,434,0
414.50,42,0,0,0,1,0,434,0
414.50,42,0,0,0,1,0,650,0
414.50,42,0,0,0,1,0,650,0
414.50,42,0,0,0,1,0,650,0
414.50,42,0,0,0,1,0,650,0
414.50,42,0,0,0,1,0,650,0
414.50,42,0,0,0,1,0,650,0
414.50,42,0,0,0,1,0,650,0
414.50,42,0,0,0,1,0,650,0
415.00,41,0,0,0,1,0,600,0
415.00,41,0,0,0,1,0,600,0
415.00,41,0,0,0,1,0,600,0
415.00,41,0,0,0,1,0,600,0
415.00,41,0,0,0,1,0,600,0
415.00,41,0,0,0,1,0,600,0
415.00,42,0,0,0,1,0,650,0
415.00,42,0,0,0,1,0,650,0
415.00,42,0,0,0,1,0,650,0
415.00,42,0,0,0,1,0,650,0
415.00,42,0,0,0,1,0,650,0
415.00,42,0,0,0,1,0,650,0
415.00,42,0,0,0,1,0,650,0
415.00,42,0,0,0,1,0,650,0
415.00,40,0,0,0,1,0,755,0
415.00,40,0,0,0,1,0,755,0
415.00,40,0,0,0,1,0,755,0
415.00,40,0,0,0,1,0,755,0
415.00,42,0,0,0,1,0,300,0
415.00,42,0,0,0,1,0,300,0
415.00,42,0,0,0,1,0,300,0
415.00,42,0,0,0,1,0,300,0
415.00,42,0,0,0,1,0,300,0
415.00,42,0,0,0,1,0,300,0
415.00,42,0,0,0,1,0,500,0
415.00,42,0,0,0,1,0,500,0
415.00,42,0,0,0,1,0,500,0
415.00,42,0,0,0,1,0,500,0
415.00,42,0,0,0,1,0,500,0
415.00,42,0,0,0,1,0,500,0
415.00,41,0,0,0,1,0,684,0
415.00,41,0,0,0,1,0,684,0
415.00,41,0,0,0,1,0,684,0
415.00,41,0,0,0,1,0,684,0
415.00,41,0,0,0,1,0,684,0
415.00,41,0,0,0,1,0,684,0
415.00,41,0,0,0,1,0,650,0
415.00,41,0,0,0,1,0,650,0
415.00,41,0,0,0,1,0,650,0
415.00,41,0,0,0,1,0,650,0
415.00,41,0,0,0,1,0,650,0
415.00,41,0,0,0,1,0,650,0
415.00,41,0,0,0,1,0,650,0
415.00,41,0,0,0,1,0,650,0
415.00,41,0,0,0,1,0,450,0
415.00,41,0,0,0,1,0,450,0
415.00,41,0,0,0,1,0,450,0
415.00,42,0,0,0,1,0,650,0
415.00,42,0,0,0,1,0,650,0
415.00,42,0,0,0,1,0,650,0
415.00,42,0,0,0,1,0,650,0
415.00,42,0,0,0,1,0,650,0
415.00,42,0,0,0,1,0,650,0
415.00,42,0,0,0,1,0,650,0
415.00,42,0,0,0,1,0,650,0
415.00,42,0,0,0,1,0,650,0
415.00,42,0,0,0,1,0,650,0
415.00,42,0,0,0,1,0,650,0
415.00,42,0,0,0,1,0,650,0
415.00,42,0,0,0,1,0,650,0
415.00,42,0,0,0,1,0,650,0
415.00,42,0,0,0,1,0,650,0
415.00,42,0,0,0,1,0,650,0
415.00,42,0,0,0,1,0,650,0
415.00,42,0,0,0,1,0,650,0
415.00,42,0,0,0,1,0,650,0
415.00,42,0,0,0,1,0,650,0
415.00,42,0,0,0,1,0,650,0
415.00,42,0,0,0,1,0,650,0
415.00,42,0,0,0,1,0,650,0
415.00,42,0,0,0,1,0,650,0
415.00,42,0,0,0,1,0,500,0
415.00,42,0,0,0,1,0,500,0
415.00,42,0,0,0,1,0,500,0
415.00,42,0,0,0,1,0,500,0
415.00,42,0,0,0,1,0,500,0
415.00,42,0,0,0,1,0,500,0
415.00,41,0,0,0,1,0,650,0
415.00,41,0,0,0,1,0,650,0
415.00,41,0,0,0,1,0,650,0
415.00,41,0,0,0,1,0,650,0
415.00,41,0,0,0,1,0,650,0
415.00,41,0,0,0,1,0,650,0
415.00,41,0,0,0,1,0,650,0
415.00,41,0,0,0,1,0,650,0
415.00,42,0,0,0,1,0,650,0
415.00,42,0,0,0,1,0,650,0
415.00,42,0,0,0,1,0,650,0
415.00,42,0,0,0,1,0,650,0
415.00,42,0,0,0,1,0,650,0
415.00,42,0,0,0,1,0,650,0
415.00,42,0,0,0,1,0,650,0
415.00,42,0,0,0,1,0,650,0
415.00,41,0,0,0,1,0,367,0
415.00,41,1,0,0,1,0,367,0
415.00,41,0,0,0,1,0,367,0
415.00,42,0,0,0,1,0,650,0
415.00,42,0,0,0,1,0,650,0
415.00,42,0,0,0,1,0,650,0
415.00,42,0,0,0,1,0,650,0
415.00,42,0,0,0,1,0,650,0
415.00,42,0,0,0,1,0,650,0
415.00,42,0,0,0,1,0,650,0
415.00,42,0,0,0,1,0,650,0
415.00,41,0,0,0,1,0,500,0
415.00,41,0,0,0,1,0,500,0
415.00,41,0,0,0,1,0,500,0
415.00,41,0,0,0,1,0,500,0
415.00,41,0,0,0,1,0,500,0
415.00,41,0,0,0,1,0,500,0
415.50,41,1,0,0,1,0,405,0
415.50,41,0,0,0,1,0,405,0
415.50,41,0,0,0,1,0,405,0
415.50,41,1,0,0,1,0,405,0
415.50,42,0,0,0,1,0,650,0
415.50,42,0,0,0,1,0,650,0
415.50,42,0,0,0,1,0,650,0
415.50,42,0,0,0,1,0,650,0
415.50,42,0,0,0,1,0,650,0
415.50,42,0,0,0,1,0,650,0
415.50,42,0,0,0,1,0,650,0
415.50,42,0,0,0,1,0,650,0
415.50,41,0,0,0,1,0,405,0
415.50,41,1,0,0,1,0,405,0
415.50,42,0,0,0,1,0,750,0
415.50,42,0,0,0,1,0,750,0
415.50,42,0,0,0,1,0,750,0
415.50,42,0,0,0,1,0,650,0
415.50,42,0,0,0,1,0,650,0
415.50,42,0,0,0,1,0,650,0
415.50,42,0,0,0,1,0,650,0
415.50,42,0,0,0,1,0,650,0
415.50,42,0,0,0,1,0,650,0
415.50,42,0,0,0,1,0,650,0
415.50,42,0,0,0,1,0,650,0
415.50,42,0,0,0,1,0,650,0
415.50,42,0,0,0,1,0,650,0
415.50,42,0,0,0,1,0,650,0
415.50,42,0,0,0,1,0,650,0
416.00,40,0,0,0,1,0,755,0
416.00,40,0,0,0,1,0,755,0
416.00,40,0,0,0,1,0,755,0
416.00,40,0,0,0,1,0,755,0
416.00,41,0,0,0,1,0,450,0
416.00,41,0,0,0,1,0,450,0
416.00,41,0,0,0,1,0,450,0
416.03,42,0,0,0,1,0,350,0
416.03,42,0,0,0,1,0,350,0
416.03,42,0,0,0,1,0,350,0
416.50,42,0,0,0,1,0,500,0
416.50,42,0,0,0,1,0,500,0
416.50,42,0,0,0,1,0,500,0
416.50,42,0,0,0,1,0,500,0
416.50,42,0,0,0,1,0,500,0
416.50,42,0,0,0,1,0,500,0
416.50,42,0,0,0,1,0,650,0
416.50,42,0,0,0,1,0,650,0
416.50,42,0,0,0,1,0,650,0
416.50,42,0,0,0,1,0,650,0
416.50,42,0,0,0,1,0,650,0
416.50,42,0,0,0,1,0,650,0
416.50,42,0,0,0,1,0,650,0
416.50,42,0,0,0,1,0,650,0
416.50,41,0,0,0,1,0,700,0
416.50,41,0,0,0,1,0,700,0
416.50,41,0,0,0,1,0,700,0
416.50,41,0,0,0,1,0,700,0
416.50,41,0,0,0,1,0,700,0
416.50,42,0,0,0,1,0,750,0
416.50,42,0,0,0,1,0,750,0
416.50,42,0,0,0,1,0,750,0
416.50,42,0,0,0,1,0,750,0
416.50,42,0,0,0,1,0,650,0
416.50,42,0,0,0,1,0,650,0
416.50,42,0,0,0,1,0,650,0
416.50,42,0,0,0,1,0,650,0
416.50,42,0,0,0,1,0,650,0
416.50,42,0,0,0,1,0,650,0
416.50,42,0,0,0,1,0,650,0
416.50,42,0,0,0,1,0,650,0
416.50,41,0,0,0,1,0,405,0
416.50,41,1,0,0,1,0,405,0
416.50,42,0,0,0,1,0,650,0
416.50,42,0,0,0,1,0,650,0
416.50,42,0,0,0,1,0,650,0
416.50,42,0,0,0,1,0,650,0
416.50,42,0,0,0,1,0,650,0
416.50,42,0,0,0,1,0,650,0
416.50,42,0,0,0,1,0,650,0
416.50,42,0,0,0,1,0,650,0
417.00,41,0,0,0,1,0,609,0
417.00,41,1,0,0,1,0,609,0
417.00,41,0,0,0,1,0,609,0
417.00,40,0,0,0,1,0,755,0
417.00,40,0,0,0,1,0,755,0
417.00,40,0,0,0,1,0,755,0
417.00,40,0,0,0,1,0,755,0
417.00,41,0,0,0,1,0,450,0
417.00,41,0,0,0,1,0,450,0
417.00,41,0,0,0,1,0,450,0
417.00,41,0,0,0,1,0,450,0
417.00,42,0,0,0,1,0,500,0
417.00,42,0,0,0,1,0,500,0
417.00,42,0,0,0,1,0,500,0
417.00,42,0,0,0,1,0,500,0
417.00,42,0,0,0,1,0,500,0
417.00,42,0,0,0,1,0,500,0
417.00,42,0,0,0,1,0,750,0
417.00,42,0,0,0,1,0,750,0
417.00,42,0,0,0,1,0,750,0
417.00,42,0,0,0,1,0,775,0
417.00,42,0,0,0,1,0,775,0
417.00,42,0,0,0,1,0,775,0
417.00,42,0,0,0,1,0,775,0
417.00,42,0,0,0,1,0,775,0
417.00,42,0,0,0,1,0,775,0
417.00,42,0,0,0,1,0,775,0
417.00,42,0,0,0,1,0,775,0
417.00,42,0,0,0,1,0,775,0
417.50,41,0,0,0,1,0,405,0
417.50,41,1,0,0,1,0,405,0
417.50,41,0,0,0,1,0,405,0
417.50,41,1,0,0,1,0,405,0
418.00,42,0,0,0,1,0,650,0
418.00,42,0,0,0,1,0,650,0
418.00,42,0,0,0,1,0,650,0
418.00,42,0,0,0,1,0,650,0
418.00,42,0,0,0,1,0,650,0
418.00,42,0,0,0,1,0,650,0
418.00,42,0,0,0,1,0,650,0
418.00,42,0,0,0,1,0,650,0
418.00,42,0,0,0,1,0,650,0
418.00,42,0,0,0,1,0,650,0
418.00,42,0,0,0,1,0,650,0
418.00,42,0,0,0,1,0,650,0
418.00,42,0,0,0,1,0,650,0
418.00,42,0,0,0,1,0,650,0
418.00,42,0,0,0,1,0,650,0
418.00,42,0,0,0,1,0,650,0
418.00,42,0,0,0,1,0,575,0
418.00,42,0,0,0,1,0,575,0
418.00,42,0,0,0,1,0,575,0
418.00,42,0,0,0,1,0,575,0
418.00,42,0,0,0,1,0,575,0
418.00,42,0,0,0,1,0,650,0
418.00,42,0,0,0,1,0,650,0
418.00,42,0,0,0,1,0,650,0
418.00,42,0,0,0,1,0,650,0
418.00,42,0,0,0,1,0,650,0
418.00,42,0,0,0,1,0,650,0
418.00,42,0,0,0,1,0,650,0
418.00,42,0,0,0,1,0,650,0
418.00,1,0,0,0,1,0,340,0
418.00,1,0,0,0,1,0,340,0
418.00,1,0,0,0,1,0,340,0
418.00,1,0,0,0,1,0,340,0
418.00,40,0,0,0,1,0,450,0
418.00,40,1,0,0,1,0,450,0
418.00,42,0,0,0,1,0,650,0
418.00,42,0,0,0,1,0,650,0
418.00,42,0,0,0,1,0,650,0
418.00,42,0,0,0,1,0,650,0
418.00,42,0,0,0,1,0,650,0
418.00,42,0,0,0,1,0,650,0
418.00,42,0,0,0,1,0,650,0
418.00,42,0,0,0,1,0,650,0
418.00,42,0,0,0,1,0,575,0
418.00,42,0,0,0,1,0,575,0
418.00,42,0,0,0,1,0,575,0
418.00,42,0,0,0,1,0,575,0
418.00,42,0,0,0,1,0,575,0
418.50,41,0,0,0,1,0,405,0
418.50,41,1,0,0,1,0,405,0
418.50,41,1,0,0,1,0,405,0
418.50,41,0,0,0,1,0,405,0
419.00,40,0,0,0,1,0,713,0
419.00,40,0,0,0,1,0,713,0
419.00,40,0,0,0,1,0,713,0
419.00,40,0,0,0,1,0,713,0
419.00,40,0,0,0,1,0,713,0
419.00,40,0,0,0,1,0,755,0
419.00,40,1,0,0,1,0,755,0
419.00,40,0,0,0,1,0,755,0
419.00,41,0,0,0,1,0,405,0
419.00,41,1,0,0,1,0,405,0
419.00,41,0,0,0,1,0,600,0
419.00,41,0,0,0,1,0,600,0
419.00,41,0,0,0,1,0,600,0
419.00,41,0,0,0,1,0,600,0
419.00,41,0,0,0,1,0,600,0
419.00,41,0,0,0,1,0,600,0
419.00,40,0,0,0,1,0,755,0
419.00,40,0,0,0,1,0,755,0
419.00,40,0,0,0,1,0,755,0
419.00,40,0,0,0,1,0,755,0
419.00,41,0,0,0,1,0,450,0
419.00,41,0,0,0,1,0,450,0
419.00,41,0,0,0,1,0,450,0
419.00,42,0,0,0,1,0,750,0
419.00,42,0,0,0,1,0,750,0
419.00,42,0,0,0,1,0,750,0
419.00,42,0,0,0,1,0,750,0
419.00,41,0,0,0,1,0,684,0
419.00,41,0,0,0,1,0,684,0
419.00,41,0,0,0,1,0,684,0
419.00,41,0,0,0,1,0,684,0
419.00,41,0,0,0,1,0,684,0
419.00,41,0,0,0,1,0,684,0
419.00,41,0,0,0,1,0,650,0
419.00,41,0,0,0,1,0,650,0
419.00,41,0,0,0,1,0,650,0
419.00,41,0,0,0,1,0,650,0
419.00,41,0,0,0,1,0,650,0
419.00,41,0,0,0,1,0,650,0
419.00,41,0,0,0,1,0,650,0
419.00,41,0,0,0,1,0,650,0
419.00,41,1,0,0,1,0,405,0
419.00,41,0,0,0,1,0,405,0
419.00,42,0,0,0,1,0,650,0
419.00,42,0,0,0,1,0,650,0
419.00,42,0,0,0,1,0,650,0
419.00,42,0,0,0,1,0,650,0
419.00,42,0,0,0,1,0,650,0
419.00,42,0,0,0,1,0,650,0
419.00,42,0,0,0,1,0,650,0
419.00,42,0,0,0,1,0,650,0
419.00,41,0,0,0,1,0,684,0
419.00,41,0,0,0,1,0,684,0
419.00,41,0,0,0,1,0,684,0
419.00,41,0,0,0,1,0,684,0
419.00,41,0,0,0,1,0,684,0
419.00,41,0,0,0,1,0,684,0
419.00,42,0,0,0,1,0,750,0
419.00,42,0,0,0,1,0,750,0
419.00,42,0,0,0,1,0,750,0
419.50,40,0,0,0,1,0,755,0
419.50,40,0,0,0,1,0,755,0
419.50,40,0,0,0,1,0,755,0
419.50,40,0,0,0,1,0,755,0
419.50,42,0,0,0,1,0,650,0
419.50,42,0,0,0,1,0,650,0
419.50,42,0,0,0,1,0,650,0
419.50,42,0,0,0,1,0,650,0
419.50,42,0,0,0,1,0,650,0
419.50,42,0,0,0,1,0,650,0
419.50,42,0,0,0,1,0,650,0
419.50,42,0,0,0,1,0,650,0
420.00,41,0,0,0,1,0,684,0
420.00,41,0,0,0,1,0,684,0
420.00,41,0,0,0,1,0,684,0
420.00,41,0,0,0,1,0,684,0
420.00,41,0,0,0,1,0,684,0
420.00,41,0,0,0,1,0,684,0
420.00,41,0,0,0,1,0,684,0
420.00,41,0,0,0,1,0,684,0
420.00,41,0,0,0,1,0,684,0
420.00,41,0,0,0,1,0,684,0
420.00,41,0,0,0,1,0,684,0
420.00,41,0,0,0,1,0,684,0
420.00,41,0,0,0,1,0,500,0
420.00,41,0,0,0,1,0,500,0
420.00,41,0,0,0,1,0,500,0
420.00,41,0,0,0,1,0,500,0
420.00,41,0,0,0,1,0,500,0
420.00,41,0,0,0,1,0,500,0
420.00,41,0,0,0,1,0,650,0
420.00,41,0,0,0,1,0,650,0
420.00,41,0,0,0,1,0,650,0
420.00,41,0,0,0,1,0,650,0
420.00,41,0,0,0,1,0,650,0
420.00,41,0,0,0,1,0,650,0
420.00,41,0,0,0,1,0,650,0
420.00,41,0,0,0,1,0,650,0
420.00,41,0,0,0,1,0,405,0
420.00,41,1,0,0,1,0,405,0
420.00,41,0,0,0,1,0,650,0
420.00,41,0,0,0,1,0,650,0
420.00,41,0,0,0,1,0,650,0
420.00,41,0,0,0,1,0,650,0
420.00,41,0,0,0,1,0,650,0
420.00,41,0,0,0,1,0,650,0
420.00,41,0,0,0,1,0,650,0
420.00,41,0,0,0,1,0,650,0
420.00,42,0,0,0,1,0,300,0
420.00,42,0,0,0,1,0,300,0
420.00,42,0,0,0,1,0,300,0
420.00,42,0,0,0,1,0,300,0
420.00,42,0,0,0,1,0,300,0
420.00,42,0,0,0,1,0,300,0
420.00,19,0,0,0,1,0,500,0
420.00,19,0,0,0,1,0,500,0
420.00,19,0,0,0,1,0,500,0
420.00,19,0,0,0,1,0,500,0
420.00,19,0,0,0,1,0,500,0
420.00,42,0,0,0,1,0,650,0
420.00,42,0,0,0,1,0,650,0
420.00,42,0,0,0,1,0,650,0
420.00,42,0,0,0,1,0,650,0
420.00,42,0,0,0,1,0,650,0
420.00,42,0,0,0,1,0,650,0
420.00,42,0,0,0,1,0,650,0
420.00,42,0,0,0,1,0,650,0
420.00,42,0,0,0,1,0,750,0
420.00,42,0,0,0,1,0,750,0
420.00,42,0,0,0,1,0,750,0
420.00,41,1,0,0,1,0,405,0
420.00,41,0,0,0,1,0,405,0
420.00,41,1,0,0,1,0,405,0
420.00,41,0,0,0,1,0,405,0
420.00,41,0,0,0,1,0,700,0
420.00,41,0,0,0,1,0,700,0
420.00,41,0,0,0,1,0,700,0
420.00,41,0,0,0,1,0,700,0
420.00,41,0,0,0,1,0,700,0
420.00,41,0,0,0,1,0,700,0
420.50,41,0,0,0,1,0,650,0
420.50,41,0,0,0,1,0,650,0
420.50,41,0,0,0,1,0,650,0
420.50,41,0,0,0,1,0,650,0
420.50,41,0,0,0,1,0,650,0
420.50,41,0,0,0,1,0,650,0
420.50,41,0,0,0,1,0,650,0
420.50,41,0,0,0,1,0,650,0
420.50,42,0,0,0,1,0,650,0
420.50,42,0,0,0,1,0,650,0
420.50,42,0,0,0,1,0,650,0
420.50,42,0,0,0,1,0,650,0
420.50,42,0,0,0,1,0,650,0
420.50,42,0,0,0,1,0,650,0
420.50,42,0,0,0,1,0,650,0
420.50,42,0,0,0,1,0,650,0
421.00,41,0,0,0,1,0,450,0
421.00,41,0,0,0,1,0,450,0
421.00,41,0,0,0,1,0,450,0
421.00,42,0,0,0,1,0,650,0
421.00,42,0,0,0,1,0,650,0
421.00,42,0,0,0,1,0,650,0
421.00,42,0,0,0,1,0,650,0
421.00,42,0,0,0,1,0,650,0
421.00,42,0,0,0,1,0,650,0
421.00,42,0,0,0,1,0,650,0
421.00,42,0,0,0,1,0,650,0
421.00,42,0,0,0,1,0,434,0
421.00,42,0,0,0,1,0,434,0
421.00,42,0,0,0,1,0,434,0
421.00,42,0,0,0,1,0,434,0
421.00,41,0,0,0,1,0,609,0
421.00,41,1,0,0,1,0,609,0
421.00,41,0,0,0,1,0,609,0
421.00,41,0,0,0,1,0,650,0
421.00,41,0,0,0,1,0,650,0
421.00,41,0,0,0,1,0,650,0
421.00,41,0,0,0,1,0,650,0
421.00,41,0,0,0,1,0,650,0
421.00,41,0,0,0,1,0,650,0
421.00,41,0,0,0,1,0,650,0
421.00,41,0,0,0,1,0,650,0
421.00,42,0,0,0,1,0,775,0
421.00,42,0,0,0,1,0,775,0
421.00,42,0,0,0,1,0,775,0
421.00,42,0,0,0,1,0,775,0
421.00,42,0,0,0,1,0,775,0
421.00,42,0,0,0,1,0,775,0
421.00,42,0,0,0,1,0,775,0
421.00,42,0,0,0,1,0,775,0
421.00,42,0,0,0,1,0,200,0
421.00,42,1,0,0,1,0,200,0
421.00,42,0,0,0,1,0,200,0
421.00,41,0,0,0,1,0,405,0
421.00,41,1,0,0,1,0,405,0
421.00,41,0,0,0,1,0,450,0
421.00,41,0,0,0,1,0,450,0
421.00,41,0,0,0,1,0,450,0
421.00,41,0,0,0,1,0,450,0
421.50,42,0,0,0,1,0,650,0
421.50,42,0,0,0,1,0,650,0
421.50,42,0,0,0,1,0,650,0
421.50,42,0,0,0,1,0,650,0
421.50,42,0,0,0,1,0,650,0
421.50,42,0,0,0,1,0,650,0
421.50,42,0,0,0,1,0,650,0
421.50,42,0,0,0,1,0,650,0
421.50,42,0,0,0,1,0,650,0
421.50,42,0,0,0,1,0,650,0
421.50,42,0,0,0,1,0,650,0
421.50,42,0,0,0,1,0,650,0
421.50,42,0,0,0,1,0,650,0
421.50,42,0,0,0,1,0,650,0
421.50,42,0,0,0,1,0,650,0
421.50,42,0,0,0,1,0,650,0
421.50,42,0,0,0,1,0,650,0
421.50,42,0,0,0,1,0,650,0
421.50,42,0,0,0,1,0,650,0
421.50,42,0,0,0,1,0,650,0
421.50,42,0,0,0,1,0,650,0
421.50,42,0,0,0,1,0,650,0
421.50,42,0,0,0,1,0,650,0
421.50,42,0,0,0,1,0,650,0
422.00,42,0,0,0,1,0,650,0
422.00,42,0,0,0,1,0,650,0
422.00,42,0,0,0,1,0,650,0
422.00,42,0,0,0,1,0,650,0
422.00,42,0,0,0,1,0,650,0
422.00,42,0,0,0,1,0,650,0
422.00,42,0,0,0,1,0,650,0
422.00,42,0,0,0,1,0,650,0
422.00,42,0,0,0,1,0,434,0
422.00,42,0,0,0,1,0,434,0
422.00,42,0,0,0,1,0,434,0
422.00,42,0,0,0,1,0,434,0
422.00,41,0,0,0,1,0,450,0
422.00,41,0,0,0,1,0,450,0
422.00,41,0,0,0,1,0,450,0
422.00,42,0,0,0,1,0,575,0
422.00,42,0,0,0,1,0,575,0
422.00,42,0,0,0,1,0,575,0
422.00,42,0,0,0,1,0,575,0
422.00,42,0,0,0,1,0,575,0
422.00,41,0,0,0,1,0,405,0
422.00,41,1,0,0,1,0,405,0
422.00,19,0,0,0,1,0,500,0
422.00,19,0,0,0,1,0,500,0
422.00,19,0,0,0,1,0,500,0
422.00,19,0,0,0,1,0,500,0
422.00,19,0,0,0,1,0,500,0
422.00,41,0,0,0,1,0,650,0
422.00,41,0,0,0,1,0,650,0
422.00,41,0,0,0,1,0,650,0
422.00,41,0,0,0,1,0,650,0
422.00,41,0,0,0,1,0,650,0
422.00,41,0,0,0,1,0,650,0
422.00,41,0,0,0,1,0,650,0
422.00,41,0,0,0,1,0,650,0
422.00,41,0,0,0,1,0,325,0
422.00,41,0,0,0,1,0,325,0
422.00,41,0,0,0,1,0,325,0
422.00,41,0,0,0,1,0,325,0
422.00,41,0,0,0,1,0,405,0
422.00,41,1,0,0,1,0,405,0
422.00,42,0,0,0,1,0,650,0
422.00,42,0,0,0,1,0,650,0
422.00,42,0,0,0,1,0,650,0
422.00,42,0,0,0,1,0,650,0
422.00,42,0,0,0,1,0,650,0
422.00,42,0,0,0,1,0,650,0
422.00,42,0,0,0,1,0,650,0
422.00,42,0,0,0,1,0,650,0
422.00,42,0,0,0,1,0,650,0
422.00,42,0,0,0,1,0,650,0
422.00,42,0,0,0,1,0,650,0
422.00,42,0,0,0,1,0,650,0
422.00,42,0,0,0,1,0,650,0
422.00,42,0,0,0,1,0,650,0
422.00,42,0,0,0,1,0,650,0
422.00,42,0,0,0,1,0,650,0
422.00,41,0,0,0,1,0,684,0
422.00,41,0,0,0,1,0,684,0
422.00,41,0,0,0,1,0,684,0
422.00,41,0,0,0,1,0,684,0
422.00,41,0,0,0,1,0,684,0
422.00,41,0,0,0,1,0,684,0
422.11,40,0,0,0,1,0,755,0
422.11,40,1,0,0,1,0,755,0
422.11,40,0,0,0,1,0,755,0
422.11,42,0,0,0,1,0,550,0
422.11,42,0,0,0,1,0,550,0
422.11,42,0,0,0,1,0,550,0
422.11,42,0,0,0,1,0,550,0
422.11,42,0,0,0,1,0,550,0
422.11,42,0,0,0,1,0,550,0
422.11,42,0,0,0,1,0,550,0
422.11,42,0,0,0,1,0,550,0
422.50,40,0,0,0,1,0,167,0
422.50,40,0,0,0,1,0,167,0
422.50,40,0,0,0,1,0,167,0
422.50,40,0,0,0,1,0,167,0
422.50,40,0,0,0,1,0,167,0
422.50,40,0,0,0,1,0,167,0
422.50,41,0,0,0,1,0,405,0
422.50,41,1,0,0,1,0,405,0
422.50,42,0,0,0,1,0,750,0
422.50,42,0,0,0,1,0,750,0
422.50,42,0,0,0,1,0,750,0
422.50,42,0,0,0,1,0,750,0
423.00,42,0,0,0,1,0,650,0
423.00,42,0,0,0,1,0,650,0
423.00,42,0,0,0,1,0,650,0
423.00,42,0,0,0,1,0,650,0
423.00,42,0,0,0,1,0,650,0
423.00,42,0,0,0,1,0,650,0
423.00,42,0,0,0,1,0,650,0
423.00,42,0,0,0,1,0,650,0
423.00,40,0,0,0,1,0,755,0
423.00,40,0,0,0,1,0,755,0
423.00,40,0,0,0,1,0,755,0
423.00,40,0,0,0,1,0,755,0
423.00,40,0,0,0,1,0,755,0
423.00,40,0,0,0,1,0,755,0
423.00,40,0,0,0,1,0,755,0
423.00,40,0,0,0,1,0,755,0
423.00,40,0,0,0,1,0,755,0
423.00,40,0,0,0,1,0,755,0
423.00,40,0,0,0,1,0,755,0
423.00,42,0,0,0,1,0,500,0
423.00,42,0,0,0,1,0,500,0
423.00,42,0,0,0,1,0,500,0
423.00,42,0,0,0,1,0,500,0
423.00,42,0,0,0,1,0,500,0
423.00,42,0,0,0,1,0,500,0
423.00,41,0,0,0,1,0,684,0
423.00,41,0,0,0,1,0,684,0
423.00,41,0,0,0,1,0,684,0
423.00,41,0,0,0,1,0,684,0
423.00,41,0,0,0,1,0,684,0
423.00,41,0,0,0,1,0,684,0
423.00,41,0,0,0,1,0,405,0
423.00,41,1,0,0,1,0,405,0
423.00,42,0,0,0,1,0,650,0
423.00,42,0,0,0,1,0,650,0
423.00,42,0,0,0,1,0,650,0
423.00,42,0,0,0,1,0,650,0
423.00,42,0,0,0,1,0,650,0
423.00,42,0,0,0,1,0,650,0
423.00,42,0,0,0,1,0,650,0
423.00,42,0,0,0,1,0,650,0
423.00,41,1,0,0,1,0,405,0
423.00,41,0,0,0,1,0,405,0
423.00,42,0,0,0,1,0,650,0
423.00,42,0,0,0,1,0,650,0
423.00,42,0,0,0,1,0,650,0
423.00,42,0,0,0,1,0,650,0
423.00,42,0,0,0,1,0,650,0
423.00,42,0,0,0,1,0,650,0
423.00,42,0,0,0,1,0,650,0
423.00,42,0,0,0,1,0,650,0
423.00,41,0,0,0,1,0,405,0
423.00,41,1,0,0,1,0,405,0
423.00,41,0,0,0,1,0,450,0
423.00,41,0,0,0,1,0,450,0
423.00,41,0,0,0,1,0,450,0
423.50,41,0,0,0,1,0,405,0
423.50,41,1,0,0,1,0,405,0
423.50,41,1,0,0,1,0,405,0
423.50,41,0,0,0,1,0,405,0
423.50,42,0,0,0,1,0,500,0
423.50,42,0,0,0,1,0,500,0
423.50,42,0,0,0,1,0,500,0
423.50,42,0,0,0,1,0,500,0
423.50,42,0,0,0,1,0,500,0
423.50,42,0,0,0,1,0,500,0
424.00,42,0,0,0,1,0,650,0
424.00,42,0,0,0,1,0,650,0
424.00,42,0,0,0,1,0,650,0
424.00,42,0,0,0,1,0,650,0
424.00,42,0,0,0,1,0,650,0
424.00,42,0,0,0,1,0,650,0
424.00,42,0,0,0,1,0,650,0
424.00,42,0,0,0,1,0,650,0
424.00,41,0,0,0,1,0,650,0
424.00,41,0,0,0,1,0,650,0
424.00,41,0,0,0,1,0,650,0
424.00,41,0,0,0,1,0,650,0
424.00,41,0,0,0,1,0,650,0
424.00,41,0,0,0,1,0,650,0
424.00,41,0,0,0,1,0,650,0
424.00,41,0,0,0,1,0,650,0
424.50,42,0,0,0,1,0,650,0
424.50,42,0,0,0,1,0,650,0
424.50,42,0,0,0,1,0,650,0
424.50,42,0,0,0,1,0,650,0
424.50,42,0,0,0,1,0,650,0
424.50,42,0,0,0,1,0,650,0
424.50,42,0,0,0,1,0,650,0
424.50,42,0,0,0,1,0,650,0
424.50,41,1,0,0,1,0,405,0
424.50,41,0,0,0,1,0,405,0
424.50,42,0,0,0,1,0,250,0
424.50,42,0,0,0,1,0,250,0
424.50,42,0,0,0,1,0,250,0
424.50,42,0,0,0,1,0,250,0
424.50,42,0,0,0,1,0,250,0
424.50,42,0,0,0,1,0,575,0
424.50,42,0,0,0,1,0,575,0
424.50,42,0,0,0,1,0,575,0
424.50,42,0,0,0,1,0,575,0
424.50,42,0,0,0,1,0,575,0
425.00,40,0,0,0,1,0,341,0
425.00,40,1,0,0,1,0,341,0
425.00,40,0,0,0,1,0,650,0
425.00,40,0,0,0,1,0,650,0
425.00,40,0,0,0,1,0,650,0
425.00,40,0,0,0,1,0,650,0
425.00,42,0,0,0,1,0,650,0
425.00,42,0,0,0,1,0,650,0
425.00,42,0,0,0,1,0,650,0
425.00,42,0,0,0,1,0,650,0
425.00,42,0,0,0,1,0,650,0
425.00,42,0,0,0,1,0,650,0
425.00,42,0,0,0,1,0,650,0
425.00,42,0,0,0,1,0,650,0
425.00,41,0,0,0,1,0,650,0
425.00,41,0,0,0,1,0,650,0
425.00,41,0,0,0,1,0,650,0
425.00,41,0,0,0,1,0,650,0
425.00,41,0,0,0,1,0,650,0
425.00,41,0,0,0,1,0,650,0
425.00,41,0,0,0,1,0,650,0
425.00,41,0,0,0,1,0,650,0
425.00,41,0,0,0,1,0,405,0
425.00,41,1,0,0,1,0,405,0
425.00,41,0,0,0,1,0,405,0
425.00,41,0,0,0,1,0,405,0
425.00,41,1,0,0,1,0,405,0
425.00,41,0,0,0,1,0,405,0
425.00,41,1,0,0,1,0,405,0
425.00,41,0,0,0,1,0,684,0
425.00,41,0,0,0,1,0,684,0
425.00,41,0,0,0,1,0,684,0
425.00,41,0,0,0,1,0,684,0
425.00,41,0,0,0,1,0,684,0
425.00,41,0,0,0,1,0,300,0
425.00,41,0,0,0,1,0,300,0
425.00,41,0,0,0,1,0,300,0
425.00,41,0,0,0,1,0,300,0
425.00,41,0,0,0,1,0,300,0
425.00,41,0,0,0,1,0,300,0
425.00,41,0,0,0,1,0,-210,0
425.00,41,0,0,0,1,0,-210,0
425.00,41,0,0,0,1,0,-210,0
425.00,41,0,0,0,1,0,650,0
425.00,41,0,0,0,1,0,650,0
425.00,41,0,0,0,1,0,650,0
425.00,41,0,0,0,1,0,650,0
425.00,41,0,0,0,1,0,650,0
425.00,41,0,0,0,1,0,650,0
425.00,41,0,0,0,1,0,650,0
425.00,41,0,0,0,1,0,650,0
425.00,42,0,0,0,1,0,650,0
425.00,42,0,0,0,1,0,650,0
425.00,42,0,0,0,1,0,650,0
425.00,42,0,0,0,1,0,650,0
425.00,42,0,0,0,1,0,650,0
425.00,42,0,0,0,1,0,650,0
425.00,42,0,0,0,1,0,650,0
425.00,42,0,0,0,1,0,650,0
425.00,42,0,0,0,1,0,300,0
425.00,42,0,0,0,1,0,300,0
425.00,42,0,0,0,1,0,300,0
425.00,42,0,0,0,1,0,300,0
425.00,42,0,0,0,1,0,300,0
425.00,42,0,0,0,1,0,300,0
425.50,41,0,0,0,1,0,450,0
425.50,41,0,0,0,1,0,450,0
425.50,41,0,0,0,1,0,450,0
425.50,42,0,0,0,1,0,434,0
425.50,42,0,0,0,1,0,434,0
425.50,42,0,0,0,1,0,434,0
425.50,41,0,0,0,1,0,300,0
425.50,41,0,0,0,1,0,300,0
425.50,41,0,0,0,1,0,300,0
425.50,41,0,0,0,1,0,300,0
425.50,41,0,0,0,1,0,300,0
425.50,41,0,0,0,1,0,300,0
425.50,41,0,0,0,1,0,684,0
425.50,41,0,0,0,1,0,684,0
425.50,41,0,0,0,1,0,684,0
425.50,41,0,0,0,1,0,684,0
425.50,41,0,0,0,1,0,684,0
425.50,41,0,0,0,1,0,684,0
426.00,42,0,0,0,1,0,650,0
426.00,42,0,0,0,1,0,650,0
426.00,42,0,0,0,1,0,650,0
426.00,42,0,0,0,1,0,650,0
426.00,42,0,0,0,1,0,650,0
426.00,42,0,0,0,1,0,650,0
426.00,42,0,0,0,1,0,650,0
426.00,42,0,0,0,1,0,650,0
426.00,41,0,0,0,1,0,450,0
426.00,41,0,0,0,1,0,450,0
426.00,41,0,0,0,1,0,450,0
426.00,41,0,0,0,1,0,325,0
426.00,41,0,0,0,1,0,325,0
426.00,41,0,0,0,1,0,325,0
426.00,41,0,0,0,1,0,325,0
426.00,40,0,0,0,1,0,755,0
426.00,40,0,0,0,1,0,755,0
426.00,40,0,0,0,1,0,755,0
426.00,42,0,0,0,1,0,650,0
426.00,42,0,0,0,1,0,650,0
426.00,42,0,0,0,1,0,650,0
426.00,42,0,0,0,1,0,650,0
426.00,42,0,0,0,1,0,650,0
426.00,42,0,0,0,1,0,650,0
426.00,42,0,0,0,1,0,650,0
426.00,42,0,0,0,1,0,650,0
426.00,42,0,0,0,1,0,650,0
426.00,42,0,0,0,1,0,650,0
426.00,42,0,0,0,1,0,650,0
426.00,42,0,0,0,1,0,650,0
426.00,42,0,0,0,1,0,650,0
426.00,42,0,0,0,1,0,650,0
426.00,42,0,0,0,1,0,650,0
426.00,42,0,0,0,1,0,650,0
426.00,42,0,0,0,1,0,650,0
426.00,42,0,0,0,1,0,650,0
426.00,42,0,0,0,1,0,650,0
426.00,42,0,0,0,1,0,650,0
426.00,42,0,0,0,1,0,650,0
426.00,42,0,0,0,1,0,650,0
426.00,42,0,0,0,1,0,650,0
426.00,42,0,0,0,1,0,650,0
426.50,42,0,0,0,1,0,650,0
426.50,42,0,0,0,1,0,650,0
426.50,42,0,0,0,1,0,650,0
426.50,42,0,0,0,1,0,650,0
426.50,42,0,0,0,1,0,650,0
426.50,42,0,0,0,1,0,650,0
426.50,42,0,0,0,1,0,650,0
426.50,42,0,0,0,1,0,650,0
426.50,41,1,0,0,1,0,609,0
426.50,41,0,0,0,1,0,609,0
427.00,41,0,0,0,1,0,650,0
427.00,41,0,0,0,1,0,650,0
427.00,41,0,0,0,1,0,650,0
427.00,41,0,0,0,1,0,650,0
427.00,41,0,0,0,1,0,650,0
427.00,41,0,0,0,1,0,650,0
427.00,41,0,0,0,1,0,650,0
427.00,41,0,0,0,1,0,650,0
427.00,42,0,0,0,1,0,650,0
427.00,42,0,0,0,1,0,650,0
427.00,42,0,0,0,1,0,650,0
427.00,42,0,0,0,1,0,650,0
427.00,42,0,0,0,1,0,650,0
427.00,42,0,0,0,1,0,650,0
427.00,42,0,0,0,1,0,650,0
427.00,42,0,0,0,1,0,650,0
427.00,40,0,0,0,1,0,755,0
427.00,40,0,0,0,1,0,755,0
427.00,40,0,0,0,1,0,755,0
427.00,40,0,0,0,1,0,755,0
427.00,41,0,0,0,1,0,650,0
427.00,41,0,0,0,1,0,650,0
427.00,41,0,0,0,1,0,650,0
427.00,41,0,0,0,1,0,650,0
427.00,41,0,0,0,1,0,650,0
427.00,41,0,0,0,1,0,650,0
427.00,41,0,0,0,1,0,650,0
427.00,41,0,0,0,1,0,650,0
427.00,40,0,0,0,1,0,75,0
427.00,40,0,0,0,1,0,75,0
427.00,40,0,0,0,1,0,75,0
427.00,40,0,0,0,1,0,75,0
427.50,42,0,0,0,1,0,650,0
427.50,42,0,0,0,1,0,650,0
427.50,42,0,0,0,1,0,650,0
427.50,42,0,0,0,1,0,650,0
427.50,42,0,0,0,1,0,650,0
427.50,42,0,0,0,1,0,650,0
427.50,42,0,0,0,1,0,650,0
427.50,42,0,0,0,1,0,650,0
427.50,41,1,0,0,1,0,405,0
427.50,41,0,0,0,1,0,405,0
427.50,42,0,0,0,1,0,775,0
427.50,42,0,0,0,1,0,775,0
427.50,42,0,0,0,1,0,775,0
427.50,42,0,0,0,1,0,775,0
427.50,42,0,0,0,1,0,775,0
427.50,42,0,0,0,1,0,775,0
427.50,42,0,0,0,1,0,775,0
427.50,42,0,0,0,1,0,775,0
427.50,42,0,0,0,1,0,500,0
427.50,42,0,0,0,1,0,500,0
427.50,42,0,0,0,1,0,500,0
427.50,42,0,0,0,1,0,500,0
427.50,42,0,0,0,1,0,500,0
427.50,42,0,0,0,1,0,500,0
428.00,41,0,0,0,1,0,650,0
428.00,41,0,0,0,1,0,650,0
428.00,41,0,0,0,1,0,650,0
428.00,41,0,0,0,1,0,650,0
428.00,41,0,0,0,1,0,650,0
428.00,41,0,0,0,1,0,650,0
428.00,41,0,0,0,1,0,650,0
428.00,41,0,0,0,1,0,650,0
428.00,42,0,0,0,1,0,650,0
428.00,42,0,0,0,1,0,650,0
428.00,42,0,0,0,1,0,650,0
428.00,42,0,0,0,1,0,650,0
428.00,42,0,0,0,1,0,650,0
428.00,42,0,0,0,1,0,650,0
428.00,42,0,0,0,1,0,650,0
428.00,42,0,0,0,1,0,650,0
428.00,42,0,0,0,1,0,650,0
428.00,42,0,0,0,1,0,650,0
428.00,42,0,0,0,1,0,650,0
428.00,42,0,0,0,1,0,650,0
428.00,42,0,0,0,1,0,650,0
428.00,42,0,0,0,1,0,650,0
428.00,42,0,0,0,1,0,650,0
428.00,42,0,0,0,1,0,650,0
428.00,41,0,0,0,1,0,-210,0
428.00,41,0,0,0,1,0,-210,0
428.00,41,0,0,0,1,0,-210,0
428.50,41,0,0,0,1,0,650,0
428.50,41,0,0,0,1,0,650,0
428.50,41,0,0,0,1,0,650,0
428.50,41,0,0,0,1,0,650,0
428.50,41,0,0,0,1,0,650,0
428.50,41,0,0,0,1,0,650,0
428.50,41,0,0,0,1,0,650,0
428.50,41,0,0,0,1,0,650,0
428.50,42,0,0,0,1,0,650,0
428.50,42,0,0,0,1,0,650,0
428.50,42,0,0,0,1,0,650,0
428.50,42,0,0,0,1,0,650,0
428.50,42,0,0,0,1,0,650,0
428.50,42,0,0,0,1,0,650,0
428.50,42,0,0,0,1,0,650,0
428.50,42,0,0,0,1,0,650,0
428.50,42,0,0,0,1,0,650,0
428.50,42,0,0,0,1,0,650,0
428.50,42,0,0,0,1,0,650,0
428.50,42,0,0,0,1,0,650,0
428.50,42,0,0,0,1,0,650,0
428.50,42,0,0,0,1,0,650,0
428.50,42,0,0,0,1,0,650,0
428.50,42,0,0,0,1,0,650,0
429.00,40,0,0,0,1,0,755,0
429.00,40,0,0,0,1,0,755,0
429.00,40,0,0,0,1,0,755,0
429.00,40,0,0,0,1,0,755,0
429.00,40,0,0,0,1,0,755,0
429.00,40,0,0,0,1,0,755,0
429.00,40,0,0,0,1,0,755,0
429.00,40,0,0,0,1,0,755,0
429.00,40,0,0,0,1,0,755,0
429.00,40,0,0,0,1,0,755,0
429.00,40,0,0,0,1,0,755,0
429.00,40,0,0,0,1,0,755,0
429.00,41,1,0,0,1,0,405,0
429.00,41,0,0,0,1,0,405,0
429.00,42,0,0,0,1,0,650,0
429.00,42,0,0,0,1,0,650,0
429.00,42,0,0,0,1,0,650,0
429.00,42,0,0,0,1,0,650,0
429.00,42,0,0,0,1,0,650,0
429.00,42,0,0,0,1,0,650,0
429.00,42,0,0,0,1,0,650,0
429.00,42,0,0,0,1,0,650,0
429.00,1,0,0,0,1,0,-90,0
429.00,1,0,0,0,1,0,-90,0
429.00,1,0,0,0,1,0,-90,0
429.00,1,0,0,0,1,0,-90,0
429.00,1,0,0,0,1,0,-90,0
429.00,1,0,0,0,1,0,-90,0
429.00,1,0,0,0,1,0,-90,0
429.00,1,0,0,0,1,0,-90,0
429.00,1,0,0,0,1,0,-90,0
429.00,1,0,0,0,1,0,-90,0
429.00,41,0,0,0,1,0,450,0
429.00,41,0,0,0,1,0,450,0
429.00,41,0,0,0,1,0,450,0
429.00,41,0,0,0,1,0,450,0
429.00,41,0,0,0,1,0,684,0
429.00,41,0,0,0,1,0,684,0
429.00,41,0,0,0,1,0,684,0
429.00,41,0,0,0,1,0,684,0
429.00,41,0,0,0,1,0,684,0
429.50,42,0,0,0,1,0,434,0
429.50,42,0,0,0,1,0,434,0
429.50,42,0,0,0,1,0,434,0
429.50,42,0,0,0,1,0,434,0
429.50,42,0,0,0,1,0,650,0
429.50,42,0,0,0,1,0,650,0
429.50,42,0,0,0,1,0,650,0
429.50,42,0,0,0,1,0,650,0
429.50,42,0,0,0,1,0,650,0
429.50,42,0,0,0,1,0,650,0
429.50,42,0,0,0,1,0,650,0
429.50,42,0,0,0,1,0,650,0
429.50,42,0,0,0,1,0,500,0
429.50,42,0,0,0,1,0,500,0
429.50,42,0,0,0,1,0,500,0
429.50,42,0,0,0,1,0,500,0
429.50,42,0,0,0,1,0,500,0
429.50,42,0,0,0,1,0,500,0
429.50,41,0,0,0,1,0,684,0
429.50,41,0,0,0,1,0,684,0
429.50,41,0,0,0,1,0,684,0
429.50,41,0,0,0,1,0,684,0
429.50,41,0,0,0,1,0,684,0
429.50,41,0,0,0,1,0,684,0
430.00,41,0,0,0,1,0,650,0
430.00,41,0,0,0,1,0,650,0
430.00,41,0,0,0,1,0,650,0
430.00,41,0,0,0,1,0,650,0
430.00,41,0,0,0,1,0,650,0
430.00,41,0,0,0,1,0,650,0
430.00,41,0,0,0,1,0,650,0
430.00,41,0,0,0,1,0,650,0
430.00,41,0,0,0,1,0,325,0
430.00,41,0,0,0,1,0,325,0
430.00,41,0,0,0,1,0,325,0
430.00,41,0,0,0,1,0,325,0
430.00,41,0,0,0,1,0,325,0
430.00,42,0,0,0,1,0,250,0
430.00,42,0,0,0,1,0,250,0
430.00,42,0,0,0,1,0,250,0
430.00,42,0,0,0,1,0,250,0
430.00,42,0,0,0,1,0,250,0
430.00,42,0,0,0,1,0,250,0
430.00,41,1,0,0,1,0,405,0
430.00,41,0,0,0,1,0,405,0
430.00,42,0,0,0,1,0,650,0
430.00,42,0,0,0,1,0,650,0
430.00,42,0,0,0,1,0,650,0
430.00,42,0,0,0,1,0,650,0
430.00,42,0,0,0,1,0,650,0
430.00,42,0,0,0,1,0,650,0
430.00,42,0,0,0,1,0,650,0
430.00,42,0,0,0,1,0,650,0
430.00,42,0,0,0,1,0,650,0
430.00,42,0,0,0,1,0,650,0
430.00,42,0,0,0,1,0,650,0
430.00,42,0,0,0,1,0,650,0
430.00,42,0,0,0,1,0,650,0
430.00,42,0,0,0,1,0,650,0
430.00,42,0,0,0,1,0,650,0
430.00,42,0,0,0,1,0,650,0
430.00,41,0,0,0,1,0,-210,0
430.00,41,0,0,0,1,0,-210,0
430.00,41,0,0,0,1,0,-210,0
430.00,41,0,0,0,1,0,-210,0
430.50,42,0,0,0,1,0,650,0
430.50,42,0,0,0,1,0,650,0
430.50,42,0,0,0,1,0,650,0
430.50,42,0,0,0,1,0,650,0
430.50,42,0,0,0,1,0,650,0
430.50,42,0,0,0,1,0,650,0
430.50,42,0,0,0,1,0,650,0
430.50,42,0,0,0,1,0,650,0
430.50,41,0,0,0,1,0,700,0
430.50,41,0,0,0,1,0,700,0
430.50,41,0,0,0,1,0,700,0
430.50,41,0,0,0,1,0,700,0
430.50,41,0,0,0,1,0,700,0
430.50,42,0,0,0,1,0,575,0
430.50,42,0,0,0,1,0,575,0
430.50,42,0,0,0,1,0,575,0
430.50,42,0,0,0,1,0,575,0
430.50,42,0,0,0,1,0,575,0
430.50,42,1,0,0,1,0,275,0
430.50,42,0,0,0,1,0,275,0
430.50,42,0,0,0,1,0,650,0
430.50,42,0,0,0,1,0,650,0
430.50,42,0,0,0,1,0,650,0
430.50,42,0,0,0,1,0,650,0
430.50,42,0,0,0,1,0,650,0
430.50,42,0,0,0,1,0,650,0
430.50,42,0,0,0,1,0,650,0
430.50,42,0,0,0,1,0,650,0
431.00,42,0,0,0,1,0,650,0
431.00,42,0,0,0,1,0,650,0
431.00,42,0,0,0,1,0,650,0
431.00,42,0,0,0,1,0,650,0
431.00,42,0,0,0,1,0,650,0
431.00,42,0,0,0,1,0,650,0
431.00,42,0,0,0,1,0,650,0
431.00,42,0,0,0,1,0,650,0
431.00,41,0,0,0,1,0,650,0
431.00,41,0,0,0,1,0,650,0
431.00,41,0,0,0,1,0,650,0
431.00,41,0,0,0,1,0,650,0
431.00,41,0,0,0,1,0,650,0
431.00,41,0,0,0,1,0,650,0
431.00,41,0,0,0,1,0,650,0
431.00,41,0,0,0,1,0,650,0
431.00,42,0,0,0,1,0,434,0
431.00,42,0,0,0,1,0,434,0
431.00,42,0,0,0,1,0,434,0
431.00,42,0,0,0,1,0,575,0
431.00,42,0,0,0,1,0,575,0
431.00,42,0,0,0,1,0,575,0
431.00,42,0,0,0,1,0,575,0
431.00,42,0,0,0,1,0,575,0
431.00,41,0,0,0,1,0,684,0
431.00,41,0,0,0,1,0,684,0
431.00,41,0,0,0,1,0,684,0
431.00,41,0,0,0,1,0,684,0
431.00,41,0,0,0,1,0,684,0
431.00,41,0,0,0,1,0,684,0
431.00,42,0,0,0,1,0,434,0
431.00,42,0,0,0,1,0,434,0
431.00,42,0,0,0,1,0,434,0
431.00,42,0,0,0,1,0,434,0
431.00,41,1,0,0,1,0,405,0
431.00,41,0,0,0,1,0,405,0
431.23,34,0,0,0,1,0,600,0
431.23,34,1,0,0,1,0,600,0
431.23,34,0,0,0,1,0,600,0
431.50,42,0,0,0,1,0,650,0
431.50,42,0,0,0,1,0,650,0
431.50,42,0,0,0,1,0,650,0
431.50,42,0,0,0,1,0,650,0
431.50,42,0,0,0,1,0,650,0
431.50,42,0,0,0,1,0,650,0
431.50,42,0,0,0,1,0,650,0
431.50,42,0,0,0,1,0,650,0
431.50,42,0,0,0,1,0,650,0
431.50,42,0,0,0,1,0,650,0
431.50,42,0,0,0,1,0,650,0
431.50,42,0,0,0,1,0,650,0
431.50,42,0,0,0,1,0,650,0
431.50,42,0,0,0,1,0,650,0
431.50,42,0,0,0,1,0,650,0
431.50,42,0,0,0,1,0,650,0
432.00,42,0,0,0,1,0,250,0
432.00,42,0,0,0,1,0,250,0
432.00,42,0,0,0,1,0,250,0
432.00,42,0,0,0,1,0,250,0
432.00,42,0,0,0,1,0,250,0
432.00,42,0,0,0,1,0,250,0
432.00,41,0,0,0,1,0,650,0
432.00,41,0,0,0,1,0,650,0
432.00,41,0,0,0,1,0,650,0
432.00,41,0,0,0,1,0,650,0
432.00,41,0,0,0,1,0,650,0
432.00,41,0,0,0,1,0,650,0
432.00,41,0,0,0,1,0,650,0
432.00,41,0,0,0,1,0,650,0
432.00,41,0,0,0,1,0,405,0
432.00,41,1,0,0,1,0,405,0
432.00,42,0,0,0,1,0,-213,0
432.00,42,0,0,0,1,0,-213,0
432.00,42,0,0,0,1,0,-213,0
432.00,42,0,0,0,1,0,-213,0
432.00,42,0,0,0,1,0,-213,0
432.00,42,0,0,0,1,0,-213,0
432.00,42,0,0,0,1,0,-213,0
432.00,42,0,0,0,1,0,-213,0
432.00,42,0,0,0,1,0,-213,0
432.00,42,0,0,0,1,0,-213,0
432.00,42,0,0,0,1,0,-213,0
432.00,42,0,0,0,1,0,-213,0
432.00,42,0,0,0,1,0,650,0
432.00,42,0,0,0,1,0,650,0
432.00,42,0,0,0,1,0,650,0
432.00,42,0,0,0,1,0,650,0
432.00,42,0,0,0,1,0,650,0
432.00,42,0,0,0,1,0,650,0
432.00,42,0,0,0,1,0,650,0
432.00,42,0,0,0,1,0,650,0
432.00,40,0,0,0,1,0,755,0
432.00,40,1,0,0,1,0,755,0
432.00,40,0,0,0,1,0,755,0
432.50,41,0,0,0,1,0,450,0
432.50,41,0,0,0,1,0,450,0
432.50,41,0,0,0,1,0,450,0
432.50,41,0,0,0,1,0,450,0
432.50,42,0,0,0,1,0,500,0
432.50,42,0,0,0,1,0,500,0
432.50,42,0,0,0,1,0,500,0
432.50,42,0,0,0,1,0,500,0
432.50,42,0,0,0,1,0,500,0
432.50,42,0,0,0,1,0,500,0
432.50,42,0,0,0,1,0,500,0
432.50,42,0,0,0,1,0,500,0
432.50,42,0,0,0,1,0,500,0
432.50,42,0,0,0,1,0,500,0
432.50,42,0,0,0,1,0,500,0
432.50,42,0,0,0,1,0,500,0
432.50,42,0,0,0,1,0,650,0
432.50,42,0,0,0,1,0,650,0
432.50,42,0,0,0,1,0,650,0
432.50,42,0,0,0,1,0,650,0
432.50,42,0,0,0,1,0,650,0
432.50,42,0,0,0,1,0,650,0
432.50,42,0,0,0,1,0,650,0
432.50,42,0,0,0,1,0,650,0
433.00,40,0,0,0,1,0,713,0
433.00,40,0,0,0,1,0,713,0
433.00,40,0,0,0,1,0,713,0
433.00,40,0,0,0,1,0,713,0
433.00,40,0,0,0,1,0,713,0
433.00,40,0,0,0,1,0,755,0
433.00,40,0,0,0,1,0,755,0
433.00,40,0,0,0,1,0,755,0
433.00,40,0,0,0,1,0,755,0
433.00,41,0,0,0,1,0,405,0
433.00,41,1,0,0,1,0,405,0
433.00,42,0,0,0,1,0,225,0
433.00,42,0,0,0,1,0,225,0
433.00,42,0,0,0,1,0,225,0
433.00,42,0,0,0,1,0,225,0
433.00,41,0,0,0,1,0,650,0
433.00,41,0,0,0,1,0,650,0
433.00,41,0,0,0,1,0,650,0
433.00,41,0,0,0,1,0,650,0
433.00,41,0,0,0,1,0,650,0
433.00,41,0,0,0,1,0,650,0
433.00,41,0,0,0,1,0,650,0
433.00,41,0,0,0,1,0,650,0
433.00,41,1,0,0,1,0,405,0
433.00,41,0,0,0,1,0,405,0
433.50,41,0,0,0,1,0,650,0
433.50,41,0,0,0,1,0,650,0
433.50,41,0,0,0,1,0,650,0
433.50,41,0,0,0,1,0,650,0
433.50,41,0,0,0,1,0,650,0
433.50,41,0,0,0,1,0,650,0
433.50,41,0,0,0,1,0,650,0
433.50,41,0,0,0,1,0,650,0
433.50,41,1,0,0,1,0,405,0
433.50,41,0,0,0,1,0,405,0
434.00,42,0,0,0,1,0,775,0
434.00,42,0,0,0,1,0,775,0
434.00,42,0,0,0,1,0,775,0
434.00,42,0,0,0,1,0,775,0
434.00,42,0,0,0,1,0,775,0
434.00,42,0,0,0,1,0,775,0
434.00,42,0,0,0,1,0,775,0
434.00,42,0,0,0,1,0,775,0
434.00,42,0,0,0,1,0,775,0
434.00,42,0,0,0,1,0,500,0
434.00,42,0,0,0,1,0,500,0
434.00,42,0,0,0,1,0,500,0
434.00,42,0,0,0,1,0,500,0
434.00,42,0,0,0,1,0,500,0
434.00,42,0,0,0,1,0,500,0
434.00,41,0,0,0,1,0,650,0
434.00,41,0,0,0,1,0,650,0
434.00,41,0,0,0,1,0,650,0
434.00,41,0,0,0,1,0,650,0
434.00,41,0,0,0,1,0,650,0
434.00,41,0,0,0,1,0,650,0
434.00,41,0,0,0,1,0,650,0
434.00,41,0,0,0,1,0,650,0
434.00,42,0,0,0,1,0,450,0
434.00,42,0,0,0,1,0,450,0
434.00,42,0,0,0,1,0,450,0
434.50,42,0,0,0,1,0,500,0
434.50,42,0,0,0,1,0,500,0
434.50,42,0,0,0,1,0,500,0
434.50,42,0,0,0,1,0,500,0
434.50,42,0,0,0,1,0,500,0
434.50,42,0,0,0,1,0,500,0
434.50,42,0,0,0,1,0,650,0
434.50,42,0,0,0,1,0,650,0
434.50,42,0,0,0,1,0,650,0
434.50,42,0,0,0,1,0,650,0
434.50,42,0,0,0,1,0,650,0
434.50,42,0,0,0,1,0,650,0
434.50,42,0,0,0,1,0,650,0
434.50,42,0,0,0,1,0,650,0
434.50,41,0,0,0,1,0,450,0
434.50,41,0,0,0,1,0,450,0
434.50,41,0,0,0,1,0,450,0
434.50,41,0,0,0,1,0,750,0
434.50,41,0,0,0,1,0,750,0
434.50,41,0,0,0,1,0,750,0
435.00,42,0,0,0,1,0,567,0
435.00,42,0,0,0,1,0,567,0
435.00,42,0,0,0,1,0,567,0
435.00,42,0,0,0,1,0,575,0
435.00,42,0,0,0,1,0,575,0
435.00,42,0,0,0,1,0,575,0
435.00,42,0,0,0,1,0,575,0
435.00,42,0,0,0,1,0,575,0
435.00,42,0,0,0,1,0,575,0
435.00,42,0,0,0,1,0,575,0
435.00,42,0,0,0,1,0,575,0
435.00,42,0,0,0,1,0,575,0
435.00,42,0,0,0,1,0,575,0
435.50,41,0,0,0,1,0,609,0
435.50,41,1,0,0,1,0,609,0
435.50,42,0,0,0,1,0,650,0
435.50,42,0,0,0,1,0,650,0
435.50,42,0,0,0,1,0,650,0
435.50,42,0,0,0,1,0,650,0
435.50,42,0,0,0,1,0,650,0
435.50,42,0,0,0,1,0,650,0
435.50,42,0,0,0,1,0,650,0
435.50,42,0,0,0,1,0,650,0
436.00,41,0,0,0,1,0,650,0
436.00,41,0,0,0,1,0,650,0
436.00,41,0,0,0,1,0,650,0
436.00,41,0,0,0,1,0,650,0
436.00,41,0,0,0,1,0,650,0
436.00,41,0,0,0,1,0,650,0
436.00,41,0,0,0,1,0,650,0
436.00,41,0,0,0,1,0,650,0
436.00,40,0,0,0,1,0,755,0
436.00,40,0,0,0,1,0,755,0
436.00,40,0,0,0,1,0,755,0
436.00,42,0,0,0,1,0,650,0
436.00,42,0,0,0,1,0,650,0
436.00,42,0,0,0,1,0,650,0
436.00,42,0,0,0,1,0,650,0
436.00,42,0,0,0,1,0,650,0
436.00,42,0,0,0,1,0,650,0
436.00,42,0,0,0,1,0,650,0
436.00,42,0,0,0,1,0,650,0
436.50,42,0,0,0,1,0,500,0
436.50,42,0,0,0,1,0,500,0
436.50,42,0,0,0,1,0,500,0
436.50,42,0,0,0,1,0,500,0
436.50,42,0,0,0,1,0,500,0
436.50,42,0,0,0,1,0,500,0
436.50,42,0,0,0,1,0,750,0
436.50,42,0,0,0,1,0,750,0
436.50,42,0,0,0,1,0,750,0
436.50,42,0,0,0,1,0,650,0
436.50,42,0,0,0,1,0,650,0
436.50,42,0,0,0,1,0,650,0
436.50,42,0,0,0,1,0,650,0
436.50,42,0,0,0,1,0,650,0
436.50,42,0,0,0,1,0,650,0
436.50,42,0,0,0,1,0,650,0
436.50,42,0,0,0,1,0,650,0
436.50,41,0,0,0,1,0,609,0
436.50,41,1,0,0,1,0,609,0
436.50,41,0,0,0,1,0,609,0
436.50,41,0,0,0,1,0,600,0
436.50,41,0,0,0,1,0,600,0
436.50,41,0,0,0,1,0,600,0
436.50,41,0,0,0,1,0,600,0
436.50,41,0,0,0,1,0,600,0
436.50,41,0,0,0,1,0,600,0
437.00,41,0,0,0,1,0,684,0
437.00,41,0,0,0,1,0,684,0
437.00,41,0,0,0,1,0,684,0
437.00,41,0,0,0,1,0,684,0
437.00,41,0,0,0,1,0,684,0
437.00,41,0,0,0,1,0,684,0
437.00,42,0,0,0,1,0,650,0
437.00,42,0,0,0,1,0,650,0
437.00,42,0,0,0,1,0,650,0
437.00,42,0,0,0,1,0,650,0
437.00,42,0,0,0,1,0,650,0
437.00,42,0,0,0,1,0,650,0
437.00,42,0,0,0,1,0,650,0
437.00,42,0,0,0,1,0,650,0
437.50,41,0,0,0,1,0,300,0
437.50,41,0,0,0,1,0,300,0
437.50,41,0,0,0,1,0,300,0
437.50,41,0,0,0,1,0,300,0
437.50,41,0,0,0,1,0,300,0
437.50,41,0,0,0,1,0,300,0
437.50,41,0,0,0,1,0,192,0
437.50,41,0,0,0,1,0,192,0
437.50,41,0,0,0,1,0,192,0
437.50,41,0,0,0,1,0,192,0
437.50,41,0,0,0,1,0,192,0
437.50,41,0,0,0,1,0,192,0
437.50,41,0,0,0,1,0,192,0
437.50,41,0,0,0,1,0,192,0
437.50,41,0,0,0,1,0,192,0
437.50,40,0,0,0,1,0,550,0
437.50,40,0,0,0,1,0,550,0
437.50,40,0,0,0,1,0,550,0
438.00,42,0,0,0,1,0,650,0
438.00,42,0,0,0,1,0,650,0
438.00,42,0,0,0,1,0,650,0
438.00,42,0,0,0,1,0,650,0
438.00,42,0,0,0,1,0,650,0
438.00,42,0,0,0,1,0,650,0
438.00,42,0,0,0,1,0,650,0
438.00,42,0,0,0,1,0,650,0
438.00,41,0,0,0,1,0,650,0
438.00,41,0,0,0,1,0,650,0
438.00,41,0,0,0,1,0,650,0
438.00,41,0,0,0,1,0,650,0
438.00,41,0,0,0,1,0,650,0
438.00,41,0,0,0,1,0,650,0
438.00,41,0,0,0,1,0,650,0
438.00,41,0,0,0,1,0,650,0
438.00,41,0,0,0,1,0,684,0
438.00,41,0,0,0,1,0,684,0
438.00,41,0,0,0,1,0,684,0
438.00,41,0,0,0,1,0,684,0
438.00,41,0,0,0,1,0,684,0
438.00,41,0,0,0,1,0,684,0
438.00,41,0,0,0,1,0,750,0
438.00,41,0,0,0,1,0,750,0
438.00,41,0,0,0,1,0,750,0
438.00,41,0,0,0,1,0,750,0
438.00,41,0,0,0,1,0,750,0
438.00,41,0,0,0,1,0,750,0
438.00,40,0,0,0,1,0,755,0
438.00,40,0,0,0,1,0,755,0
438.00,40,0,0,0,1,0,755,0
438.00,41,0,0,0,1,0,650,0
438.00,41,0,0,0,1,0,650,0
438.00,41,0,0,0,1,0,650,0
438.00,41,0,0,0,1,0,650,0
438.00,41,0,0,0,1,0,650,0
438.00,41,0,0,0,1,0,650,0
438.00,41,0,0,0,1,0,650,0
438.00,41,0,0,0,1,0,650,0
438.00,42,0,0,0,1,0,450,0
438.00,42,0,0,0,1,0,450,0
438.00,42,0,0,0,1,0,450,0
438.50,42,0,0,0,1,0,650,0
438.50,42,0,0,0,1,0,650,0
438.50,42,0,0,0,1,0,650,0
438.50,42,0,0,0,1,0,650,0
438.50,42,0,0,0,1,0,650,0
438.50,42,0,0,0,1,0,650,0
438.50,42,0,0,0,1,0,650,0
438.50,42,0,0,0,1,0,650,0
438.50,42,0,0,0,1,0,300,0
438.50,42,0,0,0,1,0,300,0
438.50,42,0,0,0,1,0,300,0
438.50,42,0,0,0,1,0,300,0
438.50,42,0,0,0,1,0,300,0
438.50,42,0,0,0,1,0,300,0
439.00,42,0,0,0,1,0,750,0
439.00,42,0,0,0,1,0,750,0
439.00,42,0,0,0,1,0,750,0
439.00,42,0,0,0,1,0,750,0
439.00,42,0,0,0,1,0,775,0
439.00,42,0,0,0,1,0,775,0
439.00,42,0,0,0,1,0,775,0
439.00,42,0,0,0,1,0,775,0
439.00,42,0,0,0,1,0,775,0
439.00,42,0,0,0,1,0,775,0
439.00,42,0,0,0,1,0,775,0
439.00,42,0,0,0,1,0,775,0
439.00,42,0,0,0,1,0,775,0
439.00,42,0,0,0,1,0,650,0
439.00,42,0,0,0,1,0,650,0
439.00,42,0,0,0,1,0,650,0
439.00,42,0,0,0,1,0,650,0
439.00,42,0,0,0,1,0,650,0
439.00,42,0,0,0,1,0,650,0
439.00,42,0,0,0,1,0,650,0
439.00,42,0,0,0,1,0,650,0
439.00,42,0,0,0,1,0,650,0
439.00,42,0,0,0,1,0,650,0
439.00,42,0,0,0,1,0,650,0
439.00,42,0,0,0,1,0,650,0
439.00,42,0,0,0,1,0,650,0
439.00,42,0,0,0,1,0,650,0
439.00,42,0,0,0,1,0,650,0
439.00,42,0,0,0,1,0,650,0
440.00,40,0,0,0,1,0,80,0
440.00,40,1,0,0,1,0,80,0
440.00,42,0,0,0,1,0,400,0
440.00,42,1,0,0,1,0,400,0
440.00,41,0,0,0,1,0,684,0
440.00,41,0,0,0,1,0,684,0
440.00,41,0,0,0,1,0,684,0
440.00,41,0,0,0,1,0,684,0
440.00,41,0,0,0,1,0,684,0
440.00,41,0,0,0,1,0,684,0
440.00,41,0,0,0,1,0,700,0
440.00,41,0,0,0,1,0,700,0
440.00,41,0,0,0,1,0,700,0
440.00,41,0,0,0,1,0,700,0
440.00,41,0,0,0,1,0,700,0
440.00,41,0,0,0,1,0,700,0
440.00,42,0,0,0,1,0,500,0
440.00,42,0,0,0,1,0,500,0
440.00,42,0,0,0,1,0,500,0
440.00,42,0,0,0,1,0,500,0
440.00,42,0,0,0,1,0,500,0
440.00,42,0,0,0,1,0,500,0
440.00,42,0,0,0,1,0,650,0
440.00,42,0,0,0,1,0,650,0
440.00,42,0,0,0,1,0,650,0
440.00,42,0,0,0,1,0,650,0
440.00,42,0,0,0,1,0,650,0
440.00,42,0,0,0,1,0,650,0
440.00,42,0,0,0,1,0,650,0
440.00,42,0,0,0,1,0,650,0
441.00,41,0,0,0,1,0,650,0
441.00,41,0,0,0,1,0,650,0
441.00,41,0,0,0,1,0,650,0
441.00,41,0,0,0,1,0,650,0
441.00,41,0,0,0,1,0,650,0
441.00,41,0,0,0,1,0,650,0
441.00,41,0,0,0,1,0,650,0
441.00,41,0,0,0,1,0,650,0
441.50,40,0,0,0,1,0,498,0
441.50,40,0,0,0,1,0,498,0
441.50,40,0,0,0,1,0,498,0
441.50,40,0,0,0,1,0,498,0
441.50,40,0,0,0,1,0,498,0
441.50,41,0,0,0,1,0,684,0
441.50,41,0,0,0,1,0,684,0
441.50,41,0,0,0,1,0,684,0
441.50,41,0,0,0,1,0,684,0
441.50,41,0,0,0,1,0,684,0
441.50,41,0,0,0,1,0,684,0
441.50,42,0,0,0,1,0,650,0
441.50,42,0,0,0,1,0,650,0
441.50,42,0,0,0,1,0,650,0
441.50,42,0,0,0,1,0,650,0
441.50,42,0,0,0,1,0,650,0
441.50,42,0,0,0,1,0,650,0
441.50,42,0,0,0,1,0,650,0
441.50,42,0,0,0,1,0,650,0
442.00,42,0,0,0,1,0,500,0
442.00,42,0,0,0,1,0,500,0
442.00,42,0,0,0,1,0,500,0
442.00,42,0,0,0,1,0,500,0
442.00,42,0,0,0,1,0,500,0
442.00,42,0,0,0,1,0,500,0
442.00,40,0,0,0,1,0,755,0
442.00,40,0,0,0,1,0,755,0
442.00,40,0,0,0,1,0,755,0
442.00,40,0,0,0,1,0,755,0
442.00,42,0,0,0,1,0,450,0
442.00,42,0,0,0,1,0,450,0
442.00,42,0,0,0,1,0,450,0
442.00,42,0,0,0,1,0,450,0
442.00,41,0,0,0,1,0,450,0
442.00,41,0,0,0,1,0,450,0
442.00,41,0,0,0,1,0,450,0
442.00,41,0,0,0,1,0,684,0
442.00,41,0,0,0,1,0,684,0
442.00,41,0,0,0,1,0,684,0
442.00,41,0,0,0,1,0,684,0
442.00,41,0,0,0,1,0,684,0
442.00,41,0,0,0,1,0,684,0
442.00,42,0,0,0,1,0,650,0
442.00,42,0,0,0,1,0,650,0
442.00,42,0,0,0,1,0,650,0
442.00,42,0,0,0,1,0,650,0
442.00,42,0,0,0,1,0,650,0
442.00,42,0,0,0,1,0,650,0
442.00,42,0,0,0,1,0,650,0
442.00,42,0,0,0,1,0,650,0
442.00,42,0,0,0,1,0,650,0
442.00,42,0,0,0,1,0,650,0
442.00,42,0,0,0,1,0,650,0
442.00,42,0,0,0,1,0,650,0
442.00,42,0,0,0,1,0,650,0
442.00,42,0,0,0,1,0,650,0
442.00,42,0,0,0,1,0,650,0
442.00,42,0,0,0,1,0,650,0
442.50,42,0,0,0,1,0,650,0
442.50,42,0,0,0,1,0,650,0
442.50,42,0,0,0,1,0,650,0
442.50,42,0,0,0,1,0,650,0
442.50,42,0,0,0,1,0,650,0
442.50,42,0,0,0,1,0,650,0
442.50,42,0,0,0,1,0,650,0
442.50,42,0,0,0,1,0,650,0
443.00,42,0,0,0,1,0,750,0
443.00,42,0,0,0,1,0,750,0
443.00,42,0,0,0,1,0,750,0
443.00,42,0,0,0,1,0,750,0
443.00,42,0,0,0,1,0,750,0
443.00,42,0,0,0,1,0,750,0
443.00,42,0,0,0,1,0,750,0
443.00,40,0,0,0,1,0,498,0
443.00,40,0,0,0,1,0,498,0
443.00,40,0,0,0,1,0,498,0
443.00,40,0,0,0,1,0,498,0
443.00,40,0,0,0,1,0,498,0
443.00,41,1,0,0,1,0,405,0
443.00,41,0,0,0,1,0,405,0
443.00,40,0,0,0,1,0,550,0
443.00,40,0,0,0,1,0,550,0
443.00,40,0,0,0,1,0,550,0
443.00,42,0,0,0,1,0,650,0
443.00,42,0,0,0,1,0,650,0
443.00,42,0,0,0,1,0,650,0
443.00,42,0,0,0,1,0,650,0
443.00,42,0,0,0,1,0,650,0
443.00,42,0,0,0,1,0,650,0
443.00,42,0,0,0,1,0,650,0
443.00,42,0,0,0,1,0,650,0
443.00,41,0,0,0,1,0,500,0
443.00,41,0,0,0,1,0,500,0
443.00,41,0,0,0,1,0,500,0
443.00,41,0,0,0,1,0,500,0
443.00,41,0,0,0,1,0,500,0
443.00,41,0,0,0,1,0,500,0
443.50,42,0,0,0,1,0,450,0
443.50,42,0,0,0,1,0,450,0
443.50,42,0,0,0,1,0,450,0
443.50,42,0,0,0,1,0,650,0
443.50,42,0,0,0,1,0,650,0
443.50,42,0,0,0,1,0,650,0
443.50,42,0,0,0,1,0,650,0
443.50,42,0,0,0,1,0,650,0
443.50,42,0,0,0,1,0,650,0
443.50,42,0,0,0,1,0,650,0
443.50,42,0,0,0,1,0,650,0
444.00,42,0,0,0,1,0,500,0
444.00,42,0,0,0,1,0,500,0
444.00,42,0,0,0,1,0,500,0
444.00,42,0,0,0,1,0,500,0
444.00,42,0,0,0,1,0,500,0
444.00,42,0,0,0,1,0,500,0
444.00,42,0,0,0,1,0,650,0
444.00,42,0,0,0,1,0,650,0
444.00,42,0,0,0,1,0,650,0
444.00,42,0,0,0,1,0,650,0
444.00,42,0,0,0,1,0,650,0
444.00,42,0,0,0,1,0,650,0
444.00,42,0,0,0,1,0,650,0
444.00,42,0,0,0,1,0,650,0
444.50,42,0,0,0,1,0,450,0
444.50,42,0,0,0,1,0,450,0
444.50,42,0,0,0,1,0,450,0
445.00,1,0,0,0,1,0,350,0
445.00,1,0,0,0,1,0,350,0
445.00,1,0,0,0,1,0,350,0
445.00,42,0,0,0,1,0,450,0
445.00,42,0,0,0,1,0,450,0
445.00,42,0,0,0,1,0,450,0
445.00,40,0,0,0,1,0,755,0
445.00,40,0,0,0,1,0,755,0
445.00,40,0,0,0,1,0,755,0
445.00,40,0,0,0,1,0,755,0
445.00,41,0,0,0,1,0,405,0
445.00,41,1,0,0,1,0,405,0
445.50,41,0,0,0,1,0,650,0
445.50,41,0,0,0,1,0,650,0
445.50,41,0,0,0,1,0,650,0
445.50,41,0,0,0,1,0,650,0
445.50,41,0,0,0,1,0,650,0
445.50,41,0,0,0,1,0,650,0
445.50,41,0,0,0,1,0,650,0
445.50,41,0,0,0,1,0,650,0
445.50,42,0,0,0,1,0,434,0
445.50,42,0,0,0,1,0,434,0
445.50,42,0,0,0,1,0,434,0
445.50,42,0,0,0,1,0,434,0
445.50,41,0,0,0,1,0,405,0
445.50,41,1,0,0,1,0,405,0
446.00,42,0,0,0,1,0,434,0
446.00,42,0,0,0,1,0,434,0
446.00,42,0,0,0,1,0,434,0
446.00,42,0,0,0,1,0,434,0
447.00,42,0,0,0,1,0,567,0
447.00,42,0,0,0,1,0,567,0
447.00,42,0,0,0,1,0,567,0
447.00,42,0,0,0,1,0,567,0
447.00,42,0,0,0,1,0,567,0
447.00,42,0,0,0,1,0,567,0
447.00,42,0,0,0,1,0,567,0
447.00,42,0,0,0,1,0,567,0
448.00,41,0,0,0,1,0,450,0
448.00,41,0,0,0,1,0,450,0
448.00,41,0,0,0,1,0,450,0
448.00,41,0,0,0,1,0,650,0
448.00,41,0,0,0,1,0,650,0
448.00,41,0,0,0,1,0,650,0
448.00,41,0,0,0,1,0,650,0
448.00,41,0,0,0,1,0,650,0
448.00,41,0,0,0,1,0,650,0
448.00,41,0,0,0,1,0,650,0
448.00,41,0,0,0,1,0,650,0
448.00,42,0,0,0,1,0,434,0
448.00,42,0,0,0,1,0,434,0
448.00,42,0,0,0,1,0,434,0
448.00,42,0,0,0,1,0,434,0
448.00,42,1,0,0,1,0,550,0
448.00,42,0,0,0,1,0,550,0
450.00,41,0,0,0,1,0,650,0
450.00,41,0,0,0,1,0,650,0
450.00,41,0,0,0,1,0,650,0
450.00,41,0,0,0,1,0,650,0
450.00,41,0,0,0,1,0,650,0
450.00,41,0,0,0,1,0,650,0
450.00,41,0,0,0,1,0,650,0
450.00,41,0,0,0,1,0,650,0
450.00,41,0,0,0,1,0,500,0
450.00,41,0,0,0,1,0,500,0
450.00,41,0,0,0,1,0,500,0
450.00,41,0,0,0,1,0,500,0
450.00,41,0,0,0,1,0,500,0
450.00,41,0,0,0,1,0,500,0
451.00,41,0,0,0,1,0,700,0
451.00,41,0,0,0,1,0,700,0
451.00,41,0,0,0,1,0,700,0
451.00,41,0,0,0,1,0,700,0
451.00,41,0,0,0,1,0,700,0
451.00,41,0,0,0,1,0,700,0
451.00,42,0,0,0,1,0,450,0
451.00,42,0,0,0,1,0,450,0
451.00,42,0,0,0,1,0,450,0
451.00,42,0,0,0,1,0,450,0
451.00,41,0,0,0,1,0,684,0
451.00,41,0,0,0,1,0,684,0
451.00,41,0,0,0,1,0,684,0
451.00,41,0,0,0,1,0,684,0
451.00,41,0,0,0,1,0,684,0
451.00,41,0,0,0,1,0,684,0
451.50,41,0,0,0,1,0,684,0
451.50,41,0,0,0,1,0,684,0
451.50,41,0,0,0,1,0,684,0
451.50,41,0,0,0,1,0,684,0
451.50,41,0,0,0,1,0,684,0
451.50,41,0,0,0,1,0,684,0
452.00,42,0,0,0,1,0,750,0
452.00,42,0,0,0,1,0,750,0
452.00,42,0,0,0,1,0,750,0
452.00,42,0,0,0,1,0,750,0
452.00,42,0,0,0,1,0,500,0
452.00,42,0,0,0,1,0,500,0
452.00,42,0,0,0,1,0,500,0
452.00,42,0,0,0,1,0,500,0
452.00,42,0,0,0,1,0,500,0
452.00,42,0,0,0,1,0,500,0
453.00,41,0,0,0,1,0,500,0
453.00,41,0,0,0,1,0,500,0
453.00,41,0,0,0,1,0,500,0
453.00,41,0,0,0,1,0,500,0
453.00,41,0,0,0,1,0,500,0
453.00,41,0,0,0,1,0,500,0
454.00,42,0,0,0,1,0,650,0
454.00,42,0,0,0,1,0,650,0
454.00,42,0,0,0,1,0,650,0
454.00,42,0,0,0,1,0,650,0
454.00,42,0,0,0,1,0,650,0
454.00,42,0,0,0,1,0,650,0
454.00,42,0,0,0,1,0,650,0
454.00,42,0,0,0,1,0,650,0
454.00,42,0,0,0,1,0,450,0
454.00,42,0,0,0,1,0,450,0
454.00,42,0,0,0,1,0,450,0
454.00,42,0,0,0,1,0,450,0
454.50,42,0,0,0,1,0,500,0
454.50,42,0,0,0,1,0,500,0
454.50,42,0,0,0,1,0,500,0
454.50,42,0,0,0,1,0,500,0
454.50,42,0,0,0,1,0,500,0
454.50,42,0,0,0,1,0,500,0
455.00,42,0,0,0,1,0,500,0
455.00,42,0,0,0,1,0,500,0
455.00,42,0,0,0,1,0,500,0
455.00,42,0,0,0,1,0,500,0
455.00,42,0,0,0,1,0,500,0
455.00,42,0,0,0,1,0,500,0
455.00,42,0,0,0,1,0,650,0
455.00,42,0,0,0,1,0,650,0
455.00,42,0,0,0,1,0,650,0
455.00,42,0,0,0,1,0,650,0
455.00,42,0,0,0,1,0,650,0
455.00,42,0,0,0,1,0,650,0
455.00,42,0,0,0,1,0,650,0
455.00,42,0,0,0,1,0,650,0
455.00,42,0,0,0,1,0,650,0
455.00,42,0,0,0,1,0,650,0
455.00,42,0,0,0,1,0,650,0
455.00,42,0,0,0,1,0,650,0
455.00,42,0,0,0,1,0,650,0
455.00,42,0,0,0,1,0,650,0
455.00,42,0,0,0,1,0,650,0
455.00,42,0,0,0,1,0,650,0
456.00,42,0,0,0,1,0,650,0
456.00,42,0,0,0,1,0,650,0
456.00,42,0,0,0,1,0,650,0
456.00,42,0,0,0,1,0,650,0
456.00,42,0,0,0,1,0,650,0
456.00,42,0,0,0,1,0,650,0
456.00,42,0,0,0,1,0,650,0
456.00,42,0,0,0,1,0,650,0
456.00,42,0,0,0,1,0,650,0
456.00,42,0,0,0,1,0,650,0
456.00,42,0,0,0,1,0,650,0
456.00,42,0,0,0,1,0,650,0
456.00,42,0,0,0,1,0,650,0
456.00,42,0,0,0,1,0,650,0
456.00,42,0,0,0,1,0,650,0
456.00,42,0,0,0,1,0,650,0
457.00,42,0,0,0,1,0,500,0
457.00,42,0,0,0,1,0,500,0
457.00,42,0,0,0,1,0,500,0
457.00,42,0,0,0,1,0,500,0
457.00,42,0,0,0,1,0,500,0
457.00,42,0,0,0,1,0,500,0
457.00,41,0,0,0,1,0,300,0
457.00,41,0,0,0,1,0,300,0
457.00,41,0,0,0,1,0,300,0
457.00,41,0,0,0,1,0,300,0
457.00,41,0,0,0,1,0,300,0
457.00,41,0,0,0,1,0,300,0
457.00,41,0,0,0,1,0,684,0
457.00,41,0,0,0,1,0,684,0
457.00,41,0,0,0,1,0,684,0
457.00,41,0,0,0,1,0,684,0
457.00,41,0,0,0,1,0,684,0
457.00,41,0,0,0,1,0,684,0
457.00,42,0,0,0,1,0,500,0
457.00,42,0,0,0,1,0,500,0
457.00,42,0,0,0,1,0,500,0
457.00,42,0,0,0,1,0,500,0
457.00,42,0,0,0,1,0,500,0
457.00,42,0,0,0,1,0,500,0
457.50,42,0,0,0,1,0,650,0
457.50,42,0,0,0,1,0,650,0
457.50,42,0,0,0,1,0,650,0
457.50,42,0,0,0,1,0,650,0
457.50,42,0,0,0,1,0,650,0
457.50,42,0,0,0,1,0,650,0
457.50,42,0,0,0,1,0,650,0
457.50,42,0,0,0,1,0,650,0
457.50,42,0,0,0,1,0,650,0
457.50,42,0,0,0,1,0,650,0
457.50,42,0,0,0,1,0,650,0
457.50,42,0,0,0,1,0,650,0
457.50,42,0,0,0,1,0,650,0
457.50,42,0,0,0,1,0,650,0
457.50,42,0,0,0,1,0,650,0
457.50,42,0,0,0,1,0,650,0
458.00,42,0,0,0,1,0,775,0
458.00,42,0,0,0,1,0,775,0
458.00,42,0,0,0,1,0,775,0
458.00,42,0,0,0,1,0,775,0
458.00,42,0,0,0,1,0,775,0
458.00,42,0,0,0,1,0,775,0
458.00,42,0,0,0,1,0,775,0
458.00,42,0,0,0,1,0,775,0
459.00,42,0,0,0,1,0,775,0
459.00,42,0,0,0,1,0,775,0
459.00,42,0,0,0,1,0,775,0
459.00,42,0,0,0,1,0,775,0
459.00,42,0,0,0,1,0,775,0
459.00,42,0,0,0,1,0,775,0
459.00,42,0,0,0,1,0,775,0
459.00,42,0,0,0,1,0,775,0
459.00,42,0,0,0,1,0,650,0
459.00,42,0,0,0,1,0,650,0
459.00,42,0,0,0,1,0,650,0
459.00,42,0,0,0,1,0,650,0
459.00,42,0,0,0,1,0,650,0
459.00,42,0,0,0,1,0,650,0
459.00,42,0,0,0,1,0,650,0
459.00,42,0,0,0,1,0,650,0
460.00,41,0,0,0,1,0,650,0
460.00,41,0,0,0,1,0,650,0
460.00,41,0,0,0,1,0,650,0
460.00,41,0,0,0,1,0,650,0
460.00,41,0,0,0,1,0,650,0
460.00,41,0,0,0,1,0,650,0
460.00,41,0,0,0,1,0,650,0
460.00,41,0,0,0,1,0,650,0
460.00,42,0,0,0,1,0,650,0
460.00,42,0,0,0,1,0,650,0
460.00,42,0,0,0,1,0,650,0
460.00,42,0,0,0,1,0,650,0
460.00,42,0,0,0,1,0,650,0
460.00,42,0,0,0,1,0,650,0
460.00,42,0,0,0,1,0,650,0
460.00,42,0,0,0,1,0,650,0
461.00,41,1,0,0,1,0,405,0
461.00,41,1,0,0,1,0,405,0
461.00,42,0,0,0,1,0,500,0
461.00,42,0,0,0,1,0,500,0
461.00,42,0,0,0,1,0,500,0
461.00,42,0,0,0,1,0,500,0
461.00,42,0,0,0,1,0,500,0
461.00,42,0,0,0,1,0,500,0
461.00,41,1,0,0,1,0,405,0
461.00,41,0,0,0,1,0,405,0
462.00,41,0,0,0,1,0,500,0
462.00,41,0,0,0,1,0,500,0
462.00,41,0,0,0,1,0,500,0
462.00,41,0,0,0,1,0,500,0
462.00,41,0,0,0,1,0,500,0
462.00,41,0,0,0,1,0,500,0
462.50,41,0,0,0,1,0,609,0
462.50,41,0,0,0,1,0,609,0
462.50,41,0,0,0,1,0,609,0
463.00,34,0,0,0,1,0,-500,0
463.00,34,0,0,0,1,0,-500,0
463.00,34,0,0,0,1,0,-500,0
463.00,34,0,0,0,1,0,-500,0
463.00,34,0,0,0,1,0,-500,0
463.50,42,0,0,0,1,0,500,0
463.50,42,0,0,0,1,0,500,0
463.50,42,0,0,0,1,0,500,0
463.50,42,0,0,0,1,0,500,0
463.50,42,0,0,0,1,0,500,0
463.50,42,0,0,0,1,0,500,0
464.50,41,0,0,0,1,0,405,0
464.50,41,1,0,0,1,0,405,0
464.50,42,0,0,0,1,0,250,0
464.50,42,0,0,0,1,0,250,0
464.50,42,0,0,0,1,0,250,0
464.50,42,0,0,0,1,0,250,0
464.50,42,0,0,0,1,0,250,0
464.50,41,0,0,0,1,0,500,0
464.50,41,0,0,0,1,0,500,0
464.50,41,0,0,0,1,0,500,0
464.50,41,0,0,0,1,0,500,0
464.50,41,0,0,0,1,0,500,0
464.50,41,0,0,0,1,0,500,0
465.00,42,0,0,0,1,0,650,0
465.00,42,0,0,0,1,0,650,0
465.00,42,0,0,0,1,0,650,0
465.00,42,0,0,0,1,0,650,0
465.00,42,0,0,0,1,0,650,0
465.00,42,0,0,0,1,0,650,0
465.00,42,0,0,0,1,0,650,0
465.00,42,0,0,0,1,0,650,0
466.00,40,0,0,0,1,0,713,0
466.00,40,0,0,0,1,0,713,0
466.00,40,0,0,0,1,0,713,0
466.00,40,0,0,0,1,0,713,0
466.00,40,0,0,0,1,0,713,0
467.00,42,0,0,0,1,0,567,0
467.00,42,0,0,0,1,0,567,0
467.00,42,0,0,0,1,0,567,0
467.00,42,0,0,0,1,0,567,0
467.50,41,0,0,0,1,0,684,0
467.50,41,0,0,0,1,0,684,0
467.50,41,0,0,0,1,0,684,0
467.50,41,0,0,0,1,0,684,0
467.50,41,0,0,0,1,0,684,0
467.50,41,0,0,0,1,0,684,0
467.50,41,0,0,0,1,0,600,0
467.50,41,0,0,0,1,0,600,0
467.50,41,0,0,0,1,0,600,0
467.50,41,0,0,0,1,0,600,0
467.50,41,0,0,0,1,0,600,0
467.50,41,0,0,0,1,0,600,0
467.50,41,0,0,0,1,0,450,0
467.50,41,0,0,0,1,0,450,0
467.50,41,0,0,0,1,0,450,0
469.00,42,0,0,0,1,0,650,0
469.00,42,0,0,0,1,0,650,0
469.00,42,0,0,0,1,0,650,0
469.00,42,0,0,0,1,0,650,0
469.00,42,0,0,0,1,0,650,0
469.00,42,0,0,0,1,0,650,0
469.00,42,0,0,0,1,0,650,0
469.00,42,0,0,0,1,0,650,0
474.50,41,0,0,0,1,0,450,0
474.50,41,0,0,0,1,0,450,0
474.50,41,0,0,0,1,0,450,0
474.50,41,0,0,0,1,0,405,0
474.50,41,1,0,0,1,0,405,0
478.00,42,0,0,0,1,0,250,0
478.00,42,0,0,0,1,0,250,0
478.00,42,0,0,0,1,0,250,0
478.00,42,0,0,0,1,0,250,0
478.00,42,0,0,0,1,0,250,0
481.00,42,0,0,0,1,0,250,0
481.00,42,0,0,0,1,0,250,0
481.00,42,0,0,0,1,0,250,0
481.00,42,0,0,0,1,0,250,0
481.00,42,0,0,0,1,0,250,0
488.00,42,0,0,0,1,0,550,0
488.00,42,1,0,0,1,0,550,0
416.12,1,0,0,0,1,0,200,0
416.42,1,0,0,0,1,0,200,0
414.04,1,0,0,0,1,0,200,0
413.51,1,0,0,0,1,0,200,0
414.26,1,0,0,0,1,0,200,0
416.09,1,0,0,0,1,0,200,0
414.51,1,0,0,0,1,0,200,0
415.42,1,0,0,0,1,0,200,0
415.33,1,0,0,0,1,0,200,0
415.34,1,0,0,0,1,0,200,0
416.29,1,0,0,0,1,0,200,0
415.79,1,0,0,0,1,0,200,0
415.63,1,0,0,0,1,0,200,0
415.64,1,0,0,0,1,0,200,0
415.38,1,0,0,0,1,0,200,0
415.70,1,0,0,0,1,0,200,0
415.28,1,0,0,0,1,0,200,0
415.61,1,0,0,0,1,0,200,0
399.32,1,0,0,0,1,0,200,0
399.32,1,0,0,0,1,0,200,0
399.32,1,0,0,0,1,0,200,0
399.32,1,0,0,0,1,0,200,0
399.32,1,0,0,0,1,0,200,0
399.32,1,0,0,0,1,0,200,0
399.32,1,0,0,0,1,0,200,0
399.32,1,0,0,0,1,0,200,0
399.32,1,0,0,0,1,0,200,0
399.32,1,0,0,0,1,0,200,0
399.32,1,0,0,0,1,0,200,0
399.32,1,0,0,0,1,0,200,0
399.32,1,0,0,0,1,0,200,0
399.32,1,0,0,0,1,0,200,0
399.32,1,0,0,0,1,0,200,0
399.32,1,0,0,0,1,0,200,0
399.32,1,0,0,0,1,0,200,0
399.32,1,0,0,0,1,0,200,0
404.13,42,0,0,0,1,0,-638,0
404.13,42,1,0,0,1,0,-638,0
404.13,42,1,0,0,1,0,-638,0
404.13,42,1,0,0,1,0,-638,0
404.13,42,1,0,0,1,0,-638,0
404.13,42,1,0,0,1,0,-638,0
404.13,42,1,0,0,1,0,-638,0
404.13,42,1,0,0,1,0,-638,0
404.13,42,0,0,0,1,0,-638,0
406.15,42,0,0,0,1,0,-638,0
406.15,42,1,0,0,1,0,-638,0
406.15,42,1,0,0,1,0,-638,0
406.15,42,1,0,0,1,0,-638,0
406.15,42,1,0,0,1,0,-638,0
406.15,42,1,0,0,1,0,-638,0
406.15,42,1,0,0,1,0,-638,0
406.15,42,1,0,0,1,0,-638,0
406.15,42,0,0,0,1,0,-638,0
407.70,40,1,0,0,1,0,700,0
407.70,40,4,0,0,1,0,700,0
407.70,40,4,0,0,1,0,700,0
407.70,40,4,0,0,1,0,700,0
407.70,40,4,0,0,1,0,700,0
407.70,40,2,0,0,1,0,700,0
408.70,40,1,0,0,1,0,700,0
408.70,40,4,0,0,1,0,700,0
408.70,40,4,0,0,1,0,700,0
408.70,40,4,0,0,1,0,700,0
408.70,40,4,0,0,1,0,700,0
408.70,40,2,0,0,1,0,700,0
409.82,40,6,0,0,1,0,-373,0
409.82,40,8,0,0,1,0,-373,0
409.82,40,8,0,0,1,0,-373,0
409.82,40,8,0,0,1,0,-373,0
409.82,40,8,0,0,1,0,-373,0
409.82,40,2,0,0,1,0,-373,0
412.21,40,6,0,0,1,0,-373,0
412.21,40,8,0,0,1,0,-373,0
412.21,40,8,0,0,1,0,-373,0
412.21,40,8,0,0,1,0,-373,0
412.21,40,8,0,0,1,0,-373,0
412.21,40,2,0,0,1,0,-373,0
414.26,42,0,0,0,1,0,-638,0
414.26,42,1,0,0,1,0,-638,0
414.26,42,1,0,0,1,0,-638,0
414.26,42,1,0,0,1,0,-638,0
414.26,42,1,0,0,1,0,-638,0
414.26,42,1,0,0,1,0,-638,0
414.26,42,1,0,0,1,0,-638,0
414.26,42,1,0,0,1,0,-638,0
414.26,42,0,0,0,1,0,-638,0
417.04,42,0,0,0,1,0,-638,0
417.04,42,1,0,0,1,0,-638,0
417.04,42,1,0,0,1,0,-638,0
417.04,42,1,0,0,1,0,-638,0
417.04,42,1,0,0,1,0,-638,0
417.04,42,1,0,0,1,0,-638,0
417.04,42,1,0,0,1,0,-638,0
417.04,42,1,0,0,1,0,-638,0
417.04,42,0,0,0,1,0,-638,0
436.70,41,8,0,0,1,0,550,0
436.70,41,13,0,0,1,0,550,0
442.28,42,1,0,0,1,0,550,0
442.28,42,3,0,0,1,0,550,0
442.28,42,3,0,0,1,0,550,0
442.28,42,1,0,0,1,0,550,0
413.86,12,0,0,0,0,1,350,0
413.51,12,0,0,0,0,1,350,0
413.71,12,0,0,0,0,1,350,0
411.64,27,0,0,0,0,1,-373,0
409.24,27,0,0,0,0,1,-373,0
409.31,27,0,0,0,0,1,-373,0
409.55,27,0,0,0,0,1,-373,0
408.89,27,0,0,0,0,1,-373,0
418.05,12,1,0,0,0,1,35,0
416.68,12,0,0,0,0,1,35,0
421.83,12,0,0,0,0,1,550,0
419.50,12,0,0,0,0,1,550,0
419.76,12,0,0,0,0,1,550,0
418.84,12,0,0,0,0,1,550,0
419.23,12,0,0,0,0,1,550,0
417.93,12,0,0,0,0,1,550,0
418.84,27,0,0,0,0,1,700,0
419.23,27,0,0,0,0,1,700,0
417.93,27,0,0,0,0,1,700,0
417.51,27,0,0,0,0,1,700,0
417.37,27,0,0,0,0,1,700,0
417.44,27,0,0,0,0,1,700,0
422.98,23,1,0,0,0,1,475,0
423.24,23,0,0,0,0,1,475,0
429.04,23,0,0,0,0,1,600,0
428.12,23,0,0,0,0,1,600,0
428.52,23,0,0,0,0,1,600,0
427.21,23,0,0,0,0,1,600,0
434.84,27,0,0,0,0,1,613,0
433.92,27,0,0,0,0,1,613,0
434.32,27,0,0,0,0,1,613,0
433.02,27,0,0,0,0,1,613,0
432.59,27,0,0,0,0,1,613,0
434.84,24,0,0,0,0,1,-297,0
432.45,24,0,0,0,0,1,-297,0
432.52,24,0,0,0,0,1,-297,0
432.75,24,0,0,0,0,1,-297,0
432.09,24,0,0,0,0,1,-297,0
433.17,24,0,0,0,0,1,-297,0
433.75,24,0,0,0,0,1,-297,0
432.48,24,0,0,0,0,1,-297,0
431.48,24,0,0,0,0,1,-297,0
443.88,12,0,0,0,0,1,465,0
441.54,12,1,0,0,0,1,465,0
441.80,12,0,0,0,0,1,465,0
441.80,23,0,0,0,0,1,600,0
440.88,23,0,0,0,0,1,600,0
441.28,23,0,0,0,0,1,600,0
439.98,23,0,0,0,0,1,600,0
446.68,43,0,0,0,0,1,700,0
447.08,43,0,0,0,0,1,700,0
445.78,43,0,0,0,0,1,700,0
445.35,43,0,0,0,0,1,700,0
445.22,43,0,0,0,0,1,700,0
445.28,43,0,0,0,0,1,700,0
386.46,12,0,0,0,0,1,338,0
384.57,12,0,0,0,0,1,338,0
383.60,12,0,0,0,0,1,338,0
383.58,12,0,0,0,0,1,338,0
392.61,12,0,0,0,0,1,428,0
392.48,12,0,0,0,0,1,428,0
392.57,12,0,0,0,0,1,428,0
390.39,12,0,0,0,0,1,428,0
390.61,12,0,0,0,0,1,428,0
397.36,12,0,0,0,0,1,392,0
397.44,12,0,0,0,0,1,392,0
395.42,12,0,0,0,0,1,392,0
399.96,12,0,0,0,0,1,350,0
399.94,12,0,0,0,0,1,350,0
400.01,12,0,0,0,0,1,350,0
402.22,12,0,0,0,0,1,350,0
401.25,12,0,0,0,0,1,350,0
401.22,12,0,0,0,0,1,350,0
401.30,12,0,0,0,0,1,350,0
402.78,12,0,0,0,0,1,350,0
402.66,12,0,0,0,0,1,350,0
402.75,12,0,0,0,0,1,350,0
402.08,23,0,0,0,0,1,600,0
401.89,23,0,0,0,0,1,600,0
402.24,23,0,0,0,0,1,600,0
400.93,23,0,0,0,0,1,600,0
405.19,24,0,0,0,0,1,700,0
403.01,24,0,0,0,0,1,700,0
403.22,24,0,0,0,0,1,700,0
402.90,24,0,0,0,0,1,700,0
403.25,24,0,0,0,0,1,700,0
401.94,24,0,0,0,0,1,700,0
401.59,24,0,0,0,0,1,700,0
401.50,24,0,0,0,0,1,700,0
401.33,24,0,0,0,0,1,700,0
401.33,24,0,0,0,0,1,700,0
401.33,24,0,0,0,0,1,700,0
401.33,24,0,0,0,0,1,700,0
401.33,24,0,0,0,0,1,700,0
405.83,12,0,0,0,0,1,338,0
404.86,12,0,0,0,0,1,338,0
404.83,12,0,0,0,0,1,338,0
404.91,12,0,0,0,0,1,338,0
410.93,23,0,0,0,0,1,600,0
410.60,23,0,0,0,0,1,600,0
410.95,23,0,0,0,0,1,600,0
409.64,23,0,0,0,0,1,600,0
406.40,43,0,0,0,0,1,350,0
406.38,43,0,0,0,0,1,350,0
406.46,43,0,0,0,0,1,350,0
409.05,24,0,0,0,0,1,374,0
408.07,24,0,0,0,0,1,374,0
408.05,24,0,0,0,0,1,374,0
408.13,24,0,0,0,0,1,374,0
406.11,24,0,0,0,0,1,374,0
406.33,24,0,0,0,0,1,374,0
407.24,23,0,0,0,0,1,600,0
407.04,23,0,0,0,0,1,600,0
407.39,23,0,0,0,0,1,600,0
406.09,23,0,0,0,0,1,600,0
406.74,23,0,0,0,0,1,-503,0
406.74,23,1,0,0,0,1,-503,0
406.30,23,0,0,0,0,1,-503,0
411.51,12,0,0,0,0,1,350,0
410.53,12,0,0,0,0,1,350,0
410.41,12,0,0,0,0,1,350,0
410.50,12,0,0,0,0,1,350,0
412.53,12,0,0,0,0,1,350,0
411.56,12,0,0,0,0,1,350,0
411.53,12,0,0,0,0,1,350,0
411.61,12,0,0,0,0,1,350,0
416.36,12,0,0,0,0,1,738,0
416.44,12,0,0,0,0,1,738,0
414.42,12,0,0,0,0,1,738,0
414.64,12,0,0,0,0,1,738,0
414.45,12,0,0,0,0,1,738,0
414.80,12,0,0,0,0,1,738,0
413.49,12,0,0,0,0,1,738,0
413.16,12,0,0,0,0,1,738,0
413.08,12,0,0,0,0,1,738,0
412.86,12,0,0,0,0,1,738,0
412.86,12,0,0,0,0,1,738,0
412.86,12,0,0,0,0,1,738,0
412.86,12,0,0,0,0,1,738,0
412.86,12,0,0,0,0,1,738,0
416.68,12,0,0,0,0,1,392,0
416.76,12,1,0,0,0,1,392,0
414.75,12,0,0,0,0,1,392,0
413.18,24,0,0,0,0,1,-373,0
412.74,24,0,0,0,0,1,-373,0
414.04,24,0,0,0,0,1,-373,0
414.72,24,0,0,0,0,1,-373,0
413.23,24,0,0,0,0,1,-373,0
418.97,12,0,0,0,0,1,350,0
418.00,12,0,0,0,0,1,350,0
417.97,12,0,0,0,0,1,350,0
418.05,12,0,0,0,0,1,350,0
415.35,27,0,0,0,0,1,700,0
415.70,27,0,0,0,0,1,700,0
414.39,27,0,0,0,0,1,700,0
414.05,27,0,0,0,0,1,700,0
413.95,27,0,0,0,0,1,700,0
420.33,24,0,0,0,0,1,700,0
419.02,24,0,0,0,0,1,700,0
418.69,24,0,0,0,0,1,700,0
418.61,24,0,0,0,0,1,700,0
423.98,12,0,0,0,0,1,350,0
423.86,12,0,0,0,0,1,350,0
423.95,12,0,0,0,0,1,350,0
425.70,24,0,0,0,0,1,600,0
425.78,24,0,0,0,0,1,600,0
423.76,24,0,0,0,0,1,600,0
423.99,24,0,0,0,0,1,600,0
423.79,24,0,0,0,0,1,600,0
424.14,24,0,0,0,0,1,600,0
422.83,24,0,0,0,0,1,600,0
422.50,24,0,0,0,0,1,600,0
422.42,24,0,0,0,0,1,600,0
422.20,24,0,0,0,0,1,600,0
427.29,12,0,0,0,0,1,392,0
427.16,12,0,0,0,0,1,392,0
427.25,12,0,0,0,0,1,392,0
425.07,12,0,0,0,0,1,392,0
429.52,12,0,0,0,0,1,525,0
427.50,12,0,0,0,0,1,525,0
427.72,12,0,0,0,0,1,525,0
427.53,12,0,0,0,0,1,525,0
427.88,12,0,0,0,0,1,525,0
428.01,24,0,0,0,0,1,700,0
426.70,24,0,0,0,0,1,700,0
426.37,24,0,0,0,0,1,700,0
426.28,24,0,0,0,0,1,700,0
427.63,12,0,0,0,0,1,584,0
427.85,12,0,0,0,0,1,584,0
427.66,12,0,0,0,0,1,584,0
428.01,12,0,0,0,0,1,584,0
426.70,12,0,0,0,0,1,584,0
426.37,12,0,0,0,0,1,584,0
426.76,23,1,0,0,0,1,-423,0
428.05,23,0,0,0,0,1,-423,0
430.86,27,0,0,0,0,1,484,0
430.93,27,0,0,0,0,1,484,0
428.92,27,0,0,0,0,1,484,0
429.14,27,0,0,0,0,1,484,0
428.95,27,0,0,0,0,1,484,0
429.30,27,0,0,0,0,1,484,0
428.64,27,0,0,0,0,1,-373,0
428.20,27,0,0,0,0,1,-373,0
429.50,27,0,0,0,0,1,-373,0
430.18,27,0,0,0,0,1,-373,0
428.69,27,0,0,0,0,1,-373,0
431.52,43,0,0,0,0,1,634,0
431.87,43,0,0,0,0,1,634,0
430.56,43,0,0,0,0,1,634,0
430.23,43,0,0,0,0,1,634,0
440.25,12,0,0,0,0,1,338,0
438.36,12,0,0,0,0,1,338,0
437.39,12,0,0,0,0,1,338,0
437.36,12,0,0,0,0,1,338,0
437.44,12,0,0,0,0,1,338,0
444.50,23,0,0,0,0,1,600,0
444.17,23,0,0,0,0,1,600,0
444.52,23,0,0,0,0,1,600,0
443.22,23,0,0,0,0,1,600,0
446.36,27,0,0,0,0,1,575,0
446.03,27,1,0,0,0,1,575,0
444.38,23,1,0,0,0,1,-423,0
445.67,23,0,0,0,0,1,-423,0
446.57,12,0,0,0,0,1,500,0
446.79,12,1,0,0,0,1,500,0
449.58,23,0,0,0,0,1,411,0
449.65,23,1,0,0,0,1,411,0
447.64,23,0,0,0,0,1,411,0
450.44,27,0,0,0,0,1,700,0
450.79,27,0,0,0,0,1,700,0
449.48,27,0,0,0,0,1,700,0
449.14,27,0,0,0,0,1,700,0
449.04,27,0,0,0,0,1,700,0
448.87,27,0,0,0,0,1,700,0
454.41,24,0,0,0,0,1,-297,0
453.97,24,0,0,0,0,1,-297,0
455.26,24,0,0,0,0,1,-297,0
455.95,24,0,0,0,0,1,-297,0
454.45,24,0,0,0,0,1,-297,0
455.36,24,0,0,0,0,1,-297,0
456.32,24,0,0,0,0,1,-297,0
454.66,24,0,0,0,0,1,-297,0
453.18,24,0,0,0,0,1,-297,0
457.40,23,0,0,0,0,1,-375,0
457.40,23,0,0,0,0,1,-375,0
456.96,23,0,0,0,0,1,-375,0
458.26,23,0,0,0,0,1,-375,0
458.94,23,0,0,0,0,1,-375,0
457.45,23,0,0,0,0,1,-375,0
458.35,23,0,0,0,0,1,-375,0
459.31,23,0,0,0,0,1,-375,0
367.74,23,0,0,0,0,1,600,0
367.43,23,0,0,0,0,1,600,0
367.79,23,0,0,0,0,1,600,0
366.70,23,0,0,0,0,1,600,0
376.38,12,0,0,0,0,1,738,0
376.36,12,0,0,0,0,1,738,0
375.78,12,0,0,0,0,1,738,0
376.06,12,0,0,0,0,1,738,0
375.80,12,0,0,0,0,1,738,0
376.21,12,0,0,0,0,1,738,0
375.17,12,0,0,0,0,1,738,0
374.75,12,0,0,0,0,1,738,0
374.75,12,0,0,0,0,1,738,0
373.60,12,0,0,0,0,1,738,0
373.60,12,0,0,0,0,1,738,0
373.60,12,0,0,0,0,1,738,0
373.60,12,0,0,0,0,1,738,0
373.60,12,0,0,0,0,1,738,0
383.56,12,0,0,0,0,1,350,0
383.02,12,0,0,0,0,1,350,0
382.58,12,0,0,0,0,1,350,0
382.56,12,0,0,0,0,1,350,0
382.28,43,0,0,0,0,1,700,0
381.21,43,0,0,0,0,1,700,0
380.78,43,0,0,0,0,1,700,0
380.75,43,0,0,0,0,1,700,0
379.80,43,0,0,0,0,1,700,0
384.63,12,0,0,0,0,1,392,0
384.61,12,1,0,0,0,1,392,0
383.23,12,0,0,0,0,1,392,0
389.26,23,0,0,0,0,1,600,0
389.00,23,0,0,0,0,1,600,0
389.40,23,0,0,0,0,1,600,0
388.37,23,0,0,0,0,1,600,0
391.67,12,0,0,0,0,1,350,0
391.12,12,0,0,0,0,1,350,0
390.69,12,0,0,0,0,1,350,0
390.66,12,0,0,0,0,1,350,0
394.79,23,0,0,0,0,1,575,0
393.46,23,0,0,0,0,1,575,0
393.70,23,0,0,0,0,1,575,0
393.39,23,0,0,0,0,1,575,0
393.75,23,0,0,0,0,1,575,0
392.66,23,0,0,0,0,1,575,0
392.26,23,0,0,0,0,1,575,0
392.24,23,0,0,0,0,1,575,0
394.37,12,0,0,0,0,1,467,0
394.35,12,0,0,0,0,1,467,0
393.77,12,0,0,0,0,1,467,0
394.06,12,0,0,0,0,1,467,0
393.79,12,0,0,0,0,1,467,0
392.87,12,0,0,0,0,1,350,0
392.33,12,0,0,0,0,1,350,0
391.89,12,0,0,0,0,1,350,0
391.87,12,0,0,0,0,1,350,0
396.63,12,0,0,0,0,1,350,0
396.08,12,0,0,0,0,1,350,0
395.65,12,0,0,0,0,1,350,0
395.62,12,0,0,0,0,1,350,0
396.46,12,0,0,0,0,1,350,0
396.17,12,0,0,0,0,1,350,0
396.15,12,0,0,0,0,1,350,0
399.96,12,0,0,0,0,1,350,0
399.46,12,0,0,0,0,1,350,0
399.17,12,0,0,0,0,1,350,0
399.15,12,0,0,0,0,1,350,0
396.34,27,0,0,0,0,1,700,0
396.70,27,0,0,0,0,1,700,0
395.61,27,0,0,0,0,1,700,0
395.21,27,0,0,0,0,1,700,0
395.19,27,0,0,0,0,1,700,0
405.18,23,0,0,0,0,1,600,0
404.83,23,0,0,0,0,1,600,0
405.20,23,0,0,0,0,1,600,0
404.11,23,0,0,0,0,1,600,0
404.76,12,0,0,0,0,1,350,0
404.25,12,0,0,0,0,1,350,0
403.97,12,0,0,0,0,1,350,0
403.95,12,0,0,0,0,1,350,0
404.46,12,0,0,0,0,1,738,0
404.44,12,0,0,0,0,1,738,0
403.86,12,0,0,0,0,1,738,0
404.14,12,0,0,0,0,1,738,0
403.88,12,0,0,0,0,1,738,0
404.28,12,0,0,0,0,1,738,0
403.25,12,0,0,0,0,1,738,0
402.83,12,0,0,0,0,1,738,0
402.83,12,0,0,0,0,1,738,0
401.68,12,0,0,0,0,1,738,0
401.68,12,0,0,0,0,1,738,0
401.68,12,0,0,0,0,1,738,0
401.68,12,0,0,0,0,1,738,0
401.68,12,0,0,0,0,1,738,0
404.99,27,0,0,0,0,1,700,0
403.96,27,0,0,0,0,1,700,0
403.54,27,0,0,0,0,1,700,0
403.54,27,0,0,0,0,1,700,0
402.39,27,0,0,0,0,1,700,0
402.03,43,0,0,0,0,1,350,0
401.62,43,0,0,0,0,1,350,0
401.59,43,0,0,0,0,1,350,0
407.45,12,0,0,0,0,1,350,0
406.91,12,0,0,0,0,1,350,0
406.47,12,0,0,0,0,1,350,0
406.44,12,0,0,0,0,1,350,0
404.92,24,0,0,0,0,1,700,0
404.49,24,0,0,0,0,1,700,0
404.46,24,0,0,0,0,1,700,0
406.53,12,0,0,0,0,1,350,0
406.09,12,0,0,0,0,1,350,0
406.06,12,0,0,0,0,1,350,0
407.85,12,0,0,0,0,1,350,0
407.57,12,0,0,0,0,1,350,0
407.55,12,0,0,0,0,1,350,0
407.64,12,0,0,0,0,1,350,0
407.22,12,0,0,0,0,1,350,0
407.20,12,0,0,0,0,1,350,0
409.59,12,0,0,0,0,1,350,0
409.05,12,0,0,0,0,1,350,0
408.61,12,0,0,0,0,1,350,0
408.59,12,0,0,0,0,1,350,0
407.96,12,1,0,0,0,1,617,0
406.93,12,0,0,0,0,1,617,0
408.21,12,0,0,0,0,1,250,0
408.36,12,0,0,0,0,1,250,0
408.48,12,0,0,0,0,1,250,0
407.94,12,0,0,0,0,1,250,0
407.53,12,0,0,0,0,1,250,0
405.98,24,0,0,0,0,1,-356,0
409.70,24,0,0,0,0,1,-356,0
408.38,24,0,0,0,0,1,-356,0
408.55,24,0,0,0,0,1,-356,0
409.82,24,0,0,0,0,1,-356,0
410.43,24,0,0,0,0,1,-356,0
413.84,23,0,0,0,0,1,217,0
411.40,23,0,0,0,0,1,217,0
413.38,23,0,0,0,0,1,217,0
412.74,23,0,0,0,0,1,217,0
412.87,23,0,0,0,0,1,217,0
412.98,23,0,0,0,0,1,217,0
412.44,23,0,0,0,0,1,217,0
412.00,23,0,0,0,0,1,217,0
411.98,23,0,0,0,0,1,217,0
410.70,12,0,0,0,0,1,738,0
410.68,12,0,0,0,0,1,738,0
409.30,12,0,0,0,0,1,738,0
409.54,12,0,0,0,0,1,738,0
409.19,12,0,0,0,0,1,738,0
409.55,12,0,0,0,0,1,738,0
408.46,12,0,0,0,0,1,738,0
408.06,12,0,0,0,0,1,738,0
408.03,12,0,0,0,0,1,738,0
407.07,12,0,0,0,0,1,738,0
407.07,12,0,0,0,0,1,738,0
407.07,12,0,0,0,0,1,738,0
407.07,12,0,0,0,0,1,738,0
407.07,12,0,0,0,0,1,738,0
412.21,12,0,0,0,0,1,83,0
409.47,12,0,0,0,0,1,83,0
410.61,12,0,0,0,0,1,83,0
407.18,27,0,0,0,0,1,-548,0
407.18,27,0,0,0,0,1,-548,0
407.18,27,0,0,0,0,1,-548,0
410.90,27,0,0,0,0,1,-548,0
408.38,24,0,0,0,0,1,-356,0
412.09,24,0,0,0,0,1,-356,0
410.78,24,0,0,0,0,1,-356,0
410.95,24,0,0,0,0,1,-356,0
412.22,24,0,0,0,0,1,-356,0
412.83,24,0,0,0,0,1,-356,0
411.23,12,0,0,0,0,1,350,0
410.69,12,0,0,0,0,1,350,0
410.28,12,0,0,0,0,1,350,0
410.25,12,0,0,0,0,1,350,0
411.40,12,0,0,0,0,1,465,0
410.02,12,1,0,0,0,1,465,0
410.25,12,0,0,0,0,1,465,0
413.56,12,0,0,0,0,1,338,0
413.67,12,0,0,0,0,1,338,0
413.13,12,0,0,0,0,1,338,0
412.69,12,0,0,0,0,1,338,0
412.67,12,0,0,0,0,1,338,0
411.29,12,0,0,0,0,1,338,0
412.04,12,0,0,0,0,1,350,0
411.60,12,0,0,0,0,1,350,0
411.58,12,0,0,0,0,1,350,0
414.91,43,0,0,0,0,1,350,0
414.37,43,0,0,0,0,1,350,0
413.96,43,0,0,0,0,1,350,0
413.93,43,0,0,0,0,1,350,0
416.46,12,0,0,0,0,1,350,0
415.92,12,0,0,0,0,1,350,0
415.48,12,0,0,0,0,1,350,0
415.46,12,0,0,0,0,1,350,0
414.90,12,0,0,0,0,1,338,0
414.36,12,0,0,0,0,1,338,0
413.92,12,0,0,0,0,1,338,0
413.89,12,0,0,0,0,1,338,0
412.11,12,0,0,0,0,1,338,0
411.57,12,0,0,0,0,1,338,0
411.15,12,0,0,0,0,1,338,0
411.13,12,0,0,0,0,1,338,0
419.41,12,0,0,0,0,1,57,0
416.66,12,1,0,0,0,1,57,0
417.16,23,0,0,0,0,1,575,0
417.15,23,0,0,0,0,1,575,0
416.56,23,0,0,0,0,1,575,0
416.85,23,0,0,0,0,1,575,0
416.59,23,0,0,0,0,1,575,0
416.99,23,0,0,0,0,1,575,0
415.96,23,0,0,0,0,1,575,0
415.54,23,0,0,0,0,1,575,0
416.99,24,0,0,0,0,1,700,0
415.96,24,0,0,0,0,1,700,0
415.54,24,0,0,0,0,1,700,0
415.54,24,0,0,0,0,1,700,0
420.57,24,0,0,0,0,1,450,0
420.13,24,0,0,0,0,1,450,0
420.10,24,0,0,0,0,1,450,0
418.73,24,0,0,0,0,1,450,0
418.96,24,0,0,0,0,1,450,0
418.26,12,0,0,0,0,1,338,0
417.72,12,0,0,0,0,1,338,0
417.28,12,0,0,0,0,1,338,0
417.26,12,0,0,0,0,1,338,0
420.61,12,0,0,0,0,1,275,0
417.86,12,0,0,0,0,1,275,0
419.01,12,0,0,0,0,1,275,0
418.52,12,0,0,0,0,1,275,0
418.55,12,0,0,0,0,1,275,0
419.15,12,0,0,0,0,1,275,0
418.65,12,0,0,0,0,1,275,0
418.36,12,0,0,0,0,1,275,0
418.34,12,0,0,0,0,1,275,0
417.76,12,0,0,0,0,1,275,0
418.05,12,0,0,0,0,1,275,0
418.19,12,0,0,0,0,1,350,0
417.65,12,0,0,0,0,1,350,0
417.14,12,0,0,0,0,1,350,0
417.13,12,0,0,0,0,1,350,0
420.35,26,0,0,0,0,1,350,0
419.85,26,0,0,0,0,1,350,0
419.56,26,0,0,0,0,1,350,0
416.78,24,0,0,0,0,1,-356,0
420.49,24,0,0,0,0,1,-356,0
419.18,24,0,0,0,0,1,-356,0
419.34,24,0,0,0,0,1,-356,0
420.62,24,0,0,0,0,1,-356,0
421.23,24,0,0,0,0,1,-356,0
419.56,12,0,0,0,0,1,400,0
419.54,12,1,0,0,0,1,400,0
418.36,24,0,0,0,0,1,700,0
417.94,24,0,0,0,0,1,700,0
417.93,24,0,0,0,0,1,700,0
419.85,23,0,0,0,0,1,364,0
419.56,23,1,0,0,0,1,364,0
419.54,23,0,0,0,0,1,364,0
419.58,12,0,0,0,0,1,650,0
419.99,12,0,0,0,0,1,650,0
418.96,12,0,0,0,0,1,650,0
418.54,12,0,0,0,0,1,650,0
423.01,12,0,0,0,0,1,83,0
420.26,12,0,0,0,0,1,83,0
421.41,12,0,0,0,0,1,83,0
420.92,12,0,0,0,0,1,83,0
424.12,12,0,0,0,0,1,738,0
424.09,12,0,0,0,0,1,738,0
422.72,12,0,0,0,0,1,738,0
422.95,12,0,0,0,0,1,738,0
422.60,12,0,0,0,0,1,738,0
422.96,12,0,0,0,0,1,738,0
421.87,12,0,0,0,0,1,738,0
421.47,12,0,0,0,0,1,738,0
421.44,12,0,0,0,0,1,738,0
420.49,12,0,0,0,0,1,738,0
420.49,12,0,0,0,0,1,738,0
420.49,12,0,0,0,0,1,738,0
420.49,12,0,0,0,0,1,738,0
420.49,12,0,0,0,0,1,738,0
424.96,27,0,0,0,0,1,700,0
425.32,27,0,0,0,0,1,700,0
424.23,27,0,0,0,0,1,700,0
423.83,27,0,0,0,0,1,700,0
423.81,27,0,0,0,0,1,700,0
422.84,27,0,0,0,0,1,700,0
424.49,12,0,0,0,0,1,350,0
423.95,12,0,0,0,0,1,350,0
423.54,12,0,0,0,0,1,350,0
423.51,12,0,0,0,0,1,350,0
421.96,12,0,0,0,0,1,400,0
421.94,12,1,0,0,0,1,400,0
422.25,43,0,0,0,0,1,350,0
421.96,43,0,0,0,0,1,350,0
421.94,43,0,0,0,0,1,350,0
421.96,24,0,0,0,0,1,600,0
421.94,24,0,0,0,0,1,600,0
421.36,24,0,0,0,0,1,600,0
421.65,24,0,0,0,0,1,600,0
421.38,24,0,0,0,0,1,600,0
421.79,24,0,0,0,0,1,600,0
420.76,24,0,0,0,0,1,600,0
420.34,24,0,0,0,0,1,600,0
420.33,24,0,0,0,0,1,600,0
419.18,24,0,0,0,0,1,600,0
421.96,23,0,0,0,0,1,536,0
421.94,23,0,0,0,0,1,536,0
421.36,23,0,0,0,0,1,536,0
421.65,23,0,0,0,0,1,536,0
421.38,23,0,0,0,0,1,536,0
421.79,23,0,0,0,0,1,536,0
420.76,23,0,0,0,0,1,536,0
420.34,23,0,0,0,0,1,536,0
421.79,27,0,0,0,0,1,700,0
420.76,27,0,0,0,0,1,700,0
420.34,27,0,0,0,0,1,700,0
420.33,27,0,0,0,0,1,700,0
419.18,27,0,0,0,0,1,700,0
418.86,12,0,0,0,0,1,350,0
418.32,12,0,0,0,0,1,350,0
417.88,12,0,0,0,0,1,350,0
417.86,12,0,0,0,0,1,350,0
421.35,27,0,0,0,0,1,700,0
421.72,27,0,0,0,0,1,700,0
420.63,27,0,0,0,0,1,700,0
420.23,27,0,0,0,0,1,700,0
420.20,27,0,0,0,0,1,700,0
423.16,12,0,0,0,0,1,467,0
423.14,12,0,0,0,0,1,467,0
422.56,12,0,0,0,0,1,467,0
422.85,12,0,0,0,0,1,467,0
422.58,12,0,0,0,0,1,467,0
424.24,12,0,0,0,0,1,250,0
424.37,12,0,0,0,0,1,250,0
424.48,12,0,0,0,0,1,250,0
423.94,12,0,0,0,0,1,250,0
423.50,12,0,0,0,0,1,250,0
422.93,12,0,0,0,0,1,338,0
423.05,12,0,0,0,0,1,338,0
422.50,12,0,0,0,0,1,338,0
422.07,12,0,0,0,0,1,338,0
422.04,12,0,0,0,0,1,338,0
423.76,24,0,0,0,0,1,591,0
424.04,24,0,0,0,0,1,591,0
423.78,24,0,0,0,0,1,591,0
424.19,24,0,0,0,0,1,591,0
423.16,24,0,0,0,0,1,591,0
424.04,23,0,0,0,0,1,600,0
423.78,23,0,0,0,0,1,600,0
424.19,23,0,0,0,0,1,600,0
423.16,23,0,0,0,0,1,600,0
424.36,23,0,0,0,0,1,600,0
424.01,23,0,0,0,0,1,600,0
424.37,23,0,0,0,0,1,600,0
423.28,23,0,0,0,0,1,600,0
423.56,24,0,0,0,0,1,-373,0
426.19,24,0,0,0,0,1,-373,0
425.44,24,0,0,0,0,1,-373,0
425.86,24,0,0,0,0,1,-373,0
426.53,24,0,0,0,0,1,-373,0
426.35,12,0,0,0,0,1,350,0
425.85,12,0,0,0,0,1,350,0
425.56,12,0,0,0,0,1,350,0
425.54,12,0,0,0,0,1,350,0
425.24,23,0,0,0,0,1,600,0
424.98,23,0,0,0,0,1,600,0
425.39,23,0,0,0,0,1,600,0
424.35,23,0,0,0,0,1,600,0
425.90,23,0,0,0,0,1,363,0
425.46,23,1,0,0,0,1,363,0
427.97,12,0,0,0,0,1,334,0
427.43,12,0,0,0,0,1,334,0
426.99,12,0,0,0,0,1,334,0
426.97,12,0,0,0,0,1,334,0
426.44,23,0,0,0,0,1,600,0
426.18,23,0,0,0,0,1,600,0
426.59,23,0,0,0,0,1,600,0
425.55,23,0,0,0,0,1,600,0
427.96,24,0,0,0,0,1,500,0
427.94,24,0,0,0,0,1,500,0
427.36,24,0,0,0,0,1,500,0
427.64,24,0,0,0,0,1,500,0
427.38,24,0,0,0,0,1,500,0
427.79,24,0,0,0,0,1,500,0
429.16,24,0,0,0,0,1,500,0
429.14,24,0,0,0,0,1,500,0
428.56,24,0,0,0,0,1,500,0
428.84,24,0,0,0,0,1,500,0
428.58,24,0,0,0,0,1,500,0
428.99,24,0,0,0,0,1,500,0
425.29,12,0,0,0,0,1,350,0
424.75,12,0,0,0,0,1,350,0
424.34,12,0,0,0,0,1,350,0
424.31,12,0,0,0,0,1,350,0
425.97,12,0,0,0,0,1,334,0
425.43,12,0,0,0,0,1,334,0
424.99,12,0,0,0,0,1,334,0
424.97,12,0,0,0,0,1,334,0
429.29,12,0,0,0,0,1,738,0
429.26,12,0,0,0,0,1,738,0
427.93,12,0,0,0,0,1,738,0
428.17,12,0,0,0,0,1,738,0
427.85,12,0,0,0,0,1,738,0
428.22,12,0,0,0,0,1,738,0
427.13,12,0,0,0,0,1,738,0
426.73,12,0,0,0,0,1,738,0
426.70,12,0,0,0,0,1,738,0
425.73,12,0,0,0,0,1,738,0
425.73,12,0,0,0,0,1,738,0
425.73,12,0,0,0,0,1,738,0
425.73,12,0,0,0,0,1,738,0
425.73,12,0,0,0,0,1,738,0
431.15,12,0,0,0,0,1,350,0
430.64,12,0,0,0,0,1,350,0
430.36,12,0,0,0,0,1,350,0
430.34,12,0,0,0,0,1,350,0
429.06,12,0,0,0,0,1,350,0
428.52,12,0,0,0,0,1,350,0
428.11,12,0,0,0,0,1,350,0
428.08,12,0,0,0,0,1,350,0
430.82,12,0,0,0,0,1,428,0
430.79,12,0,0,0,0,1,428,0
429.47,12,0,0,0,0,1,428,0
429.70,12,0,0,0,0,1,428,0
429.39,12,0,0,0,0,1,428,0
434.83,12,0,0,0,0,1,738,0
434.80,12,0,0,0,0,1,738,0
433.48,12,0,0,0,0,1,738,0
433.71,12,0,0,0,0,1,738,0
433.40,12,0,0,0,0,1,738,0
433.76,12,0,0,0,0,1,738,0
432.67,12,0,0,0,0,1,738,0
432.27,12,0,0,0,0,1,738,0
432.25,12,0,0,0,0,1,738,0
431.28,12,0,0,0,0,1,738,0
431.28,12,0,0,0,0,1,738,0
431.28,12,0,0,0,0,1,738,0
431.28,12,0,0,0,0,1,738,0
431.28,12,0,0,0,0,1,738,0
434.56,27,0,0,0,0,1,650,0
434.84,27,0,0,0,0,1,650,0
434.58,27,0,0,0,0,1,650,0
434.98,27,0,0,0,0,1,650,0
433.95,27,0,0,0,0,1,650,0
433.53,27,0,0,0,0,1,650,0
433.53,27,0,0,0,0,1,650,0
434.58,27,0,0,0,0,1,700,0
434.98,27,0,0,0,0,1,700,0
433.95,27,0,0,0,0,1,700,0
433.53,27,0,0,0,0,1,700,0
433.53,27,0,0,0,0,1,700,0
432.37,27,0,0,0,0,1,700,0
435.60,24,0,0,0,0,1,600,0
435.34,24,0,0,0,0,1,600,0
435.74,24,0,0,0,0,1,600,0
434.71,24,0,0,0,0,1,600,0
434.29,24,0,0,0,0,1,600,0
437.82,43,0,0,0,0,1,-88,0
436.18,43,0,0,0,0,1,-88,0
435.51,43,0,0,0,0,1,-88,0
437.39,43,0,0,0,0,1,-88,0
438.16,43,0,0,0,0,1,-88,0
435.15,24,0,0,0,0,1,700,0
434.73,24,0,0,0,0,1,700,0
434.73,24,0,0,0,0,1,700,0
436.36,12,0,0,0,0,1,738,0
436.34,12,0,0,0,0,1,738,0
435.76,12,0,0,0,0,1,738,0
436.04,12,0,0,0,0,1,738,0
435.78,12,0,0,0,0,1,738,0
436.18,12,0,0,0,0,1,738,0
435.15,12,0,0,0,0,1,738,0
434.73,12,0,0,0,0,1,738,0
434.73,12,0,0,0,0,1,738,0
433.57,12,0,0,0,0,1,738,0
433.57,12,0,0,0,0,1,738,0
433.57,12,0,0,0,0,1,738,0
433.57,12,0,0,0,0,1,738,0
433.57,12,0,0,0,0,1,738,0
437.54,12,0,0,0,0,1,517,0
436.96,12,0,0,0,0,1,517,0
437.24,12,0,0,0,0,1,517,0
436.98,12,0,0,0,0,1,517,0
437.38,12,0,0,0,0,1,517,0
436.98,27,0,0,0,0,1,700,0
437.38,27,0,0,0,0,1,700,0
436.35,27,0,0,0,0,1,700,0
435.93,27,0,0,0,0,1,700,0
435.93,27,0,0,0,0,1,700,0
435.18,23,0,0,0,0,1,600,0
434.83,23,0,0,0,0,1,600,0
435.19,23,0,0,0,0,1,600,0
434.10,23,0,0,0,0,1,600,0
435.91,27,0,0,0,0,1,700,0
436.27,27,0,0,0,0,1,700,0
435.19,27,0,0,0,0,1,700,0
434.78,27,0,0,0,0,1,700,0
434.76,27,0,0,0,0,1,700,0
433.80,27,0,0,0,0,1,700,0
443.59,12,0,0,0,0,1,83,0
441.15,12,0,0,0,0,1,83,0
443.13,12,0,0,0,0,1,83,0
436.95,12,1,0,0,0,1,684,0
436.53,12,0,0,0,0,1,684,0
437.58,12,0,0,0,0,1,650,0
437.98,12,0,0,0,0,1,650,0
436.95,12,0,0,0,0,1,650,0
436.53,12,0,0,0,0,1,650,0
439.54,12,0,0,0,0,1,350,0
439.04,12,0,0,0,0,1,350,0
438.76,12,0,0,0,0,1,350,0
438.74,12,0,0,0,0,1,350,0
440.14,12,0,0,0,0,1,317,0
440.74,12,0,0,0,0,1,317,0
440.24,12,0,0,0,0,1,317,0
439.95,12,0,0,0,0,1,317,0
439.94,12,0,0,0,0,1,317,0
440.51,12,0,0,0,0,1,83,0
438.07,12,0,0,0,0,1,83,0
439.99,12,0,0,0,0,1,83,0
440.86,12,0,0,0,0,1,375,0
440.36,12,0,0,0,0,1,375,0
440.07,12,0,0,0,0,1,375,0
440.06,12,0,0,0,0,1,375,0
439.48,12,0,0,0,0,1,375,0
441.58,12,0,0,0,0,1,650,0
440.55,12,0,0,0,0,1,650,0
440.13,12,0,0,0,0,1,650,0
443.00,12,0,0,0,0,1,188,0
442.52,12,0,0,0,0,1,188,0
442.54,12,0,0,0,0,1,188,0
443.14,12,0,0,0,0,1,188,0
442.64,12,0,0,0,0,1,188,0
443.55,12,0,0,0,0,1,467,0
443.54,12,0,0,0,0,1,467,0
442.95,12,0,0,0,0,1,467,0
443.24,12,0,0,0,0,1,467,0
442.98,12,0,0,0,0,1,467,0
443.24,27,0,0,0,0,1,613,0
442.98,27,0,0,0,0,1,613,0
443.38,27,0,0,0,0,1,613,0
442.35,27,0,0,0,0,1,613,0
441.93,27,0,0,0,0,1,613,0
440.77,27,0,0,0,0,1,-373,0
444.48,27,0,0,0,0,1,-373,0
443.17,27,0,0,0,0,1,-373,0
443.33,27,0,0,0,0,1,-373,0
444.61,27,0,0,0,0,1,-373,0
445.22,27,0,0,0,0,1,-373,0
442.98,27,0,0,0,0,1,700,0
443.38,27,0,0,0,0,1,700,0
442.35,27,0,0,0,0,1,700,0
441.93,27,0,0,0,0,1,700,0
441.93,27,0,0,0,0,1,700,0
444.75,12,0,0,0,0,1,392,0
444.73,12,1,0,0,0,1,392,0
444.15,12,0,0,0,0,1,392,0
444.91,12,0,0,0,0,1,250,0
444.94,12,0,0,0,0,1,250,0
445.54,12,0,0,0,0,1,250,0
445.04,12,0,0,0,0,1,250,0
444.75,12,0,0,0,0,1,250,0
441.59,12,0,0,0,0,1,250,0
441.72,12,0,0,0,0,1,250,0
441.83,12,0,0,0,0,1,250,0
441.29,12,0,0,0,0,1,250,0
439.60,27,0,0,0,0,1,700,0
439.96,27,0,0,0,0,1,700,0
438.88,27,0,0,0,0,1,700,0
438.48,27,0,0,0,0,1,700,0
438.45,27,0,0,0,0,1,700,0
443.39,12,0,0,0,0,1,350,0
442.85,12,0,0,0,0,1,350,0
442.44,12,0,0,0,0,1,350,0
442.41,12,0,0,0,0,1,350,0
447.15,23,0,0,0,0,1,600,0
446.80,23,0,0,0,0,1,600,0
447.16,23,0,0,0,0,1,600,0
446.07,23,0,0,0,0,1,600,0
447.77,27,0,0,0,0,1,700,0
448.18,27,0,0,0,0,1,700,0
447.15,27,0,0,0,0,1,700,0
446.73,27,0,0,0,0,1,700,0
446.72,27,0,0,0,0,1,700,0
445.57,27,0,0,0,0,1,700,0
449.11,24,0,0,0,0,1,600,0
448.62,24,0,0,0,0,1,600,0
449.00,24,0,0,0,0,1,600,0
447.92,24,0,0,0,0,1,600,0
447.50,24,0,0,0,0,1,600,0
446.77,23,0,0,0,0,1,-503,0
446.77,23,1,0,0,0,1,-503,0
450.48,23,0,0,0,0,1,-503,0
449.38,27,0,0,0,0,1,700,0
448.35,27,0,0,0,0,1,700,0
447.93,27,0,0,0,0,1,700,0
447.92,27,0,0,0,0,1,700,0
446.77,27,0,0,0,0,1,700,0
448.97,12,0,0,0,0,1,650,0
449.38,12,0,0,0,0,1,650,0
448.35,12,0,0,0,0,1,650,0
447.93,12,0,0,0,0,1,650,0
449.01,12,0,0,0,0,1,738,0
448.98,12,0,0,0,0,1,738,0
447.60,12,0,0,0,0,1,738,0
447.84,12,0,0,0,0,1,738,0
447.49,12,0,0,0,0,1,738,0
447.85,12,0,0,0,0,1,738,0
446.76,12,0,0,0,0,1,738,0
446.36,12,0,0,0,0,1,738,0
446.33,12,0,0,0,0,1,738,0
445.38,12,0,0,0,0,1,738,0
445.38,12,0,0,0,0,1,738,0
445.38,12,0,0,0,0,1,738,0
445.38,12,0,0,0,0,1,738,0
445.38,12,0,0,0,0,1,738,0
454.46,12,0,0,0,0,1,350,0
453.92,12,0,0,0,0,1,350,0
453.41,12,0,0,0,0,1,350,0
453.41,12,0,0,0,0,1,350,0
452.57,26,0,0,0,0,1,588,0
452.98,26,1,0,0,0,1,588,0
455.53,23,0,0,0,0,1,500,0
454.95,23,0,0,0,0,1,500,0
455.23,23,0,0,0,0,1,500,0
454.97,23,0,0,0,0,1,500,0
455.18,12,0,0,0,0,1,738,0
455.15,12,0,0,0,0,1,738,0
453.78,12,0,0,0,0,1,738,0
454.01,12,0,0,0,0,1,738,0
453.66,12,0,0,0,0,1,738,0
454.02,12,0,0,0,0,1,738,0
452.94,12,0,0,0,0,1,738,0
452.53,12,0,0,0,0,1,738,0
452.50,12,0,0,0,0,1,738,0
451.55,12,0,0,0,0,1,738,0
451.55,12,0,0,0,0,1,738,0
451.55,12,0,0,0,0,1,738,0
451.55,12,0,0,0,0,1,738,0
451.55,12,0,0,0,0,1,738,0
461.61,12,0,0,0,0,1,738,0
461.58,12,0,0,0,0,1,738,0
460.20,12,0,0,0,0,1,738,0
460.44,12,0,0,0,0,1,738,0
460.09,12,0,0,0,0,1,738,0
460.45,12,0,0,0,0,1,738,0
459.36,12,0,0,0,0,1,738,0
458.96,12,0,0,0,0,1,738,0
458.93,12,0,0,0,0,1,738,0
457.98,12,0,0,0,0,1,738,0
457.98,12,0,0,0,0,1,738,0
457.98,12,0,0,0,0,1,738,0
457.98,12,0,0,0,0,1,738,0
457.98,12,0,0,0,0,1,738,0
461.61,27,0,0,0,0,1,500,0
461.59,27,0,0,0,0,1,500,0
460.21,27,0,0,0,0,1,500,0
460.45,27,0,0,0,0,1,500,0
460.09,27,0,0,0,0,1,500,0
469.01,27,0,0,0,0,1,700,0
467.94,27,0,0,0,0,1,700,0
467.51,27,0,0,0,0,1,700,0
467.48,27,0,0,0,0,1,700,0
466.53,27,0,0,0,0,1,700,0
470.83,27,0,0,0,0,1,700,0
469.74,27,0,0,0,0,1,700,0
469.34,27,0,0,0,0,1,700,0
469.31,27,0,0,0,0,1,700,0
468.36,27,0,0,0,0,1,700,0
498.15,26,0,0,0,0,1,650,0
498.56,26,0,0,0,0,1,650,0
497.53,26,0,0,0,0,1,650,0
497.11,26,0,0,0,0,1,650,0
391.17,12,0,0,0,0,1,350,0
390.63,12,0,0,0,0,1,350,0
389.87,12,0,0,0,0,1,350,0
389.70,12,0,0,0,0,1,350,0
426.43,24,0,0,0,0,1,600,0
427.26,24,0,0,0,0,1,600,0
427.67,24,0,0,0,0,1,600,0
427.05,24,0,0,0,0,1,600,0
426.96,24,0,0,0,0,1,600,0
423.25,12,0,0,0,0,1,350,0
422.49,12,0,0,0,0,1,350,0
422.32,12,0,0,0,0,1,350,0
431.13,43,0,0,0,0,1,634,0
431.60,43,0,0,0,0,1,634,0
431.17,43,0,0,0,0,1,634,0
431.27,43,0,0,0,0,1,634,0
429.50,23,0,0,0,0,1,600,0
431.13,23,0,0,0,0,1,600,0
431.60,23,0,0,0,0,1,600,0
431.17,23,0,0,0,0,1,600,0
429.82,12,0,0,0,0,1,-9,0
431.21,12,0,0,0,0,1,-9,0
434.39,12,0,0,0,0,1,-9,0
433.27,12,0,0,0,0,1,-9,0
438.86,22,0,0,0,0,1,150,0
437.71,22,0,0,0,0,1,150,0
433.77,22,0,0,0,0,1,150,0
436.46,22,0,0,0,0,1,150,0
437.71,22,0,0,0,0,1,150,0
442.20,22,0,0,0,0,1,150,0
442.14,22,0,0,0,0,1,150,0
442.16,22,0,0,0,0,1,150,0
445.70,22,0,0,0,0,1,150,0
446.13,22,0,0,0,0,1,150,0
445.39,22,0,0,0,0,1,150,0
444.59,22,0,0,0,0,1,150,0
444.08,22,0,0,0,0,1,150,0
443.91,22,0,0,0,0,1,150,0
442.53,22,0,0,0,0,1,150,0
442.19,22,0,0,0,0,1,150,0
450.49,22,0,0,0,0,1,150,0
449.34,22,0,0,0,0,1,150,0
445.40,22,0,0,0,0,1,150,0
448.09,22,0,0,0,0,1,150,0
449.34,22,0,0,0,0,1,150,0
453.83,22,0,0,0,0,1,150,0
453.77,22,0,0,0,0,1,150,0
453.80,22,0,0,0,0,1,150,0
457.33,22,0,0,0,0,1,150,0
457.76,22,0,0,0,0,1,150,0
457.02,22,0,0,0,0,1,150,0
456.22,22,0,0,0,0,1,150,0
455.71,22,0,0,0,0,1,150,0
455.54,22,0,0,0,0,1,150,0
454.16,22,0,0,0,0,1,150,0
453.82,22,0,0,0,0,1,150,0
458.09,12,0,0,0,0,1,594,0
458.56,12,0,0,0,0,1,594,0
458.13,12,0,0,0,0,1,594,0
366.56,12,0,0,0,0,1,250,0
368.33,12,0,0,0,0,1,250,0
369.30,12,0,0,0,0,1,250,0
368.61,12,0,0,0,0,1,250,0
366.88,12,0,0,0,0,1,250,0
373.79,12,0,0,0,0,1,350,0
373.30,12,0,0,0,0,1,350,0
371.77,12,0,0,0,0,1,350,0
371.64,12,0,0,0,0,1,350,0
376.10,12,0,0,0,0,1,350,0
374.39,12,0,0,0,0,1,350,0
374.28,12,0,0,0,0,1,350,0
378.73,12,0,0,0,0,1,350,0
377.21,12,0,0,0,0,1,350,0
377.07,12,0,0,0,0,1,350,0
384.17,12,0,0,0,0,1,350,0
383.47,12,0,0,0,0,1,350,0
381.75,12,0,0,0,0,1,350,0
381.62,12,0,0,0,0,1,350,0
385.16,12,0,0,0,0,1,350,0
384.46,12,0,0,0,0,1,350,0
382.74,12,0,0,0,0,1,350,0
382.61,12,0,0,0,0,1,350,0
390.30,12,0,0,0,0,1,350,0
389.81,12,0,0,0,0,1,350,0
388.32,12,0,0,0,0,1,350,0
388.18,12,0,0,0,0,1,350,0
385.94,12,0,0,0,0,1,350,0
384.84,12,0,0,0,0,1,350,0
384.67,12,0,0,0,0,1,350,0
390.12,12,0,0,0,0,1,350,0
389.42,12,0,0,0,0,1,350,0
387.69,12,0,0,0,0,1,350,0
387.56,12,0,0,0,0,1,350,0
383.72,12,0,0,0,0,1,350,0
382.20,12,0,0,0,0,1,350,0
382.06,12,0,0,0,0,1,350,0
391.25,12,0,0,0,0,1,392,0
391.08,12,0,0,0,0,1,392,0
388.73,12,0,0,0,0,1,392,0
391.11,12,0,0,0,0,1,350,0
390.41,12,0,0,0,0,1,350,0
388.68,12,0,0,0,0,1,350,0
385.55,12,1,0,0,0,1,475,0
385.06,12,0,0,0,0,1,475,0
382.57,12,0,0,0,0,1,350,0
381.47,12,0,0,0,0,1,350,0
381.29,12,0,0,0,0,1,350,0
387.98,12,0,0,0,0,1,350,0
386.94,12,0,0,0,0,1,350,0
386.76,12,0,0,0,0,1,350,0
391.21,12,0,0,0,0,1,334,0
390.73,12,0,0,0,0,1,334,0
389.24,12,0,0,0,0,1,334,0
389.10,12,0,0,0,0,1,334,0
387.30,12,0,0,0,0,1,350,0
385.81,12,0,0,0,0,1,350,0
385.67,12,0,0,0,0,1,350,0
397.33,12,0,0,0,0,1,350,0
396.85,12,0,0,0,0,1,350,0
395.36,12,0,0,0,0,1,350,0
395.22,12,0,0,0,0,1,350,0
399.95,12,0,0,0,0,1,350,0
399.47,12,0,0,0,0,1,350,0
397.98,12,0,0,0,0,1,350,0
397.84,12,0,0,0,0,1,350,0
385.12,12,0,0,0,0,1,350,0
383.60,12,0,0,0,0,1,350,0
383.46,12,0,0,0,0,1,350,0
388.53,12,0,0,0,0,1,559,0
388.30,12,0,0,0,0,1,559,0
388.45,12,0,0,0,0,1,559,0
397.49,12,0,0,0,0,1,350,0
395.96,12,0,0,0,0,1,350,0
395.83,12,0,0,0,0,1,350,0
396.25,12,0,0,0,0,1,350,0
395.07,12,0,0,0,0,1,350,0
394.89,12,0,0,0,0,1,350,0
393.64,12,0,0,0,0,1,467,0
393.51,12,0,0,0,0,1,467,0
390.50,12,0,0,0,0,1,467,0
390.01,12,0,0,0,0,1,467,0
389.78,12,0,0,0,0,1,467,0
387.21,23,0,0,0,0,1,-270,0
386.08,23,0,0,0,0,1,-270,0
386.94,23,0,0,0,0,1,-270,0
399.30,12,0,0,0,0,1,350,0
397.77,12,0,0,0,0,1,350,0
397.63,12,0,0,0,0,1,350,0
393.83,12,0,0,0,0,1,350,0
392.73,12,0,0,0,0,1,350,0
392.55,12,0,0,0,0,1,350,0
391.46,12,0,0,0,0,1,350,0
389.93,12,0,0,0,0,1,350,0
389.79,12,0,0,0,0,1,350,0
400.10,12,0,0,0,0,1,350,0
398.57,12,0,0,0,0,1,350,0
398.44,12,0,0,0,0,1,350,0
402.07,12,0,0,0,0,1,350,0
400.58,12,0,0,0,0,1,350,0
400.44,12,0,0,0,0,1,350,0
407.66,12,0,0,0,0,1,350,0
406.13,12,0,0,0,0,1,350,0
406.00,12,0,0,0,0,1,350,0
402.71,12,0,0,0,0,1,350,0
401.61,12,0,0,0,0,1,350,0
401.44,12,0,0,0,0,1,350,0
402.30,12,0,0,0,0,1,350,0
400.58,12,0,0,0,0,1,350,0
400.45,12,0,0,0,0,1,350,0
389.07,12,0,0,0,0,1,350,0
387.54,12,0,0,0,0,1,350,0
387.41,12,0,0,0,0,1,350,0
404.35,12,0,0,0,0,1,350,0
402.85,12,0,0,0,0,1,350,0
402.71,12,0,0,0,0,1,350,0
406.19,12,0,0,0,0,1,275,0
407.27,12,0,0,0,0,1,275,0
408.41,12,0,0,0,0,1,275,0
407.92,12,0,0,0,0,1,275,0
406.44,12,0,0,0,0,1,275,0
405.35,12,0,0,0,0,1,350,0
404.25,12,0,0,0,0,1,350,0
404.08,12,0,0,0,0,1,350,0
408.00,12,0,0,0,0,1,350,0
406.81,12,0,0,0,0,1,350,0
406.65,12,0,0,0,0,1,350,0
398.30,12,0,0,0,0,1,350,0
396.78,12,0,0,0,0,1,350,0
396.64,12,0,0,0,0,1,350,0
406.99,12,0,0,0,0,1,350,0
405.89,12,0,0,0,0,1,350,0
405.72,12,0,0,0,0,1,350,0
407.64,12,0,0,0,0,1,350,0
406.45,12,0,0,0,0,1,350,0
406.28,12,0,0,0,0,1,350,0
399.22,12,1,0,0,0,1,500,0
398.74,12,0,0,0,0,1,500,0
399.22,12,0,0,0,0,1,525,0
398.74,12,0,0,0,0,1,525,0
398.51,12,0,0,0,0,1,525,0
398.66,12,0,0,0,0,1,525,0
398.22,12,0,0,0,0,1,700,0
398.14,12,1,0,0,0,1,700,0
398.22,12,0,0,0,0,1,684,0
398.14,12,1,0,0,0,1,684,0
406.60,12,0,0,0,0,1,350,0
405.08,12,0,0,0,0,1,350,0
404.94,12,0,0,0,0,1,350,0
399.92,23,0,0,0,0,1,600,0
399.69,23,0,0,0,0,1,600,0
399.85,23,0,0,0,0,1,600,0
399.21,23,0,0,0,0,1,600,0
409.21,12,0,0,0,0,1,350,0
407.69,12,0,0,0,0,1,350,0
407.55,12,0,0,0,0,1,350,0
398.24,12,0,0,0,0,1,350,0
397.14,12,0,0,0,0,1,350,0
396.96,12,0,0,0,0,1,350,0
404.54,12,1,0,0,0,1,360,0
404.41,12,0,0,0,0,1,360,0
404.54,12,1,0,0,0,1,360,0
406.96,12,0,0,0,0,1,350,0
406.27,12,0,0,0,0,1,350,0
404.54,12,0,0,0,0,1,350,0
404.41,12,0,0,0,0,1,350,0
403.43,12,0,0,0,0,1,350,0
401.94,12,0,0,0,0,1,350,0
401.80,12,0,0,0,0,1,350,0
403.48,12,0,0,0,0,1,350,0
401.96,12,0,0,0,0,1,350,0
401.82,12,0,0,0,0,1,350,0
401.79,12,0,0,0,0,1,350,0
400.61,12,0,0,0,0,1,350,0
400.44,12,0,0,0,0,1,350,0
401.48,12,0,0,0,0,1,350,0
400.38,12,0,0,0,0,1,350,0
400.21,12,0,0,0,0,1,350,0
407.95,12,0,0,0,0,1,350,0
407.26,12,0,0,0,0,1,350,0
405.53,12,0,0,0,0,1,350,0
405.40,12,0,0,0,0,1,350,0
407.26,12,0,0,0,0,1,350,0
405.53,12,0,0,0,0,1,350,0
405.40,12,0,0,0,0,1,350,0
400.42,27,0,0,0,0,1,700,0
400.63,27,0,0,0,0,1,700,0
399.87,27,0,0,0,0,1,700,0
399.66,27,0,0,0,0,1,700,0
399.52,27,0,0,0,0,1,700,0
408.20,12,0,0,0,0,1,350,0
407.71,12,0,0,0,0,1,350,0
406.22,12,0,0,0,0,1,350,0
406.08,12,0,0,0,0,1,350,0
404.09,12,0,0,0,0,1,350,0
402.99,12,0,0,0,0,1,350,0
402.81,12,0,0,0,0,1,350,0
400.45,23,0,0,0,0,1,-375,0
400.45,23,0,0,0,0,1,-375,0
399.26,23,0,0,0,0,1,-375,0
399.00,23,0,0,0,0,1,-375,0
399.10,23,0,0,0,0,1,-375,0
397.98,23,0,0,0,0,1,-375,0
398.83,23,0,0,0,0,1,-375,0
399.79,23,0,0,0,0,1,-375,0
408.25,12,0,0,0,0,1,350,0
406.52,12,0,0,0,0,1,350,0
406.39,12,0,0,0,0,1,350,0
402.82,27,0,0,0,0,1,700,0
402.18,27,0,0,0,0,1,700,0
402.11,27,0,0,0,0,1,700,0
401.88,27,0,0,0,0,1,700,0
400.45,27,0,0,0,0,1,700,0
413.46,12,0,0,0,0,1,350,0
411.75,12,0,0,0,0,1,350,0
411.64,12,0,0,0,0,1,350,0
409.32,12,0,0,0,0,1,350,0
407.80,12,0,0,0,0,1,350,0
407.66,12,0,0,0,0,1,350,0
411.35,12,0,0,0,0,1,350,0
409.83,12,0,0,0,0,1,350,0
409.69,12,0,0,0,0,1,350,0
404.33,12,0,0,0,0,1,350,0
403.23,12,0,0,0,0,1,350,0
403.06,12,0,0,0,0,1,350,0
407.50,12,0,0,0,0,1,350,0
406.40,12,0,0,0,0,1,350,0
406.23,12,0,0,0,0,1,350,0
406.60,24,0,0,0,0,1,600,0
406.47,24,0,0,0,0,1,600,0
403.47,24,0,0,0,0,1,600,0
402.98,24,0,0,0,0,1,600,0
402.75,24,0,0,0,0,1,600,0
402.90,24,0,0,0,0,1,600,0
402.26,24,0,0,0,0,1,600,0
402.19,24,0,0,0,0,1,600,0
401.96,24,0,0,0,0,1,600,0
400.53,24,0,0,0,0,1,600,0
405.09,12,0,0,0,0,1,350,0
403.99,12,0,0,0,0,1,350,0
403.81,12,0,0,0,0,1,350,0
411.57,12,0,0,0,0,1,350,0
411.05,12,0,0,0,0,1,350,0
409.95,12,0,0,0,0,1,350,0
409.78,12,0,0,0,0,1,350,0
405.37,24,0,0,0,0,1,591,0
404.88,24,0,0,0,0,1,591,0
404.65,24,0,0,0,0,1,591,0
404.80,24,0,0,0,0,1,591,0
404.16,24,0,0,0,0,1,591,0
404.09,24,0,0,0,0,1,591,0
407.51,12,0,0,0,0,1,350,0
405.98,12,0,0,0,0,1,350,0
405.85,12,0,0,0,0,1,350,0
408.93,12,0,0,0,0,1,363,0
408.44,12,0,0,0,0,1,363,0
406.94,12,0,0,0,0,1,363,0
406.80,12,0,0,0,0,1,363,0
406.06,12,1,0,0,0,1,475,0
405.57,12,0,0,0,0,1,475,0
408.62,12,0,0,0,0,1,738,0
408.48,12,0,0,0,0,1,738,0
405.86,12,0,0,0,0,1,738,0
405.61,12,0,0,0,0,1,738,0
405.27,12,0,0,0,0,1,738,0
405.47,12,0,0,0,0,1,738,0
404.72,12,0,0,0,0,1,738,0
404.51,12,0,0,0,0,1,738,0
404.37,12,0,0,0,0,1,738,0
402.92,12,0,0,0,0,1,738,0
402.92,12,0,0,0,0,1,738,0
402.92,12,0,0,0,0,1,738,0
402.92,12,0,0,0,0,1,738,0
402.92,12,0,0,0,0,1,738,0
410.49,23,0,0,0,0,1,411,0
410.36,23,1,0,0,0,1,411,0
411.48,12,0,0,0,0,1,350,0
410.99,12,0,0,0,0,1,350,0
409.51,12,0,0,0,0,1,350,0
409.37,12,0,0,0,0,1,350,0
413.90,12,0,0,0,0,1,350,0
413.20,12,0,0,0,0,1,350,0
411.48,12,0,0,0,0,1,350,0
411.35,12,0,0,0,0,1,350,0
412.47,12,0,0,0,0,1,400,0
412.34,12,1,0,0,0,1,400,0
408.61,27,0,0,0,0,1,700,0
408.77,27,0,0,0,0,1,700,0
408.13,27,0,0,0,0,1,700,0
408.05,27,0,0,0,0,1,700,0
407.83,27,0,0,0,0,1,700,0
406.40,27,0,0,0,0,1,700,0
414.05,12,0,0,0,0,1,350,0
413.37,12,0,0,0,0,1,350,0
411.66,12,0,0,0,0,1,350,0
411.55,12,0,0,0,0,1,350,0
413.19,12,0,0,0,0,1,350,0
411.67,12,0,0,0,0,1,350,0
411.53,12,0,0,0,0,1,350,0
415.31,12,0,0,0,0,1,350,0
413.79,12,0,0,0,0,1,350,0
413.65,12,0,0,0,0,1,350,0
415.19,12,0,0,0,0,1,370,0
413.46,12,1,0,0,0,1,370,0
413.33,12,0,0,0,0,1,370,0
413.46,23,0,0,0,0,1,536,0
413.33,23,0,0,0,0,1,536,0
410.32,23,0,0,0,0,1,536,0
409.84,23,0,0,0,0,1,536,0
409.61,23,0,0,0,0,1,536,0
409.76,23,0,0,0,0,1,536,0
409.12,23,0,0,0,0,1,536,0
409.04,23,0,0,0,0,1,536,0
410.32,24,0,0,0,0,1,600,0
409.84,24,0,0,0,0,1,600,0
409.61,24,0,0,0,0,1,600,0
409.76,24,0,0,0,0,1,600,0
409.12,24,0,0,0,0,1,600,0
409.04,24,0,0,0,0,1,600,0
409.61,27,0,0,0,0,1,700,0
409.76,27,0,0,0,0,1,700,0
409.12,27,0,0,0,0,1,700,0
409.04,27,0,0,0,0,1,700,0
408.82,27,0,0,0,0,1,700,0
407.39,27,0,0,0,0,1,700,0
423.32,24,0,0,0,0,1,450,0
421.54,24,0,0,0,0,1,450,0
421.43,24,0,0,0,0,1,450,0
417.89,24,0,0,0,0,1,450,0
417.47,24,0,0,0,0,1,450,0
416.98,24,0,0,0,0,1,450,0
422.22,12,0,0,0,0,1,350,0
420.69,12,0,0,0,0,1,350,0
420.55,12,0,0,0,0,1,350,0
416.87,12,0,0,0,0,1,350,0
416.18,12,0,0,0,0,1,350,0
414.45,12,0,0,0,0,1,350,0
414.32,12,0,0,0,0,1,350,0
428.99,24,0,0,0,0,1,700,0
428.86,24,0,0,0,0,1,700,0
428.63,24,0,0,0,0,1,700,0
413.93,12,0,0,0,0,1,392,0
413.79,12,1,0,0,0,1,392,0
411.17,12,0,0,0,0,1,392,0
421.46,12,0,0,0,0,1,350,0
420.97,12,0,0,0,0,1,350,0
419.48,12,0,0,0,0,1,350,0
419.34,12,0,0,0,0,1,350,0
421.38,12,0,0,0,0,1,338,0
420.89,12,0,0,0,0,1,338,0
419.36,12,0,0,0,0,1,338,0
419.23,12,0,0,0,0,1,338,0
417.17,12,0,0,0,0,1,350,0
415.44,12,0,0,0,0,1,350,0
415.31,12,0,0,0,0,1,350,0
415.44,12,0,0,0,0,1,467,0
415.31,12,0,0,0,0,1,467,0
412.31,12,0,0,0,0,1,467,0
411.82,12,0,0,0,0,1,467,0
411.59,12,0,0,0,0,1,467,0
411.59,43,0,0,0,0,1,634,0
411.74,43,0,0,0,0,1,634,0
411.10,43,0,0,0,0,1,634,0
411.59,27,0,0,0,0,1,700,0
411.74,27,0,0,0,0,1,700,0
411.10,27,0,0,0,0,1,700,0
411.03,27,0,0,0,0,1,700,0
410.80,27,0,0,0,0,1,700,0
409.37,27,0,0,0,0,1,700,0
417.39,43,0,0,0,0,1,634,0
417.60,43,0,0,0,0,1,634,0
416.84,43,0,0,0,0,1,634,0
416.63,43,0,0,0,0,1,634,0
412.87,12,0,0,0,0,1,363,0
412.38,12,0,0,0,0,1,363,0
410.86,12,0,0,0,0,1,363,0
410.72,12,0,0,0,0,1,363,0
408.04,12,0,0,0,0,1,363,0
420.49,12,0,0,0,0,1,350,0
418.96,12,0,0,0,0,1,350,0
418.83,12,0,0,0,0,1,350,0
419.39,12,0,0,0,0,1,350,0
418.29,12,0,0,0,0,1,350,0
418.11,12,0,0,0,0,1,350,0
416.42,24,0,0,0,0,1,700,0
413.41,24,0,0,0,0,1,700,0
412.92,24,0,0,0,0,1,700,0
412.69,24,0,0,0,0,1,700,0
412.84,24,0,0,0,0,1,700,0
412.20,24,0,0,0,0,1,700,0
412.13,24,0,0,0,0,1,700,0
411.90,24,0,0,0,0,1,700,0
410.47,24,0,0,0,0,1,700,0
410.47,24,0,0,0,0,1,700,0
410.47,24,0,0,0,0,1,700,0
410.47,24,0,0,0,0,1,700,0
410.47,24,0,0,0,0,1,700,0
419.35,12,0,0,0,0,1,317,0
418.65,12,0,0,0,0,1,317,0
416.93,12,0,0,0,0,1,317,0
417.42,12,0,0,0,0,1,375,0
417.29,12,1,0,0,0,1,375,0
425.60,12,0,0,0,0,1,350,0
424.50,12,0,0,0,0,1,350,0
424.32,12,0,0,0,0,1,350,0
418.41,12,1,0,0,0,1,360,0
418.28,12,0,0,0,0,1,360,0
418.41,12,1,0,0,0,1,370,0
418.28,12,0,0,0,0,1,370,0
414.71,26,0,0,0,0,1,650,0
414.07,26,0,0,0,0,1,650,0
414.00,26,0,0,0,0,1,650,0
414.79,23,0,0,0,0,1,600,0
414.56,23,0,0,0,0,1,600,0
414.71,23,0,0,0,0,1,600,0
414.07,23,0,0,0,0,1,600,0
415.69,12,0,0,0,0,1,350,0
414.17,12,0,0,0,0,1,350,0
414.03,12,0,0,0,0,1,350,0
418.53,24,0,0,0,0,1,600,0
418.40,24,0,0,0,0,1,600,0
415.40,24,0,0,0,0,1,600,0
414.91,24,0,0,0,0,1,600,0
414.68,24,0,0,0,0,1,600,0
414.83,24,0,0,0,0,1,600,0
414.19,24,0,0,0,0,1,600,0
414.12,24,0,0,0,0,1,600,0
413.89,24,0,0,0,0,1,600,0
412.46,24,0,0,0,0,1,600,0
419.40,12,1,0,0,0,1,370,0
419.28,12,0,0,0,0,1,370,0
419.40,23,0,0,0,0,1,411,0
419.28,23,1,0,0,0,1,411,0
412.55,43,0,0,0,0,1,634,0
412.71,43,0,0,0,0,1,634,0
411.97,43,0,0,0,0,1,634,0
411.84,43,0,0,0,0,1,634,0
423.76,12,0,0,0,0,1,350,0
422.24,12,0,0,0,0,1,350,0
422.10,12,0,0,0,0,1,350,0
434.04,12,0,0,0,0,1,350,0
433.53,12,0,0,0,0,1,350,0
432.46,12,0,0,0,0,1,350,0
432.28,12,0,0,0,0,1,350,0
421.07,12,0,0,0,0,1,250,0
422.83,12,0,0,0,0,1,250,0
423.81,12,0,0,0,0,1,250,0
423.11,12,0,0,0,0,1,250,0
421.39,12,0,0,0,0,1,250,0
417.53,27,0,0,0,0,1,700,0
417.69,27,0,0,0,0,1,700,0
417.04,27,0,0,0,0,1,700,0
416.97,27,0,0,0,0,1,700,0
416.75,27,0,0,0,0,1,700,0
415.32,27,0,0,0,0,1,700,0
426.29,12,0,0,0,0,1,350,0
425.19,12,0,0,0,0,1,350,0
425.01,12,0,0,0,0,1,350,0
432.05,27,0,0,0,0,1,700,0
432.26,27,0,0,0,0,1,700,0
431.50,27,0,0,0,0,1,700,0
431.29,27,0,0,0,0,1,700,0
431.15,27,0,0,0,0,1,700,0
429.72,27,0,0,0,0,1,700,0
419.74,12,0,0,0,0,1,475,0
419.25,12,1,0,0,0,1,475,0
423.05,12,0,0,0,0,1,250,0
424.81,12,0,0,0,0,1,250,0
425.79,12,0,0,0,0,1,250,0
425.10,12,0,0,0,0,1,250,0
423.37,12,0,0,0,0,1,250,0
425.19,12,0,0,0,0,1,350,0
423.94,12,0,0,0,0,1,350,0
423.79,12,0,0,0,0,1,350,0
424.36,12,1,0,0,0,1,360,0
424.23,12,0,0,0,0,1,360,0
416.05,23,0,0,0,0,1,217,0
416.47,23,0,0,0,0,1,217,0
418.83,23,0,0,0,0,1,217,0
419.89,23,0,0,0,0,1,217,0
421.04,23,0,0,0,0,1,217,0
420.55,23,0,0,0,0,1,217,0
419.02,23,0,0,0,0,1,217,0
418.89,23,0,0,0,0,1,217,0
421.04,12,0,0,0,0,1,350,0
419.51,12,0,0,0,0,1,350,0
419.38,12,0,0,0,0,1,350,0
426.24,12,0,0,0,0,1,350,0
424.71,12,0,0,0,0,1,350,0
424.58,12,0,0,0,0,1,350,0
427.08,12,0,0,0,0,1,392,0
425.35,12,1,0,0,0,1,392,0
425.22,12,0,0,0,0,1,392,0
427.08,12,0,0,0,0,1,340,0
425.35,12,1,0,0,0,1,340,0
425.22,12,0,0,0,0,1,340,0
427.08,12,0,0,0,0,1,370,0
425.35,12,1,0,0,0,1,370,0
425.22,12,0,0,0,0,1,370,0
425.35,27,1,0,0,0,1,400,0
425.22,27,0,0,0,0,1,400,0
432.07,12,0,0,0,0,1,250,0
433.13,12,0,0,0,0,1,250,0
434.28,12,0,0,0,0,1,250,0
433.79,12,0,0,0,0,1,250,0
432.26,12,0,0,0,0,1,250,0
422.15,12,0,0,0,0,1,350,0
420.90,12,0,0,0,0,1,350,0
420.75,12,0,0,0,0,1,350,0
423.47,27,0,0,0,0,1,700,0
422.88,27,0,0,0,0,1,700,0
422.78,27,0,0,0,0,1,700,0
422.79,27,0,0,0,0,1,700,0
421.49,27,0,0,0,0,1,700,0
422.13,12,0,0,0,0,1,50,0
421.62,12,0,0,0,0,1,50,0
422.74,12,0,0,0,0,1,50,0
428.77,12,0,0,0,0,1,350,0
428.07,12,0,0,0,0,1,350,0
426.34,12,0,0,0,0,1,350,0
426.21,12,0,0,0,0,1,350,0
428.77,12,0,0,0,0,1,375,0
428.07,12,0,0,0,0,1,375,0
426.34,12,0,0,0,0,1,375,0
426.21,12,0,0,0,0,1,375,0
423.21,12,0,0,0,0,1,375,0
422.49,12,0,0,0,0,1,650,0
422.64,12,0,0,0,0,1,650,0
422.00,12,0,0,0,0,1,650,0
421.93,12,0,0,0,0,1,650,0
422.49,27,0,0,0,0,1,700,0
422.64,27,0,0,0,0,1,700,0
422.00,27,0,0,0,0,1,700,0
421.93,27,0,0,0,0,1,700,0
421.70,27,0,0,0,0,1,700,0
420.27,27,0,0,0,0,1,700,0
425.18,24,0,0,0,0,1,700,0
424.59,24,0,0,0,0,1,700,0
424.58,24,0,0,0,0,1,700,0
424.54,24,0,0,0,0,1,700,0
427.33,24,0,0,0,0,1,500,0
427.20,24,0,0,0,0,1,500,0
424.20,24,0,0,0,0,1,500,0
423.71,24,0,0,0,0,1,500,0
423.48,24,0,0,0,0,1,500,0
423.63,24,0,0,0,0,1,500,0
428.19,12,1,0,0,0,1,405,0
427.20,12,0,0,0,0,1,363,0
426.52,12,0,0,0,0,1,363,0
424.82,12,0,0,0,0,1,363,0
424.70,12,0,0,0,0,1,363,0
424.78,27,0,0,0,0,1,700,0
424.13,27,0,0,0,0,1,700,0
424.06,27,0,0,0,0,1,700,0
423.83,27,0,0,0,0,1,700,0
422.40,27,0,0,0,0,1,700,0
431.74,43,0,0,0,0,1,350,0
431.04,43,0,0,0,0,1,350,0
429.32,43,0,0,0,0,1,350,0
429.19,43,0,0,0,0,1,350,0
425.47,12,0,0,0,0,1,684,0
425.40,12,1,0,0,0,1,684,0
426.11,12,0,0,0,0,1,650,0
425.47,12,0,0,0,0,1,650,0
425.40,12,0,0,0,0,1,650,0
430.31,12,0,0,0,0,1,467,0
430.18,12,0,0,0,0,1,467,0
427.17,12,0,0,0,0,1,467,0
426.68,12,0,0,0,0,1,467,0
426.45,12,0,0,0,0,1,467,0
428.16,27,0,0,0,0,1,700,0
428.37,27,0,0,0,0,1,700,0
427.62,27,0,0,0,0,1,700,0
427.41,27,0,0,0,0,1,700,0
427.27,27,0,0,0,0,1,700,0
425.82,27,0,0,0,0,1,700,0
431.65,23,0,0,0,0,1,600,0
432.45,23,0,0,0,0,1,600,0
432.76,23,0,0,0,0,1,600,0
432.26,23,0,0,0,0,1,600,0
427.60,27,0,0,0,0,1,700,0
426.95,27,0,0,0,0,1,700,0
426.88,27,0,0,0,0,1,700,0
426.66,27,0,0,0,0,1,700,0
425.23,27,0,0,0,0,1,700,0
430.16,12,0,0,0,0,1,350,0
428.53,12,0,0,0,0,1,350,0
428.41,12,0,0,0,0,1,350,0
433.72,12,0,0,0,0,1,350,0
432.20,12,0,0,0,0,1,350,0
432.06,12,0,0,0,0,1,350,0
429.95,12,0,0,0,0,1,525,0
429.46,12,0,0,0,0,1,525,0
429.23,12,0,0,0,0,1,525,0
429.38,12,0,0,0,0,1,525,0
435.01,12,0,0,0,0,1,370,0
433.28,12,1,0,0,0,1,370,0
429.43,27,0,0,0,0,1,700,0
429.58,27,0,0,0,0,1,700,0
428.94,27,0,0,0,0,1,700,0
428.86,27,0,0,0,0,1,700,0
428.64,27,0,0,0,0,1,700,0
427.21,27,0,0,0,0,1,700,0
428.60,12,0,0,0,0,1,350,0
427.07,12,0,0,0,0,1,350,0
426.94,12,0,0,0,0,1,350,0
430.96,12,0,0,0,0,1,350,0
430.47,12,0,0,0,0,1,350,0
428.98,12,0,0,0,0,1,350,0
428.84,12,0,0,0,0,1,350,0
435.13,23,0,0,0,0,1,475,0
432.13,23,1,0,0,0,1,475,0
431.64,23,0,0,0,0,1,475,0
431.41,27,0,0,0,0,1,700,0
431.56,27,0,0,0,0,1,700,0
430.92,27,0,0,0,0,1,700,0
430.85,27,0,0,0,0,1,700,0
430.62,27,0,0,0,0,1,700,0
429.19,27,0,0,0,0,1,700,0
436.25,12,1,0,0,0,1,350,0
436.12,12,0,0,0,0,1,350,0
447.27,12,0,0,0,0,1,350,0
445.75,12,0,0,0,0,1,350,0
445.61,12,0,0,0,0,1,350,0
432.93,12,1,0,0,0,1,538,0
432.70,12,0,0,0,0,1,538,0
433.05,12,0,0,0,0,1,650,0
432.41,12,0,0,0,0,1,650,0
432.33,12,0,0,0,0,1,650,0
426.26,12,0,0,0,0,1,350,0
425.16,12,0,0,0,0,1,350,0
424.99,12,0,0,0,0,1,350,0
436.90,27,0,0,0,0,1,700,0
436.40,27,0,0,0,0,1,700,0
436.44,27,0,0,0,0,1,700,0
436.41,27,0,0,0,0,1,700,0
435.21,27,0,0,0,0,1,700,0
435.37,27,0,0,0,0,1,700,0
435.53,27,0,0,0,0,1,700,0
434.88,27,0,0,0,0,1,700,0
434.81,27,0,0,0,0,1,700,0
434.59,27,0,0,0,0,1,700,0
433.15,27,0,0,0,0,1,700,0
436.78,12,0,0,0,0,1,500,0
436.30,12,1,0,0,0,1,500,0
441.94,12,0,0,0,0,1,360,0
440.22,12,1,0,0,0,1,360,0
440.09,12,0,0,0,0,1,360,0
436.36,26,0,0,0,0,1,613,0
436.52,26,0,0,0,0,1,613,0
435.87,26,0,0,0,0,1,613,0
435.80,26,0,0,0,0,1,613,0
439.20,12,0,0,0,0,1,392,0
437.71,12,1,0,0,0,1,392,0
437.57,12,0,0,0,0,1,392,0
436.92,12,0,0,0,0,1,350,0
435.39,12,0,0,0,0,1,350,0
435.26,12,0,0,0,0,1,350,0
438.50,27,0,0,0,0,1,700,0
437.86,27,0,0,0,0,1,700,0
437.78,27,0,0,0,0,1,700,0
437.56,27,0,0,0,0,1,700,0
436.13,27,0,0,0,0,1,700,0
450.86,12,0,0,0,0,1,350,0
449.76,12,0,0,0,0,1,350,0
449.58,12,0,0,0,0,1,350,0
444.44,12,0,0,0,0,1,338,0
445.41,12,0,0,0,0,1,338,0
444.72,12,0,0,0,0,1,338,0
442.99,12,0,0,0,0,1,338,0
442.86,12,0,0,0,0,1,338,0
439.86,12,0,0,0,0,1,338,0
444.92,12,1,0,0,0,1,340,0
444.92,12,0,0,0,0,1,350,0
443.19,12,0,0,0,0,1,350,0
443.06,12,0,0,0,0,1,350,0
439.34,27,0,0,0,0,1,700,0
439.49,27,0,0,0,0,1,700,0
438.85,27,0,0,0,0,1,700,0
438.77,27,0,0,0,0,1,700,0
438.55,27,0,0,0,0,1,700,0
437.12,27,0,0,0,0,1,700,0
440.25,12,1,0,0,0,1,475,0
439.76,12,0,0,0,0,1,475,0
446.60,12,0,0,0,0,1,350,0
445.91,12,0,0,0,0,1,350,0
444.18,12,0,0,0,0,1,350,0
444.05,12,0,0,0,0,1,350,0
439.75,27,0,0,0,0,1,700,0
438.99,27,0,0,0,0,1,700,0
438.87,27,0,0,0,0,1,700,0
438.67,27,0,0,0,0,1,700,0
437.44,27,0,0,0,0,1,700,0
444.50,27,0,0,0,0,1,700,0
444.81,27,0,0,0,0,1,700,0
444.31,27,0,0,0,0,1,700,0
444.35,27,0,0,0,0,1,700,0
444.32,27,0,0,0,0,1,700,0
443.12,27,0,0,0,0,1,700,0
443.23,12,0,0,0,0,1,538,0
443.00,12,1,0,0,0,1,538,0
443.30,27,0,0,0,0,1,700,0
443.45,27,0,0,0,0,1,700,0
442.81,27,0,0,0,0,1,700,0
442.74,27,0,0,0,0,1,700,0
442.51,27,0,0,0,0,1,700,0
441.08,27,0,0,0,0,1,700,0
445.51,12,0,0,0,0,1,575,0
445.28,12,0,0,0,0,1,575,0
445.44,12,0,0,0,0,1,575,0
444.79,12,0,0,0,0,1,575,0
450.00,12,0,0,0,0,1,465,0
446.99,12,0,0,0,0,1,465,0
446.50,12,0,0,0,0,1,465,0
446.50,23,0,0,0,0,1,600,0
446.27,23,0,0,0,0,1,600,0
446.43,23,0,0,0,0,1,600,0
445.78,23,0,0,0,0,1,600,0
447.26,27,0,0,0,0,1,700,0
447.42,27,0,0,0,0,1,700,0
446.78,27,0,0,0,0,1,700,0
446.70,27,0,0,0,0,1,700,0
446.48,27,0,0,0,0,1,700,0
445.05,27,0,0,0,0,1,700,0
454.53,12,0,0,0,0,1,363,0
453.84,12,0,0,0,0,1,363,0
452.11,12,0,0,0,0,1,363,0
451.98,12,0,0,0,0,1,363,0
448.97,12,0,0,0,0,1,363,0
452.11,12,0,0,0,0,1,467,0
451.98,12,0,0,0,0,1,467,0
448.97,12,0,0,0,0,1,467,0
448.49,12,0,0,0,0,1,467,0
448.26,12,0,0,0,0,1,467,0
452.11,12,0,0,0,0,1,738,0
451.98,12,0,0,0,0,1,738,0
448.97,12,0,0,0,0,1,738,0
448.49,12,0,0,0,0,1,738,0
448.26,12,0,0,0,0,1,738,0
448.41,12,0,0,0,0,1,738,0
447.77,12,0,0,0,0,1,738,0
447.69,12,0,0,0,0,1,738,0
447.47,12,0,0,0,0,1,738,0
446.04,12,0,0,0,0,1,738,0
446.04,12,0,0,0,0,1,738,0
446.04,12,0,0,0,0,1,738,0
446.04,12,0,0,0,0,1,738,0
446.04,12,0,0,0,0,1,738,0
459.60,23,0,0,0,0,1,600,0
460.39,23,0,0,0,0,1,600,0
460.70,23,0,0,0,0,1,600,0
460.20,23,0,0,0,0,1,600,0
454.54,12,0,0,0,0,1,317,0
455.52,12,0,0,0,0,1,317,0
454.83,12,0,0,0,0,1,317,0
453.10,12,0,0,0,0,1,317,0
452.97,12,0,0,0,0,1,317,0
449.25,27,0,0,0,0,1,700,0
449.40,27,0,0,0,0,1,700,0
448.76,27,0,0,0,0,1,700,0
448.69,27,0,0,0,0,1,700,0
448.46,27,0,0,0,0,1,700,0
450.46,12,0,0,0,0,1,525,0
449.97,12,0,0,0,0,1,525,0
449.74,12,0,0,0,0,1,525,0
449.90,12,0,0,0,0,1,525,0
456.07,12,0,0,0,0,1,738,0
455.94,12,0,0,0,0,1,738,0
452.94,12,0,0,0,0,1,738,0
452.45,12,0,0,0,0,1,738,0
452.22,12,0,0,0,0,1,738,0
452.37,12,0,0,0,0,1,738,0
451.73,12,0,0,0,0,1,738,0
451.66,12,0,0,0,0,1,738,0
451.43,12,0,0,0,0,1,738,0
450.00,12,0,0,0,0,1,738,0
450.00,12,0,0,0,0,1,738,0
450.00,12,0,0,0,0,1,738,0
450.00,12,0,0,0,0,1,738,0
450.00,12,0,0,0,0,1,738,0
453.93,12,0,0,0,0,1,525,0
453.44,12,0,0,0,0,1,525,0
453.21,12,0,0,0,0,1,525,0
453.36,12,0,0,0,0,1,525,0
412.58,27,0,0,0,0,1,150,0
414.82,27,1,0,0,0,1,150,0
454.79,27,0,0,0,0,1,400,0
453.16,27,1,0,0,0,1,400,0
453.04,27,0,0,0,0,1,400,0
465.98,12,0,0,0,0,1,738,0
465.85,12,0,0,0,0,1,738,0
462.85,12,0,0,0,0,1,738,0
462.36,12,0,0,0,0,1,738,0
462.13,12,0,0,0,0,1,738,0
462.28,12,0,0,0,0,1,738,0
461.64,12,0,0,0,0,1,738,0
461.57,12,0,0,0,0,1,738,0
461.34,12,0,0,0,0,1,738,0
459.91,12,0,0,0,0,1,738,0
459.91,12,0,0,0,0,1,738,0
459.91,12,0,0,0,0,1,738,0
459.91,12,0,0,0,0,1,738,0
459.91,12,0,0,0,0,1,738,0
476.72,24,0,0,0,0,1,550,0
476.23,24,0,0,0,0,1,550,0
476.00,24,0,0,0,0,1,550,0
476.16,24,0,0,0,0,1,550,0
481.57,24,0,0,0,0,1,591,0
481.16,24,0,0,0,0,1,591,0
480.76,24,0,0,0,0,1,591,0
480.92,24,0,0,0,0,1,591,0
480.16,24,0,0,0,0,1,591,0
480.03,24,0,0,0,0,1,591,0
478.74,27,0,0,0,0,1,-638,0
478.74,27,0,0,0,0,1,-638,0
478.74,27,0,0,0,0,1,-638,0
478.74,27,0,0,0,0,1,-638,0
478.74,27,0,0,0,0,1,-638,0
478.74,27,0,0,0,0,1,-638,0
478.74,27,0,0,0,0,1,-638,0
477.55,27,0,0,0,0,1,-638,0
491.02,12,1,0,0,0,1,650,0
490.38,12,0,0,0,0,1,650,0
352.00,26,0,0,0,0,1,350,0
352.00,26,0,0,0,0,1,350,0
352.00,26,0,0,0,0,1,350,0
352.00,26,0,0,0,0,1,350,0
353.23,24,0,0,0,0,1,591,0
353.23,24,0,0,0,0,1,591,0
353.23,24,0,0,0,0,1,591,0
353.23,24,0,0,0,0,1,591,0
353.23,24,0,0,0,0,1,591,0
353.23,24,0,0,0,0,1,591,0
361.50,12,0,0,0,0,1,738,0
361.50,12,0,0,0,0,1,738,0
361.50,12,0,0,0,0,1,738,0
361.50,12,0,0,0,0,1,738,0
361.50,12,0,0,0,0,1,738,0
361.50,12,0,0,0,0,1,738,0
361.50,12,0,0,0,0,1,738,0
361.50,12,0,0,0,0,1,738,0
361.50,12,0,0,0,0,1,738,0
361.50,12,0,0,0,0,1,738,0
361.50,12,0,0,0,0,1,738,0
361.50,12,0,0,0,0,1,738,0
361.50,12,0,0,0,0,1,738,0
361.50,12,0,0,0,0,1,738,0
366.00,12,0,0,0,0,1,400,0
366.00,12,0,0,0,0,1,400,0
366.00,12,0,0,0,0,1,400,0
366.00,12,0,0,0,0,1,400,0
366.00,12,0,0,0,0,1,400,0
368.00,12,0,0,0,0,1,350,0
368.00,12,0,0,0,0,1,350,0
368.00,12,0,0,0,0,1,350,0
368.00,12,0,0,0,0,1,350,0
369.00,27,0,0,0,0,1,700,0
369.00,27,0,0,0,0,1,700,0
369.00,27,0,0,0,0,1,700,0
369.00,27,0,0,0,0,1,700,0
369.00,27,0,0,0,0,1,700,0
369.60,12,0,0,0,0,1,738,0
369.60,12,0,0,0,0,1,738,0
369.60,12,0,0,0,0,1,738,0
369.60,12,0,0,0,0,1,738,0
369.60,12,0,0,0,0,1,738,0
369.60,12,0,0,0,0,1,738,0
369.60,12,0,0,0,0,1,738,0
369.60,12,0,0,0,0,1,738,0
369.60,12,0,0,0,0,1,738,0
369.60,12,0,0,0,0,1,738,0
369.60,12,0,0,0,0,1,738,0
369.60,12,0,0,0,0,1,738,0
369.60,12,0,0,0,0,1,738,0
369.60,12,0,0,0,0,1,738,0
370.00,22,0,0,0,0,1,-373,0
370.00,22,0,0,0,0,1,-373,0
370.00,22,0,0,0,0,1,-373,0
370.00,22,0,0,0,0,1,-373,0
370.00,22,0,0,0,0,1,-373,0
370.00,22,0,0,0,0,1,-373,0
370.00,12,0,0,0,0,1,44,0
370.00,12,1,0,0,0,1,44,0
370.00,12,0,0,0,0,1,44,0
370.00,12,1,0,0,0,1,44,0
370.00,27,0,0,0,0,1,700,0
370.00,27,0,0,0,0,1,700,0
370.00,27,0,0,0,0,1,700,0
370.00,27,0,0,0,0,1,700,0
370.00,27,0,0,0,0,1,700,0
370.00,27,0,0,0,0,1,700,0
370.00,12,0,0,0,0,1,350,0
370.00,12,0,0,0,0,1,350,0
370.00,12,0,0,0,0,1,350,0
370.00,12,0,0,0,0,1,350,0
370.00,43,0,0,0,0,1,-88,0
370.00,43,0,0,0,0,1,-88,0
370.00,43,0,0,0,0,1,-88,0
370.00,43,0,0,0,0,1,-88,0
371.00,12,0,0,0,0,1,317,0
371.00,12,0,0,0,0,1,317,0
371.00,12,0,0,0,0,1,317,0
371.00,12,0,0,0,0,1,317,0
371.00,12,0,0,0,0,1,317,0
372.00,43,1,0,0,0,1,345,0
372.00,43,0,0,0,0,1,345,0
373.00,12,0,0,0,0,1,250,0
373.00,12,0,0,0,0,1,250,0
373.00,12,0,0,0,0,1,250,0
373.00,12,0,0,0,0,1,250,0
373.00,12,0,0,0,0,1,44,0
373.00,12,1,0,0,0,1,44,0
373.00,12,0,0,0,0,1,350,0
373.00,12,0,0,0,0,1,350,0
373.00,12,0,0,0,0,1,350,0
373.00,12,0,0,0,0,1,350,0
373.00,12,0,0,0,0,1,350,0
373.00,12,0,0,0,0,1,350,0
373.00,12,0,0,0,0,1,350,0
373.00,12,0,0,0,0,1,350,0
376.00,12,0,0,0,0,1,334,0
376.00,12,0,0,0,0,1,334,0
376.00,12,0,0,0,0,1,334,0
376.00,12,0,0,0,0,1,334,0
376.00,12,0,0,0,0,1,350,0
376.00,12,0,0,0,0,1,350,0
376.00,12,0,0,0,0,1,350,0
376.50,12,0,0,0,0,1,-9,0
376.50,12,0,0,0,0,1,-9,0
376.50,12,0,0,0,0,1,-9,0
376.50,12,0,0,0,0,1,-9,0
377.00,12,0,0,0,0,1,467,0
377.00,12,0,0,0,0,1,467,0
377.00,12,0,0,0,0,1,467,0
377.00,12,0,0,0,0,1,467,0
377.00,12,0,0,0,0,1,467,0
377.00,12,0,0,0,0,1,350,0
377.00,12,0,0,0,0,1,350,0
377.00,12,0,0,0,0,1,350,0
377.00,12,0,0,0,0,1,350,0
377.00,12,0,0,0,0,1,350,0
377.00,12,0,0,0,0,1,350,0
377.00,12,0,0,0,0,1,350,0
377.00,12,0,0,0,0,1,350,0
377.00,12,0,0,0,0,1,350,0
377.00,12,0,0,0,0,1,350,0
377.65,12,0,0,0,0,1,338,0
377.65,12,0,0,0,0,1,338,0
377.65,12,0,0,0,0,1,338,0
377.65,12,0,0,0,0,1,338,0
378.00,12,0,0,0,0,1,467,0
378.00,12,0,0,0,0,1,467,0
378.00,12,0,0,0,0,1,467,0
378.00,12,0,0,0,0,1,467,0
378.00,12,0,0,0,0,1,467,0
378.00,27,0,0,0,0,1,700,0
378.00,27,0,0,0,0,1,700,0
378.00,27,0,0,0,0,1,700,0
378.00,27,0,0,0,0,1,700,0
378.00,27,0,0,0,0,1,700,0
379.00,12,0,0,0,0,1,350,0
379.00,12,0,0,0,0,1,350,0
379.00,12,0,0,0,0,1,350,0
379.00,12,0,0,0,0,1,350,0
379.00,12,0,0,0,0,1,350,0
379.00,12,0,0,0,0,1,350,0
379.56,43,0,0,0,0,1,350,0
379.56,43,0,0,0,0,1,350,0
379.56,43,0,0,0,0,1,350,0
380.00,12,0,0,0,0,1,330,0
380.00,12,1,0,0,0,1,330,0
380.07,43,0,0,0,0,1,350,0
380.07,43,0,0,0,0,1,350,0
380.07,43,0,0,0,0,1,350,0
380.07,43,0,0,0,0,1,350,0
381.00,43,0,0,0,0,1,634,0
381.00,43,0,0,0,0,1,634,0
381.00,43,0,0,0,0,1,634,0
381.00,43,0,0,0,0,1,700,0
381.00,43,0,0,0,0,1,700,0
381.00,43,0,0,0,0,1,700,0
381.00,43,0,0,0,0,1,700,0
381.00,43,0,0,0,0,1,700,0
381.00,43,0,0,0,0,1,700,0
382.00,12,0,0,0,0,1,350,0
382.00,12,0,0,0,0,1,350,0
382.00,12,0,0,0,0,1,350,0
382.50,12,0,0,0,0,1,338,0
382.50,12,0,0,0,0,1,338,0
382.50,12,0,0,0,0,1,338,0
382.50,12,0,0,0,0,1,338,0
383.00,12,0,0,0,0,1,350,0
383.00,12,0,0,0,0,1,350,0
383.00,12,0,0,0,0,1,350,0
383.00,12,0,0,0,0,1,350,0
383.00,12,0,0,0,0,1,350,0
383.00,12,0,0,0,0,1,350,0
383.00,12,0,0,0,0,1,350,0
383.00,12,0,0,0,0,1,350,0
383.00,12,0,0,0,0,1,350,0
383.00,12,0,0,0,0,1,350,0
383.00,12,0,0,0,0,1,350,0
383.00,12,0,0,0,0,1,350,0
383.00,12,0,0,0,0,1,350,0
383.00,12,0,0,0,0,1,350,0
383.00,12,0,0,0,0,1,350,0
383.00,12,0,0,0,0,1,350,0
383.00,12,0,0,0,0,1,334,0
383.00,12,0,0,0,0,1,334,0
383.00,12,0,0,0,0,1,334,0
383.00,12,0,0,0,0,1,334,0
383.62,43,0,0,0,0,1,350,0
383.62,43,0,0,0,0,1,350,0
383.62,43,0,0,0,0,1,350,0
384.00,12,1,0,0,0,1,370,0
384.00,12,0,0,0,0,1,370,0
384.00,12,0,0,0,0,1,684,0
384.00,12,1,0,0,0,1,684,0
384.00,12,0,0,0,0,1,350,0
384.00,12,0,0,0,0,1,350,0
384.00,12,0,0,0,0,1,350,0
384.00,12,0,0,0,0,1,350,0
384.00,12,0,0,0,0,1,350,0
384.00,12,0,0,0,0,1,350,0
384.00,12,0,0,0,0,1,350,0
384.00,12,0,0,0,0,1,350,0
384.00,12,0,0,0,0,1,428,0
384.00,12,0,0,0,0,1,428,0
384.00,12,0,0,0,0,1,428,0
384.00,12,0,0,0,0,1,428,0
384.00,12,0,0,0,0,1,428,0
384.00,12,0,0,0,0,1,350,0
384.00,12,0,0,0,0,1,350,0
384.00,12,0,0,0,0,1,350,0
384.00,43,0,0,0,0,1,700,0
384.00,43,0,0,0,0,1,700,0
384.00,43,0,0,0,0,1,700,0
384.00,43,0,0,0,0,1,700,0
384.00,43,0,0,0,0,1,700,0
385.00,12,0,0,0,0,1,250,0
385.00,12,0,0,0,0,1,250,0
385.00,12,0,0,0,0,1,250,0
385.00,12,0,0,0,0,1,250,0
385.00,12,0,0,0,0,1,350,0
385.00,12,0,0,0,0,1,350,0
385.00,12,0,0,0,0,1,350,0
385.00,12,0,0,0,0,1,350,0
385.00,12,0,0,0,0,1,350,0
385.00,12,0,0,0,0,1,350,0
385.00,12,0,0,0,0,1,350,0
385.00,12,0,0,0,0,1,350,0
385.00,12,0,0,0,0,1,350,0
385.00,12,0,0,0,0,1,350,0
385.00,12,0,0,0,0,1,350,0
385.45,12,0,0,0,0,1,338,0
385.45,12,0,0,0,0,1,338,0
385.45,12,0,0,0,0,1,338,0
385.45,12,0,0,0,0,1,338,0
386.00,12,0,0,0,0,1,467,0
386.00,12,0,0,0,0,1,467,0
386.00,12,0,0,0,0,1,467,0
386.00,12,0,0,0,0,1,467,0
386.00,12,0,0,0,0,1,467,0
386.00,12,0,0,0,0,1,350,0
386.00,12,0,0,0,0,1,350,0
386.00,12,0,0,0,0,1,350,0
386.00,12,0,0,0,0,1,350,0
386.00,12,0,0,0,0,1,350,0
386.00,12,0,0,0,0,1,350,0
386.00,12,0,0,0,0,1,350,0
386.00,12,0,0,0,0,1,738,0
386.00,12,0,0,0,0,1,738,0
386.00,12,0,0,0,0,1,738,0
386.00,12,0,0,0,0,1,738,0
386.00,12,0,0,0,0,1,738,0
386.00,12,0,0,0,0,1,738,0
386.00,12,0,0,0,0,1,738,0
386.00,12,0,0,0,0,1,738,0
386.00,12,0,0,0,0,1,738,0
386.00,12,0,0,0,0,1,738,0
386.00,12,0,0,0,0,1,738,0
386.00,12,0,0,0,0,1,738,0
386.00,12,0,0,0,0,1,738,0
386.00,12,0,0,0,0,1,738,0
386.00,24,0,0,0,0,1,700,0
386.00,24,0,0,0,0,1,700,0
386.00,24,0,0,0,0,1,700,0
386.65,43,0,0,0,0,1,350,0
386.65,43,0,0,0,0,1,350,0
386.65,43,0,0,0,0,1,350,0
387.00,24,0,0,0,0,1,500,0
387.00,24,0,0,0,0,1,500,0
387.00,24,0,0,0,0,1,500,0
387.00,24,0,0,0,0,1,500,0
387.00,24,0,0,0,0,1,500,0
387.00,24,0,0,0,0,1,500,0
387.00,12,0,0,0,0,1,350,0
387.00,12,0,0,0,0,1,350,0
387.00,12,0,0,0,0,1,350,0
387.00,12,0,0,0,0,1,350,0
387.67,43,0,0,0,0,1,350,0
387.67,43,0,0,0,0,1,350,0
387.67,43,0,0,0,0,1,350,0
387.67,43,0,0,0,0,1,350,0
388.00,12,0,0,0,0,1,360,0
388.00,12,1,0,0,0,1,360,0
388.00,12,0,0,0,0,1,467,0
388.00,12,0,0,0,0,1,467,0
388.00,12,0,0,0,0,1,467,0
388.00,12,0,0,0,0,1,467,0
388.00,12,0,0,0,0,1,467,0
388.00,27,0,0,0,0,1,450,0
388.00,27,0,0,0,0,1,450,0
388.00,27,0,0,0,0,1,450,0
388.00,27,0,0,0,0,1,700,0
388.00,27,0,0,0,0,1,700,0
388.00,27,0,0,0,0,1,700,0
388.00,27,0,0,0,0,1,700,0
388.00,27,0,0,0,0,1,700,0
388.68,24,0,0,0,0,1,450,0
388.68,24,0,0,0,0,1,450,0
388.68,24,0,0,0,0,1,450,0
388.68,24,0,0,0,0,1,450,0
388.68,24,0,0,0,0,1,450,0
388.68,24,0,0,0,0,1,450,0
389.00,12,0,0,0,0,1,467,0
389.00,12,0,0,0,0,1,467,0
389.00,12,0,0,0,0,1,467,0
389.00,12,0,0,0,0,1,467,0
389.00,12,0,0,0,0,1,467,0
389.00,12,0,0,0,0,1,350,0
389.00,12,0,0,0,0,1,350,0
389.00,12,0,0,0,0,1,350,0
389.00,12,0,0,0,0,1,350,0
389.00,12,0,0,0,0,1,350,0
389.00,12,0,0,0,0,1,350,0
389.00,12,0,0,0,0,1,350,0
389.00,12,0,0,0,0,1,350,0
389.00,12,0,0,0,0,1,350,0
389.00,12,0,0,0,0,1,350,0
389.00,12,0,0,0,0,1,350,0
389.00,24,0,0,0,0,1,700,0
389.00,24,0,0,0,0,1,700,0
389.00,24,0,0,0,0,1,700,0
389.00,24,0,0,0,0,1,700,0
389.50,12,0,0,0,0,1,-9,0
389.50,12,0,0,0,0,1,-9,0
389.50,12,0,0,0,0,1,-9,0
389.50,12,0,0,0,0,1,-9,0
389.55,12,0,0,0,0,1,338,0
389.55,12,0,0,0,0,1,338,0
389.55,12,0,0,0,0,1,338,0
389.55,12,0,0,0,0,1,338,0
389.55,12,0,0,0,0,1,338,0
389.55,12,0,0,0,0,1,338,0
389.90,12,0,0,0,0,1,738,0
389.90,12,0,0,0,0,1,738,0
389.90,12,0,0,0,0,1,738,0
389.90,12,0,0,0,0,1,738,0
389.90,12,0,0,0,0,1,738,0
389.90,12,0,0,0,0,1,738,0
389.90,12,0,0,0,0,1,738,0
389.90,12,0,0,0,0,1,738,0
389.90,12,0,0,0,0,1,738,0
389.90,12,0,0,0,0,1,738,0
389.90,12,0,0,0,0,1,738,0
389.90,12,0,0,0,0,1,738,0
389.90,12,0,0,0,0,1,738,0
389.90,12,0,0,0,0,1,738,0
390.00,23,0,0,0,0,1,-423,0
390.00,23,0,0,0,0,1,-423,0
390.00,23,0,0,0,0,1,-423,0
390.00,23,0,0,0,0,1,-423,0
390.00,12,0,0,0,0,1,467,0
390.00,12,0,0,0,0,1,467,0
390.00,12,0,0,0,0,1,467,0
390.00,12,0,0,0,0,1,467,0
390.00,12,0,0,0,0,1,467,0
390.00,12,0,0,0,0,1,83,0
390.00,12,0,0,0,0,1,83,0
390.00,12,0,0,0,0,1,83,0
390.00,12,0,0,0,0,1,83,0
390.00,12,0,0,0,0,1,83,0
390.00,12,0,0,0,0,1,83,0
390.00,12,0,0,0,0,1,83,0
390.00,12,0,0,0,0,1,83,0
390.00,12,0,0,0,0,1,350,0
390.00,12,0,0,0,0,1,350,0
390.00,12,0,0,0,0,1,350,0
390.50,12,0,0,0,0,1,738,0
390.50,12,0,0,0,0,1,738,0
390.50,12,0,0,0,0,1,738,0
390.50,12,0,0,0,0,1,738,0
390.50,12,0,0,0,0,1,738,0
390.50,12,0,0,0,0,1,738,0
390.50,12,0,0,0,0,1,738,0
390.50,12,0,0,0,0,1,738,0
390.50,12,0,0,0,0,1,738,0
390.50,12,0,0,0,0,1,738,0
390.50,12,0,0,0,0,1,738,0
390.50,12,0,0,0,0,1,738,0
390.50,12,0,0,0,0,1,738,0
390.50,12,0,0,0,0,1,738,0
390.50,43,0,0,0,0,1,450,0
390.50,43,1,0,0,0,1,450,0
390.50,43,0,0,0,0,1,450,0
390.50,43,1,0,0,0,1,395,0
391.00,12,0,0,0,0,1,250,0
391.00,12,0,0,0,0,1,250,0
391.00,12,0,0,0,0,1,250,0
391.00,12,0,0,0,0,1,250,0
391.00,12,0,0,0,0,1,370,0
391.00,12,1,0,0,0,1,370,0
391.00,12,0,0,0,0,1,380,0
391.00,12,1,0,0,0,1,380,0
391.00,12,1,0,0,0,1,370,0
391.00,12,0,0,0,0,1,370,0
391.00,12,0,0,0,0,1,350,0
391.00,12,0,0,0,0,1,350,0
391.00,12,0,0,0,0,1,350,0
391.00,12,0,0,0,0,1,350,0
391.75,12,1,0,0,0,1,35,0
391.75,12,0,0,0,0,1,35,0
392.00,12,0,0,0,0,1,317,0
392.00,12,0,0,0,0,1,317,0
392.00,12,0,0,0,0,1,317,0
392.00,12,0,0,0,0,1,317,0
392.00,12,0,0,0,0,1,317,0
392.00,12,0,0,0,0,1,317,0
392.00,12,0,0,0,0,1,350,0
392.00,12,0,0,0,0,1,350,0
392.00,12,0,0,0,0,1,350,0
392.00,12,0,0,0,0,1,350,0
392.00,23,0,0,0,0,1,475,0
392.00,23,1,0,0,0,1,475,0
392.00,23,0,0,0,0,1,475,0
392.50,12,0,0,0,0,1,250,0
392.50,12,0,0,0,0,1,250,0
392.50,12,0,0,0,0,1,250,0
392.50,12,0,0,0,0,1,250,0
392.50,12,0,0,0,0,1,584,0
392.50,12,0,0,0,0,1,584,0
392.50,12,0,0,0,0,1,584,0
392.50,12,0,0,0,0,1,584,0
392.50,12,0,0,0,0,1,584,0
392.50,12,0,0,0,0,1,584,0
393.00,12,1,0,0,0,1,400,0
393.00,12,0,0,0,0,1,350,0
393.00,12,0,0,0,0,1,350,0
393.00,12,0,0,0,0,1,350,0
393.00,12,0,0,0,0,1,350,0
393.00,12,0,0,0,0,1,350,0
393.00,12,0,0,0,0,1,350,0
393.00,12,0,0,0,0,1,350,0
393.00,12,0,0,0,0,1,250,0
393.00,12,0,0,0,0,1,250,0
393.00,12,0,0,0,0,1,250,0
393.00,12,0,0,0,0,1,250,0
393.00,24,0,0,0,0,1,591,0
393.00,24,0,0,0,0,1,591,0
393.00,24,0,0,0,0,1,591,0
393.00,24,0,0,0,0,1,591,0
393.00,24,0,0,0,0,1,591,0
393.00,24,0,0,0,0,1,591,0
393.00,23,0,0,0,0,1,600,0
393.00,23,0,0,0,0,1,600,0
393.00,23,0,0,0,0,1,600,0
393.00,23,0,0,0,0,1,600,0
393.00,12,0,0,0,0,1,392,0
393.00,12,0,0,0,0,1,392,0
393.00,12,0,0,0,0,1,392,0
393.00,12,0,0,0,0,1,392,0
393.50,27,0,0,0,0,1,-548,0
393.50,27,0,0,0,0,1,-548,0
393.50,27,0,0,0,0,1,-548,0
393.50,27,0,0,0,0,1,-548,0
393.75,43,0,0,0,0,1,350,0
393.75,43,1,0,0,0,1,350,0
393.75,43,0,0,0,0,1,350,0
394.00,12,0,0,0,0,1,250,0
394.00,12,0,0,0,0,1,250,0
394.00,12,0,0,0,0,1,250,0
394.00,12,0,0,0,0,1,250,0
394.00,12,0,0,0,0,1,250,0
394.00,12,1,0,0,0,1,370,0
394.00,12,0,0,0,0,1,370,0
394.00,12,0,0,0,0,1,392,0
394.00,12,1,0,0,0,1,392,0
394.00,12,0,0,0,0,1,392,0
394.00,12,0,0,0,0,1,350,0
394.00,12,0,0,0,0,1,350,0
394.00,12,0,0,0,0,1,350,0
394.00,12,0,0,0,0,1,350,0
394.00,12,0,0,0,0,1,350,0
394.00,12,0,0,0,0,1,350,0
394.00,12,0,0,0,0,1,350,0
394.00,12,0,0,0,0,1,350,0
394.50,12,0,0,0,0,1,738,0
394.50,12,0,0,0,0,1,738,0
394.50,12,0,0,0,0,1,738,0
394.50,12,0,0,0,0,1,738,0
394.50,12,0,0,0,0,1,738,0
394.50,12,0,0,0,0,1,738,0
394.50,12,0,0,0,0,1,738,0
394.50,12,0,0,0,0,1,738,0
394.50,12,0,0,0,0,1,738,0
394.50,12,0,0,0,0,1,738,0
394.50,12,0,0,0,0,1,738,0
394.50,12,0,0,0,0,1,738,0
394.50,12,0,0,0,0,1,738,0
394.50,12,0,0,0,0,1,738,0
395.00,27,0,0,0,0,1,212,0
395.00,27,1,0,0,0,1,212,0
395.00,12,0,0,0,0,1,360,0
395.00,12,1,0,0,0,1,360,0
395.00,12,0,0,0,0,1,360,0
395.00,12,1,0,0,0,1,378,0
395.00,12,0,0,0,0,1,378,0
395.00,12,1,0,0,0,1,380,0
395.00,12,0,0,0,0,1,380,0
395.00,12,1,0,0,0,1,380,0
395.00,24,0,0,0,0,1,700,0
395.00,24,0,0,0,0,1,700,0
395.00,24,0,0,0,0,1,700,0
395.00,24,0,0,0,0,1,700,0
395.00,24,0,0,0,0,1,700,0
395.00,24,0,0,0,0,1,700,0
395.00,24,0,0,0,0,1,700,0
395.00,24,0,0,0,0,1,700,0
395.00,12,0,0,0,0,1,350,0
395.00,12,0,0,0,0,1,350,0
395.00,12,0,0,0,0,1,350,0
395.00,12,0,0,0,0,1,350,0
395.00,12,0,0,0,0,1,350,0
395.00,12,0,0,0,0,1,350,0
395.00,12,0,0,0,0,1,350,0
395.00,12,0,0,0,0,1,350,0
395.00,12,0,0,0,0,1,350,0
395.00,12,0,0,0,0,1,350,0
395.00,12,0,0,0,0,1,350,0
395.00,12,0,0,0,0,1,350,0
395.00,12,0,0,0,0,1,350,0
395.00,12,0,0,0,0,1,350,0
395.00,12,0,0,0,0,1,350,0
395.00,12,0,0,0,0,1,350,0
395.00,12,0,0,0,0,1,350,0
395.00,12,0,0,0,0,1,350,0
395.00,12,0,0,0,0,1,350,0
395.00,12,0,0,0,0,1,350,0
395.00,12,0,0,0,0,1,350,0
395.00,12,0,0,0,0,1,350,0
395.00,12,0,0,0,0,1,350,0
395.00,12,0,0,0,0,1,350,0
395.00,12,0,0,0,0,1,350,0
395.00,12,0,0,0,0,1,350,0
395.00,12,0,0,0,0,1,350,0
395.00,12,0,0,0,0,1,350,0
395.50,43,0,0,0,0,1,634,0
395.50,43,0,0,0,0,1,634,0
395.50,43,0,0,0,0,1,634,0
395.50,43,0,0,0,0,1,634,0
395.77,43,0,0,0,0,1,350,0
395.77,43,0,0,0,0,1,350,0
395.77,43,0,0,0,0,1,350,0
395.77,43,0,0,0,0,1,350,0
396.00,12,0,0,0,0,1,392,0
396.00,12,0,0,0,0,1,392,0
396.00,12,0,0,0,0,1,392,0
396.00,12,0,0,0,0,1,392,0
396.00,12,0,0,0,0,1,350,0
396.00,12,0,0,0,0,1,350,0
396.00,12,0,0,0,0,1,350,0
396.00,12,0,0,0,0,1,350,0
396.00,27,0,0,0,0,1,196,0
396.00,27,0,0,0,0,1,196,0
396.00,27,0,0,0,0,1,196,0
396.00,27,0,0,0,0,1,196,0
396.00,12,0,0,0,0,1,350,0
396.00,12,0,0,0,0,1,350,0
396.00,12,0,0,0,0,1,350,0
396.00,12,0,0,0,0,1,350,0
396.00,12,0,0,0,0,1,338,0
396.00,12,0,0,0,0,1,338,0
396.00,12,0,0,0,0,1,338,0
396.00,12,0,0,0,0,1,338,0
396.00,12,0,0,0,0,1,338,0
396.00,12,0,0,0,0,1,350,0
396.00,12,0,0,0,0,1,350,0
396.00,12,0,0,0,0,1,350,0
396.00,12,0,0,0,0,1,350,0
396.00,27,0,0,0,0,1,700,0
396.00,27,0,0,0,0,1,700,0
396.00,27,0,0,0,0,1,700,0
396.00,27,0,0,0,0,1,700,0
396.00,27,0,0,0,0,1,700,0
396.00,27,0,0,0,0,1,700,0
396.00,27,0,0,0,0,1,700,0
396.00,27,0,0,0,0,1,700,0
396.00,27,0,0,0,0,1,700,0
396.00,27,0,0,0,0,1,700,0
396.00,27,0,0,0,0,1,700,0
396.40,12,0,0,0,0,1,375,0
396.40,12,0,0,0,0,1,375,0
396.40,12,0,0,0,0,1,375,0
396.40,12,0,0,0,0,1,375,0
396.40,12,0,0,0,0,1,375,0
396.78,43,0,0,0,0,1,350,0
396.78,43,0,0,0,0,1,350,0
396.78,43,0,0,0,0,1,350,0
396.78,24,0,0,0,0,1,600,0
396.78,24,0,0,0,0,1,600,0
396.78,24,0,0,0,0,1,600,0
396.78,24,0,0,0,0,1,600,0
396.78,24,0,0,0,0,1,600,0
396.78,24,0,0,0,0,1,600,0
396.78,24,0,0,0,0,1,600,0
396.78,24,0,0,0,0,1,600,0
396.78,24,0,0,0,0,1,600,0
396.78,24,0,0,0,0,1,600,0
397.00,12,0,0,0,0,1,330,0
397.00,12,1,0,0,0,1,330,0
397.00,12,0,0,0,0,1,340,0
397.00,12,1,0,0,0,1,340,0
397.00,12,0,0,0,0,1,340,0
397.00,12,0,0,0,0,1,400,0
397.00,12,1,0,0,0,1,400,0
397.00,12,0,0,0,0,1,350,0
397.00,12,0,0,0,0,1,350,0
397.00,12,0,0,0,0,1,350,0
397.00,12,0,0,0,0,1,350,0
397.00,12,0,0,0,0,1,350,0
397.00,12,0,0,0,0,1,350,0
397.00,12,0,0,0,0,1,350,0
397.00,12,0,0,0,0,1,350,0
397.00,12,0,0,0,0,1,350,0
397.00,12,0,0,0,0,1,350,0
397.00,12,0,0,0,0,1,350,0
397.00,12,0,0,0,0,1,350,0
397.00,12,0,0,0,0,1,350,0
397.00,12,0,0,0,0,1,350,0
397.50,12,0,0,0,0,1,250,0
397.50,12,0,0,0,0,1,250,0
397.50,12,0,0,0,0,1,250,0
397.50,43,0,0,0,0,1,634,0
397.50,43,0,0,0,0,1,634,0
397.50,43,0,0,0,0,1,634,0
397.50,43,0,0,0,0,1,634,0
397.80,12,0,0,0,0,1,338,0
397.80,12,0,0,0,0,1,338,0
397.80,12,0,0,0,0,1,338,0
397.80,12,0,0,0,0,1,338,0
397.80,12,0,0,0,0,1,338,0
398.00,12,1,0,0,0,1,400,0
398.00,43,0,0,0,0,1,-88,0
398.00,43,0,0,0,0,1,-88,0
398.00,43,0,0,0,0,1,-88,0
398.00,43,0,0,0,0,1,-88,0
398.00,43,0,0,0,0,1,-88,0
398.00,12,0,0,0,0,1,350,0
398.00,12,0,0,0,0,1,350,0
398.00,12,0,0,0,0,1,350,0
398.00,12,0,0,0,0,1,350,0
398.00,12,0,0,0,0,1,350,0
398.00,12,0,0,0,0,1,350,0
398.00,12,0,0,0,0,1,350,0
398.00,12,0,0,0,0,1,350,0
398.00,12,0,0,0,0,1,550,0
398.00,12,0,0,0,0,1,550,0
398.00,12,0,0,0,0,1,550,0
398.00,12,0,0,0,0,1,550,0
398.00,12,0,0,0,0,1,550,0
398.00,12,0,0,0,0,1,550,0
398.00,12,0,0,0,0,1,550,0
398.00,12,0,0,0,0,1,550,0
398.00,12,0,0,0,0,1,350,0
398.00,12,0,0,0,0,1,350,0
398.00,12,0,0,0,0,1,350,0
398.00,12,0,0,0,0,1,350,0
398.00,24,0,0,0,0,1,500,0
398.00,24,0,0,0,0,1,500,0
398.00,24,0,0,0,0,1,500,0
398.00,24,0,0,0,0,1,500,0
398.00,24,0,0,0,0,1,500,0
398.00,24,0,0,0,0,1,500,0
398.00,27,0,0,0,0,1,550,0
398.00,27,0,0,0,0,1,550,0
398.00,27,0,0,0,0,1,550,0
398.00,27,0,0,0,0,1,550,0
398.00,26,0,0,0,0,1,138,0
398.00,26,0,0,0,0,1,138,0
398.00,26,0,0,0,0,1,138,0
398.00,26,0,0,0,0,1,138,0
398.00,26,0,0,0,0,1,138,0
398.30,43,0,0,0,0,1,350,0
398.30,43,0,0,0,0,1,350,0
398.30,43,0,0,0,0,1,350,0
398.95,12,0,0,0,0,1,650,0
398.95,12,0,0,0,0,1,650,0
398.95,12,0,0,0,0,1,650,0
398.95,12,0,0,0,0,1,650,0
399.00,24,0,0,0,0,1,700,0
399.00,24,0,0,0,0,1,700,0
399.00,24,0,0,0,0,1,700,0
399.00,12,0,0,0,0,1,350,0
399.00,12,0,0,0,0,1,350,0
399.00,12,0,0,0,0,1,350,0
399.00,12,0,0,0,0,1,350,0
399.00,12,0,0,0,0,1,350,0
399.00,12,0,0,0,0,1,350,0
399.00,12,0,0,0,0,1,350,0
399.00,43,1,0,0,0,1,395,0
399.00,43,0,0,0,0,1,395,0
399.00,12,0,0,0,0,1,350,0
399.00,12,0,0,0,0,1,350,0
399.00,12,0,0,0,0,1,350,0
399.00,12,0,0,0,0,1,350,0
399.00,23,0,0,0,0,1,600,0
399.00,23,0,0,0,0,1,600,0
399.00,23,0,0,0,0,1,600,0
399.00,23,0,0,0,0,1,600,0
399.50,12,0,0,0,0,1,363,0
399.50,12,0,0,0,0,1,363,0
399.50,12,0,0,0,0,1,363,0
399.50,12,0,0,0,0,1,363,0
399.50,12,0,0,0,0,1,363,0
399.75,12,0,0,0,0,1,738,0
399.75,12,0,0,0,0,1,738,0
399.75,12,0,0,0,0,1,738,0
399.75,12,0,0,0,0,1,738,0
399.75,12,0,0,0,0,1,738,0
399.75,12,0,0,0,0,1,738,0
399.75,12,0,0,0,0,1,738,0
399.75,12,0,0,0,0,1,738,0
399.75,12,0,0,0,0,1,738,0
399.75,12,0,0,0,0,1,738,0
399.75,12,0,0,0,0,1,738,0
399.75,12,0,0,0,0,1,738,0
399.75,12,0,0,0,0,1,738,0
399.75,12,0,0,0,0,1,738,0
399.82,43,0,0,0,0,1,350,0
399.82,43,0,0,0,0,1,350,0
399.82,43,0,0,0,0,1,350,0
400.00,24,0,0,0,0,1,500,0
400.00,24,0,0,0,0,1,500,0
400.00,24,0,0,0,0,1,500,0
400.00,24,0,0,0,0,1,500,0
400.00,24,0,0,0,0,1,500,0
400.00,24,0,0,0,0,1,500,0
400.00,12,0,0,0,0,1,350,0
400.00,12,0,0,0,0,1,350,0
400.00,12,0,0,0,0,1,350,0
400.00,12,0,0,0,0,1,350,0
400.00,12,0,0,0,0,1,350,0
400.00,12,0,0,0,0,1,350,0
400.00,43,0,0,0,0,1,634,0
400.00,43,0,0,0,0,1,634,0
400.00,43,0,0,0,0,1,634,0
400.00,43,0,0,0,0,1,634,0
400.00,12,0,0,0,0,1,363,0
400.00,12,0,0,0,0,1,363,0
400.00,12,0,0,0,0,1,363,0
400.00,12,0,0,0,0,1,363,0
400.00,12,0,0,0,0,1,738,0
400.00,12,0,0,0,0,1,738,0
400.00,12,0,0,0,0,1,738,0
400.00,12,0,0,0,0,1,738,0
400.00,12,0,0,0,0,1,738,0
400.00,12,0,0,0,0,1,738,0
400.00,12,0,0,0,0,1,738,0
400.00,12,0,0,0,0,1,738,0
400.00,12,0,0,0,0,1,738,0
400.00,12,0,0,0,0,1,738,0
400.00,12,0,0,0,0,1,738,0
400.00,12,0,0,0,0,1,738,0
400.00,12,0,0,0,0,1,738,0
400.00,12,0,0,0,0,1,738,0
400.33,43,1,0,0,0,1,625,0
400.33,43,0,0,0,0,1,625,0
400.50,12,0,0,0,0,1,44,0
400.50,12,1,0,0,0,1,44,0
400.50,12,1,0,0,0,1,35,0
400.50,12,0,0,0,0,1,35,0
401.00,12,1,0,0,0,1,360,0
401.00,23,0,0,0,0,1,-84,0
401.00,23,1,0,0,0,1,-84,0
401.00,23,0,0,0,0,1,-84,0
401.00,24,0,0,0,0,1,591,0
401.00,24,0,0,0,0,1,591,0
401.00,24,0,0,0,0,1,591,0
401.00,24,0,0,0,0,1,591,0
401.00,24,0,0,0,0,1,591,0
401.00,27,0,0,0,0,1,700,0
401.00,27,0,0,0,0,1,700,0
401.00,27,0,0,0,0,1,700,0
401.00,27,0,0,0,0,1,700,0
401.00,27,0,0,0,0,1,700,0
401.00,12,1,0,0,0,1,35,0
401.00,12,0,0,0,0,1,35,0
401.00,12,0,0,0,0,1,-9,0
401.00,12,0,0,0,0,1,-9,0
401.00,12,0,0,0,0,1,-9,0
401.00,12,0,0,0,0,1,-9,0
401.00,12,0,0,0,0,1,350,0
401.00,12,0,0,0,0,1,350,0
401.00,12,0,0,0,0,1,350,0
401.00,12,0,0,0,0,1,350,0
401.00,12,0,0,0,0,1,350,0
401.00,12,0,0,0,0,1,350,0
401.00,12,0,0,0,0,1,350,0
401.00,12,0,0,0,0,1,350,0
401.00,12,0,0,0,0,1,350,0
401.00,12,0,0,0,0,1,350,0
401.00,12,0,0,0,0,1,350,0
401.00,27,0,0,0,0,1,700,0
401.00,27,0,0,0,0,1,700,0
401.00,27,0,0,0,0,1,700,0
401.00,27,0,0,0,0,1,700,0
401.00,27,0,0,0,0,1,700,0
401.00,12,0,0,0,0,1,350,0
401.00,12,0,0,0,0,1,350,0
401.00,12,0,0,0,0,1,350,0
401.00,12,0,0,0,0,1,350,0
401.00,12,0,0,0,0,1,350,0
401.00,12,0,0,0,0,1,350,0
401.00,12,0,0,0,0,1,350,0
401.20,12,0,0,0,0,1,338,0
401.20,12,0,0,0,0,1,338,0
401.20,12,0,0,0,0,1,338,0
401.20,12,0,0,0,0,1,338,0
401.20,12,0,0,0,0,1,338,0
401.34,43,0,0,0,0,1,350,0
401.34,43,0,0,0,0,1,350,0
401.34,43,0,0,0,0,1,350,0
401.50,43,0,0,0,0,1,634,0
401.50,43,0,0,0,0,1,634,0
401.50,43,0,0,0,0,1,634,0
401.50,43,0,0,0,0,1,634,0
401.60,12,0,0,0,0,1,738,0
401.60,12,0,0,0,0,1,738,0
401.60,12,0,0,0,0,1,738,0
401.60,12,0,0,0,0,1,738,0
401.60,12,0,0,0,0,1,738,0
401.60,12,0,0,0,0,1,738,0
401.60,12,0,0,0,0,1,738,0
401.60,12,0,0,0,0,1,738,0
401.60,12,0,0,0,0,1,738,0
401.60,12,0,0,0,0,1,738,0
401.60,12,0,0,0,0,1,738,0
401.60,12,0,0,0,0,1,738,0
401.60,12,0,0,0,0,1,738,0
401.60,12,0,0,0,0,1,738,0
401.85,23,1,0,0,0,1,-503,0
401.85,23,0,0,0,0,1,-503,0
401.85,43,0,0,0,0,1,350,0
401.85,43,0,0,0,0,1,350,0
401.85,43,0,0,0,0,1,350,0
401.85,23,0,0,0,0,1,-460,0
401.85,23,1,0,0,0,1,-460,0
402.00,12,0,0,0,0,1,350,0
402.00,12,0,0,0,0,1,350,0
402.00,12,0,0,0,0,1,350,0
402.00,12,0,0,0,0,1,350,0
402.00,12,0,0,0,0,1,350,0
402.00,12,0,0,0,0,1,350,0
402.00,12,0,0,0,0,1,350,0
402.00,23,0,0,0,0,1,366,0
402.00,23,0,0,0,0,1,366,0
402.00,23,0,0,0,0,1,366,0
402.00,12,0,0,0,0,1,350,0
402.00,12,0,0,0,0,1,350,0
402.00,12,0,0,0,0,1,350,0
402.00,12,0,0,0,0,1,350,0
402.50,12,0,0,0,0,1,338,0
402.50,12,0,0,0,0,1,338,0
402.50,12,0,0,0,0,1,338,0
402.50,12,0,0,0,0,1,338,0
402.50,12,0,0,0,0,1,338,0
403.00,12,0,0,0,0,1,400,0
403.00,12,1,0,0,0,1,400,0
403.00,12,0,0,0,0,1,467,0
403.00,12,0,0,0,0,1,467,0
403.00,12,0,0,0,0,1,467,0
403.00,12,0,0,0,0,1,467,0
403.00,12,0,0,0,0,1,467,0
403.00,12,0,0,0,0,1,392,0
403.00,12,1,0,0,0,1,392,0
403.00,12,0,0,0,0,1,392,0
403.00,12,0,0,0,0,1,350,0
403.00,12,0,0,0,0,1,350,0
403.00,12,0,0,0,0,1,350,0
403.00,12,0,0,0,0,1,350,0
403.00,12,0,0,0,0,1,350,0
403.00,12,0,0,0,0,1,350,0
403.00,12,0,0,0,0,1,350,0
403.00,12,0,0,0,0,1,350,0
403.00,12,0,0,0,0,1,350,0
403.00,12,0,0,0,0,1,350,0
403.00,12,0,0,0,0,1,350,0
403.00,12,0,0,0,0,1,350,0
403.00,12,0,0,0,0,1,350,0
403.00,12,0,0,0,0,1,350,0
403.00,43,0,0,0,0,1,700,0
403.00,43,0,0,0,0,1,700,0
403.00,43,0,0,0,0,1,700,0
403.00,43,0,0,0,0,1,700,0
403.00,43,0,0,0,0,1,700,0
403.10,12,0,0,0,0,1,338,0
403.10,12,0,0,0,0,1,338,0
403.10,12,0,0,0,0,1,338,0
403.10,12,0,0,0,0,1,338,0
403.10,12,0,0,0,0,1,338,0
404.00,23,0,0,0,0,1,217,0
404.00,23,0,0,0,0,1,217,0
404.00,23,0,0,0,0,1,217,0
404.00,23,0,0,0,0,1,217,0
404.00,23,0,0,0,0,1,217,0
404.00,23,0,0,0,0,1,217,0
404.00,23,0,0,0,0,1,217,0
404.00,23,0,0,0,0,1,217,0
404.00,23,0,0,0,0,1,217,0
404.00,12,0,0,0,0,1,350,0
404.00,12,0,0,0,0,1,350,0
404.00,12,0,0,0,0,1,350,0
404.00,12,0,0,0,0,1,350,0
404.00,12,0,0,0,0,1,350,0
404.00,12,0,0,0,0,1,350,0
404.00,12,0,0,0,0,1,350,0
404.00,12,0,0,0,0,1,350,0
404.00,12,0,0,0,0,1,738,0
404.00,12,0,0,0,0,1,738,0
404.00,12,0,0,0,0,1,738,0
404.00,12,0,0,0,0,1,738,0
404.00,12,0,0,0,0,1,738,0
404.00,12,0,0,0,0,1,738,0
404.00,12,0,0,0,0,1,738,0
404.00,12,0,0,0,0,1,738,0
404.00,12,0,0,0,0,1,738,0
404.00,12,0,0,0,0,1,738,0
404.00,12,0,0,0,0,1,738,0
404.00,12,0,0,0,0,1,738,0
404.00,12,0,0,0,0,1,738,0
404.00,12,0,0,0,0,1,738,0
404.00,12,0,0,0,0,1,350,0
404.00,12,0,0,0,0,1,350,0
404.00,12,0,0,0,0,1,350,0
404.00,12,0,0,0,0,1,350,0
404.00,12,0,0,0,0,1,350,0
404.00,12,0,0,0,0,1,350,0
404.00,12,0,0,0,0,1,350,0
404.00,43,0,0,0,0,1,-210,0
404.00,43,0,0,0,0,1,-210,0
404.00,43,0,0,0,0,1,-210,0
404.00,43,0,0,0,0,1,-210,0
404.50,12,0,0,0,0,1,625,0
404.50,12,0,0,0,0,1,625,0
404.50,12,0,0,0,0,1,625,0
404.50,12,0,0,0,0,1,625,0
404.50,12,0,0,0,0,1,625,0
404.50,12,0,0,0,0,1,534,0
404.50,12,0,0,0,0,1,534,0
404.50,12,0,0,0,0,1,534,0
404.50,12,0,0,0,0,1,534,0
404.50,12,0,0,0,0,1,334,0
404.50,12,0,0,0,0,1,334,0
404.50,12,0,0,0,0,1,334,0
404.50,12,0,0,0,0,1,334,0
404.89,23,0,0,0,0,1,-488,0
404.89,23,0,0,0,0,1,-488,0
404.89,23,0,0,0,0,1,-488,0
404.89,43,0,0,0,0,1,350,0
404.89,43,1,0,0,0,1,350,0
404.89,43,0,0,0,0,1,350,0
404.89,24,0,0,0,0,1,600,0
404.89,24,0,0,0,0,1,600,0
404.89,24,0,0,0,0,1,600,0
404.89,24,0,0,0,0,1,600,0
404.89,24,0,0,0,0,1,600,0
404.89,24,0,0,0,0,1,600,0
404.89,24,0,0,0,0,1,600,0
404.89,24,0,0,0,0,1,600,0
404.89,24,0,0,0,0,1,600,0
404.89,24,0,0,0,0,1,600,0
405.00,12,0,0,0,0,1,317,0
405.00,12,0,0,0,0,1,317,0
405.00,12,0,0,0,0,1,317,0
405.00,12,0,0,0,0,1,317,0
405.00,12,0,0,0,0,1,317,0
405.00,12,0,0,0,0,1,317,0
405.00,12,0,0,0,0,1,330,0
405.00,12,1,0,0,0,1,330,0
405.00,12,0,0,0,0,1,340,0
405.00,12,1,0,0,0,1,340,0
405.00,12,0,0,0,0,1,340,0
405.00,43,0,0,0,0,1,700,0
405.00,43,0,0,0,0,1,700,0
405.00,43,0,0,0,0,1,700,0
405.00,43,0,0,0,0,1,700,0
405.00,43,0,0,0,0,1,700,0
405.00,43,0,0,0,0,1,700,0
405.00,12,0,0,0,0,1,350,0
405.00,12,0,0,0,0,1,350,0
405.00,12,0,0,0,0,1,350,0
405.00,12,0,0,0,0,1,350,0
405.00,24,0,0,0,0,1,-297,0
405.00,24,0,0,0,0,1,-297,0
405.00,24,0,0,0,0,1,-297,0
405.00,24,0,0,0,0,1,-297,0
405.00,24,0,0,0,0,1,-297,0
405.00,24,0,0,0,0,1,-297,0
405.00,24,0,0,0,0,1,-297,0
405.00,24,0,0,0,0,1,-297,0
405.00,24,0,0,0,0,1,-297,0
405.00,12,0,0,0,0,1,44,0
405.00,12,1,0,0,0,1,44,0
405.00,27,0,0,0,0,1,-548,0
405.00,27,0,0,0,0,1,-548,0
405.00,27,0,0,0,0,1,-548,0
405.00,12,0,0,0,0,1,350,0
405.00,12,0,0,0,0,1,350,0
405.00,12,0,0,0,0,1,350,0
405.00,12,0,0,0,0,1,350,0
405.00,12,0,0,0,0,1,250,0
405.00,12,0,0,0,0,1,250,0
405.00,12,0,0,0,0,1,250,0
405.00,12,0,0,0,0,1,250,0
405.00,12,0,0,0,0,1,350,0
405.00,12,0,0,0,0,1,350,0
405.00,12,0,0,0,0,1,350,0
405.00,12,0,0,0,0,1,350,0
405.00,12,0,0,0,0,1,350,0
405.00,12,0,0,0,0,1,350,0
405.00,12,0,0,0,0,1,350,0
405.00,12,0,0,0,0,1,350,0
405.00,12,0,0,0,0,1,350,0
405.00,12,0,0,0,0,1,350,0
405.00,12,0,0,0,0,1,250,0
405.00,12,0,0,0,0,1,250,0
405.00,12,0,0,0,0,1,250,0
405.00,12,0,0,0,0,1,250,0
405.00,12,0,0,0,0,1,250,0
405.00,27,0,0,0,0,1,700,0
405.00,27,0,0,0,0,1,700,0
405.00,27,0,0,0,0,1,700,0
405.00,27,0,0,0,0,1,700,0
405.00,27,0,0,0,0,1,700,0
405.00,27,0,0,0,0,1,700,0
405.00,12,0,0,0,0,1,350,0
405.00,12,0,0,0,0,1,350,0
405.00,12,0,0,0,0,1,350,0
405.00,24,0,0,0,0,1,591,0
405.00,24,0,0,0,0,1,591,0
405.00,24,0,0,0,0,1,591,0
405.00,24,0,0,0,0,1,591,0
405.00,24,0,0,0,0,1,591,0
405.39,43,0,0,0,0,1,350,0
405.39,43,0,0,0,0,1,350,0
405.39,43,0,0,0,0,1,350,0
405.90,23,0,0,0,0,1,-503,0
405.90,23,1,0,0,0,1,-503,0
405.90,24,0,0,0,0,1,450,0
405.90,24,0,0,0,0,1,450,0
405.90,24,0,0,0,0,1,450,0
405.90,24,0,0,0,0,1,450,0
405.90,24,0,0,0,0,1,450,0
406.00,12,1,0,0,0,1,35,0
406.00,12,0,0,0,0,1,35,0
406.00,12,0,0,0,0,1,350,0
406.00,12,0,0,0,0,1,350,0
406.00,12,0,0,0,0,1,350,0
406.00,12,0,0,0,0,1,350,0
406.00,12,0,0,0,0,1,350,0
406.00,12,0,0,0,0,1,350,0
406.00,12,0,0,0,0,1,350,0
406.00,12,0,0,0,0,1,250,0
406.00,12,0,0,0,0,1,250,0
406.00,12,0,0,0,0,1,250,0
406.00,12,0,0,0,0,1,250,0
406.00,12,0,0,0,0,1,250,0
406.00,12,0,0,0,0,1,350,0
406.00,12,0,0,0,0,1,350,0
406.00,12,0,0,0,0,1,350,0
406.00,12,0,0,0,0,1,350,0
406.50,12,0,0,0,0,1,392,0
406.50,12,0,0,0,0,1,392,0
406.50,12,0,0,0,0,1,392,0
406.50,12,0,0,0,0,1,392,0
406.50,12,0,0,0,0,1,363,0
406.50,12,0,0,0,0,1,363,0
406.50,12,0,0,0,0,1,363,0
406.50,12,0,0,0,0,1,363,0
406.90,12,0,0,0,0,1,338,0
406.90,12,0,0,0,0,1,338,0
406.90,12,0,0,0,0,1,338,0
406.90,12,0,0,0,0,1,338,0
406.90,12,0,0,0,0,1,338,0
406.91,24,0,0,0,0,1,600,0
406.91,24,0,0,0,0,1,600,0
406.91,24,0,0,0,0,1,600,0
406.91,24,0,0,0,0,1,600,0
406.91,24,0,0,0,0,1,600,0
406.91,24,0,0,0,0,1,600,0
406.91,24,0,0,0,0,1,600,0
406.91,24,0,0,0,0,1,600,0
406.91,24,0,0,0,0,1,600,0
406.91,24,0,0,0,0,1,600,0
406.91,24,0,0,0,0,1,600,0
407.00,12,0,0,0,0,1,363,0
407.00,12,0,0,0,0,1,363,0
407.00,12,0,0,0,0,1,363,0
407.00,12,0,0,0,0,1,363,0
407.00,12,1,0,0,0,1,333,0
407.00,12,0,0,0,0,1,333,0
407.00,12,0,0,0,0,1,350,0
407.00,12,0,0,0,0,1,350,0
407.00,12,0,0,0,0,1,350,0
407.00,12,0,0,0,0,1,350,0
407.00,12,0,0,0,0,1,350,0
407.00,12,0,0,0,0,1,350,0
407.00,12,0,0,0,0,1,350,0
407.00,43,0,0,0,0,1,634,0
407.00,43,0,0,0,0,1,634,0
407.00,43,0,0,0,0,1,634,0
407.00,43,0,0,0,0,1,634,0
407.00,12,0,0,0,0,1,350,0
407.00,12,0,0,0,0,1,350,0
407.00,12,0,0,0,0,1,350,0
407.00,12,0,0,0,0,1,350,0
407.93,24,0,0,0,0,1,-373,0
407.93,24,0,0,0,0,1,-373,0
407.93,24,0,0,0,0,1,-373,0
407.93,24,0,0,0,0,1,-373,0
407.93,24,0,0,0,0,1,-373,0
407.93,24,0,0,0,0,1,-373,0
408.00,12,0,0,0,0,1,392,0
408.00,12,0,0,0,0,1,392,0
408.00,12,0,0,0,0,1,392,0
408.00,12,0,0,0,0,1,392,0
408.00,12,0,0,0,0,1,350,0
408.00,12,0,0,0,0,1,350,0
408.00,12,0,0,0,0,1,350,0
408.00,12,0,0,0,0,1,350,0
408.00,24,0,0,0,0,1,374,0
408.00,24,0,0,0,0,1,374,0
408.00,24,0,0,0,0,1,374,0
408.00,24,0,0,0,0,1,374,0
408.00,24,0,0,0,0,1,374,0
408.00,24,0,0,0,0,1,700,0
408.00,24,0,0,0,0,1,700,0
408.00,24,0,0,0,0,1,700,0
408.00,24,0,0,0,0,1,700,0
408.00,23,0,0,0,0,1,600,0
408.00,23,0,0,0,0,1,600,0
408.00,23,0,0,0,0,1,600,0
408.00,23,0,0,0,0,1,600,0
408.00,23,0,0,0,0,1,411,0
408.00,23,1,0,0,0,1,411,0
408.00,23,0,0,0,0,1,411,0
408.00,24,0,0,0,0,1,500,0
408.00,24,0,0,0,0,1,500,0
408.00,24,0,0,0,0,1,500,0
408.00,24,0,0,0,0,1,500,0
408.00,24,0,0,0,0,1,500,0
408.00,24,0,0,0,0,1,500,0
408.00,22,0,0,0,0,1,-117,0
408.00,22,0,0,0,0,1,-117,0
408.00,22,0,0,0,0,1,-117,0
408.00,22,0,0,0,0,1,-117,0
408.00,12,0,0,0,0,1,350,0
408.00,12,0,0,0,0,1,350,0
408.00,12,0,0,0,0,1,350,0
408.00,12,0,0,0,0,1,350,0
408.00,24,0,0,0,0,1,700,0
408.00,24,0,0,0,0,1,700,0
408.00,24,0,0,0,0,1,700,0
408.00,12,0,0,0,0,1,250,0
408.00,12,0,0,0,0,1,250,0
408.00,12,0,0,0,0,1,250,0
408.00,12,0,0,0,0,1,250,0
408.00,12,0,0,0,0,1,250,0
408.00,12,0,0,0,0,1,350,0
408.00,12,0,0,0,0,1,350,0
408.00,12,0,0,0,0,1,350,0
408.00,12,0,0,0,0,1,350,0
408.00,12,0,0,0,0,1,350,0
408.00,12,0,0,0,0,1,350,0
408.00,12,0,0,0,0,1,350,0
408.00,12,0,0,0,0,1,350,0
408.00,12,0,0,0,0,1,350,0
408.00,12,0,0,0,0,1,350,0
408.00,12,0,0,0,0,1,350,0
408.00,12,0,0,0,0,1,350,0
408.00,12,0,0,0,0,1,350,0
408.00,12,0,0,0,0,1,350,0
408.00,12,0,0,0,0,1,350,0
408.00,12,0,0,0,0,1,250,0
408.00,12,0,0,0,0,1,250,0
408.00,12,0,0,0,0,1,250,0
408.00,12,0,0,0,0,1,250,0
408.00,12,0,0,0,0,1,250,0
408.00,12,0,0,0,0,1,350,0
408.00,12,0,0,0,0,1,350,0
408.00,12,0,0,0,0,1,350,0
408.00,12,0,0,0,0,1,350,0
408.00,12,0,0,0,0,1,392,0
408.00,12,1,0,0,0,1,392,0
408.00,12,0,0,0,0,1,392,0
408.00,12,0,0,0,0,1,350,0
408.00,12,0,0,0,0,1,350,0
408.00,12,0,0,0,0,1,350,0
408.50,12,0,0,0,0,1,-9,0
408.50,12,0,0,0,0,1,-9,0
408.50,12,0,0,0,0,1,-9,0
408.50,12,0,0,0,0,1,-9,0
408.50,23,0,0,0,0,1,354,0
408.50,23,0,0,0,0,1,354,0
408.50,23,0,0,0,0,1,354,0
409.00,12,0,0,0,0,1,360,0
409.00,12,1,0,0,0,1,360,0
409.00,12,0,0,0,0,1,360,0
409.00,23,0,0,0,0,1,411,0
409.00,23,1,0,0,0,1,411,0
409.00,26,0,0,0,0,1,325,0
409.00,26,1,0,0,0,1,325,0
409.00,12,0,0,0,0,1,350,0
409.00,12,0,0,0,0,1,350,0
409.00,12,0,0,0,0,1,350,0
409.00,24,0,0,0,0,1,591,0
409.00,24,0,0,0,0,1,591,0
409.00,24,0,0,0,0,1,591,0
409.00,24,0,0,0,0,1,591,0
409.00,24,0,0,0,0,1,591,0
409.00,24,0,0,0,0,1,591,0
409.00,12,0,0,0,0,1,738,0
409.00,12,0,0,0,0,1,738,0
409.00,12,0,0,0,0,1,738,0
409.00,12,0,0,0,0,1,738,0
409.00,12,0,0,0,0,1,738,0
409.00,12,0,0,0,0,1,738,0
409.00,12,0,0,0,0,1,738,0
409.00,12,0,0,0,0,1,738,0
409.00,12,0,0,0,0,1,738,0
409.00,12,0,0,0,0,1,738,0
409.00,12,0,0,0,0,1,738,0
409.00,12,0,0,0,0,1,738,0
409.00,12,0,0,0,0,1,738,0
409.00,12,0,0,0,0,1,738,0
409.00,27,0,0,0,0,1,196,0
409.00,27,0,0,0,0,1,196,0
409.00,27,0,0,0,0,1,196,0
409.00,27,0,0,0,0,1,196,0
409.00,27,0,0,0,0,1,700,0
409.00,27,0,0,0,0,1,700,0
409.00,27,0,0,0,0,1,700,0
409.00,27,0,0,0,0,1,700,0
409.00,27,0,0,0,0,1,700,0
409.00,43,0,0,0,0,1,634,0
409.00,43,0,0,0,0,1,634,0
409.00,43,0,0,0,0,1,634,0
409.00,43,0,0,0,0,1,634,0
409.45,12,0,0,0,0,1,738,0
409.45,12,0,0,0,0,1,738,0
409.45,12,0,0,0,0,1,738,0
409.45,12,0,0,0,0,1,738,0
409.45,12,0,0,0,0,1,738,0
409.45,12,0,0,0,0,1,738,0
409.45,12,0,0,0,0,1,738,0
409.45,12,0,0,0,0,1,738,0
409.45,12,0,0,0,0,1,738,0
409.45,12,0,0,0,0,1,738,0
409.45,12,0,0,0,0,1,738,0
409.45,12,0,0,0,0,1,738,0
409.45,12,0,0,0,0,1,738,0
409.45,12,0,0,0,0,1,738,0
409.50,12,0,0,0,0,1,738,0
409.50,12,0,0,0,0,1,738,0
409.50,12,0,0,0,0,1,738,0
409.50,12,0,0,0,0,1,738,0
409.50,12,0,0,0,0,1,738,0
409.50,12,0,0,0,0,1,738,0
409.50,12,0,0,0,0,1,738,0
409.50,12,0,0,0,0,1,738,0
409.50,12,0,0,0,0,1,738,0
409.50,12,0,0,0,0,1,738,0
409.50,12,0,0,0,0,1,738,0
409.50,12,0,0,0,0,1,738,0
409.50,12,0,0,0,0,1,738,0
409.50,12,0,0,0,0,1,738,0
409.50,12,0,0,0,0,1,738,0
409.50,12,0,0,0,0,1,738,0
409.50,12,0,0,0,0,1,738,0
409.50,12,0,0,0,0,1,738,0
409.50,12,0,0,0,0,1,738,0
409.50,12,0,0,0,0,1,738,0
409.50,12,0,0,0,0,1,738,0
409.50,12,0,0,0,0,1,738,0
409.50,12,0,0,0,0,1,738,0
409.50,12,0,0,0,0,1,738,0
409.50,12,0,0,0,0,1,738,0
409.50,12,0,0,0,0,1,738,0
409.50,12,0,0,0,0,1,738,0
409.50,12,0,0,0,0,1,738,0
409.75,12,0,0,0,0,1,738,0
409.75,12,0,0,0,0,1,738,0
409.75,12,0,0,0,0,1,738,0
409.75,12,0,0,0,0,1,738,0
409.75,12,0,0,0,0,1,738,0
409.75,12,0,0,0,0,1,738,0
409.75,12,0,0,0,0,1,738,0
409.75,12,0,0,0,0,1,738,0
409.75,12,0,0,0,0,1,738,0
409.75,12,0,0,0,0,1,738,0
409.75,12,0,0,0,0,1,738,0
409.75,12,0,0,0,0,1,738,0
409.75,12,0,0,0,0,1,738,0
409.75,12,0,0,0,0,1,738,0
409.95,24,0,0,0,0,1,600,0
409.95,24,0,0,0,0,1,600,0
409.95,24,0,0,0,0,1,600,0
409.95,24,0,0,0,0,1,600,0
409.95,24,0,0,0,0,1,600,0
409.95,24,0,0,0,0,1,600,0
409.95,24,0,0,0,0,1,600,0
409.95,24,0,0,0,0,1,600,0
409.95,24,0,0,0,0,1,600,0
409.95,24,0,0,0,0,1,600,0
410.00,12,0,0,0,0,1,317,0
410.00,12,0,0,0,0,1,317,0
410.00,12,0,0,0,0,1,317,0
410.00,12,0,0,0,0,1,317,0
410.00,12,0,0,0,0,1,317,0
410.00,12,0,0,0,0,1,350,0
410.00,12,1,0,0,0,1,350,0
410.00,12,0,0,0,0,1,350,0
410.00,12,1,0,0,0,1,385,0
410.00,12,0,0,0,0,1,385,0
410.00,22,0,0,0,0,1,-373,0
410.00,22,0,0,0,0,1,-373,0
410.00,22,0,0,0,0,1,-373,0
410.00,22,0,0,0,0,1,-373,0
410.00,22,0,0,0,0,1,-373,0
410.00,22,0,0,0,0,1,-373,0
410.00,12,0,0,0,0,1,350,0
410.00,12,0,0,0,0,1,350,0
410.00,12,0,0,0,0,1,350,0
410.00,12,0,0,0,0,1,350,0
410.00,27,0,0,0,0,1,400,0
410.00,27,1,0,0,0,1,400,0
410.00,27,0,0,0,0,1,400,0
410.00,12,0,0,0,0,1,350,0
410.00,12,0,0,0,0,1,350,0
410.00,12,0,0,0,0,1,350,0
410.00,12,0,0,0,0,1,350,0
410.00,12,0,0,0,0,1,363,0
410.00,12,0,0,0,0,1,363,0
410.00,12,0,0,0,0,1,363,0
410.00,12,0,0,0,0,1,363,0
410.00,12,0,0,0,0,1,350,0
410.00,12,0,0,0,0,1,350,0
410.00,12,0,0,0,0,1,350,0
410.00,12,0,0,0,0,1,350,0
410.00,12,0,0,0,0,1,350,0
410.00,12,0,0,0,0,1,350,0
410.00,12,0,0,0,0,1,350,0
410.00,12,0,0,0,0,1,350,0
410.00,12,0,0,0,0,1,350,0
410.00,12,0,0,0,0,1,350,0
410.00,12,0,0,0,0,1,350,0
410.00,12,0,0,0,0,1,350,0
410.00,12,0,0,0,0,1,350,0
410.00,12,0,0,0,0,1,350,0
410.00,12,0,0,0,0,1,350,0
410.00,12,0,0,0,0,1,350,0
410.00,12,0,0,0,0,1,350,0
410.00,12,0,0,0,0,1,350,0
410.00,12,0,0,0,0,1,350,0
410.00,12,0,0,0,0,1,350,0
410.60,12,0,0,0,0,1,338,0
410.60,12,0,0,0,0,1,338,0
410.60,12,0,0,0,0,1,338,0
410.60,12,0,0,0,0,1,338,0
410.60,12,0,0,0,0,1,338,0
410.60,12,0,0,0,0,1,338,0
410.80,12,0,0,0,0,1,338,0
410.80,12,0,0,0,0,1,338,0
410.80,12,0,0,0,0,1,338,0
410.80,12,0,0,0,0,1,338,0
410.97,23,0,0,0,0,1,-423,0
410.97,23,1,0,0,0,1,-423,0
410.97,23,0,0,0,0,1,-423,0
410.97,24,0,0,0,0,1,600,0
410.97,24,0,0,0,0,1,600,0
410.97,24,0,0,0,0,1,600,0
410.97,24,0,0,0,0,1,600,0
410.97,24,0,0,0,0,1,600,0
410.97,24,0,0,0,0,1,600,0
410.97,24,0,0,0,0,1,600,0
410.97,24,0,0,0,0,1,600,0
410.97,24,0,0,0,0,1,600,0
410.97,24,0,0,0,0,1,600,0
410.97,23,0,0,0,0,1,-360,0
410.97,23,1,0,0,0,1,-360,0
410.97,24,0,0,0,0,1,450,0
410.97,24,0,0,0,0,1,450,0
410.97,24,0,0,0,0,1,450,0
410.97,24,0,0,0,0,1,450,0
410.97,24,0,0,0,0,1,450,0
410.97,23,0,0,0,0,1,500,0
410.97,23,0,0,0,0,1,500,0
410.97,23,0,0,0,0,1,500,0
410.97,23,0,0,0,0,1,500,0
410.97,23,0,0,0,0,1,559,0
410.97,23,0,0,0,0,1,559,0
410.97,23,0,0,0,0,1,559,0
410.97,23,0,0,0,0,1,559,0
410.97,23,0,0,0,0,1,559,0
411.00,12,1,0,0,0,1,330,0
411.00,12,0,0,0,0,1,330,0
411.00,12,1,0,0,0,1,340,0
411.00,12,0,0,0,0,1,467,0
411.00,12,0,0,0,0,1,467,0
411.00,12,0,0,0,0,1,467,0
411.00,12,0,0,0,0,1,467,0
411.00,12,0,0,0,0,1,467,0
411.00,23,0,0,0,0,1,600,0
411.00,23,0,0,0,0,1,600,0
411.00,23,0,0,0,0,1,600,0
411.00,23,0,0,0,0,1,600,0
411.00,43,0,0,0,0,1,634,0
411.00,43,0,0,0,0,1,634,0
411.00,43,0,0,0,0,1,634,0
411.00,12,0,0,0,0,1,738,0
411.00,12,0,0,0,0,1,738,0
411.00,12,0,0,0,0,1,738,0
411.00,12,0,0,0,0,1,738,0
411.00,12,0,0,0,0,1,738,0
411.00,12,0,0,0,0,1,738,0
411.00,12,0,0,0,0,1,738,0
411.00,12,0,0,0,0,1,738,0
411.00,12,0,0,0,0,1,738,0
411.00,12,0,0,0,0,1,738,0
411.00,12,0,0,0,0,1,738,0
411.00,12,0,0,0,0,1,738,0
411.00,12,0,0,0,0,1,738,0
411.00,12,0,0,0,0,1,738,0
411.00,12,0,0,0,0,1,350,0
411.00,12,0,0,0,0,1,350,0
411.00,12,0,0,0,0,1,350,0
411.00,12,0,0,0,0,1,350,0
411.00,12,0,0,0,0,1,350,0
411.00,12,0,0,0,0,1,350,0
411.00,12,0,0,0,0,1,350,0
411.00,12,0,0,0,0,1,350,0
411.00,12,0,0,0,0,1,350,0
411.00,12,0,0,0,0,1,350,0
411.00,12,0,0,0,0,1,350,0
411.00,43,1,0,0,0,1,345,0
411.00,43,0,0,0,0,1,345,0
411.00,27,0,0,0,0,1,700,0
411.00,27,0,0,0,0,1,700,0
411.00,27,0,0,0,0,1,700,0
411.00,27,0,0,0,0,1,700,0
411.00,27,0,0,0,0,1,700,0
411.00,27,0,0,0,0,1,700,0
411.00,27,0,0,0,0,1,700,0
411.00,27,0,0,0,0,1,700,0
411.00,27,0,0,0,0,1,700,0
411.00,27,0,0,0,0,1,700,0
411.00,27,0,0,0,0,1,700,0
411.20,12,0,0,0,0,1,338,0
411.20,12,0,0,0,0,1,338,0
411.20,12,0,0,0,0,1,338,0
411.20,12,0,0,0,0,1,338,0
411.50,43,0,0,0,0,1,345,0
411.50,43,1,0,0,0,1,345,0
411.98,43,0,0,0,0,1,350,0
411.98,43,0,0,0,0,1,350,0
411.98,43,0,0,0,0,1,350,0
411.98,43,0,0,0,0,1,350,0
412.00,12,0,0,0,0,1,330,0
412.00,12,1,0,0,0,1,330,0
412.00,12,0,0,0,0,1,350,0
412.00,12,0,0,0,0,1,350,0
412.00,12,0,0,0,0,1,350,0
412.00,12,0,0,0,0,1,334,0
412.00,12,0,0,0,0,1,334,0
412.00,12,0,0,0,0,1,334,0
412.00,12,0,0,0,0,1,334,0
412.00,24,0,0,0,0,1,591,0
412.00,24,0,0,0,0,1,591,0
412.00,24,0,0,0,0,1,591,0
412.00,24,0,0,0,0,1,591,0
412.00,24,0,0,0,0,1,591,0
412.00,12,0,0,0,0,1,350,0
412.00,12,0,0,0,0,1,350,0
412.00,12,0,0,0,0,1,350,0
412.00,12,0,0,0,0,1,363,0
412.00,12,0,0,0,0,1,363,0
412.00,12,0,0,0,0,1,363,0
412.00,12,0,0,0,0,1,363,0
412.00,12,0,0,0,0,1,428,0
412.00,12,0,0,0,0,1,428,0
412.00,12,0,0,0,0,1,428,0
412.00,12,0,0,0,0,1,428,0
412.00,12,0,0,0,0,1,428,0
412.00,27,0,0,0,0,1,700,0
412.00,27,0,0,0,0,1,700,0
412.00,27,0,0,0,0,1,700,0
412.00,27,0,0,0,0,1,700,0
412.00,27,0,0,0,0,1,700,0
412.00,27,0,0,0,0,1,700,0
412.00,12,0,0,0,0,1,350,0
412.00,12,0,0,0,0,1,350,0
412.00,12,0,0,0,0,1,350,0
412.00,12,0,0,0,0,1,350,0
412.00,23,0,0,0,0,1,600,0
412.00,23,0,0,0,0,1,600,0
412.00,23,0,0,0,0,1,600,0
412.00,23,0,0,0,0,1,600,0
412.20,12,0,0,0,0,1,738,0
412.20,12,0,0,0,0,1,738,0
412.20,12,0,0,0,0,1,738,0
412.20,12,0,0,0,0,1,738,0
412.20,12,0,0,0,0,1,738,0
412.20,12,0,0,0,0,1,738,0
412.20,12,0,0,0,0,1,738,0
412.20,12,0,0,0,0,1,738,0
412.20,12,0,0,0,0,1,738,0
412.20,12,0,0,0,0,1,738,0
412.20,12,0,0,0,0,1,738,0
412.20,12,0,0,0,0,1,738,0
412.20,12,0,0,0,0,1,738,0
412.20,12,0,0,0,0,1,738,0
412.50,12,0,0,0,0,1,538,0
412.50,12,1,0,0,0,1,538,0
412.50,12,0,0,0,0,1,538,0
412.50,12,0,0,0,0,1,650,0
412.50,12,0,0,0,0,1,650,0
412.50,12,0,0,0,0,1,650,0
412.50,12,1,0,0,0,1,684,0
412.50,12,0,0,0,0,1,684,0
412.99,43,0,0,0,0,1,350,0
412.99,43,0,0,0,0,1,350,0
412.99,43,0,0,0,0,1,350,0
412.99,43,0,0,0,0,1,350,0
412.99,24,0,0,0,0,1,450,0
412.99,24,0,0,0,0,1,450,0
412.99,24,0,0,0,0,1,450,0
412.99,24,0,0,0,0,1,450,0
412.99,24,0,0,0,0,1,450,0
413.00,12,0,0,0,0,1,350,0
413.00,12,1,0,0,0,1,350,0
413.00,12,1,0,0,0,1,373,0
413.00,12,1,0,0,0,1,390,0
413.00,12,0,0,0,0,1,390,0
413.00,12,0,0,0,0,1,617,0
413.00,12,1,0,0,0,1,617,0
413.00,12,0,0,0,0,1,617,0
413.00,12,0,0,0,0,1,350,0
413.00,12,0,0,0,0,1,350,0
413.00,12,0,0,0,0,1,350,0
413.00,12,0,0,0,0,1,350,0
413.00,12,0,0,0,0,1,350,0
413.00,12,0,0,0,0,1,350,0
413.00,12,0,0,0,0,1,350,0
413.00,12,0,0,0,0,1,350,0
413.00,12,0,0,0,0,1,250,0
413.00,12,0,0,0,0,1,250,0
413.00,12,0,0,0,0,1,250,0
413.00,12,0,0,0,0,1,250,0
413.00,12,0,0,0,0,1,350,0
413.00,12,0,0,0,0,1,350,0
413.00,12,0,0,0,0,1,350,0
413.00,12,0,0,0,0,1,350,0
413.00,12,0,0,0,0,1,350,0
413.00,12,0,0,0,0,1,350,0
413.00,12,0,0,0,0,1,350,0
413.00,12,0,0,0,0,1,350,0
413.00,12,0,0,0,0,1,350,0
413.00,12,0,0,0,0,1,350,0
413.00,12,0,0,0,0,1,350,0
413.00,12,0,0,0,0,1,738,0
413.00,12,0,0,0,0,1,738,0
413.00,12,0,0,0,0,1,738,0
413.00,12,0,0,0,0,1,738,0
413.00,12,0,0,0,0,1,738,0
413.00,12,0,0,0,0,1,738,0
413.00,12,0,0,0,0,1,738,0
413.00,12,0,0,0,0,1,738,0
413.00,12,0,0,0,0,1,738,0
413.00,12,0,0,0,0,1,738,0
413.00,12,0,0,0,0,1,738,0
413.00,12,0,0,0,0,1,738,0
413.00,12,0,0,0,0,1,738,0
413.00,12,0,0,0,0,1,738,0
413.85,12,0,0,0,0,1,338,0
413.85,12,0,0,0,0,1,338,0
413.85,12,0,0,0,0,1,338,0
413.85,12,0,0,0,0,1,338,0
413.85,12,0,0,0,0,1,338,0
413.85,12,0,0,0,0,1,338,0
414.00,12,0,0,0,0,1,250,0
414.00,12,0,0,0,0,1,250,0
414.00,12,0,0,0,0,1,250,0
414.00,12,1,0,0,0,1,360,0
414.00,12,1,0,0,0,1,405,0
414.00,12,0,0,0,0,1,400,0
414.00,12,0,0,0,0,1,400,0
414.00,12,0,0,0,0,1,400,0
414.00,12,0,0,0,0,1,400,0
414.00,12,0,0,0,0,1,400,0
414.00,12,1,0,0,0,1,370,0
414.00,12,0,0,0,0,1,370,0
414.00,26,1,0,0,0,1,225,0
414.00,26,1,0,0,0,1,225,0
414.00,12,0,0,0,0,1,350,0
414.00,12,0,0,0,0,1,350,0
414.00,12,0,0,0,0,1,350,0
414.00,12,0,0,0,0,1,350,0
414.00,12,0,0,0,0,1,350,0
414.00,12,0,0,0,0,1,350,0
414.00,12,0,0,0,0,1,350,0
414.00,12,0,0,0,0,1,350,0
414.00,12,0,0,0,0,1,275,0
414.00,12,0,0,0,0,1,275,0
414.00,12,0,0,0,0,1,275,0
414.00,12,0,0,0,0,1,275,0
414.00,12,0,0,0,0,1,275,0
414.00,12,0,0,0,0,1,428,0
414.00,12,0,0,0,0,1,428,0
414.00,12,0,0,0,0,1,428,0
414.00,12,0,0,0,0,1,428,0
414.00,12,0,0,0,0,1,350,0
414.00,12,0,0,0,0,1,350,0
414.00,12,0,0,0,0,1,350,0
414.00,43,0,0,0,0,1,345,0
414.00,43,1,0,0,0,1,345,0
414.00,24,0,0,0,0,1,600,0
414.00,24,0,0,0,0,1,600,0
414.00,24,0,0,0,0,1,600,0
414.00,24,0,0,0,0,1,600,0
414.00,24,0,0,0,0,1,600,0
414.00,23,0,0,0,0,1,-460,0
414.00,23,1,0,0,0,1,-460,0
414.20,12,0,0,0,0,1,738,0
414.20,12,0,0,0,0,1,738,0
414.20,12,0,0,0,0,1,738,0
414.20,12,0,0,0,0,1,738,0
414.20,12,0,0,0,0,1,738,0
414.20,12,0,0,0,0,1,738,0
414.20,12,0,0,0,0,1,738,0
414.20,12,0,0,0,0,1,738,0
414.20,12,0,0,0,0,1,738,0
414.20,12,0,0,0,0,1,738,0
414.20,12,0,0,0,0,1,738,0
414.20,12,0,0,0,0,1,738,0
414.20,12,0,0,0,0,1,738,0
414.20,12,0,0,0,0,1,738,0
414.25,24,0,0,0,0,1,700,0
414.25,24,0,0,0,0,1,700,0
414.25,24,0,0,0,0,1,700,0
414.25,24,0,0,0,0,1,700,0
414.25,24,0,0,0,0,1,700,0
414.25,24,0,0,0,0,1,700,0
414.25,24,0,0,0,0,1,700,0
414.25,24,0,0,0,0,1,700,0
414.25,24,0,0,0,0,1,700,0
414.25,24,0,0,0,0,1,700,0
414.25,24,0,0,0,0,1,700,0
414.25,24,0,0,0,0,1,700,0
414.25,24,0,0,0,0,1,700,0
414.51,24,0,0,0,0,1,-373,0
414.51,24,0,0,0,0,1,-373,0
414.51,24,0,0,0,0,1,-373,0
414.51,24,0,0,0,0,1,-373,0
414.51,24,0,0,0,0,1,-373,0
414.51,24,0,0,0,0,1,-373,0
414.65,12,0,0,0,0,1,650,0
414.65,12,0,0,0,0,1,650,0
414.65,12,0,0,0,0,1,650,0
414.65,12,0,0,0,0,1,650,0
415.00,12,0,0,0,0,1,380,0
415.00,12,1,0,0,0,1,380,0
415.00,12,0,0,0,0,1,467,0
415.00,12,0,0,0,0,1,467,0
415.00,12,0,0,0,0,1,467,0
415.00,12,0,0,0,0,1,467,0
415.00,12,0,0,0,0,1,467,0
415.00,27,0,0,0,0,1,500,0
415.00,27,0,0,0,0,1,500,0
415.00,27,0,0,0,0,1,500,0
415.00,27,0,0,0,0,1,500,0
415.00,27,0,0,0,0,1,500,0
415.00,27,0,0,0,0,1,500,0
415.00,12,1,0,0,0,1,370,0
415.00,12,0,0,0,0,1,370,0
415.00,12,0,0,0,0,1,330,0
415.00,12,1,0,0,0,1,330,0
415.00,24,0,0,0,0,1,500,0
415.00,24,0,0,0,0,1,500,0
415.00,24,0,0,0,0,1,500,0
415.00,24,0,0,0,0,1,500,0
415.00,24,0,0,0,0,1,500,0
415.00,24,0,0,0,0,1,500,0
415.00,12,0,0,0,0,1,350,0
415.00,12,0,0,0,0,1,350,0
415.00,12,0,0,0,0,1,350,0
415.00,12,0,0,0,0,1,350,0
415.00,12,0,0,0,0,1,350,0
415.00,12,0,0,0,0,1,350,0
415.00,12,0,0,0,0,1,350,0
415.00,12,0,0,0,0,1,350,0
415.00,12,0,0,0,0,1,350,0
415.00,12,0,0,0,0,1,350,0
415.00,12,0,0,0,0,1,350,0
415.00,12,0,0,0,0,1,350,0
415.00,12,0,0,0,0,1,250,0
415.00,12,0,0,0,0,1,250,0
415.00,12,0,0,0,0,1,250,0
415.00,12,0,0,0,0,1,250,0
415.00,12,1,0,0,0,1,320,0
415.00,12,0,0,0,0,1,320,0
415.00,43,1,0,0,0,1,395,0
415.00,24,0,0,0,0,1,591,0
415.00,24,0,0,0,0,1,591,0
415.00,24,0,0,0,0,1,591,0
415.00,24,0,0,0,0,1,591,0
415.00,24,0,0,0,0,1,591,0
415.00,12,0,0,0,0,1,350,0
415.00,12,0,0,0,0,1,350,0
415.00,12,0,0,0,0,1,350,0
415.00,12,0,0,0,0,1,350,0
415.00,12,0,0,0,0,1,350,0
415.00,12,0,0,0,0,1,350,0
415.00,12,0,0,0,0,1,350,0
415.00,12,0,0,0,0,1,163,0
415.00,12,0,0,0,0,1,163,0
415.00,12,0,0,0,0,1,163,0
415.00,12,0,0,0,0,1,163,0
415.00,12,0,0,0,0,1,163,0
415.00,12,0,0,0,0,1,163,0
415.00,23,0,0,0,0,1,600,0
415.00,23,0,0,0,0,1,600,0
415.00,23,0,0,0,0,1,600,0
415.00,23,0,0,0,0,1,600,0
415.00,27,0,0,0,0,1,700,0
415.00,27,0,0,0,0,1,700,0
415.00,27,0,0,0,0,1,700,0
415.00,27,0,0,0,0,1,700,0
415.00,27,0,0,0,0,1,700,0
415.00,27,0,0,0,0,1,700,0
415.02,43,0,0,0,0,1,350,0
415.02,43,0,0,0,0,1,350,0
415.02,43,0,0,0,0,1,350,0
415.02,43,0,0,0,0,1,350,0
415.20,12,0,0,0,0,1,513,0
415.20,12,1,0,0,0,1,513,0
415.20,12,0,0,0,0,1,513,0
415.50,12,0,0,0,0,1,428,0
415.50,12,0,0,0,0,1,428,0
415.50,12,0,0,0,0,1,428,0
415.50,12,0,0,0,0,1,428,0
415.50,12,0,0,0,0,1,428,0
415.65,12,0,0,0,0,1,338,0
415.65,12,0,0,0,0,1,338,0
415.65,12,0,0,0,0,1,338,0
415.65,12,0,0,0,0,1,338,0
415.65,12,0,0,0,0,1,338,0
416.00,23,0,0,0,0,1,500,0
416.00,23,0,0,0,0,1,500,0
416.00,23,0,0,0,0,1,500,0
416.00,23,0,0,0,0,1,500,0
416.00,43,0,0,0,0,1,700,0
416.00,43,0,0,0,0,1,700,0
416.00,43,0,0,0,0,1,700,0
416.00,43,0,0,0,0,1,700,0
416.00,43,0,0,0,0,1,700,0
416.00,24,0,0,0,0,1,700,0
416.00,24,0,0,0,0,1,700,0
416.00,24,0,0,0,0,1,700,0
416.00,23,0,0,0,0,1,559,0
416.00,23,0,0,0,0,1,559,0
416.00,23,0,0,0,0,1,559,0
416.00,23,0,0,0,0,1,559,0
416.00,23,0,0,0,0,1,559,0
416.00,12,0,0,0,0,1,350,0
416.00,12,0,0,0,0,1,350,0
416.00,12,0,0,0,0,1,350,0
416.00,12,0,0,0,0,1,350,0
416.00,12,0,0,0,0,1,350,0
416.00,12,0,0,0,0,1,350,0
416.00,12,0,0,0,0,1,350,0
416.00,12,0,0,0,0,1,334,0
416.00,12,0,0,0,0,1,334,0
416.00,12,0,0,0,0,1,334,0
416.00,12,0,0,0,0,1,334,0
416.00,12,0,0,0,0,1,350,0
416.00,12,0,0,0,0,1,350,0
416.00,12,0,0,0,0,1,350,0
416.00,12,0,0,0,0,1,350,0
416.00,12,0,0,0,0,1,350,0
416.00,12,0,0,0,0,1,350,0
416.00,12,0,0,0,0,1,350,0
416.00,12,0,0,0,0,1,350,0
416.00,12,0,0,0,0,1,350,0
416.00,12,0,0,0,0,1,350,0
416.00,12,0,0,0,0,1,350,0
416.00,12,0,0,0,0,1,350,0
416.00,12,0,0,0,0,1,350,0
416.00,12,0,0,0,0,1,350,0
416.00,12,0,0,0,0,1,350,0
416.00,27,0,0,0,0,1,700,0
416.00,27,0,0,0,0,1,700,0
416.00,27,0,0,0,0,1,700,0
416.00,27,0,0,0,0,1,700,0
416.00,27,0,0,0,0,1,700,0
416.03,23,1,0,0,0,1,-460,0
416.03,23,1,0,0,0,1,-460,0
416.03,23,0,0,0,0,1,-360,0
416.03,23,1,0,0,0,1,-360,0
416.03,23,0,0,0,0,1,-360,0
416.03,24,0,0,0,0,1,-373,0
416.03,24,0,0,0,0,1,-373,0
416.03,24,0,0,0,0,1,-373,0
416.03,24,0,0,0,0,1,-373,0
416.03,24,0,0,0,0,1,-373,0
416.03,24,0,0,0,0,1,-373,0
416.30,12,0,0,0,0,1,338,0
416.30,12,0,0,0,0,1,338,0
416.30,12,0,0,0,0,1,338,0
416.30,12,0,0,0,0,1,338,0
416.30,12,0,0,0,0,1,338,0
416.40,12,0,0,0,0,1,338,0
416.40,12,0,0,0,0,1,338,0
416.40,12,0,0,0,0,1,338,0
416.40,12,0,0,0,0,1,338,0
416.40,12,0,0,0,0,1,338,0
416.50,12,0,0,0,0,1,525,0
416.50,12,0,0,0,0,1,525,0
416.50,12,0,0,0,0,1,525,0
416.50,12,0,0,0,0,1,525,0
416.50,12,0,0,0,0,1,525,0
416.54,43,0,0,0,0,1,350,0
416.54,43,0,0,0,0,1,350,0
416.54,43,0,0,0,0,1,350,0
416.80,12,0,0,0,0,1,650,0
416.80,12,0,0,0,0,1,650,0
416.80,12,0,0,0,0,1,650,0
416.80,12,0,0,0,0,1,650,0
417.00,12,0,0,0,0,1,517,0
417.00,12,0,0,0,0,1,517,0
417.00,12,0,0,0,0,1,517,0
417.00,12,0,0,0,0,1,517,0
417.00,12,0,0,0,0,1,517,0
417.00,12,0,0,0,0,1,517,0
417.00,43,0,0,0,0,1,700,0
417.00,43,0,0,0,0,1,700,0
417.00,43,0,0,0,0,1,700,0
417.00,43,0,0,0,0,1,700,0
417.00,43,0,0,0,0,1,700,0
417.00,43,0,0,0,0,1,700,0
417.00,27,0,0,0,0,1,700,0
417.00,27,0,0,0,0,1,700,0
417.00,27,0,0,0,0,1,700,0
417.00,27,0,0,0,0,1,700,0
417.00,27,0,0,0,0,1,700,0
417.00,12,0,0,0,0,1,57,0
417.00,12,1,0,0,0,1,57,0
417.00,27,0,0,0,0,1,-88,0
417.00,27,0,0,0,0,1,-88,0
417.00,27,0,0,0,0,1,-88,0
417.00,12,0,0,0,0,1,350,0
417.00,12,0,0,0,0,1,350,0
417.00,12,0,0,0,0,1,350,0
417.00,12,0,0,0,0,1,350,0
417.00,12,0,0,0,0,1,350,0
417.00,12,0,0,0,0,1,350,0
417.00,12,0,0,0,0,1,350,0
417.00,12,0,0,0,0,1,350,0
417.00,12,0,0,0,0,1,350,0
417.00,12,0,0,0,0,1,350,0
417.00,12,0,0,0,0,1,350,0
417.00,12,0,0,0,0,1,350,0
417.00,12,0,0,0,0,1,350,0
417.00,12,0,0,0,0,1,350,0
417.00,12,0,0,0,0,1,350,0
417.00,12,0,0,0,0,1,350,0
417.00,27,0,0,0,0,1,400,0
417.00,27,1,0,0,0,1,400,0
417.00,27,0,0,0,0,1,400,0
417.00,12,0,0,0,0,1,334,0
417.00,12,0,0,0,0,1,334,0
417.00,12,0,0,0,0,1,334,0
417.00,12,0,0,0,0,1,334,0
417.00,12,0,0,0,0,1,350,0
417.00,12,0,0,0,0,1,350,0
417.00,12,0,0,0,0,1,350,0
417.00,12,0,0,0,0,1,350,0
417.00,27,0,0,0,0,1,400,0
417.00,27,1,0,0,0,1,400,0
417.00,27,0,0,0,0,1,700,0
417.00,27,0,0,0,0,1,700,0
417.00,27,0,0,0,0,1,700,0
417.00,27,0,0,0,0,1,700,0
417.00,27,0,0,0,0,1,700,0
417.04,23,0,0,0,0,1,-503,0
417.04,23,1,0,0,0,1,-503,0
417.04,24,0,0,0,0,1,-373,0
417.04,24,0,0,0,0,1,-373,0
417.04,24,0,0,0,0,1,-373,0
417.04,24,0,0,0,0,1,-373,0
417.04,24,0,0,0,0,1,-373,0
417.04,24,0,0,0,0,1,-373,0
417.04,24,0,0,0,0,1,-373,0
417.04,24,0,0,0,0,1,-373,0
417.04,24,0,0,0,0,1,-373,0
417.04,24,0,0,0,0,1,-373,0
417.04,24,0,0,0,0,1,-373,0
417.20,12,0,0,0,0,1,650,0
417.20,12,0,0,0,0,1,650,0
417.20,12,0,0,0,0,1,650,0
417.20,12,0,0,0,0,1,650,0
417.30,12,0,0,0,0,1,738,0
417.30,12,0,0,0,0,1,738,0
417.30,12,0,0,0,0,1,738,0
417.30,12,0,0,0,0,1,738,0
417.30,12,0,0,0,0,1,738,0
417.30,12,0,0,0,0,1,738,0
417.30,12,0,0,0,0,1,738,0
417.30,12,0,0,0,0,1,738,0
417.30,12,0,0,0,0,1,738,0
417.30,12,0,0,0,0,1,738,0
417.30,12,0,0,0,0,1,738,0
417.30,12,0,0,0,0,1,738,0
417.30,12,0,0,0,0,1,738,0
417.30,12,0,0,0,0,1,738,0
417.50,12,1,0,0,0,1,35,0
417.50,12,0,0,0,0,1,35,0
418.00,12,0,0,0,0,1,467,0
418.00,12,0,0,0,0,1,467,0
418.00,12,0,0,0,0,1,467,0
418.00,12,0,0,0,0,1,467,0
418.00,12,0,0,0,0,1,467,0
418.00,24,0,0,0,0,1,591,0
418.00,24,0,0,0,0,1,591,0
418.00,24,0,0,0,0,1,591,0
418.00,24,0,0,0,0,1,591,0
418.00,24,0,0,0,0,1,591,0
418.00,24,0,0,0,0,1,700,0
418.00,24,0,0,0,0,1,700,0
418.00,24,0,0,0,0,1,700,0
418.00,24,0,0,0,0,1,700,0
418.00,12,0,0,0,0,1,338,0
418.00,12,0,0,0,0,1,338,0
418.00,12,0,0,0,0,1,338,0
418.00,12,0,0,0,0,1,338,0
418.00,12,0,0,0,0,1,338,0
418.00,27,0,0,0,0,1,700,0
418.00,27,0,0,0,0,1,700,0
418.00,27,0,0,0,0,1,700,0
418.00,27,0,0,0,0,1,700,0
418.00,27,0,0,0,0,1,700,0
418.00,27,0,0,0,0,1,700,0
418.00,12,0,0,0,0,1,350,0
418.00,12,0,0,0,0,1,350,0
418.00,12,0,0,0,0,1,350,0
418.00,12,0,0,0,0,1,350,0
418.00,23,0,0,0,0,1,300,0
418.00,23,0,0,0,0,1,300,0
418.00,23,0,0,0,0,1,300,0
418.00,23,0,0,0,0,1,300,0
418.00,23,0,0,0,0,1,300,0
418.00,12,0,0,0,0,1,350,0
418.00,12,0,0,0,0,1,350,0
418.00,12,0,0,0,0,1,350,0
418.00,43,1,0,0,0,1,380,0
418.00,43,0,0,0,0,1,380,0
418.00,12,0,0,0,0,1,350,0
418.00,12,0,0,0,0,1,350,0
418.00,12,0,0,0,0,1,350,0
418.00,12,0,0,0,0,1,350,0
418.00,27,0,0,0,0,1,700,0
418.00,27,0,0,0,0,1,700,0
418.00,27,0,0,0,0,1,700,0
418.00,27,0,0,0,0,1,700,0
418.00,27,0,0,0,0,1,700,0
418.00,43,0,0,0,0,1,450,0
418.00,43,0,0,0,0,1,450,0
418.00,43,0,0,0,0,1,450,0
418.00,43,0,0,0,0,1,450,0
418.00,27,0,0,0,0,1,400,0
418.00,27,1,0,0,0,1,400,0
418.00,27,0,0,0,0,1,400,0
418.06,23,0,0,0,0,1,-375,0
418.06,23,0,0,0,0,1,-375,0
418.06,23,0,0,0,0,1,-375,0
418.06,23,0,0,0,0,1,-375,0
418.06,23,0,0,0,0,1,-375,0
418.06,23,0,0,0,0,1,-375,0
418.06,23,0,0,0,0,1,-375,0
418.06,23,0,0,0,0,1,-375,0
418.06,24,0,0,0,0,1,-373,0
418.06,24,0,0,0,0,1,-373,0
418.06,24,0,0,0,0,1,-373,0
418.06,24,0,0,0,0,1,-373,0
418.06,24,0,0,0,0,1,-373,0
418.06,24,0,0,0,0,1,-373,0
418.50,43,1,0,0,0,1,345,0
418.50,43,0,0,0,0,1,345,0
419.00,12,0,0,0,0,1,350,0
419.00,12,0,0,0,0,1,350,0
419.00,12,0,0,0,0,1,350,0
419.00,12,0,0,0,0,1,400,0
419.00,12,0,0,0,0,1,400,0
419.00,12,0,0,0,0,1,400,0
419.00,12,0,0,0,0,1,400,0
419.00,12,0,0,0,0,1,400,0
419.00,23,0,0,0,0,1,575,0
419.00,23,0,0,0,0,1,575,0
419.00,23,0,0,0,0,1,575,0
419.00,23,0,0,0,0,1,575,0
419.00,23,0,0,0,0,1,575,0
419.00,23,0,0,0,0,1,575,0
419.00,23,0,0,0,0,1,575,0
419.00,23,0,0,0,0,1,575,0
419.00,23,0,0,0,0,1,575,0
419.00,12,0,0,0,0,1,250,0
419.00,12,0,0,0,0,1,250,0
419.00,12,0,0,0,0,1,250,0
419.00,12,0,0,0,0,1,250,0
419.00,12,0,0,0,0,1,250,0
419.00,23,0,0,0,0,1,392,0
419.00,23,0,0,0,0,1,392,0
419.00,23,0,0,0,0,1,392,0
419.00,12,0,0,0,0,1,738,0
419.00,12,0,0,0,0,1,738,0
419.00,12,0,0,0,0,1,738,0
419.00,12,0,0,0,0,1,738,0
419.00,12,0,0,0,0,1,738,0
419.00,12,0,0,0,0,1,738,0
419.00,12,0,0,0,0,1,738,0
419.00,12,0,0,0,0,1,738,0
419.00,12,0,0,0,0,1,738,0
419.00,12,0,0,0,0,1,738,0
419.00,12,0,0,0,0,1,738,0
419.00,12,0,0,0,0,1,738,0
419.00,12,0,0,0,0,1,738,0
419.00,12,0,0,0,0,1,738,0
419.00,12,0,0,0,0,1,350,0
419.00,12,0,0,0,0,1,350,0
419.00,12,0,0,0,0,1,350,0
419.00,12,0,0,0,0,1,350,0
419.00,12,0,0,0,0,1,350,0
419.00,12,0,0,0,0,1,350,0
419.00,12,0,0,0,0,1,350,0
419.00,12,0,0,0,0,1,350,0
419.00,12,0,0,0,0,1,350,0
419.00,12,0,0,0,0,1,350,0
419.00,12,0,0,0,0,1,350,0
419.00,12,0,0,0,0,1,350,0
419.00,12,0,0,0,0,1,350,0
419.00,12,0,0,0,0,1,350,0
419.00,12,0,0,0,0,1,350,0
419.00,12,0,0,0,0,1,350,0
419.00,12,0,0,0,0,1,350,0
419.00,12,0,0,0,0,1,350,0
419.00,27,0,0,0,0,1,700,0
419.00,27,0,0,0,0,1,700,0
419.00,27,0,0,0,0,1,700,0
419.00,27,0,0,0,0,1,700,0
419.00,27,0,0,0,0,1,700,0
419.00,24,0,0,0,0,1,700,0
419.00,24,0,0,0,0,1,700,0
419.00,24,0,0,0,0,1,700,0
419.00,24,0,0,0,0,1,700,0
419.07,43,0,0,0,0,1,350,0
419.07,43,0,0,0,0,1,350,0
419.07,43,0,0,0,0,1,350,0
419.07,23,0,0,0,0,1,-423,0
419.07,23,1,0,0,0,1,-423,0
419.07,23,0,0,0,0,1,-423,0
419.07,43,0,0,0,0,1,350,0
419.07,43,0,0,0,0,1,350,0
419.07,43,0,0,0,0,1,350,0
419.25,12,0,0,0,0,1,738,0
419.25,12,0,0,0,0,1,738,0
419.25,12,0,0,0,0,1,738,0
419.25,12,0,0,0,0,1,738,0
419.25,12,0,0,0,0,1,738,0
419.25,12,0,0,0,0,1,738,0
419.25,12,0,0,0,0,1,738,0
419.25,12,0,0,0,0,1,738,0
419.25,12,0,0,0,0,1,738,0
419.25,12,0,0,0,0,1,738,0
419.25,12,0,0,0,0,1,738,0
419.25,12,0,0,0,0,1,738,0
419.25,12,0,0,0,0,1,738,0
419.25,12,0,0,0,0,1,738,0
419.50,12,0,0,0,0,1,338,0
419.50,12,0,0,0,0,1,338,0
419.50,12,0,0,0,0,1,338,0
419.50,12,0,0,0,0,1,338,0
419.50,12,0,0,0,0,1,738,0
419.50,12,0,0,0,0,1,738,0
419.50,12,0,0,0,0,1,738,0
419.50,12,0,0,0,0,1,738,0
419.50,12,0,0,0,0,1,738,0
419.50,12,0,0,0,0,1,738,0
419.50,12,0,0,0,0,1,738,0
419.50,12,0,0,0,0,1,738,0
419.50,12,0,0,0,0,1,738,0
419.50,12,0,0,0,0,1,738,0
419.50,12,0,0,0,0,1,738,0
419.50,12,0,0,0,0,1,738,0
419.50,12,0,0,0,0,1,738,0
419.50,12,0,0,0,0,1,738,0
419.65,12,0,0,0,0,1,338,0
419.65,12,0,0,0,0,1,338,0
419.65,12,0,0,0,0,1,338,0
419.65,12,0,0,0,0,1,338,0
419.65,12,0,0,0,0,1,338,0
420.00,12,0,0,0,0,1,317,0
420.00,12,0,0,0,0,1,317,0
420.00,12,0,0,0,0,1,317,0
420.00,12,0,0,0,0,1,317,0
420.00,12,0,0,0,0,1,317,0
420.00,12,0,0,0,0,1,340,0
420.00,12,1,0,0,0,1,340,0
420.00,12,0,0,0,0,1,340,0
420.00,12,1,0,0,0,1,400,0
420.00,23,0,0,0,0,1,411,0
420.00,23,1,0,0,0,1,411,0
420.00,23,0,0,0,0,1,411,0
420.00,12,0,0,0,0,1,350,0
420.00,12,0,0,0,0,1,350,0
420.00,12,0,0,0,0,1,350,0
420.00,12,0,0,0,0,1,350,0
420.00,12,0,0,0,0,1,350,0
420.00,12,0,0,0,0,1,350,0
420.00,12,0,0,0,0,1,350,0
420.00,12,0,0,0,0,1,738,0
420.00,12,0,0,0,0,1,738,0
420.00,12,0,0,0,0,1,738,0
420.00,12,0,0,0,0,1,738,0
420.00,12,0,0,0,0,1,738,0
420.00,12,0,0,0,0,1,738,0
420.00,12,0,0,0,0,1,738,0
420.00,12,0,0,0,0,1,738,0
420.00,12,0,0,0,0,1,738,0
420.00,12,0,0,0,0,1,738,0
420.00,12,0,0,0,0,1,738,0
420.00,12,0,0,0,0,1,738,0
420.00,12,0,0,0,0,1,738,0
420.00,12,0,0,0,0,1,738,0
420.00,12,0,0,0,0,1,738,0
420.00,12,0,0,0,0,1,738,0
420.00,12,0,0,0,0,1,738,0
420.00,12,0,0,0,0,1,738,0
420.00,12,0,0,0,0,1,738,0
420.00,12,0,0,0,0,1,738,0
420.00,12,0,0,0,0,1,738,0
420.00,12,0,0,0,0,1,738,0
420.00,12,0,0,0,0,1,738,0
420.00,12,0,0,0,0,1,738,0
420.00,12,0,0,0,0,1,738,0
420.00,12,0,0,0,0,1,738,0
420.00,12,0,0,0,0,1,738,0
420.00,12,0,0,0,0,1,738,0
420.00,12,0,0,0,0,1,738,0
420.00,12,0,0,0,0,1,738,0
420.00,12,0,0,0,0,1,738,0
420.00,12,0,0,0,0,1,738,0
420.00,12,0,0,0,0,1,738,0
420.00,12,0,0,0,0,1,738,0
420.00,12,0,0,0,0,1,738,0
420.00,12,0,0,0,0,1,738,0
420.00,12,0,0,0,0,1,738,0
420.00,12,0,0,0,0,1,738,0
420.00,12,0,0,0,0,1,738,0
420.00,12,0,0,0,0,1,738,0
420.00,12,0,0,0,0,1,738,0
420.00,12,0,0,0,0,1,738,0
420.00,12,0,0,0,0,1,350,0
420.00,12,0,0,0,0,1,350,0
420.00,12,0,0,0,0,1,350,0
420.00,12,0,0,0,0,1,350,0
420.00,12,0,0,0,0,1,738,0
420.00,12,0,0,0,0,1,738,0
420.00,12,0,0,0,0,1,738,0
420.00,12,0,0,0,0,1,738,0
420.00,12,0,0,0,0,1,738,0
420.00,12,0,0,0,0,1,738,0
420.00,12,0,0,0,0,1,738,0
420.00,12,0,0,0,0,1,738,0
420.00,12,0,0,0,0,1,738,0
420.00,12,0,0,0,0,1,738,0
420.00,12,0,0,0,0,1,738,0
420.00,12,0,0,0,0,1,738,0
420.00,12,0,0,0,0,1,738,0
420.00,12,0,0,0,0,1,738,0
420.00,27,0,0,0,0,1,484,0
420.00,27,0,0,0,0,1,484,0
420.00,27,0,0,0,0,1,484,0
420.00,27,0,0,0,0,1,484,0
420.00,27,0,0,0,0,1,484,0
420.00,27,0,0,0,0,1,484,0
420.08,43,1,0,0,0,1,625,0
420.08,43,0,0,0,0,1,625,0
420.08,43,0,0,0,0,1,350,0
420.08,43,0,0,0,0,1,350,0
420.08,43,0,0,0,0,1,350,0
420.08,43,0,0,0,0,1,350,0
420.08,43,0,0,0,0,1,350,0
420.08,43,0,0,0,0,1,350,0
420.08,43,0,0,0,0,1,350,0
420.10,12,0,0,0,0,1,338,0
420.10,12,0,0,0,0,1,338,0
420.10,12,0,0,0,0,1,338,0
420.10,12,0,0,0,0,1,338,0
420.50,12,0,0,0,0,1,584,0
420.50,12,0,0,0,0,1,584,0
420.50,12,0,0,0,0,1,584,0
420.50,12,0,0,0,0,1,584,0
420.50,12,0,0,0,0,1,584,0
420.50,12,0,0,0,0,1,584,0
420.50,12,0,0,0,0,1,584,0
420.50,12,0,0,0,0,1,584,0
420.50,12,0,0,0,0,1,584,0
420.50,12,0,0,0,0,1,584,0
420.50,12,0,0,0,0,1,584,0
420.50,12,0,0,0,0,1,584,0
420.60,12,0,0,0,0,1,375,0
420.60,12,0,0,0,0,1,375,0
420.60,12,0,0,0,0,1,375,0
420.60,12,0,0,0,0,1,375,0
421.00,24,0,0,0,0,1,374,0
421.00,24,0,0,0,0,1,374,0
421.00,24,0,0,0,0,1,374,0
421.00,24,0,0,0,0,1,374,0
421.00,24,0,0,0,0,1,374,0
421.00,12,0,0,0,0,1,350,0
421.00,12,0,0,0,0,1,350,0
421.00,12,0,0,0,0,1,350,0
421.00,12,0,0,0,0,1,350,0
421.00,12,0,0,0,0,1,350,0
421.00,12,0,0,0,0,1,350,0
421.00,12,0,0,0,0,1,350,0
421.00,12,0,0,0,0,1,350,0
421.00,12,0,0,0,0,1,350,0
421.00,12,0,0,0,0,1,350,0
421.00,12,0,0,0,0,1,350,0
421.00,26,0,0,0,0,1,613,0
421.00,26,0,0,0,0,1,613,0
421.00,26,0,0,0,0,1,613,0
421.00,26,0,0,0,0,1,613,0
421.00,12,0,0,0,0,1,350,0
421.00,12,0,0,0,0,1,350,0
421.00,12,0,0,0,0,1,350,0
421.00,12,0,0,0,0,1,350,0
421.00,12,0,0,0,0,1,350,0
421.00,12,0,0,0,0,1,350,0
421.00,12,0,0,0,0,1,350,0
421.00,12,0,0,0,0,1,350,0
421.00,12,0,0,0,0,1,350,0
421.00,12,0,0,0,0,1,350,0
421.00,12,0,0,0,0,1,350,0
421.00,12,0,0,0,0,1,350,0
421.00,12,0,0,0,0,1,350,0
421.00,12,0,0,0,0,1,350,0
421.00,12,0,0,0,0,1,350,0
421.00,12,0,0,0,0,1,350,0
421.00,23,0,0,0,0,1,600,0
421.00,23,0,0,0,0,1,600,0
421.00,23,0,0,0,0,1,600,0
421.00,23,0,0,0,0,1,600,0
421.00,23,0,0,0,0,1,-210,0
421.00,23,0,0,0,0,1,-210,0
421.00,23,0,0,0,0,1,-210,0
421.00,23,0,0,0,0,1,-210,0
421.10,23,0,0,0,0,1,-423,0
421.10,23,1,0,0,0,1,-423,0
421.10,43,0,0,0,0,1,350,0
421.10,43,0,0,0,0,1,350,0
421.10,43,0,0,0,0,1,350,0
421.10,24,0,0,0,0,1,625,0
421.10,24,1,0,0,0,1,625,0
421.10,24,0,0,0,0,1,625,0
421.50,43,0,0,0,0,1,634,0
421.50,43,0,0,0,0,1,634,0
421.50,43,0,0,0,0,1,634,0
421.50,43,0,0,0,0,1,634,0
421.90,12,0,0,0,0,1,517,0
421.90,12,0,0,0,0,1,517,0
421.90,12,0,0,0,0,1,517,0
421.90,12,0,0,0,0,1,517,0
421.90,12,0,0,0,0,1,517,0
421.90,12,0,0,0,0,1,517,0
422.00,27,0,0,0,0,1,190,0
422.00,27,1,0,0,0,1,190,0
422.00,27,0,0,0,0,1,190,0
422.00,43,0,0,0,0,1,700,0
422.00,43,0,0,0,0,1,700,0
422.00,43,0,0,0,0,1,700,0
422.00,43,0,0,0,0,1,700,0
422.00,43,0,0,0,0,1,700,0
422.00,27,0,0,0,0,1,700,0
422.00,27,0,0,0,0,1,700,0
422.00,27,0,0,0,0,1,700,0
422.00,27,0,0,0,0,1,700,0
422.00,27,0,0,0,0,1,700,0
422.00,23,0,0,0,0,1,475,0
422.00,23,1,0,0,0,1,475,0
422.00,12,0,0,0,0,1,350,0
422.00,12,0,0,0,0,1,350,0
422.00,12,0,0,0,0,1,350,0
422.00,23,0,0,0,0,1,-250,0
422.00,23,0,0,0,0,1,-250,0
422.00,23,0,0,0,0,1,-250,0
422.00,23,0,0,0,0,1,-250,0
422.00,23,0,0,0,0,1,-250,0
422.00,23,0,0,0,0,1,-250,0
422.00,23,0,0,0,0,1,-250,0
422.00,23,0,0,0,0,1,-250,0
422.00,23,0,0,0,0,1,-250,0
422.00,23,0,0,0,0,1,-250,0
422.00,23,0,0,0,0,1,-250,0
422.00,12,0,0,0,0,1,738,0
422.00,12,0,0,0,0,1,738,0
422.00,12,0,0,0,0,1,738,0
422.00,12,0,0,0,0,1,738,0
422.00,12,0,0,0,0,1,738,0
422.00,12,0,0,0,0,1,738,0
422.00,12,0,0,0,0,1,738,0
422.00,12,0,0,0,0,1,738,0
422.00,12,0,0,0,0,1,738,0
422.00,12,0,0,0,0,1,738,0
422.00,12,0,0,0,0,1,738,0
422.00,12,0,0,0,0,1,738,0
422.00,12,0,0,0,0,1,738,0
422.00,12,0,0,0,0,1,738,0
422.00,12,0,0,0,0,1,350,0
422.00,12,0,0,0,0,1,350,0
422.00,12,0,0,0,0,1,350,0
422.00,12,0,0,0,0,1,738,0
422.00,12,0,0,0,0,1,738,0
422.00,12,0,0,0,0,1,738,0
422.00,12,0,0,0,0,1,738,0
422.00,12,0,0,0,0,1,738,0
422.00,12,0,0,0,0,1,738,0
422.00,12,0,0,0,0,1,738,0
422.00,12,0,0,0,0,1,738,0
422.00,12,0,0,0,0,1,738,0
422.00,12,0,0,0,0,1,738,0
422.00,12,0,0,0,0,1,738,0
422.00,12,0,0,0,0,1,738,0
422.00,12,0,0,0,0,1,738,0
422.00,12,0,0,0,0,1,738,0
422.00,12,0,0,0,0,1,738,0
422.00,12,0,0,0,0,1,738,0
422.00,12,0,0,0,0,1,738,0
422.00,12,0,0,0,0,1,738,0
422.00,12,0,0,0,0,1,738,0
422.00,12,0,0,0,0,1,738,0
422.00,12,0,0,0,0,1,738,0
422.00,12,0,0,0,0,1,738,0
422.00,12,0,0,0,0,1,738,0
422.00,12,0,0,0,0,1,738,0
422.00,12,0,0,0,0,1,738,0
422.00,12,0,0,0,0,1,738,0
422.00,12,0,0,0,0,1,738,0
422.00,12,0,0,0,0,1,738,0
422.00,12,0,0,0,0,1,738,0
422.00,12,0,0,0,0,1,738,0
422.00,12,0,0,0,0,1,738,0
422.00,12,0,0,0,0,1,738,0
422.00,12,0,0,0,0,1,738,0
422.00,12,0,0,0,0,1,738,0
422.00,12,0,0,0,0,1,738,0
422.00,12,0,0,0,0,1,738,0
422.00,12,0,0,0,0,1,738,0
422.00,12,0,0,0,0,1,738,0
422.00,12,0,0,0,0,1,738,0
422.00,12,0,0,0,0,1,738,0
422.00,12,0,0,0,0,1,738,0
422.00,12,0,0,0,0,1,738,0
422.00,27,0,0,0,0,1,450,0
422.00,27,0,0,0,0,1,450,0
422.00,27,0,0,0,0,1,450,0
422.00,27,0,0,0,0,1,450,0
422.00,12,0,0,0,0,1,363,0
422.00,12,0,0,0,0,1,363,0
422.00,12,0,0,0,0,1,363,0
422.00,12,0,0,0,0,1,363,0
422.00,12,0,0,0,0,1,363,0
422.11,24,0,0,0,0,1,591,0
422.11,24,0,0,0,0,1,591,0
422.11,24,0,0,0,0,1,591,0
422.11,24,0,0,0,0,1,591,0
422.11,24,0,0,0,0,1,591,0
422.11,24,0,0,0,0,1,591,0
422.11,24,0,0,0,0,1,600,0
422.11,24,0,0,0,0,1,600,0
422.11,24,0,0,0,0,1,600,0
422.11,24,0,0,0,0,1,600,0
422.11,24,0,0,0,0,1,600,0
422.11,24,0,0,0,0,1,600,0
422.11,24,0,0,0,0,1,600,0
422.11,24,0,0,0,0,1,600,0
422.11,24,0,0,0,0,1,600,0
422.11,24,0,0,0,0,1,600,0
422.25,12,0,0,0,0,1,738,0
422.25,12,0,0,0,0,1,738,0
422.25,12,0,0,0,0,1,738,0
422.25,12,0,0,0,0,1,738,0
422.25,12,0,0,0,0,1,738,0
422.25,12,0,0,0,0,1,738,0
422.25,12,0,0,0,0,1,738,0
422.25,12,0,0,0,0,1,738,0
422.25,12,0,0,0,0,1,738,0
422.25,12,0,0,0,0,1,738,0
422.25,12,0,0,0,0,1,738,0
422.25,12,0,0,0,0,1,738,0
422.25,12,0,0,0,0,1,738,0
422.25,12,0,0,0,0,1,738,0
422.35,12,0,0,0,0,1,338,0
422.35,12,0,0,0,0,1,338,0
422.35,12,0,0,0,0,1,338,0
422.35,12,0,0,0,0,1,338,0
422.35,12,0,0,0,0,1,338,0
422.50,12,0,0,0,0,1,334,0
422.50,12,0,0,0,0,1,334,0
422.50,12,0,0,0,0,1,334,0
422.50,12,0,0,0,0,1,334,0
422.60,12,0,0,0,0,1,338,0
422.60,12,0,0,0,0,1,338,0
422.60,12,0,0,0,0,1,338,0
422.60,12,0,0,0,0,1,338,0
422.60,12,0,0,0,0,1,338,0
423.00,12,0,0,0,0,1,467,0
423.00,12,0,0,0,0,1,467,0
423.00,12,0,0,0,0,1,467,0
423.00,12,0,0,0,0,1,467,0
423.00,12,0,0,0,0,1,467,0
423.00,24,0,0,0,0,1,591,0
423.00,24,0,0,0,0,1,591,0
423.00,24,0,0,0,0,1,591,0
423.00,24,0,0,0,0,1,591,0
423.00,24,0,0,0,0,1,591,0
423.00,12,0,0,0,0,1,738,0
423.00,12,0,0,0,0,1,738,0
423.00,12,0,0,0,0,1,738,0
423.00,12,0,0,0,0,1,738,0
423.00,12,0,0,0,0,1,738,0
423.00,12,0,0,0,0,1,738,0
423.00,12,0,0,0,0,1,738,0
423.00,12,0,0,0,0,1,738,0
423.00,12,0,0,0,0,1,738,0
423.00,12,0,0,0,0,1,738,0
423.00,12,0,0,0,0,1,738,0
423.00,12,0,0,0,0,1,738,0
423.00,12,0,0,0,0,1,738,0
423.00,12,0,0,0,0,1,738,0
423.00,12,0,0,0,0,1,350,0
423.00,12,0,0,0,0,1,350,0
423.00,12,0,0,0,0,1,350,0
423.00,12,0,0,0,0,1,350,0
423.00,12,0,0,0,0,1,-9,0
423.00,12,0,0,0,0,1,-9,0
423.00,12,0,0,0,0,1,-9,0
423.00,12,0,0,0,0,1,-9,0
423.00,12,0,0,0,0,1,363,0
423.00,12,0,0,0,0,1,363,0
423.00,12,0,0,0,0,1,363,0
423.00,12,0,0,0,0,1,363,0
423.00,12,0,0,0,0,1,44,0
423.00,12,1,0,0,0,1,44,0
423.00,12,0,0,0,0,1,350,0
423.00,12,0,0,0,0,1,350,0
423.00,12,0,0,0,0,1,350,0
423.00,12,0,0,0,0,1,350,0
423.00,12,0,0,0,0,1,350,0
423.00,12,0,0,0,0,1,350,0
423.00,12,0,0,0,0,1,350,0
423.00,23,0,0,0,0,1,357,0
423.00,23,1,0,0,0,1,357,0
423.00,23,0,0,0,0,1,357,0
423.00,12,0,0,0,0,1,350,0
423.00,12,0,0,0,0,1,350,0
423.00,12,0,0,0,0,1,350,0
423.00,12,0,0,0,0,1,350,0
423.00,27,0,0,0,0,1,700,0
423.00,27,0,0,0,0,1,700,0
423.00,27,0,0,0,0,1,700,0
423.00,27,0,0,0,0,1,700,0
423.00,27,0,0,0,0,1,700,0
423.00,27,0,0,0,0,1,700,0
423.00,27,0,0,0,0,1,700,0
423.00,27,0,0,0,0,1,700,0
423.00,27,0,0,0,0,1,700,0
423.00,27,0,0,0,0,1,700,0
423.12,23,1,0,0,0,1,-423,0
423.12,23,0,0,0,0,1,-423,0
423.12,43,0,0,0,0,1,350,0
423.12,43,0,0,0,0,1,350,0
423.12,43,0,0,0,0,1,350,0
423.12,43,0,0,0,0,1,350,0
423.12,43,0,0,0,0,1,350,0
423.12,43,0,0,0,0,1,350,0
423.12,43,0,0,0,0,1,350,0
423.12,24,0,0,0,0,1,-373,0
423.12,24,0,0,0,0,1,-373,0
423.12,24,0,0,0,0,1,-373,0
423.12,24,0,0,0,0,1,-373,0
423.12,24,0,0,0,0,1,-373,0
423.15,12,0,0,0,0,1,650,0
423.15,12,0,0,0,0,1,650,0
423.15,12,0,0,0,0,1,650,0
423.15,12,0,0,0,0,1,650,0
423.20,12,0,0,0,0,1,338,0
423.20,12,0,0,0,0,1,338,0
423.20,12,0,0,0,0,1,338,0
423.20,12,0,0,0,0,1,338,0
423.25,12,0,0,0,0,1,738,0
423.25,12,0,0,0,0,1,738,0
423.25,12,0,0,0,0,1,738,0
423.25,12,0,0,0,0,1,738,0
423.25,12,0,0,0,0,1,738,0
423.25,12,0,0,0,0,1,738,0
423.25,12,0,0,0,0,1,738,0
423.25,12,0,0,0,0,1,738,0
423.25,12,0,0,0,0,1,738,0
423.25,12,0,0,0,0,1,738,0
423.25,12,0,0,0,0,1,738,0
423.25,12,0,0,0,0,1,738,0
423.25,12,0,0,0,0,1,738,0
423.25,12,0,0,0,0,1,738,0
423.50,12,0,0,0,0,1,392,0
423.50,12,1,0,0,0,1,392,0
423.50,12,0,0,0,0,1,392,0
423.50,43,0,0,0,0,1,-88,0
423.50,43,0,0,0,0,1,-88,0
423.50,43,0,0,0,0,1,-88,0
423.50,43,0,0,0,0,1,-88,0
424.00,12,0,0,0,0,1,350,0
424.00,12,1,0,0,0,1,350,0
424.00,12,0,0,0,0,1,350,0
424.00,12,0,0,0,0,1,350,0
424.00,12,0,0,0,0,1,350,0
424.00,12,0,0,0,0,1,350,0
424.00,12,0,0,0,0,1,350,0
424.00,12,0,0,0,0,1,738,0
424.00,12,0,0,0,0,1,738,0
424.00,12,0,0,0,0,1,738,0
424.00,12,0,0,0,0,1,738,0
424.00,12,0,0,0,0,1,738,0
424.00,12,0,0,0,0,1,738,0
424.00,12,0,0,0,0,1,738,0
424.00,12,0,0,0,0,1,738,0
424.00,12,0,0,0,0,1,738,0
424.00,12,0,0,0,0,1,738,0
424.00,12,0,0,0,0,1,738,0
424.00,12,0,0,0,0,1,738,0
424.00,12,0,0,0,0,1,738,0
424.00,12,0,0,0,0,1,738,0
424.00,12,0,0,0,0,1,350,0
424.00,12,0,0,0,0,1,350,0
424.00,12,0,0,0,0,1,350,0
424.00,12,0,0,0,0,1,350,0
424.00,43,1,0,0,0,1,380,0
424.00,43,0,0,0,0,1,380,0
424.00,12,0,0,0,0,1,350,0
424.00,12,0,0,0,0,1,350,0
424.00,12,0,0,0,0,1,350,0
424.00,12,0,0,0,0,1,350,0
424.00,27,0,0,0,0,1,700,0
424.00,27,0,0,0,0,1,700,0
424.00,27,0,0,0,0,1,700,0
424.00,27,0,0,0,0,1,700,0
424.00,27,0,0,0,0,1,700,0
424.00,12,0,0,0,0,1,350,0
424.00,12,0,0,0,0,1,350,0
424.00,12,0,0,0,0,1,350,0
424.00,12,0,0,0,0,1,363,0
424.00,12,0,0,0,0,1,363,0
424.00,12,0,0,0,0,1,363,0
424.00,12,0,0,0,0,1,363,0
424.00,12,0,0,0,0,1,363,0
424.00,43,0,0,0,0,1,-148,0
424.00,43,0,0,0,0,1,-148,0
424.00,43,0,0,0,0,1,-148,0
424.00,43,0,0,0,0,1,-148,0
424.00,43,0,0,0,0,1,-148,0
424.00,43,0,0,0,0,1,-148,0
424.00,43,0,0,0,0,1,-148,0
424.00,12,0,0,0,0,1,738,0
424.00,12,0,0,0,0,1,738,0
424.00,12,0,0,0,0,1,738,0
424.00,12,0,0,0,0,1,738,0
424.00,12,0,0,0,0,1,738,0
424.00,12,0,0,0,0,1,738,0
424.00,12,0,0,0,0,1,738,0
424.00,12,0,0,0,0,1,738,0
424.00,12,0,0,0,0,1,738,0
424.00,12,0,0,0,0,1,738,0
424.00,12,0,0,0,0,1,738,0
424.00,12,0,0,0,0,1,738,0
424.00,12,0,0,0,0,1,738,0
424.00,12,0,0,0,0,1,738,0
424.00,27,0,0,0,0,1,700,0
424.00,27,0,0,0,0,1,700,0
424.00,27,0,0,0,0,1,700,0
424.00,27,0,0,0,0,1,700,0
424.00,27,0,0,0,0,1,700,0
424.13,23,0,0,0,0,1,-460,0
424.13,23,1,0,0,0,1,-460,0
424.13,43,0,0,0,0,1,350,0
424.13,43,0,0,0,0,1,350,0
424.13,43,0,0,0,0,1,350,0
424.13,43,0,0,0,0,1,350,0
424.20,12,0,0,0,0,1,338,0
424.20,12,0,0,0,0,1,338,0
424.20,12,0,0,0,0,1,338,0
424.20,12,0,0,0,0,1,338,0
424.20,12,0,0,0,0,1,338,0
424.50,12,0,0,0,0,1,550,0
424.50,12,0,0,0,0,1,550,0
424.50,12,0,0,0,0,1,550,0
424.50,12,0,0,0,0,1,363,0
424.50,12,0,0,0,0,1,363,0
424.50,12,0,0,0,0,1,363,0
424.50,12,0,0,0,0,1,363,0
424.50,12,0,0,0,0,1,363,0
425.00,23,0,0,0,0,1,-423,0
425.00,23,0,0,0,0,1,-423,0
425.00,23,0,0,0,0,1,-423,0
425.00,23,0,0,0,0,1,-423,0
425.00,12,1,0,0,0,1,330,0
425.00,12,0,0,0,0,1,330,0
425.00,12,0,0,0,0,1,250,0
425.00,12,0,0,0,0,1,250,0
425.00,12,0,0,0,0,1,250,0
425.00,12,0,0,0,0,1,250,0
425.00,12,0,0,0,0,1,250,0
425.00,24,0,0,0,0,1,700,0
425.00,24,0,0,0,0,1,700,0
425.00,24,0,0,0,0,1,700,0
425.00,24,0,0,0,0,1,700,0
425.00,23,0,0,0,0,1,342,0
425.00,23,0,0,0,0,1,342,0
425.00,23,0,0,0,0,1,342,0
425.00,23,0,0,0,0,1,342,0
425.00,12,0,0,0,0,1,650,0
425.00,12,0,0,0,0,1,650,0
425.00,12,0,0,0,0,1,650,0
425.00,12,0,0,0,0,1,650,0
425.00,12,0,0,0,0,1,350,0
425.00,12,0,0,0,0,1,350,0
425.00,12,0,0,0,0,1,350,0
425.00,12,0,0,0,0,1,350,0
425.00,12,0,0,0,0,1,350,0
425.00,12,0,0,0,0,1,350,0
425.00,12,0,0,0,0,1,350,0
425.00,12,0,0,0,0,1,350,0
425.00,12,0,0,0,0,1,350,0
425.00,12,0,0,0,0,1,350,0
425.00,12,0,0,0,0,1,350,0
425.00,12,0,0,0,0,1,350,0
425.00,12,0,0,0,0,1,350,0
425.00,12,0,0,0,0,1,350,0
425.00,12,0,0,0,0,1,350,0
425.00,12,0,0,0,0,1,350,0
425.00,12,0,0,0,0,1,350,0
425.00,12,0,0,0,0,1,350,0
425.00,43,0,0,0,0,1,634,0
425.00,43,0,0,0,0,1,634,0
425.00,43,0,0,0,0,1,634,0
425.00,43,0,0,0,0,1,634,0
425.00,12,0,0,0,0,1,350,0
425.00,12,0,0,0,0,1,350,0
425.00,12,0,0,0,0,1,350,0
425.00,27,0,0,0,0,1,700,0
425.00,27,0,0,0,0,1,700,0
425.00,27,0,0,0,0,1,700,0
425.00,27,0,0,0,0,1,700,0
425.00,27,0,0,0,0,1,700,0
425.00,12,0,0,0,0,1,350,0
425.00,12,0,0,0,0,1,350,0
425.00,12,0,0,0,0,1,350,0
425.00,12,0,0,0,0,1,350,0
425.00,12,0,0,0,0,1,738,0
425.00,12,0,0,0,0,1,738,0
425.00,12,0,0,0,0,1,738,0
425.00,12,0,0,0,0,1,738,0
425.00,12,0,0,0,0,1,738,0
425.00,12,0,0,0,0,1,738,0
425.00,12,0,0,0,0,1,738,0
425.00,12,0,0,0,0,1,738,0
425.00,12,0,0,0,0,1,738,0
425.00,12,0,0,0,0,1,738,0
425.00,12,0,0,0,0,1,738,0
425.00,12,0,0,0,0,1,738,0
425.00,12,0,0,0,0,1,738,0
425.00,12,0,0,0,0,1,738,0
425.00,43,0,0,0,0,1,634,0
425.00,43,0,0,0,0,1,634,0
425.00,43,0,0,0,0,1,634,0
425.00,43,0,0,0,0,1,634,0
425.00,27,0,0,0,0,1,700,0
425.00,27,0,0,0,0,1,700,0
425.00,27,0,0,0,0,1,700,0
425.00,27,0,0,0,0,1,700,0
425.00,27,0,0,0,0,1,700,0
425.00,27,0,0,0,0,1,700,0
425.00,12,0,0,0,0,1,350,0
425.00,12,0,0,0,0,1,350,0
425.00,12,0,0,0,0,1,350,0
425.50,12,0,0,0,0,1,334,0
425.50,12,0,0,0,0,1,334,0
425.50,12,0,0,0,0,1,334,0
425.50,12,0,0,0,0,1,334,0
425.65,24,0,0,0,0,1,-373,0
425.65,24,0,0,0,0,1,-373,0
425.65,24,0,0,0,0,1,-373,0
425.65,24,0,0,0,0,1,-373,0
425.65,24,0,0,0,0,1,-373,0
425.65,24,0,0,0,0,1,-373,0
426.00,12,0,0,0,0,1,323,0
426.00,12,1,0,0,0,1,323,0
426.00,24,0,0,0,0,1,700,0
426.00,24,0,0,0,0,1,700,0
426.00,24,0,0,0,0,1,700,0
426.00,12,0,0,0,0,1,738,0
426.00,12,0,0,0,0,1,738,0
426.00,12,0,0,0,0,1,738,0
426.00,12,0,0,0,0,1,738,0
426.00,12,0,0,0,0,1,738,0
426.00,12,0,0,0,0,1,738,0
426.00,12,0,0,0,0,1,738,0
426.00,12,0,0,0,0,1,738,0
426.00,12,0,0,0,0,1,738,0
426.00,12,0,0,0,0,1,738,0
426.00,12,0,0,0,0,1,738,0
426.00,12,0,0,0,0,1,738,0
426.00,12,0,0,0,0,1,738,0
426.00,12,0,0,0,0,1,738,0
426.00,12,0,0,0,0,1,363,0
426.00,12,0,0,0,0,1,363,0
426.00,12,0,0,0,0,1,363,0
426.00,12,0,0,0,0,1,363,0
426.00,12,0,0,0,0,1,350,0
426.00,12,0,0,0,0,1,350,0
426.00,12,0,0,0,0,1,350,0
426.00,12,0,0,0,0,1,350,0
426.00,27,0,0,0,0,1,700,0
426.00,27,0,0,0,0,1,700,0
426.00,27,0,0,0,0,1,700,0
426.00,27,0,0,0,0,1,700,0
426.00,27,0,0,0,0,1,700,0
426.00,12,0,0,0,0,1,350,0
426.00,12,0,0,0,0,1,350,0
426.00,12,0,0,0,0,1,350,0
426.00,12,0,0,0,0,1,350,0
426.00,12,0,0,0,0,1,350,0
426.00,12,0,0,0,0,1,350,0
426.00,12,0,0,0,0,1,350,0
426.00,12,0,0,0,0,1,350,0
426.00,12,0,0,0,0,1,334,0
426.00,12,0,0,0,0,1,334,0
426.00,12,0,0,0,0,1,334,0
426.00,12,0,0,0,0,1,334,0
426.00,12,0,0,0,0,1,350,0
426.00,12,0,0,0,0,1,350,0
426.00,12,0,0,0,0,1,350,0
426.00,12,0,0,0,0,1,350,0
426.45,12,0,0,0,0,1,650,0
426.45,12,0,0,0,0,1,650,0
426.45,12,0,0,0,0,1,650,0
426.45,12,0,0,0,0,1,650,0
426.65,12,0,0,0,0,1,338,0
426.65,12,0,0,0,0,1,338,0
426.65,12,0,0,0,0,1,338,0
426.65,12,0,0,0,0,1,338,0
426.67,43,0,0,0,0,1,350,0
426.67,43,0,0,0,0,1,350,0
426.67,43,0,0,0,0,1,350,0
426.67,43,0,0,0,0,1,350,0
427.00,12,0,0,0,0,1,400,0
427.00,12,0,0,0,0,1,400,0
427.00,12,0,0,0,0,1,400,0
427.00,12,0,0,0,0,1,400,0
427.00,12,0,0,0,0,1,400,0
427.00,24,0,0,0,0,1,700,0
427.00,24,0,0,0,0,1,700,0
427.00,24,0,0,0,0,1,700,0
427.00,24,0,0,0,0,1,700,0
427.00,12,0,0,0,0,1,83,0
427.00,12,0,0,0,0,1,83,0
427.00,12,0,0,0,0,1,83,0
427.00,27,0,0,0,0,1,700,0
427.00,27,0,0,0,0,1,700,0
427.00,27,0,0,0,0,1,700,0
427.00,27,0,0,0,0,1,700,0
427.00,27,0,0,0,0,1,700,0
427.00,27,0,0,0,0,1,700,0
427.00,12,0,0,0,0,1,350,0
427.00,12,0,0,0,0,1,350,0
427.00,12,0,0,0,0,1,350,0
427.00,12,0,0,0,0,1,350,0
427.00,12,0,0,0,0,1,350,0
427.00,12,0,0,0,0,1,350,0
427.00,12,0,0,0,0,1,350,0
427.00,12,0,0,0,0,1,350,0
427.00,12,0,0,0,0,1,350,0
427.00,12,0,0,0,0,1,350,0
427.00,12,0,0,0,0,1,350,0
427.00,12,0,0,0,0,1,738,0
427.00,12,0,0,0,0,1,738,0
427.00,12,0,0,0,0,1,738,0
427.00,12,0,0,0,0,1,738,0
427.00,12,0,0,0,0,1,738,0
427.00,12,0,0,0,0,1,738,0
427.00,12,0,0,0,0,1,738,0
427.00,12,0,0,0,0,1,738,0
427.00,12,0,0,0,0,1,738,0
427.00,12,0,0,0,0,1,738,0
427.00,12,0,0,0,0,1,738,0
427.00,12,0,0,0,0,1,738,0
427.00,12,0,0,0,0,1,738,0
427.00,12,0,0,0,0,1,738,0
427.00,12,0,0,0,0,1,350,0
427.00,12,0,0,0,0,1,350,0
427.00,12,0,0,0,0,1,350,0
427.00,12,0,0,0,0,1,350,0
427.15,12,0,0,0,0,1,300,0
427.15,12,0,0,0,0,1,300,0
427.15,12,0,0,0,0,1,300,0
427.15,12,0,0,0,0,1,300,0
427.15,12,0,0,0,0,1,300,0
427.15,12,0,0,0,0,1,300,0
427.17,43,0,0,0,0,1,350,0
427.17,43,0,0,0,0,1,350,0
427.17,43,0,0,0,0,1,350,0
427.17,43,0,0,0,0,1,350,0
427.17,43,0,0,0,0,1,475,0
427.17,43,0,0,0,0,1,475,0
427.17,43,0,0,0,0,1,475,0
427.17,43,0,0,0,0,1,475,0
427.17,43,0,0,0,0,1,475,0
427.17,43,0,0,0,0,1,475,0
427.17,43,0,0,0,0,1,475,0
427.17,43,0,0,0,0,1,475,0
427.17,43,0,0,0,0,1,475,0
427.17,12,0,0,0,0,1,465,0
427.17,12,1,0,0,0,1,465,0
427.17,12,0,0,0,0,1,465,0
427.17,23,1,0,0,0,1,-503,0
427.17,23,0,0,0,0,1,-503,0
427.60,12,0,0,0,0,1,338,0
427.60,12,0,0,0,0,1,338,0
427.60,12,0,0,0,0,1,338,0
427.60,12,0,0,0,0,1,338,0
427.75,12,0,0,0,0,1,738,0
427.75,12,0,0,0,0,1,738,0
427.75,12,0,0,0,0,1,738,0
427.75,12,0,0,0,0,1,738,0
427.75,12,0,0,0,0,1,738,0
427.75,12,0,0,0,0,1,738,0
427.75,12,0,0,0,0,1,738,0
427.75,12,0,0,0,0,1,738,0
427.75,12,0,0,0,0,1,738,0
427.75,12,0,0,0,0,1,738,0
427.75,12,0,0,0,0,1,738,0
427.75,12,0,0,0,0,1,738,0
427.75,12,0,0,0,0,1,738,0
427.75,12,0,0,0,0,1,738,0
428.00,12,0,0,0,0,1,350,0
428.00,12,0,0,0,0,1,350,0
428.00,12,0,0,0,0,1,350,0
428.00,12,0,0,0,0,1,350,0
428.00,12,0,0,0,0,1,350,0
428.00,12,0,0,0,0,1,350,0
428.00,12,0,0,0,0,1,350,0
428.00,12,0,0,0,0,1,350,0
428.00,12,0,0,0,0,1,350,0
428.00,12,0,0,0,0,1,350,0
428.00,12,0,0,0,0,1,350,0
428.00,27,0,0,0,0,1,700,0
428.00,27,0,0,0,0,1,700,0
428.00,27,0,0,0,0,1,700,0
428.00,27,0,0,0,0,1,700,0
428.00,27,0,0,0,0,1,700,0
428.00,26,1,0,0,0,1,584,0
428.00,27,0,0,0,0,1,700,0
428.00,27,0,0,0,0,1,700,0
428.00,27,0,0,0,0,1,700,0
428.00,27,0,0,0,0,1,700,0
428.00,27,0,0,0,0,1,700,0
428.00,12,0,0,0,0,1,363,0
428.00,12,0,0,0,0,1,363,0
428.00,12,0,0,0,0,1,363,0
428.00,12,0,0,0,0,1,363,0
428.00,22,0,0,0,0,1,-117,0
428.00,22,0,0,0,0,1,-117,0
428.00,22,0,0,0,0,1,-117,0
428.00,22,0,0,0,0,1,-117,0
428.00,12,0,0,0,0,1,363,0
428.00,12,0,0,0,0,1,363,0
428.00,12,0,0,0,0,1,363,0
428.00,23,0,0,0,0,1,600,0
428.00,23,0,0,0,0,1,600,0
428.00,23,0,0,0,0,1,600,0
428.00,23,0,0,0,0,1,600,0
428.19,24,0,0,0,0,1,-373,0
428.19,24,0,0,0,0,1,-373,0
428.19,24,0,0,0,0,1,-373,0
428.19,24,0,0,0,0,1,-373,0
428.19,24,0,0,0,0,1,-373,0
428.19,24,0,0,0,0,1,-373,0
428.19,24,0,0,0,0,1,600,0
428.19,24,0,0,0,0,1,600,0
428.19,24,0,0,0,0,1,600,0
428.19,24,0,0,0,0,1,600,0
428.19,24,0,0,0,0,1,600,0
428.19,24,0,0,0,0,1,600,0
428.19,24,0,0,0,0,1,600,0
428.19,24,0,0,0,0,1,600,0
428.19,24,0,0,0,0,1,600,0
428.19,24,0,0,0,0,1,600,0
428.50,12,0,0,0,0,1,738,0
428.50,12,0,0,0,0,1,738,0
428.50,12,0,0,0,0,1,738,0
428.50,12,0,0,0,0,1,738,0
428.50,12,0,0,0,0,1,738,0
428.50,12,0,0,0,0,1,738,0
428.50,12,0,0,0,0,1,738,0
428.50,12,0,0,0,0,1,738,0
428.50,12,0,0,0,0,1,738,0
428.50,12,0,0,0,0,1,738,0
428.50,12,0,0,0,0,1,738,0
428.50,12,0,0,0,0,1,738,0
428.50,12,0,0,0,0,1,738,0
428.50,12,0,0,0,0,1,738,0
428.95,12,0,0,0,0,1,338,0
428.95,12,0,0,0,0,1,338,0
428.95,12,0,0,0,0,1,338,0
428.95,12,0,0,0,0,1,338,0
429.00,12,0,0,0,0,1,250,0
429.00,12,0,0,0,0,1,250,0
429.00,12,0,0,0,0,1,250,0
429.00,12,0,0,0,0,1,250,0
429.00,12,0,0,0,0,1,350,0
429.00,12,0,0,0,0,1,350,0
429.00,12,0,0,0,0,1,350,0
429.00,12,0,0,0,0,1,350,0
429.00,12,0,0,0,0,1,250,0
429.00,12,0,0,0,0,1,250,0
429.00,12,0,0,0,0,1,250,0
429.00,12,0,0,0,0,1,250,0
429.00,12,0,0,0,0,1,250,0
429.00,12,0,0,0,0,1,350,0
429.00,12,0,0,0,0,1,350,0
429.00,12,0,0,0,0,1,350,0
429.00,12,0,0,0,0,1,350,0
429.00,27,0,0,0,0,1,700,0
429.00,27,0,0,0,0,1,700,0
429.00,27,0,0,0,0,1,700,0
429.00,27,0,0,0,0,1,700,0
429.00,27,0,0,0,0,1,700,0
429.20,24,0,0,0,0,1,-373,0
429.20,24,0,0,0,0,1,-373,0
429.20,24,0,0,0,0,1,-373,0
429.20,24,0,0,0,0,1,-373,0
429.20,24,0,0,0,0,1,-373,0
429.20,24,0,0,0,0,1,-373,0
429.20,43,0,0,0,0,1,350,0
429.20,43,0,0,0,0,1,350,0
429.20,43,0,0,0,0,1,350,0
429.20,43,0,0,0,0,1,350,0
429.50,12,0,0,0,0,1,738,0
429.50,12,0,0,0,0,1,738,0
429.50,12,0,0,0,0,1,738,0
429.50,12,0,0,0,0,1,738,0
429.50,12,0,0,0,0,1,738,0
429.50,12,0,0,0,0,1,738,0
429.50,12,0,0,0,0,1,738,0
429.50,12,0,0,0,0,1,738,0
429.50,12,0,0,0,0,1,738,0
429.50,12,0,0,0,0,1,738,0
429.50,12,0,0,0,0,1,738,0
429.50,12,0,0,0,0,1,738,0
429.50,12,0,0,0,0,1,738,0
429.50,12,0,0,0,0,1,738,0
429.65,12,0,0,0,0,1,338,0
429.65,12,0,0,0,0,1,338,0
429.65,12,0,0,0,0,1,338,0
429.65,12,0,0,0,0,1,338,0
430.00,12,1,0,0,0,1,340,0
430.00,12,1,0,0,0,1,340,0
430.00,12,0,0,0,0,1,360,0
430.00,12,0,0,0,0,1,360,0
430.00,12,0,0,0,0,1,360,0
430.00,12,0,0,0,0,1,390,0
430.00,12,1,0,0,0,1,390,0
430.00,12,1,0,0,0,1,400,0
430.00,12,0,0,0,0,1,467,0
430.00,12,0,0,0,0,1,467,0
430.00,12,0,0,0,0,1,467,0
430.00,12,0,0,0,0,1,467,0
430.00,12,0,0,0,0,1,467,0
430.00,27,0,0,0,0,1,700,0
430.00,27,0,0,0,0,1,700,0
430.00,27,0,0,0,0,1,700,0
430.00,27,0,0,0,0,1,700,0
430.00,27,0,0,0,0,1,700,0
430.00,27,0,0,0,0,1,700,0
430.00,27,0,0,0,0,1,700,0
430.00,27,0,0,0,0,1,700,0
430.00,27,0,0,0,0,1,700,0
430.00,27,0,0,0,0,1,700,0
430.00,27,0,0,0,0,1,700,0
430.00,43,0,0,0,0,1,634,0
430.00,43,0,0,0,0,1,634,0
430.00,43,0,0,0,0,1,634,0
430.00,43,0,0,0,0,1,634,0
430.00,23,0,0,0,0,1,411,0
430.00,23,0,0,0,0,1,411,0
430.00,23,0,0,0,0,1,411,0
430.00,24,0,0,0,0,1,700,0
430.00,24,0,0,0,0,1,700,0
430.00,24,0,0,0,0,1,700,0
430.00,27,0,0,0,0,1,700,0
430.00,27,0,0,0,0,1,700,0
430.00,27,0,0,0,0,1,700,0
430.00,27,0,0,0,0,1,700,0
430.00,27,0,0,0,0,1,700,0
430.00,12,0,0,0,0,1,350,0
430.00,12,0,0,0,0,1,350,0
430.00,12,0,0,0,0,1,350,0
430.00,12,0,0,0,0,1,350,0
430.00,12,0,0,0,0,1,350,0
430.00,12,0,0,0,0,1,350,0
430.00,12,0,0,0,0,1,350,0
430.00,27,0,0,0,0,1,700,0
430.00,27,0,0,0,0,1,700,0
430.00,27,0,0,0,0,1,700,0
430.00,27,0,0,0,0,1,700,0
430.00,27,0,0,0,0,1,700,0
430.00,12,0,0,0,0,1,392,0
430.00,12,1,0,0,0,1,392,0
430.00,12,0,0,0,0,1,392,0
430.00,12,0,0,0,0,1,350,0
430.00,12,0,0,0,0,1,350,0
430.00,12,0,0,0,0,1,350,0
430.00,12,0,0,0,0,1,392,0
430.00,12,1,0,0,0,1,392,0
430.00,12,0,0,0,0,1,392,0
430.10,12,0,0,0,0,1,650,0
430.10,12,0,0,0,0,1,650,0
430.10,12,0,0,0,0,1,650,0
430.10,12,0,0,0,0,1,650,0
430.20,12,0,0,0,0,1,338,0
430.20,12,0,0,0,0,1,338,0
430.20,12,0,0,0,0,1,338,0
430.20,12,0,0,0,0,1,338,0
430.20,12,0,0,0,0,1,338,0
430.21,23,0,0,0,0,1,-460,0
430.21,23,1,0,0,0,1,-460,0
430.30,12,0,0,0,0,1,338,0
430.30,12,0,0,0,0,1,338,0
430.30,12,0,0,0,0,1,338,0
430.30,12,0,0,0,0,1,338,0
430.30,12,0,0,0,0,1,338,0
431.00,12,1,0,0,0,1,370,0
431.00,12,0,0,0,0,1,370,0
431.00,23,0,0,0,0,1,362,0
431.00,23,1,0,0,0,1,362,0
431.00,23,0,0,0,0,1,362,0
431.00,27,0,0,0,0,1,-548,0
431.00,27,0,0,0,0,1,-548,0
431.00,27,0,0,0,0,1,-548,0
431.00,27,0,0,0,0,1,-548,0
431.00,27,0,0,0,0,1,-548,0
431.00,24,0,0,0,0,1,591,0
431.00,24,0,0,0,0,1,591,0
431.00,24,0,0,0,0,1,591,0
431.00,24,0,0,0,0,1,591,0
431.00,24,0,0,0,0,1,591,0
431.00,12,1,0,0,0,1,35,0
431.00,12,0,0,0,0,1,35,0
431.00,27,0,0,0,0,1,700,0
431.00,27,0,0,0,0,1,700,0
431.00,27,0,0,0,0,1,700,0
431.00,27,0,0,0,0,1,700,0
431.00,27,0,0,0,0,1,700,0
431.00,24,0,0,0,0,1,700,0
431.00,24,0,0,0,0,1,700,0
431.00,24,0,0,0,0,1,700,0
431.00,12,0,0,0,0,1,350,0
431.00,12,0,0,0,0,1,350,0
431.00,12,0,0,0,0,1,350,0
431.00,12,0,0,0,0,1,350,0
431.00,27,0,0,0,0,1,700,0
431.00,27,0,0,0,0,1,700,0
431.00,27,0,0,0,0,1,700,0
431.00,27,0,0,0,0,1,700,0
431.00,27,0,0,0,0,1,700,0
431.00,12,0,0,0,0,1,350,0
431.00,12,0,0,0,0,1,350,0
431.00,12,0,0,0,0,1,350,0
431.00,12,0,0,0,0,1,350,0
431.00,12,0,0,0,0,1,350,0
431.00,12,0,0,0,0,1,350,0
431.00,12,0,0,0,0,1,350,0
431.00,27,1,0,0,0,1,400,0
431.00,27,0,0,0,0,1,400,0
431.00,27,0,0,0,0,1,700,0
431.00,27,0,0,0,0,1,700,0
431.00,27,0,0,0,0,1,700,0
431.00,27,0,0,0,0,1,700,0
431.00,27,0,0,0,0,1,700,0
431.00,27,0,0,0,0,1,700,0
431.00,27,0,0,0,0,1,700,0
431.00,27,0,0,0,0,1,700,0
431.00,27,0,0,0,0,1,700,0
431.00,27,0,0,0,0,1,700,0
431.00,27,0,0,0,0,1,700,0
431.00,27,0,0,0,0,1,700,0
431.00,27,0,0,0,0,1,700,0
431.00,27,0,0,0,0,1,700,0
431.00,27,0,0,0,0,1,700,0
431.15,12,0,0,0,0,1,338,0
431.15,12,0,0,0,0,1,338,0
431.15,12,0,0,0,0,1,338,0
431.15,12,0,0,0,0,1,338,0
431.15,12,0,0,0,0,1,338,0
431.20,12,0,0,0,0,1,338,0
431.20,12,0,0,0,0,1,338,0
431.20,12,0,0,0,0,1,338,0
431.20,12,0,0,0,0,1,338,0
431.20,12,0,0,0,0,1,338,0
431.23,24,0,0,0,0,1,700,0
431.23,24,0,0,0,0,1,700,0
431.23,24,0,0,0,0,1,700,0
431.50,12,0,0,0,0,1,363,0
431.50,12,0,0,0,0,1,363,0
431.50,12,0,0,0,0,1,363,0
431.50,12,0,0,0,0,1,363,0
431.50,12,0,0,0,0,1,363,0
431.50,43,0,0,0,0,1,634,0
431.50,43,0,0,0,0,1,634,0
431.50,43,0,0,0,0,1,634,0
431.50,43,0,0,0,0,1,634,0
432.00,12,0,0,0,0,1,360,0
432.00,12,1,0,0,0,1,360,0
432.00,12,0,0,0,0,1,360,0
432.00,12,0,0,0,0,1,350,0
432.00,12,0,0,0,0,1,350,0
432.00,12,0,0,0,0,1,350,0
432.00,12,0,0,0,0,1,350,0
432.00,12,0,0,0,0,1,400,0
432.00,12,0,0,0,0,1,400,0
432.00,12,0,0,0,0,1,400,0
432.00,12,0,0,0,0,1,400,0
432.00,12,0,0,0,0,1,400,0
432.00,12,0,0,0,0,1,370,0
432.00,12,1,0,0,0,1,370,0
432.00,12,0,0,0,0,1,370,0
432.00,24,0,0,0,0,1,700,0
432.00,24,0,0,0,0,1,700,0
432.00,24,0,0,0,0,1,700,0
432.00,12,0,0,0,0,1,350,0
432.00,12,0,0,0,0,1,350,0
432.00,12,0,0,0,0,1,350,0
432.00,12,0,0,0,0,1,350,0
432.00,12,1,0,0,0,1,35,0
432.00,12,0,0,0,0,1,35,0
432.00,24,0,0,0,0,1,591,0
432.00,24,0,0,0,0,1,591,0
432.00,24,0,0,0,0,1,591,0
432.00,24,0,0,0,0,1,591,0
432.00,24,0,0,0,0,1,591,0
432.00,24,0,0,0,0,1,591,0
432.00,23,0,0,0,0,1,600,0
432.00,23,0,0,0,0,1,600,0
432.00,23,0,0,0,0,1,600,0
432.00,23,0,0,0,0,1,600,0
432.00,12,0,0,0,0,1,350,0
432.00,12,0,0,0,0,1,350,0
432.00,12,0,0,0,0,1,350,0
432.00,27,0,0,0,0,1,700,0
432.00,27,0,0,0,0,1,700,0
432.00,27,0,0,0,0,1,700,0
432.00,27,0,0,0,0,1,700,0
432.00,27,0,0,0,0,1,700,0
432.00,27,0,0,0,0,1,700,0
432.00,27,0,0,0,0,1,700,0
432.00,27,0,0,0,0,1,700,0
432.00,27,0,0,0,0,1,700,0
432.00,27,0,0,0,0,1,700,0
432.20,12,0,0,0,0,1,338,0
432.20,12,0,0,0,0,1,338,0
432.20,12,0,0,0,0,1,338,0
432.20,12,0,0,0,0,1,338,0
432.24,43,0,0,0,0,1,350,0
432.24,43,0,0,0,0,1,350,0
432.24,43,0,0,0,0,1,350,0
432.35,12,0,0,0,0,1,650,0
432.35,12,0,0,0,0,1,650,0
432.35,12,0,0,0,0,1,650,0
432.35,12,0,0,0,0,1,650,0
432.50,12,0,0,0,0,1,363,0
432.50,12,0,0,0,0,1,363,0
432.50,12,0,0,0,0,1,363,0
432.50,12,0,0,0,0,1,363,0
432.50,12,0,0,0,0,1,363,0
432.50,12,0,0,0,0,1,428,0
432.50,12,0,0,0,0,1,428,0
432.50,12,0,0,0,0,1,428,0
432.50,12,0,0,0,0,1,428,0
432.50,43,1,0,0,0,1,380,0
432.50,43,1,0,0,0,1,380,0
432.75,43,0,0,0,0,1,350,0
432.75,43,0,0,0,0,1,350,0
432.75,43,0,0,0,0,1,350,0
433.00,12,0,0,0,0,1,317,0
433.00,12,0,0,0,0,1,317,0
433.00,12,0,0,0,0,1,317,0
433.00,12,0,0,0,0,1,317,0
433.00,12,0,0,0,0,1,317,0
433.00,12,1,0,0,0,1,325,0
433.00,12,0,0,0,0,1,325,0
433.00,12,1,0,0,0,1,350,0
433.00,12,0,0,0,0,1,350,0
433.00,12,0,0,0,0,1,550,0
433.00,12,0,0,0,0,1,550,0
433.00,12,0,0,0,0,1,550,0
433.00,12,0,0,0,0,1,650,0
433.00,12,0,0,0,0,1,650,0
433.00,12,0,0,0,0,1,650,0
433.00,12,0,0,0,0,1,550,0
433.00,12,0,0,0,0,1,550,0
433.00,12,0,0,0,0,1,550,0
433.00,12,0,0,0,0,1,550,0
433.00,12,0,0,0,0,1,550,0
433.00,12,0,0,0,0,1,550,0
433.00,12,0,0,0,0,1,550,0
433.00,12,0,0,0,0,1,550,0
433.00,12,0,0,0,0,1,550,0
433.00,12,0,0,0,0,1,550,0
433.00,12,0,0,0,0,1,550,0
433.00,12,0,0,0,0,1,350,0
433.00,12,0,0,0,0,1,350,0
433.00,12,0,0,0,0,1,350,0
433.00,12,0,0,0,0,1,350,0
433.00,23,0,0,0,0,1,345,0
433.00,23,0,0,0,0,1,345,0
433.00,23,0,0,0,0,1,345,0
433.00,12,0,0,0,0,1,250,0
433.00,12,0,0,0,0,1,250,0
433.00,12,0,0,0,0,1,250,0
433.00,12,0,0,0,0,1,250,0
433.00,12,0,0,0,0,1,250,0
433.00,27,0,0,0,0,1,700,0
433.00,27,0,0,0,0,1,700,0
433.00,27,0,0,0,0,1,700,0
433.00,27,0,0,0,0,1,700,0
433.00,27,0,0,0,0,1,700,0
433.00,27,0,0,0,0,1,700,0
433.00,27,0,0,0,0,1,450,0
433.00,27,0,0,0,0,1,450,0
433.00,27,0,0,0,0,1,450,0
433.00,12,0,0,0,0,1,363,0
433.00,12,0,0,0,0,1,363,0
433.00,12,0,0,0,0,1,363,0
433.00,12,0,0,0,0,1,363,0
433.00,43,0,0,0,0,1,550,0
433.00,43,0,0,0,0,1,550,0
433.00,43,0,0,0,0,1,550,0
433.05,12,0,0,0,0,1,650,0
433.05,12,0,0,0,0,1,650,0
433.05,12,0,0,0,0,1,650,0
433.05,12,0,0,0,0,1,650,0
433.40,12,0,0,0,0,1,650,0
433.40,12,0,0,0,0,1,650,0
433.40,12,0,0,0,0,1,650,0
433.40,12,0,0,0,0,1,650,0
433.50,12,0,0,0,0,1,544,0
433.50,12,1,0,0,0,1,544,0
433.50,12,0,0,0,0,1,544,0
433.50,12,0,0,0,0,1,363,0
433.50,12,0,0,0,0,1,363,0
433.50,12,0,0,0,0,1,363,0
433.50,12,0,0,0,0,1,363,0
433.50,12,0,0,0,0,1,363,0
433.76,43,0,0,0,0,1,350,0
433.76,43,0,0,0,0,1,350,0
433.76,43,0,0,0,0,1,350,0
433.76,43,0,0,0,0,1,350,0
434.00,12,0,0,0,0,1,83,0
434.00,12,0,0,0,0,1,83,0
434.00,12,0,0,0,0,1,83,0
434.00,12,0,0,0,0,1,83,0
434.00,12,0,0,0,0,1,350,0
434.00,12,0,0,0,0,1,350,0
434.00,12,0,0,0,0,1,350,0
434.00,12,0,0,0,0,1,350,0
434.00,24,0,0,0,0,1,700,0
434.00,24,0,0,0,0,1,700,0
434.00,24,0,0,0,0,1,700,0
434.00,24,0,0,0,0,1,700,0
434.00,12,0,0,0,0,1,363,0
434.00,12,0,0,0,0,1,363,0
434.00,12,0,0,0,0,1,363,0
434.00,12,0,0,0,0,1,363,0
434.00,12,0,0,0,0,1,363,0
434.00,12,0,0,0,0,1,350,0
434.00,12,0,0,0,0,1,350,0
434.00,12,0,0,0,0,1,350,0
434.00,12,0,0,0,0,1,350,0
434.00,27,0,0,0,0,1,700,0
434.00,27,0,0,0,0,1,700,0
434.00,27,0,0,0,0,1,700,0
434.00,27,0,0,0,0,1,700,0
434.00,27,0,0,0,0,1,700,0
434.20,12,0,0,0,0,1,650,0
434.20,12,0,0,0,0,1,650,0
434.20,12,0,0,0,0,1,650,0
434.20,12,0,0,0,0,1,650,0
434.26,23,1,0,0,0,1,-503,0
434.26,23,0,0,0,0,1,-503,0
434.26,24,0,0,0,0,1,450,0
434.26,24,0,0,0,0,1,450,0
434.26,24,0,0,0,0,1,450,0
434.26,24,0,0,0,0,1,450,0
434.26,24,0,0,0,0,1,450,0
434.26,24,0,0,0,0,1,550,0
434.26,24,0,0,0,0,1,550,0
434.26,24,0,0,0,0,1,550,0
434.26,24,0,0,0,0,1,550,0
434.50,23,0,0,0,0,1,361,0
434.50,23,1,0,0,0,1,361,0
434.50,23,0,0,0,0,1,361,0
434.50,12,0,0,0,0,1,738,0
434.50,12,0,0,0,0,1,738,0
434.50,12,0,0,0,0,1,738,0
434.50,12,0,0,0,0,1,738,0
434.50,12,0,0,0,0,1,738,0
434.50,12,0,0,0,0,1,738,0
434.50,12,0,0,0,0,1,738,0
434.50,12,0,0,0,0,1,738,0
434.50,12,0,0,0,0,1,738,0
434.50,12,0,0,0,0,1,738,0
434.50,12,0,0,0,0,1,738,0
434.50,12,0,0,0,0,1,738,0
434.50,12,0,0,0,0,1,738,0
434.50,12,0,0,0,0,1,738,0
435.00,24,0,0,0,0,1,374,0
435.00,24,0,0,0,0,1,374,0
435.00,24,0,0,0,0,1,374,0
435.00,24,0,0,0,0,1,374,0
435.00,24,0,0,0,0,1,374,0
435.00,24,0,0,0,0,1,374,0
435.00,23,0,0,0,0,1,200,0
435.00,23,0,0,0,0,1,200,0
435.00,23,0,0,0,0,1,200,0
435.00,23,0,0,0,0,1,200,0
435.00,23,0,0,0,0,1,200,0
435.00,23,0,0,0,0,1,200,0
435.00,23,0,0,0,0,1,200,0
435.00,23,0,0,0,0,1,200,0
435.00,23,0,0,0,0,1,200,0
435.00,23,0,0,0,0,1,200,0
435.00,12,0,0,0,0,1,363,0
435.00,12,0,0,0,0,1,363,0
435.00,12,0,0,0,0,1,363,0
435.00,12,0,0,0,0,1,363,0
435.00,12,0,0,0,0,1,363,0
435.00,12,0,0,0,0,1,363,0
435.00,12,0,0,0,0,1,363,0
435.00,12,0,0,0,0,1,363,0
435.00,27,0,0,0,0,1,400,0
435.00,27,1,0,0,0,1,400,0
435.00,27,0,0,0,0,1,400,0
435.00,27,0,0,0,0,1,550,0
435.00,27,0,0,0,0,1,550,0
435.00,27,0,0,0,0,1,550,0
435.28,43,0,0,0,0,1,350,0
435.28,43,0,0,0,0,1,350,0
435.28,43,0,0,0,0,1,350,0
435.28,43,0,0,0,0,1,350,0
435.50,43,0,0,0,0,1,345,0
435.50,43,1,0,0,0,1,345,0
435.50,12,0,0,0,0,1,738,0
435.50,12,0,0,0,0,1,738,0
435.50,12,0,0,0,0,1,738,0
435.50,12,0,0,0,0,1,738,0
435.50,12,0,0,0,0,1,738,0
435.50,12,0,0,0,0,1,738,0
435.50,12,0,0,0,0,1,738,0
435.50,12,0,0,0,0,1,738,0
435.50,12,0,0,0,0,1,738,0
435.50,12,0,0,0,0,1,738,0
435.50,12,0,0,0,0,1,738,0
435.50,12,0,0,0,0,1,738,0
435.50,12,0,0,0,0,1,738,0
435.50,12,0,0,0,0,1,738,0
435.78,24,0,0,0,0,1,-373,0
435.78,24,0,0,0,0,1,-373,0
435.78,24,0,0,0,0,1,-373,0
435.78,24,0,0,0,0,1,-373,0
435.78,24,0,0,0,0,1,-373,0
436.00,12,0,0,0,0,1,350,0
436.00,12,0,0,0,0,1,350,0
436.00,12,0,0,0,0,1,350,0
436.00,12,0,0,0,0,1,350,0
436.00,24,0,0,0,0,1,700,0
436.00,24,0,0,0,0,1,700,0
436.00,24,0,0,0,0,1,700,0
436.00,24,0,0,0,0,1,500,0
436.00,24,0,0,0,0,1,500,0
436.00,24,0,0,0,0,1,500,0
436.00,24,0,0,0,0,1,500,0
436.00,24,0,0,0,0,1,500,0
436.00,24,0,0,0,0,1,500,0
436.00,23,1,0,0,0,1,-84,0
436.00,23,0,0,0,0,1,-84,0
436.00,43,0,0,0,0,1,634,0
436.00,43,0,0,0,0,1,634,0
436.00,43,0,0,0,0,1,634,0
436.00,43,0,0,0,0,1,634,0
436.00,12,0,0,0,0,1,350,0
436.00,12,0,0,0,0,1,350,0
436.00,12,0,0,0,0,1,350,0
436.00,12,0,0,0,0,1,363,0
436.00,12,0,0,0,0,1,363,0
436.00,12,0,0,0,0,1,363,0
436.00,12,0,0,0,0,1,363,0
436.00,12,0,0,0,0,1,363,0
436.00,23,0,0,0,0,1,335,0
436.00,23,0,0,0,0,1,335,0
436.00,23,0,0,0,0,1,335,0
436.00,23,0,0,0,0,1,335,0
436.00,12,0,0,0,0,1,350,0
436.00,12,0,0,0,0,1,350,0
436.00,12,0,0,0,0,1,350,0
436.00,12,0,0,0,0,1,350,0
436.00,12,0,0,0,0,1,350,0
436.00,12,0,0,0,0,1,350,0
436.00,12,0,0,0,0,1,350,0
436.00,27,0,0,0,0,1,700,0
436.00,27,0,0,0,0,1,700,0
436.00,27,0,0,0,0,1,700,0
436.00,27,0,0,0,0,1,700,0
436.00,27,0,0,0,0,1,700,0
436.00,12,0,0,0,0,1,350,0
436.00,12,0,0,0,0,1,350,0
436.00,12,0,0,0,0,1,350,0
436.00,12,0,0,0,0,1,350,0
436.00,27,0,0,0,0,1,400,0
436.00,27,1,0,0,0,1,400,0
436.00,27,0,0,0,0,1,400,0
436.29,43,0,0,0,0,1,350,0
436.29,43,0,0,0,0,1,350,0
436.29,43,0,0,0,0,1,350,0
436.29,43,0,0,0,0,1,350,0
436.80,12,0,0,0,0,1,250,0
436.80,12,0,0,0,0,1,250,0
436.80,12,0,0,0,0,1,250,0
436.80,12,0,0,0,0,1,250,0
437.00,12,0,0,0,0,1,330,0
437.00,12,1,0,0,0,1,330,0
437.00,12,0,0,0,0,1,584,0
437.00,12,0,0,0,0,1,584,0
437.00,12,0,0,0,0,1,584,0
437.00,12,0,0,0,0,1,584,0
437.00,12,0,0,0,0,1,584,0
437.00,12,0,0,0,0,1,584,0
437.00,12,0,0,0,0,1,534,0
437.00,12,0,0,0,0,1,534,0
437.00,12,0,0,0,0,1,534,0
437.00,12,0,0,0,0,1,534,0
437.00,12,0,0,0,0,1,534,0
437.00,12,0,0,0,0,1,534,0
437.00,12,0,0,0,0,1,534,0
437.00,12,0,0,0,0,1,534,0
437.00,12,0,0,0,0,1,650,0
437.00,12,0,0,0,0,1,650,0
437.00,12,0,0,0,0,1,650,0
437.00,12,0,0,0,0,1,650,0
437.00,27,0,0,0,0,1,575,0
437.00,27,1,0,0,0,1,575,0
437.00,27,0,0,0,0,1,575,0
437.00,12,0,0,0,0,1,350,0
437.00,12,0,0,0,0,1,350,0
437.00,12,0,0,0,0,1,350,0
437.00,12,0,0,0,0,1,350,0
437.00,12,0,0,0,0,1,350,0
437.00,12,0,0,0,0,1,350,0
437.00,12,0,0,0,0,1,350,0
437.00,12,0,0,0,0,1,350,0
437.00,12,0,0,0,0,1,350,0
437.00,12,0,0,0,0,1,350,0
437.00,12,0,0,0,0,1,350,0
437.00,27,0,0,0,0,1,700,0
437.00,27,0,0,0,0,1,700,0
437.00,27,0,0,0,0,1,700,0
437.00,27,0,0,0,0,1,700,0
437.00,27,0,0,0,0,1,700,0
437.00,12,0,0,0,0,1,350,0
437.00,12,0,0,0,0,1,350,0
437.00,12,0,0,0,0,1,350,0
437.00,12,0,0,0,0,1,350,0
437.00,12,0,0,0,0,1,392,0
437.00,12,1,0,0,0,1,392,0
437.00,12,0,0,0,0,1,392,0
437.00,12,0,0,0,0,1,363,0
437.00,12,0,0,0,0,1,363,0
437.00,12,0,0,0,0,1,363,0
437.00,12,0,0,0,0,1,363,0
437.00,27,0,0,0,0,1,700,0
437.00,27,0,0,0,0,1,700,0
437.00,27,0,0,0,0,1,700,0
437.00,27,0,0,0,0,1,700,0
437.00,27,0,0,0,0,1,700,0
437.00,27,0,0,0,0,1,700,0
437.00,27,0,0,0,0,1,700,0
437.00,27,0,0,0,0,1,700,0
437.00,27,0,0,0,0,1,700,0
437.00,27,0,0,0,0,1,700,0
437.50,27,0,0,0,0,1,500,0
437.50,27,1,0,0,0,1,500,0
437.81,43,0,0,0,0,1,350,0
437.81,43,0,0,0,0,1,350,0
437.81,43,0,0,0,0,1,350,0
437.81,43,0,0,0,0,1,350,0
438.00,26,1,0,0,0,1,584,0
438.00,26,0,0,0,0,1,584,0
438.00,12,0,0,0,0,1,738,0
438.00,12,0,0,0,0,1,738,0
438.00,12,0,0,0,0,1,738,0
438.00,12,0,0,0,0,1,738,0
438.00,12,0,0,0,0,1,738,0
438.00,12,0,0,0,0,1,738,0
438.00,12,0,0,0,0,1,738,0
438.00,12,0,0,0,0,1,738,0
438.00,12,0,0,0,0,1,738,0
438.00,12,0,0,0,0,1,738,0
438.00,12,0,0,0,0,1,738,0
438.00,12,0,0,0,0,1,738,0
438.00,12,0,0,0,0,1,738,0
438.00,12,0,0,0,0,1,738,0
438.00,12,0,0,0,0,1,350,0
438.00,12,0,0,0,0,1,350,0
438.00,12,0,0,0,0,1,350,0
438.00,12,0,0,0,0,1,350,0
438.00,23,0,0,0,0,1,600,0
438.00,23,0,0,0,0,1,600,0
438.00,23,0,0,0,0,1,600,0
438.00,23,0,0,0,0,1,600,0
438.00,23,0,0,0,0,1,600,0
438.00,23,0,0,0,0,1,600,0
438.00,23,0,0,0,0,1,600,0
438.00,23,0,0,0,0,1,600,0
438.00,43,1,0,0,0,1,380,0
438.00,43,1,0,0,0,1,380,0
438.00,12,0,0,0,0,1,350,0
438.00,12,0,0,0,0,1,350,0
438.00,12,0,0,0,0,1,350,0
438.00,23,0,0,0,0,1,575,0
438.00,23,0,0,0,0,1,575,0
438.00,23,0,0,0,0,1,575,0
438.00,23,0,0,0,0,1,575,0
438.00,23,0,0,0,0,1,575,0
438.00,23,0,0,0,0,1,575,0
438.00,23,0,0,0,0,1,575,0
438.00,23,0,0,0,0,1,575,0
438.82,43,0,0,0,0,1,350,0
438.82,43,0,0,0,0,1,350,0
438.82,43,0,0,0,0,1,350,0
439.00,12,0,0,0,0,1,350,0
439.00,12,0,0,0,0,1,350,0
439.00,12,0,0,0,0,1,350,0
439.00,12,0,0,0,0,1,350,0
439.00,27,0,0,0,0,1,700,0
439.00,27,0,0,0,0,1,700,0
439.00,27,0,0,0,0,1,700,0
439.00,27,0,0,0,0,1,700,0
439.00,27,0,0,0,0,1,700,0
439.00,27,0,0,0,0,1,700,0
439.00,27,0,0,0,0,1,700,0
439.00,27,0,0,0,0,1,700,0
439.00,27,0,0,0,0,1,700,0
439.00,27,0,0,0,0,1,700,0
439.00,27,0,0,0,0,1,700,0
439.00,27,0,0,0,0,1,700,0
439.00,27,0,0,0,0,1,700,0
439.00,27,0,0,0,0,1,700,0
439.00,27,0,0,0,0,1,700,0
439.00,27,0,0,0,0,1,700,0
439.00,12,0,0,0,0,1,350,0
439.00,12,0,0,0,0,1,350,0
439.00,12,0,0,0,0,1,350,0
439.00,12,0,0,0,0,1,350,0
439.00,23,0,0,0,0,1,411,0
439.00,23,0,0,0,0,1,411,0
439.00,23,0,0,0,0,1,411,0
439.00,27,0,0,0,0,1,700,0
439.00,27,0,0,0,0,1,700,0
439.00,27,0,0,0,0,1,700,0
439.00,27,0,0,0,0,1,700,0
439.00,27,0,0,0,0,1,700,0
439.00,27,0,0,0,0,1,700,0
439.00,27,0,0,0,0,1,196,0
439.00,27,0,0,0,0,1,196,0
439.00,27,0,0,0,0,1,196,0
439.00,27,0,0,0,0,1,196,0
439.30,12,0,0,0,0,1,338,0
439.30,12,0,0,0,0,1,338,0
439.30,12,0,0,0,0,1,338,0
439.30,12,0,0,0,0,1,338,0
439.30,12,0,0,0,0,1,338,0
439.33,43,0,0,0,0,1,350,0
439.33,43,0,0,0,0,1,350,0
439.33,43,0,0,0,0,1,350,0
439.33,43,0,0,0,0,1,350,0
439.33,23,0,0,0,0,1,-503,0
439.33,23,1,0,0,0,1,-503,0
439.33,23,0,0,0,0,1,-503,0
439.50,12,0,0,0,0,1,428,0
439.50,12,0,0,0,0,1,428,0
439.50,12,0,0,0,0,1,428,0
439.50,12,0,0,0,0,1,428,0
439.50,12,0,0,0,0,1,428,0
439.55,12,0,0,0,0,1,738,0
439.55,12,0,0,0,0,1,738,0
439.55,12,0,0,0,0,1,738,0
439.55,12,0,0,0,0,1,738,0
439.55,12,0,0,0,0,1,738,0
439.55,12,0,0,0,0,1,738,0
439.55,12,0,0,0,0,1,738,0
439.55,12,0,0,0,0,1,738,0
439.55,12,0,0,0,0,1,738,0
439.55,12,0,0,0,0,1,738,0
439.55,12,0,0,0,0,1,738,0
439.55,12,0,0,0,0,1,738,0
439.55,12,0,0,0,0,1,738,0
439.55,12,0,0,0,0,1,738,0
440.00,23,0,0,0,0,1,-423,0
440.00,23,0,0,0,0,1,-423,0
440.00,23,0,0,0,0,1,-423,0
440.00,26,0,0,0,0,1,638,0
440.00,26,0,0,0,0,1,638,0
440.00,26,0,0,0,0,1,638,0
440.00,26,0,0,0,0,1,638,0
440.00,23,0,0,0,0,1,600,0
440.00,23,0,0,0,0,1,600,0
440.00,23,0,0,0,0,1,600,0
440.00,23,0,0,0,0,1,600,0
440.00,23,0,0,0,0,1,600,0
440.00,23,0,0,0,0,1,600,0
440.00,24,0,0,0,0,1,591,0
440.00,24,0,0,0,0,1,591,0
440.00,24,0,0,0,0,1,591,0
440.00,24,0,0,0,0,1,591,0
440.00,24,0,0,0,0,1,591,0
440.00,24,0,0,0,0,1,-297,0
440.00,24,0,0,0,0,1,-297,0
440.00,24,0,0,0,0,1,-297,0
440.00,24,0,0,0,0,1,-297,0
440.00,24,0,0,0,0,1,-297,0
440.00,24,0,0,0,0,1,-297,0
440.00,24,0,0,0,0,1,-297,0
440.00,24,0,0,0,0,1,-297,0
440.00,24,0,0,0,0,1,-297,0
440.00,27,0,0,0,0,1,484,0
440.00,27,0,0,0,0,1,484,0
440.00,27,0,0,0,0,1,484,0
440.00,27,0,0,0,0,1,484,0
440.00,27,0,0,0,0,1,484,0
440.00,27,0,0,0,0,1,484,0
440.00,27,0,0,0,0,1,700,0
440.00,27,0,0,0,0,1,700,0
440.00,27,0,0,0,0,1,700,0
440.00,27,0,0,0,0,1,700,0
440.00,27,0,0,0,0,1,700,0
440.00,12,0,0,0,0,1,350,0
440.00,12,0,0,0,0,1,350,0
440.00,12,0,0,0,0,1,350,0
440.00,12,0,0,0,0,1,350,0
440.50,12,0,0,0,0,1,392,0
440.50,12,1,0,0,0,1,392,0
440.50,12,0,0,0,0,1,392,0
441.00,12,0,0,0,0,1,317,0
441.00,12,0,0,0,0,1,317,0
441.00,12,0,0,0,0,1,317,0
441.00,12,0,0,0,0,1,317,0
441.00,12,0,0,0,0,1,317,0
441.00,12,0,0,0,0,1,340,0
441.00,12,1,0,0,0,1,340,0
441.00,12,0,0,0,0,1,350,0
441.00,12,0,0,0,0,1,350,0
441.00,12,0,0,0,0,1,350,0
441.00,12,0,0,0,0,1,544,0
441.00,12,1,0,0,0,1,544,0
441.00,12,0,0,0,0,1,544,0
441.00,12,0,0,0,0,1,534,0
441.00,12,0,0,0,0,1,534,0
441.00,12,0,0,0,0,1,534,0
441.00,12,0,0,0,0,1,534,0
441.00,26,0,0,0,0,1,138,0
441.00,26,0,0,0,0,1,138,0
441.00,26,0,0,0,0,1,138,0
441.00,26,0,0,0,0,1,138,0
441.00,26,0,0,0,0,1,138,0
441.00,27,0,0,0,0,1,700,0
441.00,27,0,0,0,0,1,700,0
441.00,27,0,0,0,0,1,700,0
441.00,27,0,0,0,0,1,700,0
441.00,27,0,0,0,0,1,700,0
441.00,23,0,0,0,0,1,600,0
441.00,23,0,0,0,0,1,600,0
441.00,23,0,0,0,0,1,600,0
441.00,23,0,0,0,0,1,600,0
441.00,43,1,0,0,0,1,380,0
441.00,43,0,0,0,0,1,380,0
441.00,27,0,0,0,0,1,700,0
441.00,27,0,0,0,0,1,700,0
441.00,27,0,0,0,0,1,700,0
441.00,27,0,0,0,0,1,700,0
441.00,27,0,0,0,0,1,700,0
441.00,27,0,0,0,0,1,450,0
441.00,27,0,0,0,0,1,450,0
441.00,27,0,0,0,0,1,450,0
441.00,27,0,0,0,0,1,700,0
441.00,27,0,0,0,0,1,700,0
441.00,27,0,0,0,0,1,700,0
441.00,27,0,0,0,0,1,700,0
441.00,27,0,0,0,0,1,700,0
441.00,27,0,0,0,0,1,700,0
441.00,27,0,0,0,0,1,700,0
441.00,27,0,0,0,0,1,700,0
441.00,27,0,0,0,0,1,700,0
441.00,27,0,0,0,0,1,700,0
441.00,27,0,0,0,0,1,700,0
441.00,27,0,0,0,0,1,700,0
441.00,27,0,0,0,0,1,700,0
441.00,27,0,0,0,0,1,700,0
441.00,27,0,0,0,0,1,700,0
441.00,27,0,0,0,0,1,700,0
441.36,23,0,0,0,0,1,-423,0
441.36,23,1,0,0,0,1,-423,0
441.86,43,0,0,0,0,1,350,0
441.86,43,0,0,0,0,1,350,0
441.86,43,0,0,0,0,1,350,0
441.86,43,0,0,0,0,1,350,0
442.00,12,0,0,0,0,1,350,0
442.00,12,0,0,0,0,1,350,0
442.00,12,0,0,0,0,1,350,0
442.00,12,0,0,0,0,1,350,0
442.00,23,0,0,0,0,1,411,0
442.00,23,1,0,0,0,1,411,0
442.00,23,0,0,0,0,1,411,0
442.00,12,0,0,0,0,1,163,0
442.00,12,0,0,0,0,1,163,0
442.00,12,0,0,0,0,1,163,0
442.00,12,0,0,0,0,1,163,0
442.00,12,0,0,0,0,1,163,0
442.00,12,0,0,0,0,1,163,0
442.00,12,0,0,0,0,1,350,0
442.00,12,0,0,0,0,1,350,0
442.00,12,0,0,0,0,1,350,0
442.00,12,0,0,0,0,1,350,0
442.00,12,0,0,0,0,1,738,0
442.00,12,0,0,0,0,1,738,0
442.00,12,0,0,0,0,1,738,0
442.00,12,0,0,0,0,1,738,0
442.00,12,0,0,0,0,1,738,0
442.00,12,0,0,0,0,1,738,0
442.00,12,0,0,0,0,1,738,0
442.00,12,0,0,0,0,1,738,0
442.00,12,0,0,0,0,1,738,0
442.00,12,0,0,0,0,1,738,0
442.00,12,0,0,0,0,1,738,0
442.00,12,0,0,0,0,1,738,0
442.00,12,0,0,0,0,1,738,0
442.00,12,0,0,0,0,1,738,0
442.37,43,0,0,0,0,1,350,0
442.37,43,0,0,0,0,1,350,0
442.37,43,0,0,0,0,1,350,0
442.37,43,0,0,0,0,1,350,0
442.50,12,0,0,0,0,1,57,0
442.50,12,1,0,0,0,1,57,0
443.00,12,1,0,0,0,1,340,0
443.00,12,0,0,0,0,1,340,0
443.00,12,0,0,0,0,1,334,0
443.00,12,0,0,0,0,1,334,0
443.00,12,0,0,0,0,1,334,0
443.00,12,0,0,0,0,1,334,0
443.00,12,0,0,0,0,1,48,0
443.00,12,1,0,0,0,1,48,0
443.00,27,0,0,0,0,1,700,0
443.00,27,0,0,0,0,1,700,0
443.00,27,0,0,0,0,1,700,0
443.00,27,0,0,0,0,1,700,0
443.00,27,0,0,0,0,1,700,0
443.00,27,0,0,0,0,1,196,0
443.00,27,0,0,0,0,1,196,0
443.00,27,0,0,0,0,1,196,0
443.00,27,0,0,0,0,1,196,0
443.00,12,0,0,0,0,1,428,0
443.00,12,0,0,0,0,1,428,0
443.00,12,0,0,0,0,1,428,0
443.00,12,0,0,0,0,1,428,0
443.00,12,0,0,0,0,1,428,0
443.50,23,0,0,0,0,1,600,0
443.50,23,0,0,0,0,1,600,0
443.50,23,0,0,0,0,1,600,0
443.50,23,0,0,0,0,1,600,0
443.89,43,0,0,0,0,1,350,0
443.89,43,0,0,0,0,1,350,0
443.89,43,0,0,0,0,1,350,0
443.89,43,0,0,0,0,1,350,0
444.00,12,0,0,0,0,1,350,0
444.00,12,1,0,0,0,1,350,0
444.00,12,0,0,0,0,1,350,0
444.00,12,0,0,0,0,1,325,0
444.00,12,0,0,0,0,1,325,0
444.00,12,0,0,0,0,1,325,0
444.00,12,0,0,0,0,1,325,0
444.00,27,0,0,0,0,1,400,0
444.00,27,1,0,0,0,1,400,0
444.00,27,0,0,0,0,1,400,0
444.00,12,0,0,0,0,1,250,0
444.00,12,0,0,0,0,1,250,0
444.00,12,0,0,0,0,1,250,0
444.00,12,0,0,0,0,1,250,0
444.00,27,0,0,0,0,1,700,0
444.00,27,0,0,0,0,1,700,0
444.00,27,0,0,0,0,1,700,0
444.00,27,0,0,0,0,1,700,0
444.00,27,0,0,0,0,1,700,0
444.00,27,0,0,0,0,1,700,0
444.00,27,0,0,0,0,1,700,0
444.00,27,0,0,0,0,1,700,0
444.00,27,0,0,0,0,1,700,0
444.00,27,0,0,0,0,1,700,0
444.39,23,0,0,0,0,1,-460,0
444.39,23,1,0,0,0,1,-460,0
444.39,24,0,0,0,0,1,600,0
444.39,24,0,0,0,0,1,600,0
444.39,24,0,0,0,0,1,600,0
444.39,24,0,0,0,0,1,600,0
444.39,24,0,0,0,0,1,600,0
444.39,24,0,0,0,0,1,600,0
444.39,23,0,0,0,0,1,-360,0
444.39,23,1,0,0,0,1,-360,0
444.39,23,0,0,0,0,1,-360,0
444.50,23,0,0,0,0,1,217,0
444.50,23,0,0,0,0,1,217,0
444.50,23,0,0,0,0,1,217,0
444.50,23,0,0,0,0,1,217,0
444.50,23,0,0,0,0,1,217,0
444.50,23,0,0,0,0,1,217,0
444.50,23,0,0,0,0,1,217,0
444.50,23,0,0,0,0,1,217,0
444.50,23,0,0,0,0,1,217,0
444.50,12,0,0,0,0,1,363,0
444.50,12,0,0,0,0,1,363,0
444.50,12,0,0,0,0,1,363,0
444.50,12,0,0,0,0,1,363,0
444.85,12,0,0,0,0,1,338,0
444.85,12,0,0,0,0,1,338,0
444.85,12,0,0,0,0,1,338,0
444.85,12,0,0,0,0,1,338,0
444.90,12,0,0,0,0,1,100,0
444.90,12,0,0,0,0,1,100,0
444.90,12,0,0,0,0,1,100,0
444.90,12,0,0,0,0,1,100,0
444.90,12,0,0,0,0,1,100,0
445.00,24,0,1,0,0,0,213,0
445.00,24,0,1,0,0,0,213,0
445.00,24,0,1,0,0,0,213,0
445.00,24,0,1,0,0,0,213,0
445.00,0,0,1,0,0,0,213,0
445.00,12,0,0,0,0,1,295,0
445.00,12,1,0,0,0,1,295,0
445.00,12,0,0,0,0,1,550,0
445.00,12,0,0,0,0,1,550,0
445.00,12,0,0,0,0,1,550,0
445.00,12,0,0,0,0,1,584,0
445.00,12,0,0,0,0,1,584,0
445.00,12,0,0,0,0,1,584,0
445.00,12,0,0,0,0,1,584,0
445.00,12,0,0,0,0,1,584,0
445.00,12,0,0,0,0,1,584,0
445.00,12,0,0,0,0,1,550,0
445.00,12,0,0,0,0,1,550,0
445.00,12,0,0,0,0,1,550,0
445.00,12,0,0,0,0,1,400,0
445.00,12,0,0,0,0,1,400,0
445.00,12,0,0,0,0,1,400,0
445.00,12,0,0,0,0,1,400,0
445.00,12,0,0,0,0,1,400,0
445.00,27,0,0,0,0,1,700,0
445.00,27,0,0,0,0,1,700,0
445.00,27,0,0,0,0,1,700,0
445.00,27,0,0,0,0,1,700,0
445.00,27,0,0,0,0,1,700,0
445.00,12,0,0,0,0,1,250,0
445.00,12,0,0,0,0,1,250,0
445.00,12,0,0,0,0,1,250,0
445.00,12,0,0,0,0,1,250,0
445.00,12,0,0,0,0,1,250,0
445.00,27,0,0,0,0,1,400,0
445.00,27,1,0,0,0,1,400,0
445.00,27,0,0,0,0,1,400,0
445.00,12,0,0,0,0,1,350,0
445.00,12,0,0,0,0,1,350,0
445.00,12,0,0,0,0,1,350,0
445.00,12,0,0,0,0,1,350,0
445.00,27,0,0,0,0,1,575,0
445.00,27,1,0,0,0,1,575,0
445.00,27,0,0,0,0,1,575,0
445.41,43,0,0,0,0,1,350,0
445.41,43,0,0,0,0,1,350,0
445.41,43,0,0,0,0,1,350,0
445.41,43,0,0,0,0,1,350,0
445.41,23,0,0,0,0,1,-460,0
445.41,23,1,0,0,0,1,-460,0
445.41,24,0,0,0,0,1,-373,0
445.41,24,0,0,0,0,1,-373,0
445.41,24,0,0,0,0,1,-373,0
445.41,24,0,0,0,0,1,-373,0
445.41,24,0,0,0,0,1,-373,0
445.41,24,0,0,0,0,1,-373,0
446.00,12,0,0,0,0,1,350,0
446.00,12,1,0,0,0,1,350,0
446.00,12,0,0,0,0,1,350,0
446.00,12,0,0,0,0,1,467,0
446.00,12,0,0,0,0,1,467,0
446.00,12,0,0,0,0,1,467,0
446.00,12,0,0,0,0,1,467,0
446.00,12,0,0,0,0,1,467,0
446.00,24,0,0,0,0,1,700,0
446.00,24,0,0,0,0,1,700,0
446.00,24,0,0,0,0,1,700,0
446.00,12,0,0,0,0,1,350,0
446.00,12,0,0,0,0,1,350,0
446.00,12,0,0,0,0,1,350,0
446.00,12,0,0,0,0,1,350,0
446.00,27,0,0,0,0,1,700,0
446.00,27,0,0,0,0,1,700,0
446.00,27,0,0,0,0,1,700,0
446.00,27,0,0,0,0,1,700,0
446.00,27,0,0,0,0,1,700,0
446.20,12,0,0,0,0,1,338,0
446.20,12,0,0,0,0,1,338,0
446.20,12,0,0,0,0,1,338,0
446.20,12,0,0,0,0,1,338,0
446.42,43,0,0,0,0,1,350,0
446.42,43,0,0,0,0,1,350,0
446.42,43,0,0,0,0,1,350,0
446.42,43,0,0,0,0,1,350,0
446.50,27,0,0,0,0,1,-548,0
446.50,27,0,0,0,0,1,-548,0
446.50,27,0,0,0,0,1,-548,0
446.50,12,0,0,0,0,1,738,0
446.50,12,0,0,0,0,1,738,0
446.50,12,0,0,0,0,1,738,0
446.50,12,0,0,0,0,1,738,0
446.50,12,0,0,0,0,1,738,0
446.50,12,0,0,0,0,1,738,0
446.50,12,0,0,0,0,1,738,0
446.50,12,0,0,0,0,1,738,0
446.50,12,0,0,0,0,1,738,0
446.50,12,0,0,0,0,1,738,0
446.50,12,0,0,0,0,1,738,0
446.50,12,0,0,0,0,1,738,0
446.50,12,0,0,0,0,1,738,0
446.50,12,0,0,0,0,1,738,0
446.93,43,0,0,0,0,1,350,0
446.93,43,0,0,0,0,1,350,0
446.93,43,0,0,0,0,1,350,0
446.93,43,0,0,0,0,1,350,0
447.00,12,0,0,0,0,1,44,0
447.00,12,1,0,0,0,1,44,0
447.00,27,0,0,0,0,1,700,0
447.00,27,0,0,0,0,1,700,0
447.00,27,0,0,0,0,1,700,0
447.00,27,0,0,0,0,1,700,0
447.00,27,0,0,0,0,1,700,0
447.00,23,0,0,0,0,1,475,0
447.00,23,1,0,0,0,1,475,0
447.00,23,0,0,0,0,1,475,0
447.43,12,0,0,0,0,1,465,0
447.43,12,1,0,0,0,1,465,0
447.43,12,0,0,0,0,1,465,0
448.00,27,0,0,0,0,1,700,0
448.00,27,0,0,0,0,1,700,0
448.00,27,0,0,0,0,1,700,0
448.00,27,0,0,0,0,1,700,0
448.00,27,0,0,0,0,1,700,0
448.75,12,0,0,0,0,1,738,0
448.75,12,0,0,0,0,1,738,0
448.75,12,0,0,0,0,1,738,0
448.75,12,0,0,0,0,1,738,0
448.75,12,0,0,0,0,1,738,0
448.75,12,0,0,0,0,1,738,0
448.75,12,0,0,0,0,1,738,0
448.75,12,0,0,0,0,1,738,0
448.75,12,0,0,0,0,1,738,0
448.75,12,0,0,0,0,1,738,0
448.75,12,0,0,0,0,1,738,0
448.75,12,0,0,0,0,1,738,0
448.75,12,0,0,0,0,1,738,0
448.75,12,0,0,0,0,1,738,0
449.00,12,0,0,0,0,1,317,0
449.00,12,0,0,0,0,1,317,0
449.00,12,0,0,0,0,1,317,0
449.00,12,0,0,0,0,1,317,0
449.00,12,0,0,0,0,1,317,0
449.00,43,0,0,0,0,1,392,0
449.00,43,1,0,0,0,1,392,0
449.00,24,0,0,0,0,1,591,0
449.00,24,0,0,0,0,1,591,0
449.00,24,0,0,0,0,1,591,0
449.00,24,0,0,0,0,1,591,0
449.00,24,0,0,0,0,1,591,0
449.00,12,0,0,0,0,1,350,0
449.00,12,0,0,0,0,1,350,0
449.00,12,0,0,0,0,1,350,0
449.00,12,0,0,0,0,1,350,0
449.00,12,0,0,0,0,1,350,0
449.00,12,0,0,0,0,1,350,0
449.46,23,0,0,0,0,1,600,0
449.46,23,0,0,0,0,1,600,0
449.46,23,0,0,0,0,1,600,0
449.46,23,0,0,0,0,1,600,0
449.75,12,0,0,0,0,1,338,0
449.75,12,0,0,0,0,1,338,0
449.75,12,0,0,0,0,1,338,0
449.75,12,0,0,0,0,1,338,0
449.75,12,0,0,0,0,1,338,0
450.00,12,0,0,0,0,1,617,0
450.00,12,0,0,0,0,1,617,0
450.00,12,0,0,0,0,1,617,0
450.00,12,0,0,0,0,1,617,0
450.00,12,0,0,0,0,1,617,0
450.00,12,0,0,0,0,1,617,0
450.00,12,0,0,0,0,1,617,0
450.00,12,1,0,0,0,1,340,0
450.00,12,0,0,0,0,1,350,0
450.00,12,0,0,0,0,1,350,0
450.00,12,0,0,0,0,1,350,0
450.00,27,0,0,0,0,1,700,0
450.00,27,0,0,0,0,1,700,0
450.00,27,0,0,0,0,1,700,0
450.00,27,0,0,0,0,1,700,0
450.00,27,0,0,0,0,1,700,0
450.25,12,0,0,0,0,1,738,0
450.25,12,0,0,0,0,1,738,0
450.25,12,0,0,0,0,1,738,0
450.25,12,0,0,0,0,1,738,0
450.25,12,0,0,0,0,1,738,0
450.25,12,0,0,0,0,1,738,0
450.25,12,0,0,0,0,1,738,0
450.25,12,0,0,0,0,1,738,0
450.25,12,0,0,0,0,1,738,0
450.25,12,0,0,0,0,1,738,0
450.25,12,0,0,0,0,1,738,0
450.25,12,0,0,0,0,1,738,0
450.25,12,0,0,0,0,1,738,0
450.25,12,0,0,0,0,1,738,0
450.47,23,0,0,0,0,1,-360,0
450.47,23,0,0,0,0,1,-360,0
450.47,23,0,0,0,0,1,-360,0
450.47,23,0,0,0,0,1,-360,0
451.00,12,0,0,0,0,1,467,0
451.00,12,0,0,0,0,1,467,0
451.00,12,0,0,0,0,1,467,0
451.00,12,0,0,0,0,1,467,0
451.00,12,0,0,0,0,1,467,0
451.00,12,0,0,0,0,1,350,0
451.00,12,0,0,0,0,1,350,0
451.00,12,0,0,0,0,1,350,0
451.00,12,0,0,0,0,1,350,0
451.00,23,0,0,0,0,1,600,0
451.00,23,0,0,0,0,1,600,0
451.00,23,0,0,0,0,1,600,0
451.00,23,0,0,0,0,1,600,0
451.00,27,0,0,0,0,1,700,0
451.00,27,0,0,0,0,1,700,0
451.00,27,0,0,0,0,1,700,0
451.00,27,0,0,0,0,1,700,0
451.00,27,0,0,0,0,1,700,0
451.00,12,0,0,0,0,1,738,0
451.00,12,0,0,0,0,1,738,0
451.00,12,0,0,0,0,1,738,0
451.00,12,0,0,0,0,1,738,0
451.00,12,0,0,0,0,1,738,0
451.00,12,0,0,0,0,1,738,0
451.00,12,0,0,0,0,1,738,0
451.00,12,0,0,0,0,1,738,0
451.00,12,0,0,0,0,1,738,0
451.00,12,0,0,0,0,1,738,0
451.00,12,0,0,0,0,1,738,0
451.00,12,0,0,0,0,1,738,0
451.00,12,0,0,0,0,1,738,0
451.00,12,0,0,0,0,1,738,0
451.80,12,0,0,0,0,1,738,0
451.80,12,0,0,0,0,1,738,0
451.80,12,0,0,0,0,1,738,0
451.80,12,0,0,0,0,1,738,0
451.80,12,0,0,0,0,1,738,0
451.80,12,0,0,0,0,1,738,0
451.80,12,0,0,0,0,1,738,0
451.80,12,0,0,0,0,1,738,0
451.80,12,0,0,0,0,1,738,0
451.80,12,0,0,0,0,1,738,0
451.80,12,0,0,0,0,1,738,0
451.80,12,0,0,0,0,1,738,0
451.80,12,0,0,0,0,1,738,0
451.80,12,0,0,0,0,1,738,0
452.00,27,0,0,0,0,1,700,0
452.00,27,0,0,0,0,1,700,0
452.00,27,0,0,0,0,1,700,0
452.00,27,0,0,0,0,1,700,0
452.00,27,0,0,0,0,1,700,0
452.00,27,0,0,0,0,1,700,0
452.00,27,0,0,0,0,1,700,0
452.00,27,0,0,0,0,1,700,0
452.00,27,0,0,0,0,1,700,0
452.00,27,0,0,0,0,1,700,0
452.00,24,0,0,0,0,1,-297,0
452.00,24,0,0,0,0,1,-297,0
452.00,24,0,0,0,0,1,-297,0
452.00,24,0,0,0,0,1,-297,0
452.00,24,0,0,0,0,1,-297,0
452.00,24,0,0,0,0,1,-297,0
452.00,24,0,0,0,0,1,-297,0
452.00,24,0,0,0,0,1,-297,0
452.00,24,0,0,0,0,1,-297,0
452.50,12,0,0,0,0,1,465,0
452.50,12,1,0,0,0,1,465,0
452.50,12,0,0,0,0,1,465,0
453.00,12,0,0,0,0,1,350,0
453.00,12,0,0,0,0,1,350,0
453.00,12,0,0,0,0,1,350,0
453.00,12,0,0,0,0,1,350,0
453.00,12,0,0,0,0,1,738,0
453.00,12,0,0,0,0,1,738,0
453.00,12,0,0,0,0,1,738,0
453.00,12,0,0,0,0,1,738,0
453.00,12,0,0,0,0,1,738,0
453.00,12,0,0,0,0,1,738,0
453.00,12,0,0,0,0,1,738,0
453.00,12,0,0,0,0,1,738,0
453.00,12,0,0,0,0,1,738,0
453.00,12,0,0,0,0,1,738,0
453.00,12,0,0,0,0,1,738,0
453.00,12,0,0,0,0,1,738,0
453.00,12,0,0,0,0,1,738,0
453.00,12,0,0,0,0,1,738,0
453.00,27,0,0,0,0,1,450,0
453.00,27,0,0,0,0,1,450,0
453.00,27,0,0,0,0,1,450,0
453.00,27,0,0,0,0,1,700,0
453.00,27,0,0,0,0,1,700,0
453.00,27,0,0,0,0,1,700,0
453.00,27,0,0,0,0,1,700,0
453.00,27,0,0,0,0,1,700,0
453.00,27,0,0,0,0,1,700,0
453.50,12,0,0,0,0,1,363,0
453.50,12,0,0,0,0,1,363,0
453.50,12,0,0,0,0,1,363,0
453.50,12,0,0,0,0,1,363,0
453.50,12,0,0,0,0,1,363,0
453.75,12,0,0,0,0,1,738,0
453.75,12,0,0,0,0,1,738,0
453.75,12,0,0,0,0,1,738,0
453.75,12,0,0,0,0,1,738,0
453.75,12,0,0,0,0,1,738,0
453.75,12,0,0,0,0,1,738,0
453.75,12,0,0,0,0,1,738,0
453.75,12,0,0,0,0,1,738,0
453.75,12,0,0,0,0,1,738,0
453.75,12,0,0,0,0,1,738,0
453.75,12,0,0,0,0,1,738,0
453.75,12,0,0,0,0,1,738,0
453.75,12,0,0,0,0,1,738,0
453.75,12,0,0,0,0,1,738,0
454.00,12,0,0,0,0,1,317,0
454.00,12,0,0,0,0,1,317,0
454.00,12,0,0,0,0,1,317,0
454.00,12,0,0,0,0,1,317,0
454.00,12,0,0,0,0,1,317,0
454.00,12,0,0,0,0,1,317,0
454.00,12,0,0,0,0,1,275,0
454.00,12,0,0,0,0,1,275,0
454.00,12,0,0,0,0,1,275,0
454.00,12,0,0,0,0,1,275,0
454.00,12,0,0,0,0,1,275,0
454.00,27,0,0,0,0,1,700,0
454.00,27,0,0,0,0,1,700,0
454.00,27,0,0,0,0,1,700,0
454.00,27,0,0,0,0,1,700,0
454.00,27,0,0,0,0,1,700,0
454.50,43,1,0,0,0,1,400,0
454.50,43,1,0,0,0,1,400,0
454.52,23,0,0,0,0,1,-360,0
454.52,23,0,0,0,0,1,-360,0
454.52,23,0,0,0,0,1,-360,0
454.52,23,0,0,0,0,1,-360,0
454.52,24,0,0,0,0,1,600,0
454.52,24,0,0,0,0,1,600,0
454.52,24,0,0,0,0,1,600,0
454.52,24,0,0,0,0,1,600,0
454.52,24,0,0,0,0,1,600,0
454.52,24,0,0,0,0,1,600,0
455.00,12,0,0,0,0,1,350,0
455.00,12,0,0,0,0,1,350,0
455.00,12,0,0,0,0,1,350,0
455.00,12,0,0,0,0,1,350,0
455.00,27,0,0,0,0,1,700,0
455.00,27,0,0,0,0,1,700,0
455.00,27,0,0,0,0,1,700,0
455.00,27,0,0,0,0,1,700,0
455.00,27,0,0,0,0,1,700,0
455.00,27,0,0,0,0,1,700,0
455.00,27,0,0,0,0,1,700,0
455.00,27,0,0,0,0,1,700,0
455.00,27,0,0,0,0,1,700,0
455.00,27,0,0,0,0,1,700,0
455.00,23,0,0,0,0,1,342,0
455.00,23,0,0,0,0,1,342,0
455.00,23,0,0,0,0,1,342,0
455.00,23,0,0,0,0,1,342,0
455.00,27,0,0,0,0,1,700,0
455.00,27,0,0,0,0,1,700,0
455.00,27,0,0,0,0,1,700,0
455.00,27,0,0,0,0,1,700,0
455.00,27,0,0,0,0,1,700,0
455.00,23,0,0,0,0,1,600,0
455.00,23,0,0,0,0,1,600,0
455.00,23,0,0,0,0,1,600,0
455.00,23,0,0,0,0,1,600,0
455.00,27,0,0,0,0,1,450,0
455.00,27,0,0,0,0,1,450,0
455.00,27,0,0,0,0,1,450,0
455.00,27,0,0,0,0,1,450,0
456.00,12,0,0,0,0,1,44,0
456.00,12,1,0,0,0,1,44,0
456.25,12,0,0,0,0,1,738,0
456.25,12,0,0,0,0,1,738,0
456.25,12,0,0,0,0,1,738,0
456.25,12,0,0,0,0,1,738,0
456.25,12,0,0,0,0,1,738,0
456.25,12,0,0,0,0,1,738,0
456.25,12,0,0,0,0,1,738,0
456.25,12,0,0,0,0,1,738,0
456.25,12,0,0,0,0,1,738,0
456.25,12,0,0,0,0,1,738,0
456.25,12,0,0,0,0,1,738,0
456.25,12,0,0,0,0,1,738,0
456.25,12,0,0,0,0,1,738,0
456.25,12,0,0,0,0,1,738,0
456.50,12,0,0,0,0,1,44,0
456.50,12,1,0,0,0,1,44,0
456.55,24,0,0,0,0,1,-373,0
456.55,24,0,0,0,0,1,-373,0
456.55,24,0,0,0,0,1,-373,0
456.55,24,0,0,0,0,1,-373,0
456.55,24,0,0,0,0,1,-373,0
456.55,24,0,0,0,0,1,-373,0
457.00,12,0,0,0,0,1,400,0
457.00,12,0,0,0,0,1,400,0
457.00,12,0,0,0,0,1,400,0
457.00,12,0,0,0,0,1,400,0
457.00,12,0,0,0,0,1,400,0
457.00,12,0,0,0,0,1,400,0
457.00,27,0,0,0,0,1,700,0
457.00,27,0,0,0,0,1,700,0
457.00,27,0,0,0,0,1,700,0
457.00,27,0,0,0,0,1,700,0
457.00,27,0,0,0,0,1,700,0
457.00,12,0,0,0,0,1,738,0
457.00,12,0,0,0,0,1,738,0
457.00,12,0,0,0,0,1,738,0
457.00,12,0,0,0,0,1,738,0
457.00,12,0,0,0,0,1,738,0
457.00,12,0,0,0,0,1,738,0
457.00,12,0,0,0,0,1,738,0
457.00,12,0,0,0,0,1,738,0
457.00,12,0,0,0,0,1,738,0
457.00,12,0,0,0,0,1,738,0
457.00,12,0,0,0,0,1,738,0
457.00,12,0,0,0,0,1,738,0
457.00,12,0,0,0,0,1,738,0
457.00,12,0,0,0,0,1,738,0
457.50,12,0,0,0,0,1,363,0
457.50,12,0,0,0,0,1,363,0
457.50,12,0,0,0,0,1,363,0
457.50,12,0,0,0,0,1,363,0
457.50,12,0,0,0,0,1,363,0
458.00,27,0,0,0,0,1,700,0
458.00,27,0,0,0,0,1,700,0
458.00,27,0,0,0,0,1,700,0
458.00,27,0,0,0,0,1,700,0
458.00,27,0,0,0,0,1,700,0
458.00,27,0,0,0,0,1,700,0
458.00,27,0,0,0,0,1,700,0
458.00,27,0,0,0,0,1,700,0
458.00,27,0,0,0,0,1,700,0
458.00,27,0,0,0,0,1,700,0
458.00,27,0,0,0,0,1,700,0
458.10,12,0,0,0,0,1,338,0
458.10,12,0,0,0,0,1,338,0
458.10,12,0,0,0,0,1,338,0
458.10,12,0,0,0,0,1,338,0
458.10,12,0,0,0,0,1,338,0
458.58,24,0,0,0,0,1,-373,0
458.58,24,0,0,0,0,1,-373,0
458.58,24,0,0,0,0,1,-373,0
458.58,24,0,0,0,0,1,-373,0
458.58,24,0,0,0,0,1,-373,0
458.58,24,0,0,0,0,1,-373,0
458.58,12,0,0,0,0,1,465,0
458.58,12,1,0,0,0,1,465,0
458.58,12,0,0,0,0,1,465,0
459.00,27,0,0,0,0,1,700,0
459.00,27,0,0,0,0,1,700,0
459.00,27,0,0,0,0,1,700,0
459.00,27,0,0,0,0,1,700,0
459.00,27,0,0,0,0,1,700,0
459.50,12,0,0,0,0,1,738,0
459.50,12,0,0,0,0,1,738,0
459.50,12,0,0,0,0,1,738,0
459.50,12,0,0,0,0,1,738,0
459.50,12,0,0,0,0,1,738,0
459.50,12,0,0,0,0,1,738,0
459.50,12,0,0,0,0,1,738,0
459.50,12,0,0,0,0,1,738,0
459.50,12,0,0,0,0,1,738,0
459.50,12,0,0,0,0,1,738,0
459.50,12,0,0,0,0,1,738,0
459.50,12,0,0,0,0,1,738,0
459.50,12,0,0,0,0,1,738,0
459.50,12,0,0,0,0,1,738,0
459.50,26,0,0,0,0,1,588,0
459.50,26,1,0,0,0,1,588,0
459.95,12,0,0,0,0,1,738,0
459.95,12,0,0,0,0,1,738,0
459.95,12,0,0,0,0,1,738,0
459.95,12,0,0,0,0,1,738,0
459.95,12,0,0,0,0,1,738,0
459.95,12,0,0,0,0,1,738,0
459.95,12,0,0,0,0,1,738,0
459.95,12,0,0,0,0,1,738,0
459.95,12,0,0,0,0,1,738,0
459.95,12,0,0,0,0,1,738,0
459.95,12,0,0,0,0,1,738,0
459.95,12,0,0,0,0,1,738,0
459.95,12,0,0,0,0,1,738,0
459.95,12,0,0,0,0,1,738,0
460.00,26,0,0,0,0,1,625,0
460.00,26,1,0,0,0,1,625,0
460.00,27,0,0,0,0,1,700,0
460.00,27,0,0,0,0,1,700,0
460.00,27,0,0,0,0,1,700,0
460.00,27,0,0,0,0,1,700,0
460.00,27,0,0,0,0,1,700,0
461.50,12,0,0,0,0,1,738,0
461.50,12,0,0,0,0,1,738,0
461.50,12,0,0,0,0,1,738,0
461.50,12,0,0,0,0,1,738,0
461.50,12,0,0,0,0,1,738,0
461.50,12,0,0,0,0,1,738,0
461.50,12,0,0,0,0,1,738,0
461.50,12,0,0,0,0,1,738,0
461.50,12,0,0,0,0,1,738,0
461.50,12,0,0,0,0,1,738,0
461.50,12,0,0,0,0,1,738,0
461.50,12,0,0,0,0,1,738,0
461.50,12,0,0,0,0,1,738,0
461.50,12,0,0,0,0,1,738,0
462.00,12,0,0,0,0,1,317,0
462.00,12,0,0,0,0,1,317,0
462.00,12,0,0,0,0,1,317,0
462.00,12,0,0,0,0,1,317,0
462.00,12,0,0,0,0,1,317,0
462.00,12,0,0,0,0,1,188,0
462.00,12,0,0,0,0,1,188,0
462.00,12,0,0,0,0,1,188,0
462.00,12,0,0,0,0,1,188,0
462.00,23,0,0,0,0,1,411,0
462.00,23,1,0,0,0,1,411,0
462.00,23,0,0,0,0,1,411,0
463.00,27,0,0,0,0,1,700,0
463.00,27,0,0,0,0,1,700,0
463.00,27,0,0,0,0,1,700,0
463.00,27,0,0,0,0,1,700,0
463.00,27,0,0,0,0,1,700,0
463.00,23,0,0,0,0,1,392,0
463.00,23,0,0,0,0,1,392,0
463.00,23,0,0,0,0,1,392,0
463.35,12,0,0,0,0,1,650,0
463.35,12,0,0,0,0,1,650,0
463.35,12,0,0,0,0,1,650,0
463.35,12,0,0,0,0,1,650,0
463.50,12,0,0,0,0,1,738,0
463.50,12,0,0,0,0,1,738,0
463.50,12,0,0,0,0,1,738,0
463.50,12,0,0,0,0,1,738,0
463.50,12,0,0,0,0,1,738,0
463.50,12,0,0,0,0,1,738,0
463.50,12,0,0,0,0,1,738,0
463.50,12,0,0,0,0,1,738,0
463.50,12,0,0,0,0,1,738,0
463.50,12,0,0,0,0,1,738,0
463.50,12,0,0,0,0,1,738,0
463.50,12,0,0,0,0,1,738,0
463.50,12,0,0,0,0,1,738,0
463.50,12,0,0,0,0,1,738,0
464.00,27,0,0,0,0,1,700,0
464.00,27,0,0,0,0,1,700,0
464.00,27,0,0,0,0,1,700,0
464.00,27,0,0,0,0,1,700,0
464.00,27,0,0,0,0,1,700,0
464.00,27,0,0,0,0,1,700,0
464.00,27,0,0,0,0,1,700,0
464.00,27,0,0,0,0,1,700,0
464.00,27,0,0,0,0,1,700,0
464.00,27,0,0,0,0,1,700,0
464.50,12,0,0,0,0,1,738,0
464.50,12,0,0,0,0,1,738,0
464.50,12,0,0,0,0,1,738,0
464.50,12,0,0,0,0,1,738,0
464.50,12,0,0,0,0,1,738,0
464.50,12,0,0,0,0,1,738,0
464.50,12,0,0,0,0,1,738,0
464.50,12,0,0,0,0,1,738,0
464.50,12,0,0,0,0,1,738,0
464.50,12,0,0,0,0,1,738,0
464.50,12,0,0,0,0,1,738,0
464.50,12,0,0,0,0,1,738,0
464.50,12,0,0,0,0,1,738,0
464.50,12,0,0,0,0,1,738,0
465.00,12,0,0,0,0,1,617,0
465.00,12,0,0,0,0,1,617,0
465.00,12,0,0,0,0,1,617,0
465.00,12,0,0,0,0,1,617,0
465.00,12,0,0,0,0,1,617,0
465.00,12,0,0,0,0,1,617,0
465.00,12,0,0,0,0,1,544,0
465.00,12,1,0,0,0,1,544,0
465.00,12,0,0,0,0,1,544,0
465.00,12,0,0,0,0,1,550,0
465.00,12,0,0,0,0,1,550,0
465.00,12,0,0,0,0,1,550,0
465.60,12,0,0,0,0,1,738,0
465.60,12,0,0,0,0,1,738,0
465.60,12,0,0,0,0,1,738,0
465.60,12,0,0,0,0,1,738,0
465.60,12,0,0,0,0,1,738,0
465.60,12,0,0,0,0,1,738,0
465.60,12,0,0,0,0,1,738,0
465.60,12,0,0,0,0,1,738,0
465.60,12,0,0,0,0,1,738,0
465.60,12,0,0,0,0,1,738,0
465.60,12,0,0,0,0,1,738,0
465.60,12,0,0,0,0,1,738,0
465.60,12,0,0,0,0,1,738,0
465.60,12,0,0,0,0,1,738,0
465.67,24,0,0,0,0,1,-373,0
465.67,24,0,0,0,0,1,-373,0
465.67,24,0,0,0,0,1,-373,0
465.67,24,0,0,0,0,1,-373,0
465.67,24,0,0,0,0,1,-373,0
465.67,24,0,0,0,0,1,-373,0
466.00,27,0,0,0,0,1,700,0
466.00,27,0,0,0,0,1,700,0
466.00,27,0,0,0,0,1,700,0
466.00,27,0,0,0,0,1,700,0
466.00,27,0,0,0,0,1,700,0
466.40,12,0,0,0,0,1,738,0
466.40,12,0,0,0,0,1,738,0
466.40,12,0,0,0,0,1,738,0
466.40,12,0,0,0,0,1,738,0
466.40,12,0,0,0,0,1,738,0
466.40,12,0,0,0,0,1,738,0
466.40,12,0,0,0,0,1,738,0
466.40,12,0,0,0,0,1,738,0
466.40,12,0,0,0,0,1,738,0
466.40,12,0,0,0,0,1,738,0
466.40,12,0,0,0,0,1,738,0
466.40,12,0,0,0,0,1,738,0
466.40,12,0,0,0,0,1,738,0
466.40,12,0,0,0,0,1,738,0
466.68,43,0,0,0,0,1,350,0
466.68,43,0,0,0,0,1,350,0
466.68,43,0,0,0,0,1,350,0
467.00,12,0,0,0,0,1,400,0
467.00,12,1,0,0,0,1,400,0
467.00,24,0,0,0,0,1,700,0
467.00,24,0,0,0,0,1,700,0
467.00,24,0,0,0,0,1,700,0
467.00,24,0,0,0,0,1,700,0
468.00,12,1,0,0,0,1,400,0
468.00,24,0,0,0,0,1,700,0
468.00,24,0,0,0,0,1,700,0
468.00,24,0,0,0,0,1,700,0
468.00,24,0,0,0,0,1,700,0
468.00,27,0,0,0,0,1,700,0
468.00,27,0,0,0,0,1,700,0
468.00,27,0,0,0,0,1,700,0
468.00,27,0,0,0,0,1,700,0
468.00,27,0,0,0,0,1,700,0
468.00,27,0,0,0,0,1,700,0
468.00,12,0,0,0,0,1,392,0
468.00,12,1,0,0,0,1,392,0
468.00,12,0,0,0,0,1,392,0
469.00,43,1,0,0,0,1,380,0
469.00,43,1,0,0,0,1,380,0
469.70,12,0,0,0,0,1,338,0
469.70,12,0,0,0,0,1,338,0
469.70,12,0,0,0,0,1,338,0
469.70,12,0,0,0,0,1,338,0
470.00,23,0,0,0,0,1,-423,0
470.00,23,0,0,0,0,1,-423,0
470.00,23,0,0,0,0,1,-423,0
470.00,23,0,0,0,0,1,-423,0
470.00,12,0,0,0,0,1,330,0
470.00,12,1,0,0,0,1,330,0
470.00,24,0,0,0,0,1,374,0
470.00,24,0,0,0,0,1,374,0
470.00,24,0,0,0,0,1,374,0
470.00,24,0,0,0,0,1,374,0
470.00,24,0,0,0,0,1,374,0
470.00,24,0,0,0,0,1,374,0
470.00,27,0,0,0,0,1,700,0
470.00,27,0,0,0,0,1,700,0
470.00,27,0,0,0,0,1,700,0
470.00,27,0,0,0,0,1,700,0
470.00,27,0,0,0,0,1,700,0
470.00,27,0,0,0,0,1,700,0
470.00,27,0,0,0,0,1,700,0
470.00,27,0,0,0,0,1,700,0
470.00,27,0,0,0,0,1,700,0
470.00,27,0,0,0,0,1,700,0
472.00,12,0,0,0,0,1,360,0
472.00,12,0,0,0,0,1,360,0
472.00,12,0,0,0,0,1,360,0
472.00,12,0,0,0,0,1,738,0
472.00,12,0,0,0,0,1,738,0
472.00,12,0,0,0,0,1,738,0
472.00,12,0,0,0,0,1,738,0
472.00,12,0,0,0,0,1,738,0
472.00,12,0,0,0,0,1,738,0
472.00,12,0,0,0,0,1,738,0
472.00,12,0,0,0,0,1,738,0
472.00,12,0,0,0,0,1,738,0
472.00,12,0,0,0,0,1,738,0
472.00,12,0,0,0,0,1,738,0
472.00,12,0,0,0,0,1,738,0
472.00,12,0,0,0,0,1,738,0
472.00,12,0,0,0,0,1,738,0
473.00,23,0,0,0,0,1,600,0
473.00,23,0,0,0,0,1,600,0
473.00,23,0,0,0,0,1,600,0
473.00,23,0,0,0,0,1,600,0
473.00,27,0,0,0,0,1,700,0
473.00,27,0,0,0,0,1,700,0
473.00,27,0,0,0,0,1,700,0
473.00,27,0,0,0,0,1,700,0
473.00,27,0,0,0,0,1,700,0
474.00,23,0,0,0,0,1,559,0
474.00,23,0,0,0,0,1,559,0
474.00,23,0,0,0,0,1,559,0
474.00,23,0,0,0,0,1,559,0
474.00,23,0,0,0,0,1,559,0
474.00,23,0,0,0,0,1,500,0
474.00,23,0,0,0,0,1,500,0
474.00,23,0,0,0,0,1,500,0
474.00,23,0,0,0,0,1,500,0
474.00,27,0,0,0,0,1,700,0
474.00,27,0,0,0,0,1,700,0
474.00,27,0,0,0,0,1,700,0
474.00,27,0,0,0,0,1,700,0
474.00,27,0,0,0,0,1,700,0
475.00,12,0,0,0,0,1,317,0
475.00,12,0,0,0,0,1,317,0
475.00,12,0,0,0,0,1,317,0
475.00,12,0,0,0,0,1,317,0
475.00,12,0,0,0,0,1,317,0
475.00,12,0,0,0,0,1,317,0
475.00,24,0,0,0,0,1,700,0
475.00,24,0,0,0,0,1,700,0
475.00,24,0,0,0,0,1,700,0
475.00,24,0,0,0,0,1,700,0
475.00,23,0,0,0,0,1,600,0
475.00,23,0,0,0,0,1,600,0
475.00,23,0,0,0,0,1,600,0
475.00,23,0,0,0,0,1,600,0
475.00,27,0,0,0,0,1,700,0
475.00,27,0,0,0,0,1,700,0
475.00,27,0,0,0,0,1,700,0
475.00,27,0,0,0,0,1,700,0
475.00,27,0,0,0,0,1,700,0
477.00,27,0,0,0,0,1,700,0
477.00,27,0,0,0,0,1,700,0
477.00,27,0,0,0,0,1,700,0
477.00,27,0,0,0,0,1,700,0
477.00,27,0,0,0,0,1,700,0
480.00,23,0,0,0,0,1,575,0
480.00,23,0,0,0,0,1,575,0
480.00,23,0,0,0,0,1,575,0
480.00,23,0,0,0,0,1,575,0
480.00,23,0,0,0,0,1,575,0
480.00,23,0,0,0,0,1,575,0
480.00,23,0,0,0,0,1,575,0
480.00,23,0,0,0,0,1,575,0
480.00,27,0,0,0,0,1,700,0
480.00,27,0,0,0,0,1,700,0
480.00,27,0,0,0,0,1,700,0
480.00,27,0,0,0,0,1,700,0
480.00,27,0,0,0,0,1,700,0
485.93,43,0,0,0,0,1,350,0
485.93,43,0,0,0,0,1,350,0
485.93,43,0,0,0,0,1,350,0
485.93,43,0,0,0,0,1,350,0
488.97,43,0,0,0,0,1,350,0
488.97,43,0,0,0,0,1,350,0
488.97,43,0,0,0,0,1,350,0
489.00,27,0,0,0,0,1,700,0
489.00,27,0,0,0,0,1,700,0
489.00,27,0,0,0,0,1,700,0
489.00,27,0,0,0,0,1,700,0
489.00,27,0,0,0,0,1,700,0
496.00,43,1,0,0,0,1,395,0
496.00,43,0,0,0,0,1,395,0
506.00,23,0,0,0,0,1,559,0
506.00,23,0,0,0,0,1,559,0
506.00,23,0,0,0,0,1,559,0
506.00,23,0,0,0,0,1,559,0
506.00,23,0,0,0,0,1,559,0
506.00,23,0,0,0,0,1,500,0
506.00,23,0,0,0,0,1,500,0
506.00,23,0,0,0,0,1,500,0
506.00,23,0,0,0,0,1,500,0
409.95,22,0,0,0,0,1,600,0
409.95,22,1,0,0,0,1,600,0
409.95,22,1,0,0,0,1,600,0
409.95,22,1,0,0,0,1,600,0
409.95,22,1,0,0,0,1,600,0
409.95,22,1,0,0,0,1,600,0
409.95,22,1,0,0,0,1,600,0
409.95,22,1,0,0,0,1,600,0
409.95,22,1,0,0,0,1,600,0
409.95,22,1,0,0,0,1,600,0
417.32,24,1,0,0,0,1,550,0
417.32,24,3,0,0,0,1,550,0
417.32,24,3,0,0,0,1,550,0
417.32,24,2,0,0,0,1,550,0
417.85,43,2,0,0,0,1,500,0
417.85,43,10,0,0,0,1,500,0
417.85,43,10,0,0,0,1,500,0
417.85,43,10,0,0,0,1,500,0
417.85,43,10,0,0,0,1,500,0
417.85,43,10,0,0,0,1,500,0
417.85,43,10,0,0,0,1,500,0
417.85,43,10,0,0,0,1,500,0
417.85,43,10,0,0,0,1,500,0
417.85,43,6,0,0,0,1,500,0
419.37,27,0,0,0,0,1,650,0
419.37,27,2,0,0,0,1,650,0
419.37,27,2,0,0,0,1,650,0
419.37,27,2,0,0,0,1,650,0
419.37,27,2,0,0,0,1,650,0
419.37,27,2,0,0,0,1,650,0
419.37,27,2,0,0,0,1,650,0
419.37,27,1,0,0,0,1,650,0
419.94,43,2,0,0,0,1,500,0
419.94,43,9,0,0,0,1,500,0
419.94,43,9,0,0,0,1,500,0
419.94,43,9,0,0,0,1,500,0
419.94,43,9,0,0,0,1,500,0
419.94,43,9,0,0,0,1,500,0
419.94,43,9,0,0,0,1,500,0
419.94,43,9,0,0,0,1,500,0
419.94,43,9,0,0,0,1,500,0
419.94,43,5,0,0,0,1,500,0
420.08,27,0,0,0,0,1,650,0
420.08,27,2,0,0,0,1,650,0
420.08,27,2,0,0,0,1,650,0
420.08,27,2,0,0,0,1,650,0
420.08,27,2,0,0,0,1,650,0
420.08,27,2,0,0,0,1,650,0
420.08,27,2,0,0,0,1,650,0
420.08,27,1,0,0,0,1,650,0
421.30,24,0,0,0,0,1,450,0
421.30,24,2,0,0,0,1,450,0
421.30,24,2,0,0,0,1,450,0
421.30,24,2,0,0,0,1,450,0
421.30,24,2,0,0,0,1,450,0
421.30,24,2,0,0,0,1,450,0
421.30,24,2,0,0,0,1,450,0
421.30,24,1,0,0,0,1,450,0
421.43,24,0,0,0,0,1,550,0
421.43,24,1,0,0,0,1,550,0
421.43,24,1,0,0,0,1,550,0
421.43,24,0,0,0,0,1,550,0
422.83,24,1,0,0,0,1,650,0
422.83,24,6,0,0,0,1,650,0
422.83,24,6,0,0,0,1,650,0
422.83,24,4,0,0,0,1,650,0
424.00,12,0,0,0,0,1,550,0
424.00,12,1,0,0,0,1,450,0
424.00,12,1,0,0,0,1,450,0
424.00,12,1,0,0,0,1,450,0
424.00,12,1,0,0,0,1,450,0
424.00,12,0,0,0,0,1,450,0
425.10,43,1,0,0,0,1,560,0
425.10,43,7,0,0,0,1,560,0
425.10,43,7,0,0,0,1,560,0
425.10,43,7,0,0,0,1,560,0
425.10,43,7,0,0,0,1,560,0
425.10,43,4,0,0,0,1,560,0
426.50,43,1,0,0,0,1,600,0
426.50,43,7,0,0,0,1,600,0
426.50,43,7,0,0,0,1,600,0
426.50,43,7,0,0,0,1,600,0
426.50,43,7,0,0,0,1,600,0
426.50,43,4,0,0,0,1,600,0
427.50,43,2,0,0,0,1,650,0
427.50,43,12,0,0,0,1,650,0
427.50,43,12,0,0,0,1,650,0
427.50,43,7,0,0,0,1,650,0
428.19,23,1,0,0,0,1,600,0
428.19,23,6,0,0,0,1,600,0
428.19,23,6,0,0,0,1,600,0
428.19,23,6,0,0,0,1,600,0
428.19,23,6,0,0,0,1,600,0
428.19,23,4,0,0,0,1,600,0
430.00,27,1,0,0,0,1,600,0
430.00,27,7,0,0,0,1,600,0
430.00,27,7,0,0,0,1,600,0
430.00,27,7,0,0,0,1,600,0
430.00,27,7,0,0,0,1,600,0
430.00,27,4,0,0,0,1,600,0
432.54,43,5,0,0,0,1,655,0
432.54,43,8,0,0,0,1,655,0
432.54,43,8,0,0,0,1,655,0
432.54,43,8,0,0,0,1,655,0
432.54,43,2,0,0,0,1,655,0
432.90,43,4,0,0,0,1,745,0
432.90,43,9,0,0,0,1,745,0
432.90,43,9,0,0,0,1,745,0
432.90,43,5,0,0,0,1,745,0
434.40,43,1,0,0,0,1,560,0
434.40,43,7,0,0,0,1,560,0
434.40,43,7,0,0,0,1,560,0
434.40,43,7,0,0,0,1,560,0
434.40,43,7,0,0,0,1,560,0
434.40,43,4,0,0,0,1,560,0
436.00,43,16,0,0,0,1,560,0
436.00,43,20,0,0,0,1,560,0
436.00,43,20,0,0,0,1,560,0
436.00,43,20,0,0,0,1,560,0
436.00,43,20,0,0,0,1,560,0
436.29,43,0,0,0,0,1,700,0
436.29,43,1,0,0,0,1,700,0
436.29,43,1,0,0,0,1,700,0
436.29,43,1,0,0,0,1,700,0
436.29,43,1,0,0,0,1,700,0
436.29,43,1,0,0,0,1,700,0
437.10,22,0,0,0,0,1,150,0
437.10,22,1,0,0,0,1,150,0
437.10,22,1,0,0,0,1,150,0
437.10,22,1,0,0,0,1,150,0
437.10,22,1,0,0,0,1,150,0
437.10,22,1,0,0,0,1,150,0
437.10,22,1,0,0,0,1,150,0
437.10,22,1,0,0,0,1,150,0
437.10,22,1,0,0,0,1,150,0
437.10,22,1,0,0,0,1,150,0
437.10,22,1,0,0,0,1,150,0
437.10,22,1,0,0,0,1,150,0
437.10,22,1,0,0,0,1,150,0
437.10,22,1,0,0,0,1,150,0
437.10,22,1,0,0,0,1,150,0
437.10,22,0,0,0,0,1,150,0
437.80,43,0,0,0,0,1,600,0
437.80,43,2,0,0,0,1,600,0
437.80,43,2,0,0,0,1,600,0
437.80,43,2,0,0,0,1,600,0
437.80,43,2,0,0,0,1,600,0
437.80,43,2,0,0,0,1,600,0
437.80,43,2,0,0,0,1,600,0
437.80,43,2,0,0,0,1,600,0
437.80,43,2,0,0,0,1,600,0
437.80,43,1,0,0,0,1,600,0
439.50,43,16,0,0,0,1,560,0
439.50,43,20,0,0,0,1,560,0
439.50,43,20,0,0,0,1,560,0
439.50,43,20,0,0,0,1,560,0
439.50,43,20,0,0,0,1,560,0
441.10,43,0,0,0,0,1,600,0
441.10,43,1,0,0,0,1,600,0
441.10,43,1,0,0,0,1,600,0
441.10,43,1,0,0,0,1,600,0
441.10,43,1,0,0,0,1,600,0
441.10,43,1,0,0,0,1,600,0
442.30,43,2,0,0,0,1,560,0
442.30,43,8,0,0,0,1,560,0
442.30,43,8,0,0,0,1,560,0
442.30,43,8,0,0,0,1,560,0
442.30,43,8,0,0,0,1,560,0
442.30,43,2,0,0,0,1,560,0
444.06,24,0,0,0,0,1,650,0
444.06,24,1,0,0,0,1,650,0
444.06,24,1,0,0,0,1,650,0
444.06,24,0,0,0,0,1,650,0
444.80,43,1,0,0,0,1,560,0
444.80,43,7,0,0,0,1,560,0
444.80,43,7,0,0,0,1,560,0
444.80,43,7,0,0,0,1,560,0
444.80,43,7,0,0,0,1,560,0
444.80,43,1,0,0,0,1,560,0